[perf] torch thread config: num_threads=20 interop_threads=8 cpu_count=28
[INFO] model workspace cleanup skipped for side=US (sb3_clean_models_before_train=false).
=== TRAIN SIDE US (models_subdir='scenario_battaglia_cittadina_2_1/side_US') ===
=== TRAIN PHASE 1/2 side=US scenario=battaglia_cittadina_2_1 episodes=300 timesteps=90000 ===
Curriculum warmup: forcing CAPTURE intent for phase 1.
Using DummyVecEnv with num_envs=1
Using cpu device
Logging to C:\repos\python\assault\models\scenario_battaglia_cittadina_2_1\side_US\runs\sb3_20260626T091057Z\PPO_1
---------------------------------
| rollout/           |          |
|    ep_len_mean     | 45       |
|    ep_rew_mean     | -54      |
| time/              |          |
|    fps             | 17       |
|    iterations      | 1        |
|    time_elapsed    | 14       |
|    total_timesteps | 256      |
---------------------------------
-------------------------------------------
| rollout/                |               |
|    ep_len_mean          | 45            |
|    ep_rew_mean          | -54           |
| time/                   |               |
|    fps                  | 16            |
|    iterations           | 2             |
|    time_elapsed         | 30            |
|    total_timesteps      | 512           |
| train/                  |               |
|    approx_kl            | 0.00032479665 |
|    clip_fraction        | 0             |
|    clip_range           | 0.15          |
|    entropy_loss         | -6.33         |
|    explained_variance   | -0.0944       |
|    learning_rate        | 0.0001        |
|    loss                 | 2.62          |
|    n_updates            | 3             |
|    policy_gradient_loss | -0.00623      |
|    value_loss           | 5.39          |
-------------------------------------------
------------------------------------------
| rollout/                |              |
|    ep_len_mean          | 45           |
|    ep_rew_mean          | -54          |
| time/                   |              |
|    fps                  | 16           |
|    iterations           | 3            |
|    time_elapsed         | 45           |
|    total_timesteps      | 768          |
| train/                  |              |
|    approx_kl            | 0.0003275664 |
|    clip_fraction        | 0            |
|    clip_range           | 0.15         |
|    entropy_loss         | -6.33        |
|    explained_variance   | -0.375       |
|    learning_rate        | 0.0001       |
|    loss                 | 0.953        |
|    n_updates            | 6            |
|    policy_gradient_loss | -0.0103      |
|    value_loss           | 2.04         |
------------------------------------------
-------------------------------------------
| rollout/                |               |
|    ep_len_mean          | 45            |
|    ep_rew_mean          | -54           |
| time/                   |               |
|    fps                  | 16            |
|    iterations           | 4             |
|    time_elapsed         | 61            |
|    total_timesteps      | 1024          |
| train/                  |               |
|    approx_kl            | 0.00037719123 |
|    clip_fraction        | 0             |
|    clip_range           | 0.15          |
|    entropy_loss         | -6.33         |
|    explained_variance   | -0.034        |
|    learning_rate        | 0.0001        |
|    loss                 | 0.889         |
|    n_updates            | 9             |
|    policy_gradient_loss | -0.0117       |
|    value_loss           | 1.92          |
-------------------------------------------
-------------------------------------------
| rollout/                |               |
|    ep_len_mean          | 45            |
|    ep_rew_mean          | -54           |
| time/                   |               |
|    fps                  | 16            |
|    iterations           | 5             |
|    time_elapsed         | 76            |
|    total_timesteps      | 1280          |
| train/                  |               |
|    approx_kl            | 0.00037766248 |
|    clip_fraction        | 0             |
|    clip_range           | 0.15          |
|    entropy_loss         | -6.33         |
|    explained_variance   | 0.319         |
|    learning_rate        | 0.0001        |
|    loss                 | 0.773         |
|    n_updates            | 12            |
|    policy_gradient_loss | -0.0113       |
|    value_loss           | 1.69          |
-------------------------------------------
-------------------------------------------
| rollout/                |               |
|    ep_len_mean          | 45            |
|    ep_rew_mean          | -54           |
| time/                   |               |
|    fps                  | 16            |
|    iterations           | 6             |
|    time_elapsed         | 92            |
|    total_timesteps      | 1536          |
| train/                  |               |
|    approx_kl            | 0.00044385064 |
|    clip_fraction        | 0             |
|    clip_range           | 0.15          |
|    entropy_loss         | -6.32         |
|    explained_variance   | 0.537         |
|    learning_rate        | 0.0001        |
|    loss                 | 0.688         |
|    n_updates            | 15            |
|    policy_gradient_loss | -0.0108       |
|    value_loss           | 1.5           |
-------------------------------------------
-------------------------------------------
| rollout/                |               |
|    ep_len_mean          | 45            |
|    ep_rew_mean          | -54           |
| time/                   |               |
|    fps                  | 16            |
|    iterations           | 7             |
|    time_elapsed         | 108           |
|    total_timesteps      | 1792          |
| train/                  |               |
|    approx_kl            | 0.00047899317 |
|    clip_fraction        | 0             |
|    clip_range           | 0.15          |
|    entropy_loss         | -6.32         |
|    explained_variance   | 0.716         |
|    learning_rate        | 0.0001        |
|    loss                 | 0.648         |
|    n_updates            | 18            |
|    policy_gradient_loss | -0.0116       |
|    value_loss           | 1.41          |
-------------------------------------------
-------------------------------------------
| rollout/                |               |
|    ep_len_mean          | 45            |
|    ep_rew_mean          | -54           |
| time/                   |               |
|    fps                  | 16            |
|    iterations           | 8             |
|    time_elapsed         | 123           |
|    total_timesteps      | 2048          |
| train/                  |               |
|    approx_kl            | 0.00045421673 |
|    clip_fraction        | 0             |
|    clip_range           | 0.15          |
|    entropy_loss         | -6.32         |
|    explained_variance   | 0.736         |
|    learning_rate        | 0.0001        |
|    loss                 | 0.548         |
|    n_updates            | 21            |
|    policy_gradient_loss | -0.0089       |
|    value_loss           | 1.2           |
-------------------------------------------
-------------------------------------------
| rollout/                |               |
|    ep_len_mean          | 45            |
|    ep_rew_mean          | -54           |
| time/                   |               |
|    fps                  | 16            |
|    iterations           | 9             |
|    time_elapsed         | 138           |
|    total_timesteps      | 2304          |
| train/                  |               |
|    approx_kl            | 0.00049980916 |
|    clip_fraction        | 0             |
|    clip_range           | 0.15          |
|    entropy_loss         | -6.31         |
|    explained_variance   | 0.821         |
|    learning_rate        | 0.0001        |
|    loss                 | 0.536         |
|    n_updates            | 24            |
|    policy_gradient_loss | -0.0101       |
|    value_loss           | 1.18          |
-------------------------------------------
-------------------------------------------
| rollout/                |               |
|    ep_len_mean          | 45            |
|    ep_rew_mean          | -54           |
| time/                   |               |
|    fps                  | 16            |
|    iterations           | 10            |
|    time_elapsed         | 154           |
|    total_timesteps      | 2560          |
| train/                  |               |
|    approx_kl            | 0.00059171347 |
|    clip_fraction        | 0             |
|    clip_range           | 0.15          |
|    entropy_loss         | -6.31         |
|    explained_variance   | 0.85          |
|    learning_rate        | 0.0001        |
|    loss                 | 0.527         |
|    n_updates            | 27            |
|    policy_gradient_loss | -0.0118       |
|    value_loss           | 1.16          |
-------------------------------------------
------------------------------------------
| rollout/                |              |
|    ep_len_mean          | 45           |
|    ep_rew_mean          | -54          |
| time/                   |              |
|    fps                  | 16           |
|    iterations           | 11           |
|    time_elapsed         | 170          |
|    total_timesteps      | 2816         |
| train/                  |              |
|    approx_kl            | 0.0006251484 |
|    clip_fraction        | 0            |
|    clip_range           | 0.15         |
|    entropy_loss         | -6.31        |
|    explained_variance   | 0.85         |
|    learning_rate        | 0.0001       |
|    loss                 | 0.455        |
|    n_updates            | 30           |
|    policy_gradient_loss | -0.0112      |
|    value_loss           | 1.02         |
------------------------------------------
------------------------------------------
| rollout/                |              |
|    ep_len_mean          | 45           |
|    ep_rew_mean          | -54          |
| time/                   |              |
|    fps                  | 16           |
|    iterations           | 12           |
|    time_elapsed         | 185          |
|    total_timesteps      | 3072         |
| train/                  |              |
|    approx_kl            | 0.0007562514 |
|    clip_fraction        | 0            |
|    clip_range           | 0.15         |
|    entropy_loss         | -6.3         |
|    explained_variance   | 0.867        |
|    learning_rate        | 0.0001       |
|    loss                 | 0.452        |
|    n_updates            | 33           |
|    policy_gradient_loss | -0.0136      |
|    value_loss           | 1.02         |
------------------------------------------
-----------------------------------------
| rollout/                |             |
|    ep_len_mean          | 45          |
|    ep_rew_mean          | -53.5       |
| time/                   |             |
|    fps                  | 16          |
|    iterations           | 13          |
|    time_elapsed         | 198         |
|    total_timesteps      | 3328        |
| train/                  |             |
|    approx_kl            | 0.000889763 |
|    clip_fraction        | 0           |
|    clip_range           | 0.15        |
|    entropy_loss         | -6.29       |
|    explained_variance   | 0.882       |
|    learning_rate        | 0.0001      |
|    loss                 | 0.45        |
|    n_updates            | 36          |
|    policy_gradient_loss | -0.015      |
|    value_loss           | 1.02        |
-----------------------------------------
------------------------------------------
| rollout/                |              |
|    ep_len_mean          | 45           |
|    ep_rew_mean          | -52.9        |
| time/                   |              |
|    fps                  | 16           |
|    iterations           | 14           |
|    time_elapsed         | 213          |
|    total_timesteps      | 3584         |
| train/                  |              |
|    approx_kl            | 0.0005235204 |
|    clip_fraction        | 0            |
|    clip_range           | 0.15         |
|    entropy_loss         | -6.29        |
|    explained_variance   | 0.824        |
|    learning_rate        | 0.0001       |
|    loss                 | 0.199        |
|    n_updates            | 39           |
|    policy_gradient_loss | -0.00695     |
|    value_loss           | 0.48         |
------------------------------------------
-------------------------------------------
| rollout/                |               |
|    ep_len_mean          | 45            |
|    ep_rew_mean          | -52.4         |
| time/                   |               |
|    fps                  | 16            |
|    iterations           | 15            |
|    time_elapsed         | 229           |
|    total_timesteps      | 3840          |
| train/                  |               |
|    approx_kl            | 0.00054567493 |
|    clip_fraction        | 0             |
|    clip_range           | 0.15          |
|    entropy_loss         | -6.28         |
|    explained_variance   | 0.851         |
|    learning_rate        | 0.0001        |
|    loss                 | 0.184         |
|    n_updates            | 42            |
|    policy_gradient_loss | -0.00978      |
|    value_loss           | 0.467         |
-------------------------------------------
-------------------------------------------
| rollout/                |               |
|    ep_len_mean          | 45            |
|    ep_rew_mean          | -52           |
| time/                   |               |
|    fps                  | 16            |
|    iterations           | 16            |
|    time_elapsed         | 245           |
|    total_timesteps      | 4096          |
| train/                  |               |
|    approx_kl            | 0.00069887727 |
|    clip_fraction        | 0             |
|    clip_range           | 0.15          |
|    entropy_loss         | -6.27         |
|    explained_variance   | 0.914         |
|    learning_rate        | 0.0001        |
|    loss                 | 0.156         |
|    n_updates            | 45            |
|    policy_gradient_loss | -0.014        |
|    value_loss           | 0.428         |
-------------------------------------------
------------------------------------------
| rollout/                |              |
|    ep_len_mean          | 45           |
|    ep_rew_mean          | -51.7        |
| time/                   |              |
|    fps                  | 16           |
|    iterations           | 17           |
|    time_elapsed         | 259          |
|    total_timesteps      | 4352         |
| train/                  |              |
|    approx_kl            | 0.0008136148 |
|    clip_fraction        | 0.00781      |
|    clip_range           | 0.15         |
|    entropy_loss         | -6.27        |
|    explained_variance   | 0.938        |
|    learning_rate        | 0.0001       |
|    loss                 | 0.143        |
|    n_updates            | 48           |
|    policy_gradient_loss | -0.0164      |
|    value_loss           | 0.405        |
------------------------------------------
------------------------------------------
| rollout/                |              |
|    ep_len_mean          | 45           |
|    ep_rew_mean          | -51.3        |
| time/                   |              |
|    fps                  | 16           |
|    iterations           | 18           |
|    time_elapsed         | 271          |
|    total_timesteps      | 4608         |
| train/                  |              |
|    approx_kl            | 0.0008256489 |
|    clip_fraction        | 0            |
|    clip_range           | 0.15         |
|    entropy_loss         | -6.26        |
|    explained_variance   | 0.95         |
|    learning_rate        | 0.0001       |
|    loss                 | 0.124        |
|    n_updates            | 51           |
|    policy_gradient_loss | -0.0176      |
|    value_loss           | 0.37         |
------------------------------------------
------------------------------------------
| rollout/                |              |
|    ep_len_mean          | 45           |
|    ep_rew_mean          | -50.8        |
| time/                   |              |
|    fps                  | 17           |
|    iterations           | 19           |
|    time_elapsed         | 282          |
|    total_timesteps      | 4864         |
| train/                  |              |
|    approx_kl            | 0.0009334141 |
|    clip_fraction        | 0            |
|    clip_range           | 0.15         |
|    entropy_loss         | -6.25        |
|    explained_variance   | 0.937        |
|    learning_rate        | 0.0001       |
|    loss                 | 0.108        |
|    n_updates            | 54           |
|    policy_gradient_loss | -0.0162      |
|    value_loss           | 0.329        |
------------------------------------------
------------------------------------------
| rollout/                |              |
|    ep_len_mean          | 45           |
|    ep_rew_mean          | -50.4        |
| time/                   |              |
|    fps                  | 17           |
|    iterations           | 20           |
|    time_elapsed         | 290          |
|    total_timesteps      | 5120         |
| train/                  |              |
|    approx_kl            | 0.0010282709 |
|    clip_fraction        | 0            |
|    clip_range           | 0.15         |
|    entropy_loss         | -6.24        |
|    explained_variance   | 0.949        |
|    learning_rate        | 0.0001       |
|    loss                 | 0.103        |
|    n_updates            | 57           |
|    policy_gradient_loss | -0.018       |
|    value_loss           | 0.327        |
------------------------------------------
------------------------------------------
| rollout/                |              |
|    ep_len_mean          | 45           |
|    ep_rew_mean          | -49.9        |
| time/                   |              |
|    fps                  | 17           |
|    iterations           | 21           |
|    time_elapsed         | 302          |
|    total_timesteps      | 5376         |
| train/                  |              |
|    approx_kl            | 0.0010953757 |
|    clip_fraction        | 0            |
|    clip_range           | 0.15         |
|    entropy_loss         | -6.23        |
|    explained_variance   | 0.943        |
|    learning_rate        | 0.0001       |
|    loss                 | 0.0798       |
|    n_updates            | 60           |
|    policy_gradient_loss | -0.0172      |
|    value_loss           | 0.276        |
------------------------------------------
-----------------------------------------
| rollout/                |             |
|    ep_len_mean          | 44.8        |
|    ep_rew_mean          | -49.7       |
| time/                   |             |
|    fps                  | 17          |
|    iterations           | 22          |
|    time_elapsed         | 320         |
|    total_timesteps      | 5632        |
| train/                  |             |
|    approx_kl            | 0.001155067 |
|    clip_fraction        | 0           |
|    clip_range           | 0.15        |
|    entropy_loss         | -6.21       |
|    explained_variance   | 0.936       |
|    learning_rate        | 0.0001      |
|    loss                 | 0.0815      |
|    n_updates            | 63          |
|    policy_gradient_loss | -0.0151     |
|    value_loss           | 0.271       |
-----------------------------------------
-------------------------------------------
| rollout/                |               |
|    ep_len_mean          | 44.5          |
|    ep_rew_mean          | -49.4         |
| time/                   |               |
|    fps                  | 17            |
|    iterations           | 23            |
|    time_elapsed         | 332           |
|    total_timesteps      | 5888          |
| train/                  |               |
|    approx_kl            | 0.00047056144 |
|    clip_fraction        | 0             |
|    clip_range           | 0.15          |
|    entropy_loss         | -6.22         |
|    explained_variance   | 0.587         |
|    learning_rate        | 0.0001        |
|    loss                 | 0.387         |
|    n_updates            | 66            |
|    policy_gradient_loss | -0.00436      |
|    value_loss           | 0.864         |
-------------------------------------------
------------------------------------------
| rollout/                |              |
|    ep_len_mean          | 44.2         |
|    ep_rew_mean          | -49.1        |
| time/                   |              |
|    fps                  | 17           |
|    iterations           | 24           |
|    time_elapsed         | 346          |
|    total_timesteps      | 6144         |
| train/                  |              |
|    approx_kl            | 0.0003842942 |
|    clip_fraction        | 0            |
|    clip_range           | 0.15         |
|    entropy_loss         | -6.21        |
|    explained_variance   | 0.704        |
|    learning_rate        | 0.0001       |
|    loss                 | 0.354        |
|    n_updates            | 69           |
|    policy_gradient_loss | -0.00855     |
|    value_loss           | 0.842        |
------------------------------------------
-------------------------------------------
| rollout/                |               |
|    ep_len_mean          | 44            |
|    ep_rew_mean          | -48.9         |
| time/                   |               |
|    fps                  | 17            |
|    iterations           | 25            |
|    time_elapsed         | 361           |
|    total_timesteps      | 6400          |
| train/                  |               |
|    approx_kl            | 0.00043689157 |
|    clip_fraction        | 0             |
|    clip_range           | 0.15          |
|    entropy_loss         | -6.2          |
|    explained_variance   | 0.809         |
|    learning_rate        | 0.0001        |
|    loss                 | 0.273         |
|    n_updates            | 72            |
|    policy_gradient_loss | -0.0112       |
|    value_loss           | 0.682         |
-------------------------------------------
-------------------------------------------
| rollout/                |               |
|    ep_len_mean          | 43.8          |
|    ep_rew_mean          | -48.6         |
| time/                   |               |
|    fps                  | 17            |
|    iterations           | 26            |
|    time_elapsed         | 376           |
|    total_timesteps      | 6656          |
| train/                  |               |
|    approx_kl            | 0.00048328284 |
|    clip_fraction        | 0             |
|    clip_range           | 0.15          |
|    entropy_loss         | -6.2          |
|    explained_variance   | 0.847         |
|    learning_rate        | 0.0001        |
|    loss                 | 0.233         |
|    n_updates            | 75            |
|    policy_gradient_loss | -0.011        |
|    value_loss           | 0.592         |
-------------------------------------------
-------------------------------------------
| rollout/                |               |
|    ep_len_mean          | 43.5          |
|    ep_rew_mean          | -48.4         |
| time/                   |               |
|    fps                  | 17            |
|    iterations           | 27            |
|    time_elapsed         | 387           |
|    total_timesteps      | 6912          |
| train/                  |               |
|    approx_kl            | 0.00054210937 |
|    clip_fraction        | 0             |
|    clip_range           | 0.15          |
|    entropy_loss         | -6.19         |
|    explained_variance   | 0.878         |
|    learning_rate        | 0.0001        |
|    loss                 | 0.22          |
|    n_updates            | 78            |
|    policy_gradient_loss | -0.00991      |
|    value_loss           | 0.555         |
-------------------------------------------
------------------------------------------
| rollout/                |              |
|    ep_len_mean          | 43.2         |
|    ep_rew_mean          | -48.1        |
| time/                   |              |
|    fps                  | 17           |
|    iterations           | 28           |
|    time_elapsed         | 400          |
|    total_timesteps      | 7168         |
| train/                  |              |
|    approx_kl            | 0.0004222272 |
|    clip_fraction        | 0            |
|    clip_range           | 0.15         |
|    entropy_loss         | -6.19        |
|    explained_variance   | 0.867        |
|    learning_rate        | 0.0001       |
|    loss                 | 0.222        |
|    n_updates            | 81           |
|    policy_gradient_loss | -0.00853     |
|    value_loss           | 0.551        |
------------------------------------------
-------------------------------------------
| rollout/                |               |
|    ep_len_mean          | 43            |
|    ep_rew_mean          | -47.9         |
| time/                   |               |
|    fps                  | 17            |
|    iterations           | 29            |
|    time_elapsed         | 415           |
|    total_timesteps      | 7424          |
| train/                  |               |
|    approx_kl            | 0.00041750981 |
|    clip_fraction        | 0             |
|    clip_range           | 0.15          |
|    entropy_loss         | -6.18         |
|    explained_variance   | 0.822         |
|    learning_rate        | 0.0001        |
|    loss                 | 0.205         |
|    n_updates            | 84            |
|    policy_gradient_loss | -0.0103       |
|    value_loss           | 0.521         |
-------------------------------------------
------------------------------------------
| rollout/                |              |
|    ep_len_mean          | 42.8         |
|    ep_rew_mean          | -48.2        |
| time/                   |              |
|    fps                  | 18           |
|    iterations           | 30           |
|    time_elapsed         | 425          |
|    total_timesteps      | 7680         |
| train/                  |              |
|    approx_kl            | 0.0005802566 |
|    clip_fraction        | 0            |
|    clip_range           | 0.15         |
|    entropy_loss         | -6.18        |
|    explained_variance   | 0.784        |
|    learning_rate        | 0.0001       |
|    loss                 | 0.17         |
|    n_updates            | 87           |
|    policy_gradient_loss | -0.0121      |
|    value_loss           | 0.456        |
------------------------------------------
------------------------------------------
| rollout/                |              |
|    ep_len_mean          | 42.5         |
|    ep_rew_mean          | -48.4        |
| time/                   |              |
|    fps                  | 17           |
|    iterations           | 31           |
|    time_elapsed         | 443          |
|    total_timesteps      | 7936         |
| train/                  |              |
|    approx_kl            | 0.0007044119 |
|    clip_fraction        | 0            |
|    clip_range           | 0.15         |
|    entropy_loss         | -6.17        |
|    explained_variance   | 0.837        |
|    learning_rate        | 0.0001       |
|    loss                 | 0.146        |
|    n_updates            | 90           |
|    policy_gradient_loss | -0.0152      |
|    value_loss           | 0.42         |
------------------------------------------
-------------------------------------------
| rollout/                |               |
|    ep_len_mean          | 42.2          |
|    ep_rew_mean          | -48.7         |
| time/                   |               |
|    fps                  | 17            |
|    iterations           | 32            |
|    time_elapsed         | 457           |
|    total_timesteps      | 8192          |
| train/                  |               |
|    approx_kl            | 0.00090987375 |
|    clip_fraction        | 0             |
|    clip_range           | 0.15          |
|    entropy_loss         | -6.16         |
|    explained_variance   | 0.855         |
|    learning_rate        | 0.0001        |
|    loss                 | 0.12          |
|    n_updates            | 93            |
|    policy_gradient_loss | -0.0172       |
|    value_loss           | 0.371         |
-------------------------------------------
------------------------------------------
| rollout/                |              |
|    ep_len_mean          | 42           |
|    ep_rew_mean          | -48.9        |
| time/                   |              |
|    fps                  | 17           |
|    iterations           | 33           |
|    time_elapsed         | 475          |
|    total_timesteps      | 8448         |
| train/                  |              |
|    approx_kl            | 0.0011705803 |
|    clip_fraction        | 0            |
|    clip_range           | 0.15         |
|    entropy_loss         | -6.14        |
|    explained_variance   | 0.864        |
|    learning_rate        | 0.0001       |
|    loss                 | 0.0999       |
|    n_updates            | 96           |
|    policy_gradient_loss | -0.0187      |
|    value_loss           | 0.333        |
------------------------------------------
------------------------------------------
| rollout/                |              |
|    ep_len_mean          | 41.8         |
|    ep_rew_mean          | -49.1        |
| time/                   |              |
|    fps                  | 17           |
|    iterations           | 34           |
|    time_elapsed         | 492          |
|    total_timesteps      | 8704         |
| train/                  |              |
|    approx_kl            | 0.0014414054 |
|    clip_fraction        | 0            |
|    clip_range           | 0.15         |
|    entropy_loss         | -6.13        |
|    explained_variance   | 0.836        |
|    learning_rate        | 0.0001       |
|    loss                 | 0.0821       |
|    n_updates            | 99           |
|    policy_gradient_loss | -0.0184      |
|    value_loss           | 0.291        |
------------------------------------------
------------------------------------------
| rollout/                |              |
|    ep_len_mean          | 41.5         |
|    ep_rew_mean          | -49.4        |
| time/                   |              |
|    fps                  | 17           |
|    iterations           | 35           |
|    time_elapsed         | 510          |
|    total_timesteps      | 8960         |
| train/                  |              |
|    approx_kl            | 0.0016675934 |
|    clip_fraction        | 0            |
|    clip_range           | 0.15         |
|    entropy_loss         | -6.11        |
|    explained_variance   | 0.864        |
|    learning_rate        | 0.0001       |
|    loss                 | 0.0635       |
|    n_updates            | 102          |
|    policy_gradient_loss | -0.019       |
|    value_loss           | 0.256        |
------------------------------------------
------------------------------------------
| rollout/                |              |
|    ep_len_mean          | 41.2         |
|    ep_rew_mean          | -49.7        |
| time/                   |              |
|    fps                  | 17           |
|    iterations           | 36           |
|    time_elapsed         | 521          |
|    total_timesteps      | 9216         |
| train/                  |              |
|    approx_kl            | 0.0018849594 |
|    clip_fraction        | 0            |
|    clip_range           | 0.15         |
|    entropy_loss         | -6.08        |
|    explained_variance   | 0.888        |
|    learning_rate        | 0.0001       |
|    loss                 | 0.0594       |
|    n_updates            | 105          |
|    policy_gradient_loss | -0.021       |
|    value_loss           | 0.255        |
------------------------------------------
----------------------------------------
| rollout/                |            |
|    ep_len_mean          | 41.1       |
|    ep_rew_mean          | -50        |
| time/                   |            |
|    fps                  | 17         |
|    iterations           | 37         |
|    time_elapsed         | 535        |
|    total_timesteps      | 9472       |
| train/                  |            |
|    approx_kl            | 0.00208093 |
|    clip_fraction        | 0.00781    |
|    clip_range           | 0.15       |
|    entropy_loss         | -6.05      |
|    explained_variance   | 0.901      |
|    learning_rate        | 0.0001     |
|    loss                 | 0.0459     |
|    n_updates            | 108        |
|    policy_gradient_loss | -0.0225    |
|    value_loss           | 0.232      |
----------------------------------------
------------------------------------------
| rollout/                |              |
|    ep_len_mean          | 41.1         |
|    ep_rew_mean          | -49.7        |
| time/                   |              |
|    fps                  | 17           |
|    iterations           | 38           |
|    time_elapsed         | 545          |
|    total_timesteps      | 9728         |
| train/                  |              |
|    approx_kl            | 0.0011682347 |
|    clip_fraction        | 0            |
|    clip_range           | 0.15         |
|    entropy_loss         | -6           |
|    explained_variance   | 0.556        |
|    learning_rate        | 0.0001       |
|    loss                 | 0.318        |
|    n_updates            | 111          |
|    policy_gradient_loss | -0.00501     |
|    value_loss           | 0.724        |
------------------------------------------
-----------------------------------------
| rollout/                |             |
|    ep_len_mean          | 40.8        |
|    ep_rew_mean          | -49         |
| time/                   |             |
|    fps                  | 17          |
|    iterations           | 39          |
|    time_elapsed         | 560         |
|    total_timesteps      | 9984        |
| train/                  |             |
|    approx_kl            | 0.000709377 |
|    clip_fraction        | 0           |
|    clip_range           | 0.15        |
|    entropy_loss         | -5.99       |
|    explained_variance   | 0.0327      |
|    learning_rate        | 0.0001      |
|    loss                 | 0.356       |
|    n_updates            | 114         |
|    policy_gradient_loss | -0.00455    |
|    value_loss           | 0.792       |
-----------------------------------------
------------------------------------------
| rollout/                |              |
|    ep_len_mean          | 40.5         |
|    ep_rew_mean          | -48.2        |
| time/                   |              |
|    fps                  | 17           |
|    iterations           | 40           |
|    time_elapsed         | 575          |
|    total_timesteps      | 10240        |
| train/                  |              |
|    approx_kl            | 0.0004097377 |
|    clip_fraction        | 0            |
|    clip_range           | 0.15         |
|    entropy_loss         | -5.99        |
|    explained_variance   | 0.502        |
|    learning_rate        | 0.0001       |
|    loss                 | 0.241        |
|    n_updates            | 117          |
|    policy_gradient_loss | -0.00666     |
|    value_loss           | 0.571        |
------------------------------------------
------------------------------------------
| rollout/                |              |
|    ep_len_mean          | 40.2         |
|    ep_rew_mean          | -47.5        |
| time/                   |              |
|    fps                  | 17           |
|    iterations           | 41           |
|    time_elapsed         | 584          |
|    total_timesteps      | 10496        |
| train/                  |              |
|    approx_kl            | 0.0009036914 |
|    clip_fraction        | 0            |
|    clip_range           | 0.15         |
|    entropy_loss         | -5.99        |
|    explained_variance   | 0.542        |
|    learning_rate        | 0.0001       |
|    loss                 | 0.177        |
|    n_updates            | 120          |
|    policy_gradient_loss | -0.0151      |
|    value_loss           | 0.486        |
------------------------------------------
------------------------------------------
| rollout/                |              |
|    ep_len_mean          | 39.9         |
|    ep_rew_mean          | -47.1        |
| time/                   |              |
|    fps                  | 17           |
|    iterations           | 42           |
|    time_elapsed         | 597          |
|    total_timesteps      | 10752        |
| train/                  |              |
|    approx_kl            | 0.0013596055 |
|    clip_fraction        | 0.00911      |
|    clip_range           | 0.15         |
|    entropy_loss         | -6           |
|    explained_variance   | 0.616        |
|    learning_rate        | 0.0001       |
|    loss                 | 0.132        |
|    n_updates            | 123          |
|    policy_gradient_loss | -0.019       |
|    value_loss           | 0.414        |
------------------------------------------
------------------------------------------
| rollout/                |              |
|    ep_len_mean          | 39.7         |
|    ep_rew_mean          | -46.6        |
| time/                   |              |
|    fps                  | 18           |
|    iterations           | 43           |
|    time_elapsed         | 611          |
|    total_timesteps      | 11008        |
| train/                  |              |
|    approx_kl            | 0.0010561175 |
|    clip_fraction        | 0.00911      |
|    clip_range           | 0.15         |
|    entropy_loss         | -5.99        |
|    explained_variance   | 0.157        |
|    learning_rate        | 0.0001       |
|    loss                 | 0.322        |
|    n_updates            | 126          |
|    policy_gradient_loss | -0.0119      |
|    value_loss           | 0.8          |
------------------------------------------
-------------------------------------------
| rollout/                |               |
|    ep_len_mean          | 39.4          |
|    ep_rew_mean          | -46.2         |
| time/                   |               |
|    fps                  | 18            |
|    iterations           | 44            |
|    time_elapsed         | 625           |
|    total_timesteps      | 11264         |
| train/                  |               |
|    approx_kl            | 0.00083052204 |
|    clip_fraction        | 0             |
|    clip_range           | 0.15          |
|    entropy_loss         | -6            |
|    explained_variance   | 0.249         |
|    learning_rate        | 0.0001        |
|    loss                 | 0.25          |
|    n_updates            | 129           |
|    policy_gradient_loss | -0.0138       |
|    value_loss           | 0.664         |
-------------------------------------------
------------------------------------------
| rollout/                |              |
|    ep_len_mean          | 39.3         |
|    ep_rew_mean          | -46.1        |
| time/                   |              |
|    fps                  | 18           |
|    iterations           | 45           |
|    time_elapsed         | 638          |
|    total_timesteps      | 11520        |
| train/                  |              |
|    approx_kl            | 0.0011064641 |
|    clip_fraction        | 0            |
|    clip_range           | 0.15         |
|    entropy_loss         | -6.01        |
|    explained_variance   | 0.42         |
|    learning_rate        | 0.0001       |
|    loss                 | 0.169        |
|    n_updates            | 132          |
|    policy_gradient_loss | -0.018       |
|    value_loss           | 0.506        |
------------------------------------------
-------------------------------------------
| rollout/                |               |
|    ep_len_mean          | 39.2          |
|    ep_rew_mean          | -46           |
| time/                   |               |
|    fps                  | 18            |
|    iterations           | 46            |
|    time_elapsed         | 647           |
|    total_timesteps      | 11776         |
| train/                  |               |
|    approx_kl            | 0.00035844347 |
|    clip_fraction        | 0             |
|    clip_range           | 0.15          |
|    entropy_loss         | -5.97         |
|    explained_variance   | 0.361         |
|    learning_rate        | 0.0001        |
|    loss                 | 0.363         |
|    n_updates            | 135           |
|    policy_gradient_loss | -0.00266      |
|    value_loss           | 0.809         |
-------------------------------------------
-------------------------------------------
| rollout/                |               |
|    ep_len_mean          | 39            |
|    ep_rew_mean          | -45.9         |
| time/                   |               |
|    fps                  | 18            |
|    iterations           | 47            |
|    time_elapsed         | 656           |
|    total_timesteps      | 12032         |
| train/                  |               |
|    approx_kl            | 0.00043678517 |
|    clip_fraction        | 0             |
|    clip_range           | 0.15          |
|    entropy_loss         | -5.98         |
|    explained_variance   | 0.453         |
|    learning_rate        | 0.0001        |
|    loss                 | 0.31          |
|    n_updates            | 138           |
|    policy_gradient_loss | -0.00932      |
|    value_loss           | 0.763         |
-------------------------------------------
------------------------------------------
| rollout/                |              |
|    ep_len_mean          | 38.9         |
|    ep_rew_mean          | -45.7        |
| time/                   |              |
|    fps                  | 18           |
|    iterations           | 48           |
|    time_elapsed         | 667          |
|    total_timesteps      | 12288        |
| train/                  |              |
|    approx_kl            | 0.0006095425 |
|    clip_fraction        | 0            |
|    clip_range           | 0.15         |
|    entropy_loss         | -5.99        |
|    explained_variance   | 0.575        |
|    learning_rate        | 0.0001       |
|    loss                 | 0.202        |
|    n_updates            | 141          |
|    policy_gradient_loss | -0.0127      |
|    value_loss           | 0.547        |
------------------------------------------
------------------------------------------
| rollout/                |              |
|    ep_len_mean          | 38.8         |
|    ep_rew_mean          | -45.6        |
| time/                   |              |
|    fps                  | 18           |
|    iterations           | 49           |
|    time_elapsed         | 675          |
|    total_timesteps      | 12544        |
| train/                  |              |
|    approx_kl            | 0.0010152038 |
|    clip_fraction        | 0            |
|    clip_range           | 0.15         |
|    entropy_loss         | -5.99        |
|    explained_variance   | 0.75         |
|    learning_rate        | 0.0001       |
|    loss                 | 0.161        |
|    n_updates            | 144          |
|    policy_gradient_loss | -0.0164      |
|    value_loss           | 0.474        |
------------------------------------------
------------------------------------------
| rollout/                |              |
|    ep_len_mean          | 38.6         |
|    ep_rew_mean          | -45.5        |
| time/                   |              |
|    fps                  | 18           |
|    iterations           | 50           |
|    time_elapsed         | 686          |
|    total_timesteps      | 12800        |
| train/                  |              |
|    approx_kl            | 0.0011950354 |
|    clip_fraction        | 0            |
|    clip_range           | 0.15         |
|    entropy_loss         | -6.01        |
|    explained_variance   | 0.828        |
|    learning_rate        | 0.0001       |
|    loss                 | 0.141        |
|    n_updates            | 147          |
|    policy_gradient_loss | -0.0175      |
|    value_loss           | 0.417        |
------------------------------------------
-----------------------------------------
| rollout/                |             |
|    ep_len_mean          | 38.6        |
|    ep_rew_mean          | -45.2       |
| time/                   |             |
|    fps                  | 18          |
|    iterations           | 51          |
|    time_elapsed         | 694         |
|    total_timesteps      | 13056       |
| train/                  |             |
|    approx_kl            | 0.001427372 |
|    clip_fraction        | 0.00911     |
|    clip_range           | 0.15        |
|    entropy_loss         | -6.01       |
|    explained_variance   | 0.805       |
|    learning_rate        | 0.0001      |
|    loss                 | 0.137       |
|    n_updates            | 150         |
|    policy_gradient_loss | -0.0136     |
|    value_loss           | 0.385       |
-----------------------------------------
-------------------------------------------
| rollout/                |               |
|    ep_len_mean          | 38.4          |
|    ep_rew_mean          | -44.7         |
| time/                   |               |
|    fps                  | 18            |
|    iterations           | 52            |
|    time_elapsed         | 702           |
|    total_timesteps      | 13312         |
| train/                  |               |
|    approx_kl            | 0.00092100864 |
|    clip_fraction        | 0             |
|    clip_range           | 0.15          |
|    entropy_loss         | -6.06         |
|    explained_variance   | 0.599         |
|    learning_rate        | 0.0001        |
|    loss                 | 0.135         |
|    n_updates            | 153           |
|    policy_gradient_loss | -0.00836      |
|    value_loss           | 0.36          |
-------------------------------------------
------------------------------------------
| rollout/                |              |
|    ep_len_mean          | 38.4         |
|    ep_rew_mean          | -44.7        |
| time/                   |              |
|    fps                  | 19           |
|    iterations           | 53           |
|    time_elapsed         | 710          |
|    total_timesteps      | 13568        |
| train/                  |              |
|    approx_kl            | 0.0009496205 |
|    clip_fraction        | 0            |
|    clip_range           | 0.15         |
|    entropy_loss         | -6.05        |
|    explained_variance   | 0.655        |
|    learning_rate        | 0.0001       |
|    loss                 | 0.102        |
|    n_updates            | 156          |
|    policy_gradient_loss | -0.0137      |
|    value_loss           | 0.32         |
------------------------------------------
------------------------------------------
| rollout/                |              |
|    ep_len_mean          | 38.6         |
|    ep_rew_mean          | -45          |
| time/                   |              |
|    fps                  | 19           |
|    iterations           | 54           |
|    time_elapsed         | 718          |
|    total_timesteps      | 13824        |
| train/                  |              |
|    approx_kl            | 0.0011002715 |
|    clip_fraction        | 0            |
|    clip_range           | 0.15         |
|    entropy_loss         | -6.06        |
|    explained_variance   | 0.72         |
|    learning_rate        | 0.0001       |
|    loss                 | 0.0613       |
|    n_updates            | 159          |
|    policy_gradient_loss | -0.0179      |
|    value_loss           | 0.25         |
------------------------------------------
------------------------------------------
| rollout/                |              |
|    ep_len_mean          | 38.8         |
|    ep_rew_mean          | -45.4        |
| time/                   |              |
|    fps                  | 19           |
|    iterations           | 55           |
|    time_elapsed         | 725          |
|    total_timesteps      | 14080        |
| train/                  |              |
|    approx_kl            | 0.0012366022 |
|    clip_fraction        | 0            |
|    clip_range           | 0.15         |
|    entropy_loss         | -6.07        |
|    explained_variance   | 0.737        |
|    learning_rate        | 0.0001       |
|    loss                 | 0.0894       |
|    n_updates            | 162          |
|    policy_gradient_loss | -0.0175      |
|    value_loss           | 0.3          |
------------------------------------------
------------------------------------------
| rollout/                |              |
|    ep_len_mean          | 39           |
|    ep_rew_mean          | -45.9        |
| time/                   |              |
|    fps                  | 19           |
|    iterations           | 56           |
|    time_elapsed         | 734          |
|    total_timesteps      | 14336        |
| train/                  |              |
|    approx_kl            | 0.0013210098 |
|    clip_fraction        | 0.00911      |
|    clip_range           | 0.15         |
|    entropy_loss         | -6.06        |
|    explained_variance   | 0.832        |
|    learning_rate        | 0.0001       |
|    loss                 | 0.0168       |
|    n_updates            | 165          |
|    policy_gradient_loss | -0.0205      |
|    value_loss           | 0.165        |
------------------------------------------
-------------------------------------------
| rollout/                |               |
|    ep_len_mean          | 39.2          |
|    ep_rew_mean          | -46.3         |
| time/                   |               |
|    fps                  | 19            |
|    iterations           | 57            |
|    time_elapsed         | 743           |
|    total_timesteps      | 14592         |
| train/                  |               |
|    approx_kl            | 0.00060601113 |
|    clip_fraction        | 0             |
|    clip_range           | 0.15          |
|    entropy_loss         | -6.05         |
|    explained_variance   | 0.515         |
|    learning_rate        | 0.0001        |
|    loss                 | 0.223         |
|    n_updates            | 168           |
|    policy_gradient_loss | -0.00622      |
|    value_loss           | 0.518         |
-------------------------------------------
------------------------------------------
| rollout/                |              |
|    ep_len_mean          | 39.5         |
|    ep_rew_mean          | -46.6        |
| time/                   |              |
|    fps                  | 19           |
|    iterations           | 58           |
|    time_elapsed         | 751          |
|    total_timesteps      | 14848        |
| train/                  |              |
|    approx_kl            | 0.0005118188 |
|    clip_fraction        | 0            |
|    clip_range           | 0.15         |
|    entropy_loss         | -6.04        |
|    explained_variance   | 0.55         |
|    learning_rate        | 0.0001       |
|    loss                 | 0.22         |
|    n_updates            | 171          |
|    policy_gradient_loss | -0.00821     |
|    value_loss           | 0.544        |
------------------------------------------
-------------------------------------------
| rollout/                |               |
|    ep_len_mean          | 39.8          |
|    ep_rew_mean          | -46.9         |
| time/                   |               |
|    fps                  | 19            |
|    iterations           | 59            |
|    time_elapsed         | 760           |
|    total_timesteps      | 15104         |
| train/                  |               |
|    approx_kl            | 0.00061053317 |
|    clip_fraction        | 0             |
|    clip_range           | 0.15          |
|    entropy_loss         | -6.03         |
|    explained_variance   | 0.722         |
|    learning_rate        | 0.0001        |
|    loss                 | 0.15          |
|    n_updates            | 174           |
|    policy_gradient_loss | -0.0127       |
|    value_loss           | 0.431         |
-------------------------------------------
------------------------------------------
| rollout/                |              |
|    ep_len_mean          | 39.9         |
|    ep_rew_mean          | -47.1        |
| time/                   |              |
|    fps                  | 19           |
|    iterations           | 60           |
|    time_elapsed         | 770          |
|    total_timesteps      | 15360        |
| train/                  |              |
|    approx_kl            | 0.0008330359 |
|    clip_fraction        | 0            |
|    clip_range           | 0.15         |
|    entropy_loss         | -6.02        |
|    explained_variance   | 0.777        |
|    learning_rate        | 0.0001       |
|    loss                 | 0.102        |
|    n_updates            | 177          |
|    policy_gradient_loss | -0.0141      |
|    value_loss           | 0.331        |
------------------------------------------
-------------------------------------------
| rollout/                |               |
|    ep_len_mean          | 40            |
|    ep_rew_mean          | -47.3         |
| time/                   |               |
|    fps                  | 19            |
|    iterations           | 61            |
|    time_elapsed         | 781           |
|    total_timesteps      | 15616         |
| train/                  |               |
|    approx_kl            | 0.00081791985 |
|    clip_fraction        | 0             |
|    clip_range           | 0.15          |
|    entropy_loss         | -6.01         |
|    explained_variance   | 0.891         |
|    learning_rate        | 0.0001        |
|    loss                 | 0.108         |
|    n_updates            | 180           |
|    policy_gradient_loss | -0.0119       |
|    value_loss           | 0.32          |
-------------------------------------------
------------------------------------------
| rollout/                |              |
|    ep_len_mean          | 40.2         |
|    ep_rew_mean          | -47.4        |
| time/                   |              |
|    fps                  | 20           |
|    iterations           | 62           |
|    time_elapsed         | 791          |
|    total_timesteps      | 15872        |
| train/                  |              |
|    approx_kl            | 0.0007407549 |
|    clip_fraction        | 0            |
|    clip_range           | 0.15         |
|    entropy_loss         | -6           |
|    explained_variance   | 0.882        |
|    learning_rate        | 0.0001       |
|    loss                 | 0.0947       |
|    n_updates            | 183          |
|    policy_gradient_loss | -0.00882     |
|    value_loss           | 0.278        |
------------------------------------------
------------------------------------------
| rollout/                |              |
|    ep_len_mean          | 40.3         |
|    ep_rew_mean          | -47.5        |
| time/                   |              |
|    fps                  | 20           |
|    iterations           | 63           |
|    time_elapsed         | 802          |
|    total_timesteps      | 16128        |
| train/                  |              |
|    approx_kl            | 0.0006205782 |
|    clip_fraction        | 0            |
|    clip_range           | 0.15         |
|    entropy_loss         | -5.97        |
|    explained_variance   | 0.908        |
|    learning_rate        | 0.0001       |
|    loss                 | 0.0899       |
|    n_updates            | 186          |
|    policy_gradient_loss | -0.0103      |
|    value_loss           | 0.275        |
------------------------------------------
------------------------------------------
| rollout/                |              |
|    ep_len_mean          | 40.4         |
|    ep_rew_mean          | -47.6        |
| time/                   |              |
|    fps                  | 20           |
|    iterations           | 64           |
|    time_elapsed         | 812          |
|    total_timesteps      | 16384        |
| train/                  |              |
|    approx_kl            | 0.0006603766 |
|    clip_fraction        | 0            |
|    clip_range           | 0.15         |
|    entropy_loss         | -5.95        |
|    explained_variance   | 0.881        |
|    learning_rate        | 0.0001       |
|    loss                 | 0.0734       |
|    n_updates            | 189          |
|    policy_gradient_loss | -0.0113      |
|    value_loss           | 0.244        |
------------------------------------------
------------------------------------------
| rollout/                |              |
|    ep_len_mean          | 40.5         |
|    ep_rew_mean          | -47.6        |
| time/                   |              |
|    fps                  | 20           |
|    iterations           | 65           |
|    time_elapsed         | 822          |
|    total_timesteps      | 16640        |
| train/                  |              |
|    approx_kl            | 0.0008831008 |
|    clip_fraction        | 0            |
|    clip_range           | 0.15         |
|    entropy_loss         | -5.94        |
|    explained_variance   | 0.91         |
|    learning_rate        | 0.0001       |
|    loss                 | 0.0499       |
|    n_updates            | 192          |
|    policy_gradient_loss | -0.0158      |
|    value_loss           | 0.214        |
------------------------------------------
------------------------------------------
| rollout/                |              |
|    ep_len_mean          | 40.7         |
|    ep_rew_mean          | -47.6        |
| time/                   |              |
|    fps                  | 20           |
|    iterations           | 66           |
|    time_elapsed         | 830          |
|    total_timesteps      | 16896        |
| train/                  |              |
|    approx_kl            | 0.0010184054 |
|    clip_fraction        | 0            |
|    clip_range           | 0.15         |
|    entropy_loss         | -5.92        |
|    explained_variance   | 0.915        |
|    learning_rate        | 0.0001       |
|    loss                 | 0.0124       |
|    n_updates            | 195          |
|    policy_gradient_loss | -0.0152      |
|    value_loss           | 0.131        |
------------------------------------------
------------------------------------------
| rollout/                |              |
|    ep_len_mean          | 40.7         |
|    ep_rew_mean          | -47.8        |
| time/                   |              |
|    fps                  | 20           |
|    iterations           | 67           |
|    time_elapsed         | 839          |
|    total_timesteps      | 17152        |
| train/                  |              |
|    approx_kl            | 0.0010957869 |
|    clip_fraction        | 0            |
|    clip_range           | 0.15         |
|    entropy_loss         | -5.88        |
|    explained_variance   | 0.935        |
|    learning_rate        | 0.0001       |
|    loss                 | 0.00286      |
|    n_updates            | 198          |
|    policy_gradient_loss | -0.0163      |
|    value_loss           | 0.115        |
------------------------------------------
------------------------------------------
| rollout/                |              |
|    ep_len_mean          | 40.7         |
|    ep_rew_mean          | -47.6        |
| time/                   |              |
|    fps                  | 20           |
|    iterations           | 68           |
|    time_elapsed         | 847          |
|    total_timesteps      | 17408        |
| train/                  |              |
|    approx_kl            | 0.0012853986 |
|    clip_fraction        | 0            |
|    clip_range           | 0.15         |
|    entropy_loss         | -5.84        |
|    explained_variance   | 0.943        |
|    learning_rate        | 0.0001       |
|    loss                 | -0.0126      |
|    n_updates            | 201          |
|    policy_gradient_loss | -0.0193      |
|    value_loss           | 0.0947       |
------------------------------------------
------------------------------------------
| rollout/                |              |
|    ep_len_mean          | 40.7         |
|    ep_rew_mean          | -47.5        |
| time/                   |              |
|    fps                  | 20           |
|    iterations           | 69           |
|    time_elapsed         | 855          |
|    total_timesteps      | 17664        |
| train/                  |              |
|    approx_kl            | 0.0014204436 |
|    clip_fraction        | 0            |
|    clip_range           | 0.15         |
|    entropy_loss         | -5.84        |
|    explained_variance   | 0.915        |
|    learning_rate        | 0.0001       |
|    loss                 | -0.0039      |
|    n_updates            | 204          |
|    policy_gradient_loss | -0.0163      |
|    value_loss           | 0.097        |
------------------------------------------
------------------------------------------
| rollout/                |              |
|    ep_len_mean          | 40.7         |
|    ep_rew_mean          | -47.5        |
| time/                   |              |
|    fps                  | 20           |
|    iterations           | 70           |
|    time_elapsed         | 863          |
|    total_timesteps      | 17920        |
| train/                  |              |
|    approx_kl            | 0.0010236474 |
|    clip_fraction        | 0            |
|    clip_range           | 0.15         |
|    entropy_loss         | -5.84        |
|    explained_variance   | 0.706        |
|    learning_rate        | 0.0001       |
|    loss                 | 0.112        |
|    n_updates            | 207          |
|    policy_gradient_loss | -0.00876     |
|    value_loss           | 0.311        |
------------------------------------------
-----------------------------------------
| rollout/                |             |
|    ep_len_mean          | 40.7        |
|    ep_rew_mean          | -47.5       |
| time/                   |             |
|    fps                  | 20          |
|    iterations           | 71          |
|    time_elapsed         | 871         |
|    total_timesteps      | 18176       |
| train/                  |             |
|    approx_kl            | 0.001066485 |
|    clip_fraction        | 0           |
|    clip_range           | 0.15        |
|    entropy_loss         | -5.81       |
|    explained_variance   | 0.732       |
|    learning_rate        | 0.0001      |
|    loss                 | 0.0617      |
|    n_updates            | 210         |
|    policy_gradient_loss | -0.0132     |
|    value_loss           | 0.242       |
-----------------------------------------
------------------------------------------
| rollout/                |              |
|    ep_len_mean          | 40.6         |
|    ep_rew_mean          | -47.5        |
| time/                   |              |
|    fps                  | 20           |
|    iterations           | 72           |
|    time_elapsed         | 882          |
|    total_timesteps      | 18432        |
| train/                  |              |
|    approx_kl            | 0.0013561677 |
|    clip_fraction        | 0            |
|    clip_range           | 0.15         |
|    entropy_loss         | -5.79        |
|    explained_variance   | 0.806        |
|    learning_rate        | 0.0001       |
|    loss                 | 0.0273       |
|    n_updates            | 213          |
|    policy_gradient_loss | -0.0164      |
|    value_loss           | 0.181        |
------------------------------------------
-------------------------------------------
| rollout/                |               |
|    ep_len_mean          | 40.7          |
|    ep_rew_mean          | -47.6         |
| time/                   |               |
|    fps                  | 20            |
|    iterations           | 73            |
|    time_elapsed         | 892           |
|    total_timesteps      | 18688         |
| train/                  |               |
|    approx_kl            | 0.00091919047 |
|    clip_fraction        | 0             |
|    clip_range           | 0.15          |
|    entropy_loss         | -5.69         |
|    explained_variance   | 0.876         |
|    learning_rate        | 0.0001        |
|    loss                 | 0.0629        |
|    n_updates            | 216           |
|    policy_gradient_loss | -0.00964      |
|    value_loss           | 0.221         |
-------------------------------------------
-------------------------------------------
| rollout/                |               |
|    ep_len_mean          | 40.8          |
|    ep_rew_mean          | -47.8         |
| time/                   |               |
|    fps                  | 20            |
|    iterations           | 74            |
|    time_elapsed         | 902           |
|    total_timesteps      | 18944         |
| train/                  |               |
|    approx_kl            | 0.00039067352 |
|    clip_fraction        | 0             |
|    clip_range           | 0.15          |
|    entropy_loss         | -5.78         |
|    explained_variance   | 0.626         |
|    learning_rate        | 0.0001        |
|    loss                 | 0.376         |
|    n_updates            | 219           |
|    policy_gradient_loss | -0.00457      |
|    value_loss           | 0.831         |
-------------------------------------------
-------------------------------------------
| rollout/                |               |
|    ep_len_mean          | 40.9          |
|    ep_rew_mean          | -48.1         |
| time/                   |               |
|    fps                  | 21            |
|    iterations           | 75            |
|    time_elapsed         | 912           |
|    total_timesteps      | 19200         |
| train/                  |               |
|    approx_kl            | 0.00039878627 |
|    clip_fraction        | 0             |
|    clip_range           | 0.15          |
|    entropy_loss         | -5.76         |
|    explained_variance   | 0.711         |
|    learning_rate        | 0.0001        |
|    loss                 | 0.298         |
|    n_updates            | 222           |
|    policy_gradient_loss | -0.00817      |
|    value_loss           | 0.72          |
-------------------------------------------
-------------------------------------------
| rollout/                |               |
|    ep_len_mean          | 41            |
|    ep_rew_mean          | -48.2         |
| time/                   |               |
|    fps                  | 21            |
|    iterations           | 76            |
|    time_elapsed         | 922           |
|    total_timesteps      | 19456         |
| train/                  |               |
|    approx_kl            | 0.00064168195 |
|    clip_fraction        | 0             |
|    clip_range           | 0.15          |
|    entropy_loss         | -5.75         |
|    explained_variance   | 0.811         |
|    learning_rate        | 0.0001        |
|    loss                 | 0.206         |
|    n_updates            | 225           |
|    policy_gradient_loss | -0.0124       |
|    value_loss           | 0.555         |
-------------------------------------------
-----------------------------------------
| rollout/                |             |
|    ep_len_mean          | 41          |
|    ep_rew_mean          | -48.1       |
| time/                   |             |
|    fps                  | 21          |
|    iterations           | 77          |
|    time_elapsed         | 932         |
|    total_timesteps      | 19712       |
| train/                  |             |
|    approx_kl            | 0.000885868 |
|    clip_fraction        | 0           |
|    clip_range           | 0.15        |
|    entropy_loss         | -5.76       |
|    explained_variance   | 0.893       |
|    learning_rate        | 0.0001      |
|    loss                 | 0.153       |
|    n_updates            | 228         |
|    policy_gradient_loss | -0.0134     |
|    value_loss           | 0.432       |
-----------------------------------------
------------------------------------------
| rollout/                |              |
|    ep_len_mean          | 40.8         |
|    ep_rew_mean          | -48          |
| time/                   |              |
|    fps                  | 21           |
|    iterations           | 78           |
|    time_elapsed         | 944          |
|    total_timesteps      | 19968        |
| train/                  |              |
|    approx_kl            | 0.0004837301 |
|    clip_fraction        | 0            |
|    clip_range           | 0.15         |
|    entropy_loss         | -5.7         |
|    explained_variance   | 0.828        |
|    learning_rate        | 0.0001       |
|    loss                 | 0.152        |
|    n_updates            | 231          |
|    policy_gradient_loss | -0.00212     |
|    value_loss           | 0.345        |
------------------------------------------
-------------------------------------------
| rollout/                |               |
|    ep_len_mean          | 40.7          |
|    ep_rew_mean          | -47.9         |
| time/                   |               |
|    fps                  | 21            |
|    iterations           | 79            |
|    time_elapsed         | 956           |
|    total_timesteps      | 20224         |
| train/                  |               |
|    approx_kl            | 0.00070658326 |
|    clip_fraction        | 0             |
|    clip_range           | 0.15          |
|    entropy_loss         | -5.67         |
|    explained_variance   | 0.831         |
|    learning_rate        | 0.0001        |
|    loss                 | 0.0869        |
|    n_updates            | 234           |
|    policy_gradient_loss | -0.00953      |
|    value_loss           | 0.264         |
-------------------------------------------
------------------------------------------
| rollout/                |              |
|    ep_len_mean          | 40.7         |
|    ep_rew_mean          | -47.8        |
| time/                   |              |
|    fps                  | 21           |
|    iterations           | 80           |
|    time_elapsed         | 965          |
|    total_timesteps      | 20480        |
| train/                  |              |
|    approx_kl            | 0.0009507814 |
|    clip_fraction        | 0            |
|    clip_range           | 0.15         |
|    entropy_loss         | -5.71        |
|    explained_variance   | 0.847        |
|    learning_rate        | 0.0001       |
|    loss                 | 0.0455       |
|    n_updates            | 237          |
|    policy_gradient_loss | -0.0134      |
|    value_loss           | 0.201        |
------------------------------------------
-------------------------------------------
| rollout/                |               |
|    ep_len_mean          | 40.7          |
|    ep_rew_mean          | -47.9         |
| time/                   |               |
|    fps                  | 21            |
|    iterations           | 81            |
|    time_elapsed         | 974           |
|    total_timesteps      | 20736         |
| train/                  |               |
|    approx_kl            | 0.00084643695 |
|    clip_fraction        | 0             |
|    clip_range           | 0.15          |
|    entropy_loss         | -5.78         |
|    explained_variance   | 0.84          |
|    learning_rate        | 0.0001        |
|    loss                 | 0.0991        |
|    n_updates            | 240           |
|    policy_gradient_loss | -0.00568      |
|    value_loss           | 0.273         |
-------------------------------------------
-------------------------------------------
| rollout/                |               |
|    ep_len_mean          | 40.7          |
|    ep_rew_mean          | -48           |
| time/                   |               |
|    fps                  | 21            |
|    iterations           | 82            |
|    time_elapsed         | 983           |
|    total_timesteps      | 20992         |
| train/                  |               |
|    approx_kl            | 0.00074332044 |
|    clip_fraction        | 0             |
|    clip_range           | 0.15          |
|    entropy_loss         | -5.79         |
|    explained_variance   | 0.877         |
|    learning_rate        | 0.0001        |
|    loss                 | 0.055         |
|    n_updates            | 243           |
|    policy_gradient_loss | -0.00999      |
|    value_loss           | 0.212         |
-------------------------------------------
-------------------------------------------
| rollout/                |               |
|    ep_len_mean          | 40.7          |
|    ep_rew_mean          | -48.1         |
| time/                   |               |
|    fps                  | 21            |
|    iterations           | 83            |
|    time_elapsed         | 992           |
|    total_timesteps      | 21248         |
| train/                  |               |
|    approx_kl            | 0.00071899756 |
|    clip_fraction        | 0             |
|    clip_range           | 0.15          |
|    entropy_loss         | -5.81         |
|    explained_variance   | 0.884         |
|    learning_rate        | 0.0001        |
|    loss                 | 0.0289        |
|    n_updates            | 246           |
|    policy_gradient_loss | -0.00944      |
|    value_loss           | 0.155         |
-------------------------------------------
------------------------------------------
| rollout/                |              |
|    ep_len_mean          | 40.8         |
|    ep_rew_mean          | -48.7        |
| time/                   |              |
|    fps                  | 21           |
|    iterations           | 84           |
|    time_elapsed         | 1001         |
|    total_timesteps      | 21504        |
| train/                  |              |
|    approx_kl            | 0.0008608424 |
|    clip_fraction        | 0            |
|    clip_range           | 0.15         |
|    entropy_loss         | -5.81        |
|    explained_variance   | 0.938        |
|    learning_rate        | 0.0001       |
|    loss                 | 0.00177      |
|    n_updates            | 249          |
|    policy_gradient_loss | -0.0152      |
|    value_loss           | 0.119        |
------------------------------------------
-----------------------------------------
| rollout/                |             |
|    ep_len_mean          | 40.8        |
|    ep_rew_mean          | -48.9       |
| time/                   |             |
|    fps                  | 21          |
|    iterations           | 85          |
|    time_elapsed         | 1010        |
|    total_timesteps      | 21760       |
| train/                  |             |
|    approx_kl            | 0.001015113 |
|    clip_fraction        | 0           |
|    clip_range           | 0.15        |
|    entropy_loss         | -5.79       |
|    explained_variance   | 0.951       |
|    learning_rate        | 0.0001      |
|    loss                 | -0.00947    |
|    n_updates            | 252         |
|    policy_gradient_loss | -0.0165     |
|    value_loss           | 0.0933      |
-----------------------------------------
------------------------------------------
| rollout/                |              |
|    ep_len_mean          | 40.9         |
|    ep_rew_mean          | -49.2        |
| time/                   |              |
|    fps                  | 21           |
|    iterations           | 86           |
|    time_elapsed         | 1018         |
|    total_timesteps      | 22016        |
| train/                  |              |
|    approx_kl            | 0.0012966043 |
|    clip_fraction        | 0            |
|    clip_range           | 0.15         |
|    entropy_loss         | -5.77        |
|    explained_variance   | 0.953        |
|    learning_rate        | 0.0001       |
|    loss                 | -0.0187      |
|    n_updates            | 255          |
|    policy_gradient_loss | -0.0191      |
|    value_loss           | 0.083        |
------------------------------------------
------------------------------------------
| rollout/                |              |
|    ep_len_mean          | 41           |
|    ep_rew_mean          | -49.5        |
| time/                   |              |
|    fps                  | 21           |
|    iterations           | 87           |
|    time_elapsed         | 1027         |
|    total_timesteps      | 22272        |
| train/                  |              |
|    approx_kl            | 0.0016496878 |
|    clip_fraction        | 0            |
|    clip_range           | 0.15         |
|    entropy_loss         | -5.76        |
|    explained_variance   | 0.954        |
|    learning_rate        | 0.0001       |
|    loss                 | -0.0286      |
|    n_updates            | 258          |
|    policy_gradient_loss | -0.0212      |
|    value_loss           | 0.0683       |
------------------------------------------
-----------------------------------------
| rollout/                |             |
|    ep_len_mean          | 41.1        |
|    ep_rew_mean          | -49.6       |
| time/                   |             |
|    fps                  | 21          |
|    iterations           | 88          |
|    time_elapsed         | 1036        |
|    total_timesteps      | 22528       |
| train/                  |             |
|    approx_kl            | 0.002119536 |
|    clip_fraction        | 0.00781     |
|    clip_range           | 0.15        |
|    entropy_loss         | -5.73       |
|    explained_variance   | 0.96        |
|    learning_rate        | 0.0001      |
|    loss                 | -0.0357     |
|    n_updates            | 261         |
|    policy_gradient_loss | -0.0228     |
|    value_loss           | 0.0571      |
-----------------------------------------
------------------------------------------
| rollout/                |              |
|    ep_len_mean          | 41           |
|    ep_rew_mean          | -49.6        |
| time/                   |              |
|    fps                  | 21           |
|    iterations           | 89           |
|    time_elapsed         | 1048         |
|    total_timesteps      | 22784        |
| train/                  |              |
|    approx_kl            | 0.0024669108 |
|    clip_fraction        | 0.0169       |
|    clip_range           | 0.15         |
|    entropy_loss         | -5.7         |
|    explained_variance   | 0.965        |
|    learning_rate        | 0.0001       |
|    loss                 | -0.0392      |
|    n_updates            | 264          |
|    policy_gradient_loss | -0.0244      |
|    value_loss           | 0.0538       |
------------------------------------------
------------------------------------------
| rollout/                |              |
|    ep_len_mean          | 40.9         |
|    ep_rew_mean          | -49.5        |
| time/                   |              |
|    fps                  | 21           |
|    iterations           | 90           |
|    time_elapsed         | 1059         |
|    total_timesteps      | 23040        |
| train/                  |              |
|    approx_kl            | 0.0013424384 |
|    clip_fraction        | 0            |
|    clip_range           | 0.15         |
|    entropy_loss         | -5.63        |
|    explained_variance   | 0.729        |
|    learning_rate        | 0.0001       |
|    loss                 | 0.148        |
|    n_updates            | 267          |
|    policy_gradient_loss | -0.00576     |
|    value_loss           | 0.376        |
------------------------------------------
------------------------------------------
| rollout/                |              |
|    ep_len_mean          | 40.8         |
|    ep_rew_mean          | -49.4        |
| time/                   |              |
|    fps                  | 21           |
|    iterations           | 91           |
|    time_elapsed         | 1071         |
|    total_timesteps      | 23296        |
| train/                  |              |
|    approx_kl            | 0.0011393065 |
|    clip_fraction        | 0            |
|    clip_range           | 0.15         |
|    entropy_loss         | -5.6         |
|    explained_variance   | 0.715        |
|    learning_rate        | 0.0001       |
|    loss                 | 0.112        |
|    n_updates            | 270          |
|    policy_gradient_loss | -0.00867     |
|    value_loss           | 0.344        |
------------------------------------------
------------------------------------------
| rollout/                |              |
|    ep_len_mean          | 40.6         |
|    ep_rew_mean          | -49.3        |
| time/                   |              |
|    fps                  | 21           |
|    iterations           | 92           |
|    time_elapsed         | 1083         |
|    total_timesteps      | 23552        |
| train/                  |              |
|    approx_kl            | 0.0010034416 |
|    clip_fraction        | 0            |
|    clip_range           | 0.15         |
|    entropy_loss         | -5.57        |
|    explained_variance   | 0.858        |
|    learning_rate        | 0.0001       |
|    loss                 | 0.0487       |
|    n_updates            | 273          |
|    policy_gradient_loss | -0.0109      |
|    value_loss           | 0.218        |
------------------------------------------
-------------------------------------------
| rollout/                |               |
|    ep_len_mean          | 40.7          |
|    ep_rew_mean          | -49.4         |
| time/                   |               |
|    fps                  | 21            |
|    iterations           | 93            |
|    time_elapsed         | 1095          |
|    total_timesteps      | 23808         |
| train/                  |               |
|    approx_kl            | 0.00084438245 |
|    clip_fraction        | 0             |
|    clip_range           | 0.15          |
|    entropy_loss         | -5.55         |
|    explained_variance   | 0.945         |
|    learning_rate        | 0.0001        |
|    loss                 | 0.0427        |
|    n_updates            | 276           |
|    policy_gradient_loss | -0.00935      |
|    value_loss           | 0.171         |
-------------------------------------------
-------------------------------------------
| rollout/                |               |
|    ep_len_mean          | 40.9          |
|    ep_rew_mean          | -49.6         |
| time/                   |               |
|    fps                  | 21            |
|    iterations           | 94            |
|    time_elapsed         | 1107          |
|    total_timesteps      | 24064         |
| train/                  |               |
|    approx_kl            | 0.00065158354 |
|    clip_fraction        | 0             |
|    clip_range           | 0.15          |
|    entropy_loss         | -5.5          |
|    explained_variance   | 0.929         |
|    learning_rate        | 0.0001        |
|    loss                 | 0.0535        |
|    n_updates            | 279           |
|    policy_gradient_loss | -0.00597      |
|    value_loss           | 0.168         |
-------------------------------------------
-------------------------------------------
| rollout/                |               |
|    ep_len_mean          | 41            |
|    ep_rew_mean          | -49.7         |
| time/                   |               |
|    fps                  | 21            |
|    iterations           | 95            |
|    time_elapsed         | 1120          |
|    total_timesteps      | 24320         |
| train/                  |               |
|    approx_kl            | 0.00058419467 |
|    clip_fraction        | 0             |
|    clip_range           | 0.15          |
|    entropy_loss         | -5.51         |
|    explained_variance   | 0.905         |
|    learning_rate        | 0.0001        |
|    loss                 | 0.0483        |
|    n_updates            | 282           |
|    policy_gradient_loss | -0.00839      |
|    value_loss           | 0.174         |
-------------------------------------------
-------------------------------------------
| rollout/                |               |
|    ep_len_mean          | 41            |
|    ep_rew_mean          | -49.7         |
| time/                   |               |
|    fps                  | 21            |
|    iterations           | 96            |
|    time_elapsed         | 1128          |
|    total_timesteps      | 24576         |
| train/                  |               |
|    approx_kl            | 0.00073252665 |
|    clip_fraction        | 0             |
|    clip_range           | 0.15          |
|    entropy_loss         | -5.5          |
|    explained_variance   | 0.905         |
|    learning_rate        | 0.0001        |
|    loss                 | 0.0279        |
|    n_updates            | 285           |
|    policy_gradient_loss | -0.0123       |
|    value_loss           | 0.154         |
-------------------------------------------
-------------------------------------------
| rollout/                |               |
|    ep_len_mean          | 41            |
|    ep_rew_mean          | -49.6         |
| time/                   |               |
|    fps                  | 21            |
|    iterations           | 97            |
|    time_elapsed         | 1136          |
|    total_timesteps      | 24832         |
| train/                  |               |
|    approx_kl            | 0.00025722221 |
|    clip_fraction        | 0             |
|    clip_range           | 0.15          |
|    entropy_loss         | -5.45         |
|    explained_variance   | 0.884         |
|    learning_rate        | 0.0001        |
|    loss                 | 0.0536        |
|    n_updates            | 288           |
|    policy_gradient_loss | -0.00354      |
|    value_loss           | 0.159         |
-------------------------------------------
------------------------------------------
| rollout/                |              |
|    ep_len_mean          | 41           |
|    ep_rew_mean          | -49.5        |
| time/                   |              |
|    fps                  | 21           |
|    iterations           | 98           |
|    time_elapsed         | 1146         |
|    total_timesteps      | 25088        |
| train/                  |              |
|    approx_kl            | 0.0004188842 |
|    clip_fraction        | 0            |
|    clip_range           | 0.15         |
|    entropy_loss         | -5.42        |
|    explained_variance   | 0.896        |
|    learning_rate        | 0.0001       |
|    loss                 | 0.0336       |
|    n_updates            | 291          |
|    policy_gradient_loss | -0.00986     |
|    value_loss           | 0.15         |
------------------------------------------
------------------------------------------
| rollout/                |              |
|    ep_len_mean          | 40.9         |
|    ep_rew_mean          | -49.5        |
| time/                   |              |
|    fps                  | 21           |
|    iterations           | 99           |
|    time_elapsed         | 1156         |
|    total_timesteps      | 25344        |
| train/                  |              |
|    approx_kl            | 0.0004619332 |
|    clip_fraction        | 0            |
|    clip_range           | 0.15         |
|    entropy_loss         | -5.53        |
|    explained_variance   | 0.924        |
|    learning_rate        | 0.0001       |
|    loss                 | 0.00562      |
|    n_updates            | 294          |
|    policy_gradient_loss | -0.00923     |
|    value_loss           | 0.0886       |
------------------------------------------
------------------------------------------
| rollout/                |              |
|    ep_len_mean          | 41           |
|    ep_rew_mean          | -49.7        |
| time/                   |              |
|    fps                  | 21           |
|    iterations           | 100          |
|    time_elapsed         | 1165         |
|    total_timesteps      | 25600        |
| train/                  |              |
|    approx_kl            | 0.0004045104 |
|    clip_fraction        | 0            |
|    clip_range           | 0.15         |
|    entropy_loss         | -5.59        |
|    explained_variance   | 0.961        |
|    learning_rate        | 0.0001       |
|    loss                 | -0.00902     |
|    n_updates            | 297          |
|    policy_gradient_loss | -0.00937     |
|    value_loss           | 0.0585       |
------------------------------------------
------------------------------------------
| rollout/                |              |
|    ep_len_mean          | 41.1         |
|    ep_rew_mean          | -49.9        |
| time/                   |              |
|    fps                  | 22           |
|    iterations           | 101          |
|    time_elapsed         | 1172         |
|    total_timesteps      | 25856        |
| train/                  |              |
|    approx_kl            | 0.0004955025 |
|    clip_fraction        | 0            |
|    clip_range           | 0.15         |
|    entropy_loss         | -5.35        |
|    explained_variance   | 0.794        |
|    learning_rate        | 0.0001       |
|    loss                 | 0.135        |
|    n_updates            | 300          |
|    policy_gradient_loss | -0.00702     |
|    value_loss           | 0.349        |
------------------------------------------
-------------------------------------------
| rollout/                |               |
|    ep_len_mean          | 41.2          |
|    ep_rew_mean          | -50           |
| time/                   |               |
|    fps                  | 22            |
|    iterations           | 102           |
|    time_elapsed         | 1180          |
|    total_timesteps      | 26112         |
| train/                  |               |
|    approx_kl            | 0.00076749315 |
|    clip_fraction        | 0             |
|    clip_range           | 0.15          |
|    entropy_loss         | -5.34         |
|    explained_variance   | 0.822         |
|    learning_rate        | 0.0001        |
|    loss                 | 0.0855        |
|    n_updates            | 303           |
|    policy_gradient_loss | -0.0142       |
|    value_loss           | 0.29          |
-------------------------------------------
-----------------------------------------
| rollout/                |             |
|    ep_len_mean          | 41.4        |
|    ep_rew_mean          | -50.2       |
| time/                   |             |
|    fps                  | 22          |
|    iterations           | 103         |
|    time_elapsed         | 1188        |
|    total_timesteps      | 26368       |
| train/                  |             |
|    approx_kl            | 0.001092227 |
|    clip_fraction        | 0.00781     |
|    clip_range           | 0.15        |
|    entropy_loss         | -5.32       |
|    explained_variance   | 0.865       |
|    learning_rate        | 0.0001      |
|    loss                 | 0.0442      |
|    n_updates            | 306         |
|    policy_gradient_loss | -0.0157     |
|    value_loss           | 0.206       |
-----------------------------------------
------------------------------------------
| rollout/                |              |
|    ep_len_mean          | 41.5         |
|    ep_rew_mean          | -50.4        |
| time/                   |              |
|    fps                  | 22           |
|    iterations           | 104          |
|    time_elapsed         | 1196         |
|    total_timesteps      | 26624        |
| train/                  |              |
|    approx_kl            | 0.0013250045 |
|    clip_fraction        | 0.00781      |
|    clip_range           | 0.15         |
|    entropy_loss         | -5.31        |
|    explained_variance   | 0.913        |
|    learning_rate        | 0.0001       |
|    loss                 | 0.0197       |
|    n_updates            | 309          |
|    policy_gradient_loss | -0.019       |
|    value_loss           | 0.167        |
------------------------------------------
------------------------------------------
| rollout/                |              |
|    ep_len_mean          | 41.6         |
|    ep_rew_mean          | -50.6        |
| time/                   |              |
|    fps                  | 22           |
|    iterations           | 105          |
|    time_elapsed         | 1204         |
|    total_timesteps      | 26880        |
| train/                  |              |
|    approx_kl            | 0.0013598925 |
|    clip_fraction        | 0.00781      |
|    clip_range           | 0.15         |
|    entropy_loss         | -5.29        |
|    explained_variance   | 0.936        |
|    learning_rate        | 0.0001       |
|    loss                 | 0.00577      |
|    n_updates            | 312          |
|    policy_gradient_loss | -0.0177      |
|    value_loss           | 0.129        |
------------------------------------------
------------------------------------------
| rollout/                |              |
|    ep_len_mean          | 41.7         |
|    ep_rew_mean          | -50.8        |
| time/                   |              |
|    fps                  | 22           |
|    iterations           | 106          |
|    time_elapsed         | 1211         |
|    total_timesteps      | 27136        |
| train/                  |              |
|    approx_kl            | 0.0014357567 |
|    clip_fraction        | 0.00781      |
|    clip_range           | 0.15         |
|    entropy_loss         | -5.28        |
|    explained_variance   | 0.949        |
|    learning_rate        | 0.0001       |
|    loss                 | -0.00516     |
|    n_updates            | 315          |
|    policy_gradient_loss | -0.0164      |
|    value_loss           | 0.1          |
------------------------------------------
------------------------------------------
| rollout/                |              |
|    ep_len_mean          | 41.8         |
|    ep_rew_mean          | -50.9        |
| time/                   |              |
|    fps                  | 22           |
|    iterations           | 107          |
|    time_elapsed         | 1219         |
|    total_timesteps      | 27392        |
| train/                  |              |
|    approx_kl            | 0.0012831187 |
|    clip_fraction        | 0            |
|    clip_range           | 0.15         |
|    entropy_loss         | -5.32        |
|    explained_variance   | 0.931        |
|    learning_rate        | 0.0001       |
|    loss                 | 0.00659      |
|    n_updates            | 318          |
|    policy_gradient_loss | -0.0127      |
|    value_loss           | 0.107        |
------------------------------------------
------------------------------------------
| rollout/                |              |
|    ep_len_mean          | 42           |
|    ep_rew_mean          | -51.1        |
| time/                   |              |
|    fps                  | 22           |
|    iterations           | 108          |
|    time_elapsed         | 1226         |
|    total_timesteps      | 27648        |
| train/                  |              |
|    approx_kl            | 0.0015300997 |
|    clip_fraction        | 0            |
|    clip_range           | 0.15         |
|    entropy_loss         | -5.33        |
|    explained_variance   | 0.954        |
|    learning_rate        | 0.0001       |
|    loss                 | -0.0135      |
|    n_updates            | 321          |
|    policy_gradient_loss | -0.0174      |
|    value_loss           | 0.0855       |
------------------------------------------
-----------------------------------------
| rollout/                |             |
|    ep_len_mean          | 42.1        |
|    ep_rew_mean          | -51.2       |
| time/                   |             |
|    fps                  | 22          |
|    iterations           | 109         |
|    time_elapsed         | 1234        |
|    total_timesteps      | 27904       |
| train/                  |             |
|    approx_kl            | 0.001683587 |
|    clip_fraction        | 0.00781     |
|    clip_range           | 0.15        |
|    entropy_loss         | -5.35       |
|    explained_variance   | 0.954       |
|    learning_rate        | 0.0001      |
|    loss                 | -0.0245     |
|    n_updates            | 324         |
|    policy_gradient_loss | -0.0185     |
|    value_loss           | 0.0643      |
-----------------------------------------
------------------------------------------
| rollout/                |              |
|    ep_len_mean          | 42.2         |
|    ep_rew_mean          | -51.4        |
| time/                   |              |
|    fps                  | 22           |
|    iterations           | 110          |
|    time_elapsed         | 1242         |
|    total_timesteps      | 28160        |
| train/                  |              |
|    approx_kl            | 0.0015080469 |
|    clip_fraction        | 0            |
|    clip_range           | 0.15         |
|    entropy_loss         | -5.37        |
|    explained_variance   | 0.97         |
|    learning_rate        | 0.0001       |
|    loss                 | -0.0272      |
|    n_updates            | 327          |
|    policy_gradient_loss | -0.0157      |
|    value_loss           | 0.045        |
------------------------------------------
------------------------------------------
| rollout/                |              |
|    ep_len_mean          | 42.3         |
|    ep_rew_mean          | -51.6        |
| time/                   |              |
|    fps                  | 22           |
|    iterations           | 111          |
|    time_elapsed         | 1249         |
|    total_timesteps      | 28416        |
| train/                  |              |
|    approx_kl            | 0.0013312427 |
|    clip_fraction        | 0            |
|    clip_range           | 0.15         |
|    entropy_loss         | -5.37        |
|    explained_variance   | 0.972        |
|    learning_rate        | 0.0001       |
|    loss                 | -0.0326      |
|    n_updates            | 330          |
|    policy_gradient_loss | -0.0171      |
|    value_loss           | 0.0391       |
------------------------------------------
------------------------------------------
| rollout/                |              |
|    ep_len_mean          | 42.4         |
|    ep_rew_mean          | -51.8        |
| time/                   |              |
|    fps                  | 22           |
|    iterations           | 112          |
|    time_elapsed         | 1257         |
|    total_timesteps      | 28672        |
| train/                  |              |
|    approx_kl            | 0.0014243957 |
|    clip_fraction        | 0            |
|    clip_range           | 0.15         |
|    entropy_loss         | -5.36        |
|    explained_variance   | 0.975        |
|    learning_rate        | 0.0001       |
|    loss                 | -0.039       |
|    n_updates            | 333          |
|    policy_gradient_loss | -0.0191      |
|    value_loss           | 0.0333       |
------------------------------------------
------------------------------------------
| rollout/                |              |
|    ep_len_mean          | 42.6         |
|    ep_rew_mean          | -52.1        |
| time/                   |              |
|    fps                  | 22           |
|    iterations           | 113          |
|    time_elapsed         | 1265         |
|    total_timesteps      | 28928        |
| train/                  |              |
|    approx_kl            | 0.0014172045 |
|    clip_fraction        | 0            |
|    clip_range           | 0.15         |
|    entropy_loss         | -5.33        |
|    explained_variance   | 0.978        |
|    learning_rate        | 0.0001       |
|    loss                 | -0.0379      |
|    n_updates            | 336          |
|    policy_gradient_loss | -0.0177      |
|    value_loss           | 0.0295       |
------------------------------------------
------------------------------------------
| rollout/                |              |
|    ep_len_mean          | 42.7         |
|    ep_rew_mean          | -52.4        |
| time/                   |              |
|    fps                  | 22           |
|    iterations           | 114          |
|    time_elapsed         | 1273         |
|    total_timesteps      | 29184        |
| train/                  |              |
|    approx_kl            | 0.0017068309 |
|    clip_fraction        | 0.00781      |
|    clip_range           | 0.15         |
|    entropy_loss         | -5.25        |
|    explained_variance   | 0.976        |
|    learning_rate        | 0.0001       |
|    loss                 | -0.0389      |
|    n_updates            | 339          |
|    policy_gradient_loss | -0.0189      |
|    value_loss           | 0.0309       |
------------------------------------------
------------------------------------------
| rollout/                |              |
|    ep_len_mean          | 43           |
|    ep_rew_mean          | -52.4        |
| time/                   |              |
|    fps                  | 22           |
|    iterations           | 115          |
|    time_elapsed         | 1280         |
|    total_timesteps      | 29440        |
| train/                  |              |
|    approx_kl            | 0.0020168815 |
|    clip_fraction        | 0.00781      |
|    clip_range           | 0.15         |
|    entropy_loss         | -5.22        |
|    explained_variance   | 0.981        |
|    learning_rate        | 0.0001       |
|    loss                 | -0.0446      |
|    n_updates            | 342          |
|    policy_gradient_loss | -0.0204      |
|    value_loss           | 0.0256       |
------------------------------------------
------------------------------------------
| rollout/                |              |
|    ep_len_mean          | 43.2         |
|    ep_rew_mean          | -52.3        |
| time/                   |              |
|    fps                  | 23           |
|    iterations           | 116          |
|    time_elapsed         | 1288         |
|    total_timesteps      | 29696        |
| train/                  |              |
|    approx_kl            | 0.0016339633 |
|    clip_fraction        | 0            |
|    clip_range           | 0.15         |
|    entropy_loss         | -5.3         |
|    explained_variance   | 0.484        |
|    learning_rate        | 0.0001       |
|    loss                 | 0.302        |
|    n_updates            | 345          |
|    policy_gradient_loss | -0.00786     |
|    value_loss           | 0.703        |
------------------------------------------
------------------------------------------
| rollout/                |              |
|    ep_len_mean          | 43.3         |
|    ep_rew_mean          | -51.9        |
| time/                   |              |
|    fps                  | 23           |
|    iterations           | 117          |
|    time_elapsed         | 1296         |
|    total_timesteps      | 29952        |
| train/                  |              |
|    approx_kl            | 0.0012998187 |
|    clip_fraction        | 0            |
|    clip_range           | 0.15         |
|    entropy_loss         | -5.24        |
|    explained_variance   | 0.534        |
|    learning_rate        | 0.0001       |
|    loss                 | 0.201        |
|    n_updates            | 348          |
|    policy_gradient_loss | -0.0118      |
|    value_loss           | 0.554        |
------------------------------------------
------------------------------------------
| rollout/                |              |
|    ep_len_mean          | 43.4         |
|    ep_rew_mean          | -51.4        |
| time/                   |              |
|    fps                  | 23           |
|    iterations           | 118          |
|    time_elapsed         | 1310         |
|    total_timesteps      | 30208        |
| train/                  |              |
|    approx_kl            | 0.0013515032 |
|    clip_fraction        | 0            |
|    clip_range           | 0.15         |
|    entropy_loss         | -5.18        |
|    explained_variance   | 0.677        |
|    learning_rate        | 0.0001       |
|    loss                 | 0.101        |
|    n_updates            | 351          |
|    policy_gradient_loss | -0.0146      |
|    value_loss           | 0.375        |
------------------------------------------
------------------------------------------
| rollout/                |              |
|    ep_len_mean          | 43.4         |
|    ep_rew_mean          | -50.9        |
| time/                   |              |
|    fps                  | 22           |
|    iterations           | 119          |
|    time_elapsed         | 1324         |
|    total_timesteps      | 30464        |
| train/                  |              |
|    approx_kl            | 0.0013382833 |
|    clip_fraction        | 0            |
|    clip_range           | 0.15         |
|    entropy_loss         | -5.15        |
|    explained_variance   | 0.943        |
|    learning_rate        | 0.0001       |
|    loss                 | -0.0187      |
|    n_updates            | 354          |
|    policy_gradient_loss | -0.0145      |
|    value_loss           | 0.0644       |
------------------------------------------
-----------------------------------------
| rollout/                |             |
|    ep_len_mean          | 43.5        |
|    ep_rew_mean          | -50.4       |
| time/                   |             |
|    fps                  | 22          |
|    iterations           | 120         |
|    time_elapsed         | 1339        |
|    total_timesteps      | 30720       |
| train/                  |             |
|    approx_kl            | 0.002131171 |
|    clip_fraction        | 0.00781     |
|    clip_range           | 0.15        |
|    entropy_loss         | -5.13       |
|    explained_variance   | 0.962       |
|    learning_rate        | 0.0001      |
|    loss                 | -0.0325     |
|    n_updates            | 357         |
|    policy_gradient_loss | -0.0186     |
|    value_loss           | 0.0436      |
-----------------------------------------
------------------------------------------
| rollout/                |              |
|    ep_len_mean          | 43.5         |
|    ep_rew_mean          | -49.9        |
| time/                   |              |
|    fps                  | 22           |
|    iterations           | 121          |
|    time_elapsed         | 1352         |
|    total_timesteps      | 30976        |
| train/                  |              |
|    approx_kl            | 0.0021970128 |
|    clip_fraction        | 0.0143       |
|    clip_range           | 0.15         |
|    entropy_loss         | -5.07        |
|    explained_variance   | 0.965        |
|    learning_rate        | 0.0001       |
|    loss                 | -0.0277      |
|    n_updates            | 360          |
|    policy_gradient_loss | -0.0157      |
|    value_loss           | 0.0388       |
------------------------------------------
------------------------------------------
| rollout/                |              |
|    ep_len_mean          | 43.6         |
|    ep_rew_mean          | -49.3        |
| time/                   |              |
|    fps                  | 22           |
|    iterations           | 122          |
|    time_elapsed         | 1366         |
|    total_timesteps      | 31232        |
| train/                  |              |
|    approx_kl            | 0.0021690442 |
|    clip_fraction        | 0.00781      |
|    clip_range           | 0.15         |
|    entropy_loss         | -5.03        |
|    explained_variance   | 0.965        |
|    learning_rate        | 0.0001       |
|    loss                 | -0.0306      |
|    n_updates            | 363          |
|    policy_gradient_loss | -0.0168      |
|    value_loss           | 0.0384       |
------------------------------------------
-----------------------------------------
| rollout/                |             |
|    ep_len_mean          | 43.7        |
|    ep_rew_mean          | -49.4       |
| time/                   |             |
|    fps                  | 22          |
|    iterations           | 123         |
|    time_elapsed         | 1376        |
|    total_timesteps      | 31488       |
| train/                  |             |
|    approx_kl            | 0.001909619 |
|    clip_fraction        | 0           |
|    clip_range           | 0.15        |
|    entropy_loss         | -5.05       |
|    explained_variance   | 0.971       |
|    learning_rate        | 0.0001      |
|    loss                 | -0.0387     |
|    n_updates            | 366         |
|    policy_gradient_loss | -0.0185     |
|    value_loss           | 0.0301      |
-----------------------------------------
------------------------------------------
| rollout/                |              |
|    ep_len_mean          | 43.8         |
|    ep_rew_mean          | -49.5        |
| time/                   |              |
|    fps                  | 22           |
|    iterations           | 124          |
|    time_elapsed         | 1385         |
|    total_timesteps      | 31744        |
| train/                  |              |
|    approx_kl            | 0.0012135652 |
|    clip_fraction        | 0.0013       |
|    clip_range           | 0.15         |
|    entropy_loss         | -4.92        |
|    explained_variance   | 0.75         |
|    learning_rate        | 0.0001       |
|    loss                 | 0.148        |
|    n_updates            | 369          |
|    policy_gradient_loss | -0.00923     |
|    value_loss           | 0.377        |
------------------------------------------
------------------------------------------
| rollout/                |              |
|    ep_len_mean          | 43.9         |
|    ep_rew_mean          | -49.7        |
| time/                   |              |
|    fps                  | 22           |
|    iterations           | 125          |
|    time_elapsed         | 1394         |
|    total_timesteps      | 32000        |
| train/                  |              |
|    approx_kl            | 0.0010124277 |
|    clip_fraction        | 0            |
|    clip_range           | 0.15         |
|    entropy_loss         | -4.94        |
|    explained_variance   | 0.718        |
|    learning_rate        | 0.0001       |
|    loss                 | 0.168        |
|    n_updates            | 372          |
|    policy_gradient_loss | -0.0105      |
|    value_loss           | 0.439        |
------------------------------------------
------------------------------------------
| rollout/                |              |
|    ep_len_mean          | 44.1         |
|    ep_rew_mean          | -49.9        |
| time/                   |              |
|    fps                  | 22           |
|    iterations           | 126          |
|    time_elapsed         | 1403         |
|    total_timesteps      | 32256        |
| train/                  |              |
|    approx_kl            | 0.0010954873 |
|    clip_fraction        | 0.0026       |
|    clip_range           | 0.15         |
|    entropy_loss         | -4.91        |
|    explained_variance   | 0.822        |
|    learning_rate        | 0.0001       |
|    loss                 | 0.0649       |
|    n_updates            | 375          |
|    policy_gradient_loss | -0.0143      |
|    value_loss           | 0.246        |
------------------------------------------
------------------------------------------
| rollout/                |              |
|    ep_len_mean          | 44.2         |
|    ep_rew_mean          | -49.9        |
| time/                   |              |
|    fps                  | 23           |
|    iterations           | 127          |
|    time_elapsed         | 1412         |
|    total_timesteps      | 32512        |
| train/                  |              |
|    approx_kl            | 0.0013963217 |
|    clip_fraction        | 0.00781      |
|    clip_range           | 0.15         |
|    entropy_loss         | -4.94        |
|    explained_variance   | 0.886        |
|    learning_rate        | 0.0001       |
|    loss                 | 0.0252       |
|    n_updates            | 378          |
|    policy_gradient_loss | -0.0177      |
|    value_loss           | 0.173        |
------------------------------------------
------------------------------------------
| rollout/                |              |
|    ep_len_mean          | 44.3         |
|    ep_rew_mean          | -50.1        |
| time/                   |              |
|    fps                  | 23           |
|    iterations           | 128          |
|    time_elapsed         | 1423         |
|    total_timesteps      | 32768        |
| train/                  |              |
|    approx_kl            | 0.0012420353 |
|    clip_fraction        | 0.00781      |
|    clip_range           | 0.15         |
|    entropy_loss         | -5.01        |
|    explained_variance   | 0.923        |
|    learning_rate        | 0.0001       |
|    loss                 | -0.000375    |
|    n_updates            | 381          |
|    policy_gradient_loss | -0.017       |
|    value_loss           | 0.107        |
------------------------------------------
------------------------------------------
| rollout/                |              |
|    ep_len_mean          | 44.3         |
|    ep_rew_mean          | -50.2        |
| time/                   |              |
|    fps                  | 23           |
|    iterations           | 129          |
|    time_elapsed         | 1433         |
|    total_timesteps      | 33024        |
| train/                  |              |
|    approx_kl            | 0.0009797979 |
|    clip_fraction        | 0.00781      |
|    clip_range           | 0.15         |
|    entropy_loss         | -4.94        |
|    explained_variance   | 0.905        |
|    learning_rate        | 0.0001       |
|    loss                 | 0.0301       |
|    n_updates            | 384          |
|    policy_gradient_loss | -0.0103      |
|    value_loss           | 0.137        |
------------------------------------------
------------------------------------------
| rollout/                |              |
|    ep_len_mean          | 44.4         |
|    ep_rew_mean          | -50.3        |
| time/                   |              |
|    fps                  | 23           |
|    iterations           | 130          |
|    time_elapsed         | 1444         |
|    total_timesteps      | 33280        |
| train/                  |              |
|    approx_kl            | 0.0010846974 |
|    clip_fraction        | 0.00781      |
|    clip_range           | 0.15         |
|    entropy_loss         | -4.94        |
|    explained_variance   | 0.946        |
|    learning_rate        | 0.0001       |
|    loss                 | -0.00414     |
|    n_updates            | 387          |
|    policy_gradient_loss | -0.0148      |
|    value_loss           | 0.0883       |
------------------------------------------
------------------------------------------
| rollout/                |              |
|    ep_len_mean          | 44.3         |
|    ep_rew_mean          | -50.1        |
| time/                   |              |
|    fps                  | 23           |
|    iterations           | 131          |
|    time_elapsed         | 1453         |
|    total_timesteps      | 33536        |
| train/                  |              |
|    approx_kl            | 0.0009939121 |
|    clip_fraction        | 0            |
|    clip_range           | 0.15         |
|    entropy_loss         | -4.93        |
|    explained_variance   | 0.961        |
|    learning_rate        | 0.0001       |
|    loss                 | -0.0185      |
|    n_updates            | 390          |
|    policy_gradient_loss | -0.0145      |
|    value_loss           | 0.0582       |
------------------------------------------
-------------------------------------------
| rollout/                |               |
|    ep_len_mean          | 44.1          |
|    ep_rew_mean          | -50.1         |
| time/                   |               |
|    fps                  | 23            |
|    iterations           | 132           |
|    time_elapsed         | 1461          |
|    total_timesteps      | 33792         |
| train/                  |               |
|    approx_kl            | 0.00049809157 |
|    clip_fraction        | 0             |
|    clip_range           | 0.15          |
|    entropy_loss         | -5.24         |
|    explained_variance   | 0.898         |
|    learning_rate        | 0.0001        |
|    loss                 | 0.0292        |
|    n_updates            | 393           |
|    policy_gradient_loss | -0.00464      |
|    value_loss           | 0.117         |
-------------------------------------------
-------------------------------------------
| rollout/                |               |
|    ep_len_mean          | 43.9          |
|    ep_rew_mean          | -50.3         |
| time/                   |               |
|    fps                  | 23            |
|    iterations           | 133           |
|    time_elapsed         | 1470          |
|    total_timesteps      | 34048         |
| train/                  |               |
|    approx_kl            | 0.00049711694 |
|    clip_fraction        | 0             |
|    clip_range           | 0.15          |
|    entropy_loss         | -5.25         |
|    explained_variance   | 0.918         |
|    learning_rate        | 0.0001        |
|    loss                 | 0.0101        |
|    n_updates            | 396           |
|    policy_gradient_loss | -0.00817      |
|    value_loss           | 0.0935        |
-------------------------------------------
-------------------------------------------
| rollout/                |               |
|    ep_len_mean          | 43.6          |
|    ep_rew_mean          | -50.5         |
| time/                   |               |
|    fps                  | 23            |
|    iterations           | 134           |
|    time_elapsed         | 1477          |
|    total_timesteps      | 34304         |
| train/                  |               |
|    approx_kl            | 0.00073970784 |
|    clip_fraction        | 0             |
|    clip_range           | 0.15          |
|    entropy_loss         | -5.24         |
|    explained_variance   | 0.951         |
|    learning_rate        | 0.0001        |
|    loss                 | -0.0162       |
|    n_updates            | 399           |
|    policy_gradient_loss | -0.0128       |
|    value_loss           | 0.0565        |
-------------------------------------------
------------------------------------------
| rollout/                |              |
|    ep_len_mean          | 43.6         |
|    ep_rew_mean          | -51.2        |
| time/                   |              |
|    fps                  | 23           |
|    iterations           | 135          |
|    time_elapsed         | 1486         |
|    total_timesteps      | 34560        |
| train/                  |              |
|    approx_kl            | 0.0008603169 |
|    clip_fraction        | 0            |
|    clip_range           | 0.15         |
|    entropy_loss         | -5.25        |
|    explained_variance   | 0.96         |
|    learning_rate        | 0.0001       |
|    loss                 | -0.0184      |
|    n_updates            | 402          |
|    policy_gradient_loss | -0.0131      |
|    value_loss           | 0.0509       |
------------------------------------------
------------------------------------------
| rollout/                |              |
|    ep_len_mean          | 43.7         |
|    ep_rew_mean          | -51.8        |
| time/                   |              |
|    fps                  | 23           |
|    iterations           | 136          |
|    time_elapsed         | 1496         |
|    total_timesteps      | 34816        |
| train/                  |              |
|    approx_kl            | 0.0005555751 |
|    clip_fraction        | 0            |
|    clip_range           | 0.15         |
|    entropy_loss         | -4.92        |
|    explained_variance   | 0.936        |
|    learning_rate        | 0.0001       |
|    loss                 | 0.0277       |
|    n_updates            | 405          |
|    policy_gradient_loss | -0.00604     |
|    value_loss           | 0.115        |
------------------------------------------
-------------------------------------------
| rollout/                |               |
|    ep_len_mean          | 43.8          |
|    ep_rew_mean          | -52.5         |
| time/                   |               |
|    fps                  | 23            |
|    iterations           | 137           |
|    time_elapsed         | 1504          |
|    total_timesteps      | 35072         |
| train/                  |               |
|    approx_kl            | 0.00063774385 |
|    clip_fraction        | 0             |
|    clip_range           | 0.15          |
|    entropy_loss         | -4.86         |
|    explained_variance   | 0.938         |
|    learning_rate        | 0.0001        |
|    loss                 | 0.00562       |
|    n_updates            | 408           |
|    policy_gradient_loss | -0.0108       |
|    value_loss           | 0.0964        |
-------------------------------------------
------------------------------------------
| rollout/                |              |
|    ep_len_mean          | 43.8         |
|    ep_rew_mean          | -53.3        |
| time/                   |              |
|    fps                  | 23           |
|    iterations           | 138          |
|    time_elapsed         | 1513         |
|    total_timesteps      | 35328        |
| train/                  |              |
|    approx_kl            | 0.0010134589 |
|    clip_fraction        | 0            |
|    clip_range           | 0.15         |
|    entropy_loss         | -4.85        |
|    explained_variance   | 0.966        |
|    learning_rate        | 0.0001       |
|    loss                 | -0.00926     |
|    n_updates            | 411          |
|    policy_gradient_loss | -0.0145      |
|    value_loss           | 0.079        |
------------------------------------------
------------------------------------------
| rollout/                |              |
|    ep_len_mean          | 43.9         |
|    ep_rew_mean          | -53.9        |
| time/                   |              |
|    fps                  | 23           |
|    iterations           | 139          |
|    time_elapsed         | 1523         |
|    total_timesteps      | 35584        |
| train/                  |              |
|    approx_kl            | 0.0010675252 |
|    clip_fraction        | 0            |
|    clip_range           | 0.15         |
|    entropy_loss         | -4.87        |
|    explained_variance   | 0.974        |
|    learning_rate        | 0.0001       |
|    loss                 | -0.015       |
|    n_updates            | 414          |
|    policy_gradient_loss | -0.0136      |
|    value_loss           | 0.0605       |
------------------------------------------
------------------------------------------
| rollout/                |              |
|    ep_len_mean          | 43.9         |
|    ep_rew_mean          | -54.1        |
| time/                   |              |
|    fps                  | 23           |
|    iterations           | 140          |
|    time_elapsed         | 1531         |
|    total_timesteps      | 35840        |
| train/                  |              |
|    approx_kl            | 0.0009027878 |
|    clip_fraction        | 0            |
|    clip_range           | 0.15         |
|    entropy_loss         | -4.84        |
|    explained_variance   | 0.975        |
|    learning_rate        | 0.0001       |
|    loss                 | -0.012       |
|    n_updates            | 417          |
|    policy_gradient_loss | -0.0124      |
|    value_loss           | 0.0584       |
------------------------------------------
-----------------------------------------
| rollout/                |             |
|    ep_len_mean          | 43.9        |
|    ep_rew_mean          | -54.1       |
| time/                   |             |
|    fps                  | 23          |
|    iterations           | 141         |
|    time_elapsed         | 1540        |
|    total_timesteps      | 36096       |
| train/                  |             |
|    approx_kl            | 0.000950841 |
|    clip_fraction        | 0           |
|    clip_range           | 0.15        |
|    entropy_loss         | -4.87       |
|    explained_variance   | 0.968       |
|    learning_rate        | 0.0001      |
|    loss                 | -0.0112     |
|    n_updates            | 420         |
|    policy_gradient_loss | -0.0138     |
|    value_loss           | 0.0653      |
-----------------------------------------
------------------------------------------
| rollout/                |              |
|    ep_len_mean          | 43.9         |
|    ep_rew_mean          | -54.1        |
| time/                   |              |
|    fps                  | 23           |
|    iterations           | 142          |
|    time_elapsed         | 1549         |
|    total_timesteps      | 36352        |
| train/                  |              |
|    approx_kl            | 0.0011659886 |
|    clip_fraction        | 0            |
|    clip_range           | 0.15         |
|    entropy_loss         | -4.85        |
|    explained_variance   | 0.963        |
|    learning_rate        | 0.0001       |
|    loss                 | -0.0208      |
|    n_updates            | 423          |
|    policy_gradient_loss | -0.0168      |
|    value_loss           | 0.0591       |
------------------------------------------
------------------------------------------
| rollout/                |              |
|    ep_len_mean          | 43.9         |
|    ep_rew_mean          | -54          |
| time/                   |              |
|    fps                  | 23           |
|    iterations           | 143          |
|    time_elapsed         | 1557         |
|    total_timesteps      | 36608        |
| train/                  |              |
|    approx_kl            | 0.0012928215 |
|    clip_fraction        | 0            |
|    clip_range           | 0.15         |
|    entropy_loss         | -4.82        |
|    explained_variance   | 0.965        |
|    learning_rate        | 0.0001       |
|    loss                 | -0.0222      |
|    n_updates            | 426          |
|    policy_gradient_loss | -0.017       |
|    value_loss           | 0.0577       |
------------------------------------------
------------------------------------------
| rollout/                |              |
|    ep_len_mean          | 43.9         |
|    ep_rew_mean          | -54.1        |
| time/                   |              |
|    fps                  | 23           |
|    iterations           | 144          |
|    time_elapsed         | 1564         |
|    total_timesteps      | 36864        |
| train/                  |              |
|    approx_kl            | 0.0011130937 |
|    clip_fraction        | 0            |
|    clip_range           | 0.15         |
|    entropy_loss         | -4.88        |
|    explained_variance   | 0.882        |
|    learning_rate        | 0.0001       |
|    loss                 | 0.0462       |
|    n_updates            | 429          |
|    policy_gradient_loss | -0.00974     |
|    value_loss           | 0.168        |
------------------------------------------
------------------------------------------
| rollout/                |              |
|    ep_len_mean          | 42.9         |
|    ep_rew_mean          | -51.7        |
| time/                   |              |
|    fps                  | 23           |
|    iterations           | 145          |
|    time_elapsed         | 1570         |
|    total_timesteps      | 37120        |
| train/                  |              |
|    approx_kl            | 0.0014104438 |
|    clip_fraction        | 0.00781      |
|    clip_range           | 0.15         |
|    entropy_loss         | -4.9         |
|    explained_variance   | 0.9          |
|    learning_rate        | 0.0001       |
|    loss                 | 0.0196       |
|    n_updates            | 432          |
|    policy_gradient_loss | -0.0164      |
|    value_loss           | 0.147        |
------------------------------------------
------------------------------------------
| rollout/                |              |
|    ep_len_mean          | 42.6         |
|    ep_rew_mean          | -49.8        |
| time/                   |              |
|    fps                  | 23           |
|    iterations           | 146          |
|    time_elapsed         | 1575         |
|    total_timesteps      | 37376        |
| train/                  |              |
|    approx_kl            | 0.0009458326 |
|    clip_fraction        | 0            |
|    clip_range           | 0.15         |
|    entropy_loss         | -5.44        |
|    explained_variance   | 0.223        |
|    learning_rate        | 0.0001       |
|    loss                 | 0.719        |
|    n_updates            | 435          |
|    policy_gradient_loss | -0.00605     |
|    value_loss           | 1.56         |
------------------------------------------
------------------------------------------
| rollout/                |              |
|    ep_len_mean          | 41.7         |
|    ep_rew_mean          | -48          |
| time/                   |              |
|    fps                  | 23           |
|    iterations           | 147          |
|    time_elapsed         | 1581         |
|    total_timesteps      | 37632        |
| train/                  |              |
|    approx_kl            | 0.0005537302 |
|    clip_fraction        | 0            |
|    clip_range           | 0.15         |
|    entropy_loss         | -5.65        |
|    explained_variance   | -0.564       |
|    learning_rate        | 0.0001       |
|    loss                 | 0.583        |
|    n_updates            | 438          |
|    policy_gradient_loss | -0.0049      |
|    value_loss           | 1.36         |
------------------------------------------
-------------------------------------------
| rollout/                |               |
|    ep_len_mean          | 41            |
|    ep_rew_mean          | -46.5         |
| time/                   |               |
|    fps                  | 23            |
|    iterations           | 148           |
|    time_elapsed         | 1587          |
|    total_timesteps      | 37888         |
| train/                  |               |
|    approx_kl            | 0.00031017675 |
|    clip_fraction        | 0             |
|    clip_range           | 0.15          |
|    entropy_loss         | -4.98         |
|    explained_variance   | 0.00931       |
|    learning_rate        | 0.0001        |
|    loss                 | 0.47          |
|    n_updates            | 441           |
|    policy_gradient_loss | -0.00545      |
|    value_loss           | 1.07          |
-------------------------------------------
-------------------------------------------
| rollout/                |               |
|    ep_len_mean          | 40.3          |
|    ep_rew_mean          | -45           |
| time/                   |               |
|    fps                  | 23            |
|    iterations           | 149           |
|    time_elapsed         | 1593          |
|    total_timesteps      | 38144         |
| train/                  |               |
|    approx_kl            | 0.00045489473 |
|    clip_fraction        | 0             |
|    clip_range           | 0.15          |
|    entropy_loss         | -4.96         |
|    explained_variance   | 0.178         |
|    learning_rate        | 0.0001        |
|    loss                 | 0.313         |
|    n_updates            | 444           |
|    policy_gradient_loss | -0.0117       |
|    value_loss           | 0.797         |
-------------------------------------------
------------------------------------------
| rollout/                |              |
|    ep_len_mean          | 39.5         |
|    ep_rew_mean          | -43.4        |
| time/                   |              |
|    fps                  | 24           |
|    iterations           | 150          |
|    time_elapsed         | 1598         |
|    total_timesteps      | 38400        |
| train/                  |              |
|    approx_kl            | 0.0006505989 |
|    clip_fraction        | 0            |
|    clip_range           | 0.15         |
|    entropy_loss         | -4.94        |
|    explained_variance   | 0.433        |
|    learning_rate        | 0.0001       |
|    loss                 | 0.172        |
|    n_updates            | 447          |
|    policy_gradient_loss | -0.0147      |
|    value_loss           | 0.508        |
------------------------------------------
------------------------------------------
| rollout/                |              |
|    ep_len_mean          | 38.8         |
|    ep_rew_mean          | -41.7        |
| time/                   |              |
|    fps                  | 24           |
|    iterations           | 151          |
|    time_elapsed         | 1604         |
|    total_timesteps      | 38656        |
| train/                  |              |
|    approx_kl            | 0.0009944947 |
|    clip_fraction        | 0            |
|    clip_range           | 0.15         |
|    entropy_loss         | -4.92        |
|    explained_variance   | 0.639        |
|    learning_rate        | 0.0001       |
|    loss                 | 0.0793       |
|    n_updates            | 450          |
|    policy_gradient_loss | -0.0185      |
|    value_loss           | 0.305        |
------------------------------------------
------------------------------------------
| rollout/                |              |
|    ep_len_mean          | 38.1         |
|    ep_rew_mean          | -39.8        |
| time/                   |              |
|    fps                  | 24           |
|    iterations           | 152          |
|    time_elapsed         | 1610         |
|    total_timesteps      | 38912        |
| train/                  |              |
|    approx_kl            | 0.0009590958 |
|    clip_fraction        | 0            |
|    clip_range           | 0.15         |
|    entropy_loss         | -5.06        |
|    explained_variance   | 0.345        |
|    learning_rate        | 0.0001       |
|    loss                 | 0.109        |
|    n_updates            | 453          |
|    policy_gradient_loss | -0.0137      |
|    value_loss           | 0.337        |
------------------------------------------
------------------------------------------
| rollout/                |              |
|    ep_len_mean          | 37.4         |
|    ep_rew_mean          | -38.1        |
| time/                   |              |
|    fps                  | 24           |
|    iterations           | 153          |
|    time_elapsed         | 1616         |
|    total_timesteps      | 39168        |
| train/                  |              |
|    approx_kl            | 0.0030750833 |
|    clip_fraction        | 0.0195       |
|    clip_range           | 0.15         |
|    entropy_loss         | -5.04        |
|    explained_variance   | 0.541        |
|    learning_rate        | 0.0001       |
|    loss                 | 0.0523       |
|    n_updates            | 456          |
|    policy_gradient_loss | -0.0241      |
|    value_loss           | 0.246        |
------------------------------------------
------------------------------------------
| rollout/                |              |
|    ep_len_mean          | 36.7         |
|    ep_rew_mean          | -36.4        |
| time/                   |              |
|    fps                  | 24           |
|    iterations           | 154          |
|    time_elapsed         | 1622         |
|    total_timesteps      | 39424        |
| train/                  |              |
|    approx_kl            | 0.0013820755 |
|    clip_fraction        | 0            |
|    clip_range           | 0.15         |
|    entropy_loss         | -4.99        |
|    explained_variance   | 0.585        |
|    learning_rate        | 0.0001       |
|    loss                 | 0.0587       |
|    n_updates            | 459          |
|    policy_gradient_loss | -0.015       |
|    value_loss           | 0.218        |
------------------------------------------
------------------------------------------
| rollout/                |              |
|    ep_len_mean          | 36.1         |
|    ep_rew_mean          | -34.7        |
| time/                   |              |
|    fps                  | 24           |
|    iterations           | 155          |
|    time_elapsed         | 1628         |
|    total_timesteps      | 39680        |
| train/                  |              |
|    approx_kl            | 0.0014671492 |
|    clip_fraction        | 0            |
|    clip_range           | 0.15         |
|    entropy_loss         | -5.02        |
|    explained_variance   | 0.635        |
|    learning_rate        | 0.0001       |
|    loss                 | 0.0327       |
|    n_updates            | 462          |
|    policy_gradient_loss | -0.0173      |
|    value_loss           | 0.181        |
------------------------------------------
------------------------------------------
| rollout/                |              |
|    ep_len_mean          | 36           |
|    ep_rew_mean          | -34.4        |
| time/                   |              |
|    fps                  | 24           |
|    iterations           | 156          |
|    time_elapsed         | 1635         |
|    total_timesteps      | 39936        |
| train/                  |              |
|    approx_kl            | 0.0013469544 |
|    clip_fraction        | 0            |
|    clip_range           | 0.15         |
|    entropy_loss         | -5.06        |
|    explained_variance   | 0.715        |
|    learning_rate        | 0.0001       |
|    loss                 | 0.00853      |
|    n_updates            | 465          |
|    policy_gradient_loss | -0.0176      |
|    value_loss           | 0.137        |
------------------------------------------
-------------------------------------------
| rollout/                |               |
|    ep_len_mean          | 36            |
|    ep_rew_mean          | -34.3         |
| time/                   |               |
|    fps                  | 24            |
|    iterations           | 157           |
|    time_elapsed         | 1643          |
|    total_timesteps      | 40192         |
| train/                  |               |
|    approx_kl            | 0.00058006705 |
|    clip_fraction        | 0             |
|    clip_range           | 0.15          |
|    entropy_loss         | -4.85         |
|    explained_variance   | 0.31          |
|    learning_rate        | 0.0001        |
|    loss                 | 0.4           |
|    n_updates            | 468           |
|    policy_gradient_loss | -0.00856      |
|    value_loss           | 0.907         |
-------------------------------------------
-------------------------------------------
| rollout/                |               |
|    ep_len_mean          | 36            |
|    ep_rew_mean          | -34.3         |
| time/                   |               |
|    fps                  | 24            |
|    iterations           | 158           |
|    time_elapsed         | 1651          |
|    total_timesteps      | 40448         |
| train/                  |               |
|    approx_kl            | 0.00047635846 |
|    clip_fraction        | 0             |
|    clip_range           | 0.15          |
|    entropy_loss         | -4.85         |
|    explained_variance   | 0.359         |
|    learning_rate        | 0.0001        |
|    loss                 | 0.269         |
|    n_updates            | 471           |
|    policy_gradient_loss | -0.00945      |
|    value_loss           | 0.677         |
-------------------------------------------
------------------------------------------
| rollout/                |              |
|    ep_len_mean          | 36.5         |
|    ep_rew_mean          | -35.5        |
| time/                   |              |
|    fps                  | 24           |
|    iterations           | 159          |
|    time_elapsed         | 1658         |
|    total_timesteps      | 40704        |
| train/                  |              |
|    approx_kl            | 0.0005699047 |
|    clip_fraction        | 0            |
|    clip_range           | 0.15         |
|    entropy_loss         | -4.86        |
|    explained_variance   | 0.56         |
|    learning_rate        | 0.0001       |
|    loss                 | 0.163        |
|    n_updates            | 474          |
|    policy_gradient_loss | -0.0128      |
|    value_loss           | 0.484        |
------------------------------------------
------------------------------------------
| rollout/                |              |
|    ep_len_mean          | 37.2         |
|    ep_rew_mean          | -37.4        |
| time/                   |              |
|    fps                  | 24           |
|    iterations           | 160          |
|    time_elapsed         | 1666         |
|    total_timesteps      | 40960        |
| train/                  |              |
|    approx_kl            | 0.0006924777 |
|    clip_fraction        | 0            |
|    clip_range           | 0.15         |
|    entropy_loss         | -4.85        |
|    explained_variance   | 0.8          |
|    learning_rate        | 0.0001       |
|    loss                 | 0.0658       |
|    n_updates            | 477          |
|    policy_gradient_loss | -0.0142      |
|    value_loss           | 0.274        |
------------------------------------------
------------------------------------------
| rollout/                |              |
|    ep_len_mean          | 37.6         |
|    ep_rew_mean          | -38.9        |
| time/                   |              |
|    fps                  | 24           |
|    iterations           | 161          |
|    time_elapsed         | 1674         |
|    total_timesteps      | 41216        |
| train/                  |              |
|    approx_kl            | 0.0009964337 |
|    clip_fraction        | 0            |
|    clip_range           | 0.15         |
|    entropy_loss         | -4.91        |
|    explained_variance   | 0.924        |
|    learning_rate        | 0.0001       |
|    loss                 | 0.00353      |
|    n_updates            | 480          |
|    policy_gradient_loss | -0.0161      |
|    value_loss           | 0.122        |
------------------------------------------
------------------------------------------
| rollout/                |              |
|    ep_len_mean          | 38.4         |
|    ep_rew_mean          | -40.3        |
| time/                   |              |
|    fps                  | 24           |
|    iterations           | 162          |
|    time_elapsed         | 1682         |
|    total_timesteps      | 41472        |
| train/                  |              |
|    approx_kl            | 0.0017062218 |
|    clip_fraction        | 0.0156       |
|    clip_range           | 0.15         |
|    entropy_loss         | -4.94        |
|    explained_variance   | 0.963        |
|    learning_rate        | 0.0001       |
|    loss                 | -0.00574     |
|    n_updates            | 483          |
|    policy_gradient_loss | -0.0146      |
|    value_loss           | 0.0784       |
------------------------------------------
------------------------------------------
| rollout/                |              |
|    ep_len_mean          | 39.1         |
|    ep_rew_mean          | -41.6        |
| time/                   |              |
|    fps                  | 24           |
|    iterations           | 163          |
|    time_elapsed         | 1690         |
|    total_timesteps      | 41728        |
| train/                  |              |
|    approx_kl            | 0.0014502404 |
|    clip_fraction        | 0.00651      |
|    clip_range           | 0.15         |
|    entropy_loss         | -4.93        |
|    explained_variance   | 0.956        |
|    learning_rate        | 0.0001       |
|    loss                 | 0.00715      |
|    n_updates            | 486          |
|    policy_gradient_loss | -0.00811     |
|    value_loss           | 0.0763       |
------------------------------------------
------------------------------------------
| rollout/                |              |
|    ep_len_mean          | 39.7         |
|    ep_rew_mean          | -42.7        |
| time/                   |              |
|    fps                  | 24           |
|    iterations           | 164          |
|    time_elapsed         | 1698         |
|    total_timesteps      | 41984        |
| train/                  |              |
|    approx_kl            | 0.0014062754 |
|    clip_fraction        | 0            |
|    clip_range           | 0.15         |
|    entropy_loss         | -5           |
|    explained_variance   | 0.96         |
|    learning_rate        | 0.0001       |
|    loss                 | -0.000365    |
|    n_updates            | 489          |
|    policy_gradient_loss | -0.0114      |
|    value_loss           | 0.0805       |
------------------------------------------
------------------------------------------
| rollout/                |              |
|    ep_len_mean          | 40.3         |
|    ep_rew_mean          | -43.8        |
| time/                   |              |
|    fps                  | 24           |
|    iterations           | 165          |
|    time_elapsed         | 1707         |
|    total_timesteps      | 42240        |
| train/                  |              |
|    approx_kl            | 0.0007949986 |
|    clip_fraction        | 0            |
|    clip_range           | 0.15         |
|    entropy_loss         | -5.09        |
|    explained_variance   | 0.877        |
|    learning_rate        | 0.0001       |
|    loss                 | 0.0345       |
|    n_updates            | 492          |
|    policy_gradient_loss | -0.0093      |
|    value_loss           | 0.148        |
------------------------------------------
------------------------------------------
| rollout/                |              |
|    ep_len_mean          | 40.9         |
|    ep_rew_mean          | -45          |
| time/                   |              |
|    fps                  | 24           |
|    iterations           | 166          |
|    time_elapsed         | 1715         |
|    total_timesteps      | 42496        |
| train/                  |              |
|    approx_kl            | 0.0011629509 |
|    clip_fraction        | 0.00781      |
|    clip_range           | 0.15         |
|    entropy_loss         | -5.11        |
|    explained_variance   | 0.899        |
|    learning_rate        | 0.0001       |
|    loss                 | 0.00277      |
|    n_updates            | 495          |
|    policy_gradient_loss | -0.0164      |
|    value_loss           | 0.116        |
------------------------------------------
------------------------------------------
| rollout/                |              |
|    ep_len_mean          | 41.2         |
|    ep_rew_mean          | -46.1        |
| time/                   |              |
|    fps                  | 24           |
|    iterations           | 167          |
|    time_elapsed         | 1723         |
|    total_timesteps      | 42752        |
| train/                  |              |
|    approx_kl            | 0.0015275392 |
|    clip_fraction        | 0.00781      |
|    clip_range           | 0.15         |
|    entropy_loss         | -5.13        |
|    explained_variance   | 0.928        |
|    learning_rate        | 0.0001       |
|    loss                 | -0.0225      |
|    n_updates            | 498          |
|    policy_gradient_loss | -0.0216      |
|    value_loss           | 0.0833       |
------------------------------------------
------------------------------------------
| rollout/                |              |
|    ep_len_mean          | 41.5         |
|    ep_rew_mean          | -47.1        |
| time/                   |              |
|    fps                  | 24           |
|    iterations           | 168          |
|    time_elapsed         | 1731         |
|    total_timesteps      | 43008        |
| train/                  |              |
|    approx_kl            | 0.0021191237 |
|    clip_fraction        | 0.00651      |
|    clip_range           | 0.15         |
|    entropy_loss         | -5.28        |
|    explained_variance   | 0.941        |
|    learning_rate        | 0.0001       |
|    loss                 | -0.0175      |
|    n_updates            | 501          |
|    policy_gradient_loss | -0.018       |
|    value_loss           | 0.0731       |
------------------------------------------
------------------------------------------
| rollout/                |              |
|    ep_len_mean          | 41.9         |
|    ep_rew_mean          | -48.1        |
| time/                   |              |
|    fps                  | 24           |
|    iterations           | 169          |
|    time_elapsed         | 1739         |
|    total_timesteps      | 43264        |
| train/                  |              |
|    approx_kl            | 0.0026454146 |
|    clip_fraction        | 0.0247       |
|    clip_range           | 0.15         |
|    entropy_loss         | -5.33        |
|    explained_variance   | 0.963        |
|    learning_rate        | 0.0001       |
|    loss                 | -0.0386      |
|    n_updates            | 504          |
|    policy_gradient_loss | -0.0211      |
|    value_loss           | 0.042        |
------------------------------------------
------------------------------------------
| rollout/                |              |
|    ep_len_mean          | 42.2         |
|    ep_rew_mean          | -49.1        |
| time/                   |              |
|    fps                  | 24           |
|    iterations           | 170          |
|    time_elapsed         | 1748         |
|    total_timesteps      | 43520        |
| train/                  |              |
|    approx_kl            | 0.0023284315 |
|    clip_fraction        | 0.0234       |
|    clip_range           | 0.15         |
|    entropy_loss         | -5.33        |
|    explained_variance   | 0.969        |
|    learning_rate        | 0.0001       |
|    loss                 | -0.0378      |
|    n_updates            | 507          |
|    policy_gradient_loss | -0.0191      |
|    value_loss           | 0.0347       |
------------------------------------------
------------------------------------------
| rollout/                |              |
|    ep_len_mean          | 42.6         |
|    ep_rew_mean          | -50.3        |
| time/                   |              |
|    fps                  | 24           |
|    iterations           | 171          |
|    time_elapsed         | 1756         |
|    total_timesteps      | 43776        |
| train/                  |              |
|    approx_kl            | 0.0025326759 |
|    clip_fraction        | 0.0156       |
|    clip_range           | 0.15         |
|    entropy_loss         | -5.36        |
|    explained_variance   | 0.975        |
|    learning_rate        | 0.0001       |
|    loss                 | -0.0436      |
|    n_updates            | 510          |
|    policy_gradient_loss | -0.0199      |
|    value_loss           | 0.0271       |
------------------------------------------
------------------------------------------
| rollout/                |              |
|    ep_len_mean          | 42.8         |
|    ep_rew_mean          | -51.1        |
| time/                   |              |
|    fps                  | 24           |
|    iterations           | 172          |
|    time_elapsed         | 1764         |
|    total_timesteps      | 44032        |
| train/                  |              |
|    approx_kl            | 0.0028439695 |
|    clip_fraction        | 0.043        |
|    clip_range           | 0.15         |
|    entropy_loss         | -5.35        |
|    explained_variance   | 0.981        |
|    learning_rate        | 0.0001       |
|    loss                 | -0.0479      |
|    n_updates            | 513          |
|    policy_gradient_loss | -0.0209      |
|    value_loss           | 0.021        |
------------------------------------------
------------------------------------------
| rollout/                |              |
|    ep_len_mean          | 42.6         |
|    ep_rew_mean          | -50.8        |
| time/                   |              |
|    fps                  | 24           |
|    iterations           | 173          |
|    time_elapsed         | 1772         |
|    total_timesteps      | 44288        |
| train/                  |              |
|    approx_kl            | 0.0028121837 |
|    clip_fraction        | 0.0326       |
|    clip_range           | 0.15         |
|    entropy_loss         | -5.35        |
|    explained_variance   | 0.986        |
|    learning_rate        | 0.0001       |
|    loss                 | -0.056       |
|    n_updates            | 516          |
|    policy_gradient_loss | -0.0239      |
|    value_loss           | 0.0156       |
------------------------------------------
------------------------------------------
| rollout/                |              |
|    ep_len_mean          | 42.4         |
|    ep_rew_mean          | -50.5        |
| time/                   |              |
|    fps                  | 25           |
|    iterations           | 174          |
|    time_elapsed         | 1781         |
|    total_timesteps      | 44544        |
| train/                  |              |
|    approx_kl            | 0.0024711161 |
|    clip_fraction        | 0.0312       |
|    clip_range           | 0.15         |
|    entropy_loss         | -5.34        |
|    explained_variance   | 0.987        |
|    learning_rate        | 0.0001       |
|    loss                 | -0.0519      |
|    n_updates            | 519          |
|    policy_gradient_loss | -0.0213      |
|    value_loss           | 0.0142       |
------------------------------------------
------------------------------------------
| rollout/                |              |
|    ep_len_mean          | 42.3         |
|    ep_rew_mean          | -50.4        |
| time/                   |              |
|    fps                  | 25           |
|    iterations           | 175          |
|    time_elapsed         | 1788         |
|    total_timesteps      | 44800        |
| train/                  |              |
|    approx_kl            | 0.0021713327 |
|    clip_fraction        | 0.00781      |
|    clip_range           | 0.15         |
|    entropy_loss         | -5.36        |
|    explained_variance   | 0.986        |
|    learning_rate        | 0.0001       |
|    loss                 | -0.0489      |
|    n_updates            | 522          |
|    policy_gradient_loss | -0.0198      |
|    value_loss           | 0.0156       |
------------------------------------------
------------------------------------------
| rollout/                |              |
|    ep_len_mean          | 42.3         |
|    ep_rew_mean          | -50.4        |
| time/                   |              |
|    fps                  | 25           |
|    iterations           | 176          |
|    time_elapsed         | 1796         |
|    total_timesteps      | 45056        |
| train/                  |              |
|    approx_kl            | 0.0011611637 |
|    clip_fraction        | 0            |
|    clip_range           | 0.15         |
|    entropy_loss         | -5.23        |
|    explained_variance   | 0.94         |
|    learning_rate        | 0.0001       |
|    loss                 | 0.0184       |
|    n_updates            | 525          |
|    policy_gradient_loss | -0.00565     |
|    value_loss           | 0.097        |
------------------------------------------
------------------------------------------
| rollout/                |              |
|    ep_len_mean          | 42.3         |
|    ep_rew_mean          | -50.4        |
| time/                   |              |
|    fps                  | 25           |
|    iterations           | 177          |
|    time_elapsed         | 1804         |
|    total_timesteps      | 45312        |
| train/                  |              |
|    approx_kl            | 0.0010004533 |
|    clip_fraction        | 0            |
|    clip_range           | 0.15         |
|    entropy_loss         | -5.25        |
|    explained_variance   | 0.958        |
|    learning_rate        | 0.0001       |
|    loss                 | -0.0039      |
|    n_updates            | 528          |
|    policy_gradient_loss | -0.0116      |
|    value_loss           | 0.0787       |
------------------------------------------
------------------------------------------
| rollout/                |              |
|    ep_len_mean          | 42.3         |
|    ep_rew_mean          | -50.5        |
| time/                   |              |
|    fps                  | 25           |
|    iterations           | 178          |
|    time_elapsed         | 1811         |
|    total_timesteps      | 45568        |
| train/                  |              |
|    approx_kl            | 0.0012951859 |
|    clip_fraction        | 0            |
|    clip_range           | 0.15         |
|    entropy_loss         | -5.2         |
|    explained_variance   | 0.97         |
|    learning_rate        | 0.0001       |
|    loss                 | -0.0234      |
|    n_updates            | 531          |
|    policy_gradient_loss | -0.0158      |
|    value_loss           | 0.0549       |
------------------------------------------
------------------------------------------
| rollout/                |              |
|    ep_len_mean          | 42.3         |
|    ep_rew_mean          | -50.5        |
| time/                   |              |
|    fps                  | 25           |
|    iterations           | 179          |
|    time_elapsed         | 1819         |
|    total_timesteps      | 45824        |
| train/                  |              |
|    approx_kl            | 0.0014207028 |
|    clip_fraction        | 0            |
|    clip_range           | 0.15         |
|    entropy_loss         | -5.18        |
|    explained_variance   | 0.976        |
|    learning_rate        | 0.0001       |
|    loss                 | -0.0261      |
|    n_updates            | 534          |
|    policy_gradient_loss | -0.0153      |
|    value_loss           | 0.0449       |
------------------------------------------
------------------------------------------
| rollout/                |              |
|    ep_len_mean          | 42.4         |
|    ep_rew_mean          | -50.6        |
| time/                   |              |
|    fps                  | 25           |
|    iterations           | 180          |
|    time_elapsed         | 1827         |
|    total_timesteps      | 46080        |
| train/                  |              |
|    approx_kl            | 0.0011807184 |
|    clip_fraction        | 0            |
|    clip_range           | 0.15         |
|    entropy_loss         | -5.2         |
|    explained_variance   | 0.976        |
|    learning_rate        | 0.0001       |
|    loss                 | -0.0197      |
|    n_updates            | 537          |
|    policy_gradient_loss | -0.0126      |
|    value_loss           | 0.0467       |
------------------------------------------
------------------------------------------
| rollout/                |              |
|    ep_len_mean          | 42.6         |
|    ep_rew_mean          | -50.8        |
| time/                   |              |
|    fps                  | 25           |
|    iterations           | 181          |
|    time_elapsed         | 1835         |
|    total_timesteps      | 46336        |
| train/                  |              |
|    approx_kl            | 0.0012226026 |
|    clip_fraction        | 0            |
|    clip_range           | 0.15         |
|    entropy_loss         | -5.15        |
|    explained_variance   | 0.977        |
|    learning_rate        | 0.0001       |
|    loss                 | -0.0292      |
|    n_updates            | 540          |
|    policy_gradient_loss | -0.0157      |
|    value_loss           | 0.0387       |
------------------------------------------
------------------------------------------
| rollout/                |              |
|    ep_len_mean          | 42.8         |
|    ep_rew_mean          | -51.2        |
| time/                   |              |
|    fps                  | 25           |
|    iterations           | 182          |
|    time_elapsed         | 1842         |
|    total_timesteps      | 46592        |
| train/                  |              |
|    approx_kl            | 0.0016108234 |
|    clip_fraction        | 0.00781      |
|    clip_range           | 0.15         |
|    entropy_loss         | -5.12        |
|    explained_variance   | 0.974        |
|    learning_rate        | 0.0001       |
|    loss                 | -0.0351      |
|    n_updates            | 543          |
|    policy_gradient_loss | -0.0192      |
|    value_loss           | 0.0376       |
------------------------------------------
------------------------------------------
| rollout/                |              |
|    ep_len_mean          | 43           |
|    ep_rew_mean          | -51.4        |
| time/                   |              |
|    fps                  | 25           |
|    iterations           | 183          |
|    time_elapsed         | 1850         |
|    total_timesteps      | 46848        |
| train/                  |              |
|    approx_kl            | 0.0014254011 |
|    clip_fraction        | 0            |
|    clip_range           | 0.15         |
|    entropy_loss         | -5.11        |
|    explained_variance   | 0.977        |
|    learning_rate        | 0.0001       |
|    loss                 | -0.036       |
|    n_updates            | 546          |
|    policy_gradient_loss | -0.0183      |
|    value_loss           | 0.0337       |
------------------------------------------
-----------------------------------------
| rollout/                |             |
|    ep_len_mean          | 43.2        |
|    ep_rew_mean          | -51.7       |
| time/                   |             |
|    fps                  | 25          |
|    iterations           | 184         |
|    time_elapsed         | 1858        |
|    total_timesteps      | 47104       |
| train/                  |             |
|    approx_kl            | 0.001507381 |
|    clip_fraction        | 0           |
|    clip_range           | 0.15        |
|    entropy_loss         | -5.09       |
|    explained_variance   | 0.98        |
|    learning_rate        | 0.0001      |
|    loss                 | -0.0359     |
|    n_updates            | 549         |
|    policy_gradient_loss | -0.0172     |
|    value_loss           | 0.0294      |
-----------------------------------------
----------------------------------------
| rollout/                |            |
|    ep_len_mean          | 43.5       |
|    ep_rew_mean          | -52        |
| time/                   |            |
|    fps                  | 25         |
|    iterations           | 185        |
|    time_elapsed         | 1866       |
|    total_timesteps      | 47360      |
| train/                  |            |
|    approx_kl            | 0.00183303 |
|    clip_fraction        | 0          |
|    clip_range           | 0.15       |
|    entropy_loss         | -5.04      |
|    explained_variance   | 0.976      |
|    learning_rate        | 0.0001     |
|    loss                 | -0.0382    |
|    n_updates            | 552        |
|    policy_gradient_loss | -0.0189    |
|    value_loss           | 0.0302     |
----------------------------------------
------------------------------------------
| rollout/                |              |
|    ep_len_mean          | 43.7         |
|    ep_rew_mean          | -52.3        |
| time/                   |              |
|    fps                  | 25           |
|    iterations           | 186          |
|    time_elapsed         | 1874         |
|    total_timesteps      | 47616        |
| train/                  |              |
|    approx_kl            | 0.0017983464 |
|    clip_fraction        | 0.00781      |
|    clip_range           | 0.15         |
|    entropy_loss         | -5.02        |
|    explained_variance   | 0.981        |
|    learning_rate        | 0.0001       |
|    loss                 | -0.033       |
|    n_updates            | 555          |
|    policy_gradient_loss | -0.0156      |
|    value_loss           | 0.0269       |
------------------------------------------
------------------------------------------
| rollout/                |              |
|    ep_len_mean          | 43.9         |
|    ep_rew_mean          | -52.6        |
| time/                   |              |
|    fps                  | 25           |
|    iterations           | 187          |
|    time_elapsed         | 1882         |
|    total_timesteps      | 47872        |
| train/                  |              |
|    approx_kl            | 0.0021352114 |
|    clip_fraction        | 0.00781      |
|    clip_range           | 0.15         |
|    entropy_loss         | -4.99        |
|    explained_variance   | 0.982        |
|    learning_rate        | 0.0001       |
|    loss                 | -0.0365      |
|    n_updates            | 558          |
|    policy_gradient_loss | -0.0168      |
|    value_loss           | 0.0244       |
------------------------------------------
-----------------------------------------
| rollout/                |             |
|    ep_len_mean          | 44.2        |
|    ep_rew_mean          | -52.9       |
| time/                   |             |
|    fps                  | 25          |
|    iterations           | 188         |
|    time_elapsed         | 1889        |
|    total_timesteps      | 48128       |
| train/                  |             |
|    approx_kl            | 0.002552381 |
|    clip_fraction        | 0.00781     |
|    clip_range           | 0.15        |
|    entropy_loss         | -4.93       |
|    explained_variance   | 0.982       |
|    learning_rate        | 0.0001      |
|    loss                 | -0.0375     |
|    n_updates            | 561         |
|    policy_gradient_loss | -0.0175     |
|    value_loss           | 0.0229      |
-----------------------------------------
------------------------------------------
| rollout/                |              |
|    ep_len_mean          | 44.4         |
|    ep_rew_mean          | -53.2        |
| time/                   |              |
|    fps                  | 25           |
|    iterations           | 189          |
|    time_elapsed         | 1897         |
|    total_timesteps      | 48384        |
| train/                  |              |
|    approx_kl            | 0.0013093641 |
|    clip_fraction        | 0            |
|    clip_range           | 0.15         |
|    entropy_loss         | -4.76        |
|    explained_variance   | 0.983        |
|    learning_rate        | 0.0001       |
|    loss                 | -0.0234      |
|    n_updates            | 564          |
|    policy_gradient_loss | -0.00971     |
|    value_loss           | 0.0222       |
------------------------------------------
------------------------------------------
| rollout/                |              |
|    ep_len_mean          | 44.6         |
|    ep_rew_mean          | -53.4        |
| time/                   |              |
|    fps                  | 25           |
|    iterations           | 190          |
|    time_elapsed         | 1905         |
|    total_timesteps      | 48640        |
| train/                  |              |
|    approx_kl            | 0.0007362056 |
|    clip_fraction        | 0            |
|    clip_range           | 0.15         |
|    entropy_loss         | -4.71        |
|    explained_variance   | 0.98         |
|    learning_rate        | 0.0001       |
|    loss                 | -0.0127      |
|    n_updates            | 567          |
|    policy_gradient_loss | -0.00515     |
|    value_loss           | 0.0263       |
------------------------------------------
------------------------------------------
| rollout/                |              |
|    ep_len_mean          | 44.8         |
|    ep_rew_mean          | -53.7        |
| time/                   |              |
|    fps                  | 25           |
|    iterations           | 191          |
|    time_elapsed         | 1913         |
|    total_timesteps      | 48896        |
| train/                  |              |
|    approx_kl            | 0.0011338873 |
|    clip_fraction        | 0.00651      |
|    clip_range           | 0.15         |
|    entropy_loss         | -4.64        |
|    explained_variance   | 0.981        |
|    learning_rate        | 0.0001       |
|    loss                 | -0.0311      |
|    n_updates            | 570          |
|    policy_gradient_loss | -0.0139      |
|    value_loss           | 0.0229       |
------------------------------------------
-------------------------------------------
| rollout/                |               |
|    ep_len_mean          | 45            |
|    ep_rew_mean          | -54           |
| time/                   |               |
|    fps                  | 25            |
|    iterations           | 192           |
|    time_elapsed         | 1921          |
|    total_timesteps      | 49152         |
| train/                  |               |
|    approx_kl            | 0.00094063114 |
|    clip_fraction        | 0             |
|    clip_range           | 0.15          |
|    entropy_loss         | -4.63         |
|    explained_variance   | 0.983         |
|    learning_rate        | 0.0001        |
|    loss                 | -0.0205       |
|    n_updates            | 573           |
|    policy_gradient_loss | -0.00821      |
|    value_loss           | 0.0216        |
-------------------------------------------
------------------------------------------
| rollout/                |              |
|    ep_len_mean          | 45           |
|    ep_rew_mean          | -54          |
| time/                   |              |
|    fps                  | 25           |
|    iterations           | 193          |
|    time_elapsed         | 1930         |
|    total_timesteps      | 49408        |
| train/                  |              |
|    approx_kl            | 0.0005725939 |
|    clip_fraction        | 0            |
|    clip_range           | 0.15         |
|    entropy_loss         | -5.34        |
|    explained_variance   | 0.0947       |
|    learning_rate        | 0.0001       |
|    loss                 | 0.402        |
|    n_updates            | 576          |
|    policy_gradient_loss | -0.00383     |
|    value_loss           | 0.915        |
------------------------------------------
-------------------------------------------
| rollout/                |               |
|    ep_len_mean          | 45            |
|    ep_rew_mean          | -54.1         |
| time/                   |               |
|    fps                  | 25            |
|    iterations           | 194           |
|    time_elapsed         | 1940          |
|    total_timesteps      | 49664         |
| train/                  |               |
|    approx_kl            | 0.00048212078 |
|    clip_fraction        | 0             |
|    clip_range           | 0.15          |
|    entropy_loss         | -5.37         |
|    explained_variance   | 0.439         |
|    learning_rate        | 0.0001        |
|    loss                 | 0.203         |
|    n_updates            | 579           |
|    policy_gradient_loss | -0.0078       |
|    value_loss           | 0.588         |
-------------------------------------------
------------------------------------------
| rollout/                |              |
|    ep_len_mean          | 45           |
|    ep_rew_mean          | -54.1        |
| time/                   |              |
|    fps                  | 25           |
|    iterations           | 195          |
|    time_elapsed         | 1948         |
|    total_timesteps      | 49920        |
| train/                  |              |
|    approx_kl            | 0.0006107937 |
|    clip_fraction        | 0            |
|    clip_range           | 0.15         |
|    entropy_loss         | -5.37        |
|    explained_variance   | 0.702        |
|    learning_rate        | 0.0001       |
|    loss                 | 0.0584       |
|    n_updates            | 582          |
|    policy_gradient_loss | -0.0112      |
|    value_loss           | 0.298        |
------------------------------------------
------------------------------------------
| rollout/                |              |
|    ep_len_mean          | 45           |
|    ep_rew_mean          | -54.2        |
| time/                   |              |
|    fps                  | 25           |
|    iterations           | 196          |
|    time_elapsed         | 1957         |
|    total_timesteps      | 50176        |
| train/                  |              |
|    approx_kl            | 0.0007010279 |
|    clip_fraction        | 0            |
|    clip_range           | 0.15         |
|    entropy_loss         | -5.34        |
|    explained_variance   | 0.917        |
|    learning_rate        | 0.0001       |
|    loss                 | -0.00768     |
|    n_updates            | 585          |
|    policy_gradient_loss | -0.0125      |
|    value_loss           | 0.101        |
------------------------------------------
-------------------------------------------
| rollout/                |               |
|    ep_len_mean          | 45            |
|    ep_rew_mean          | -54.2         |
| time/                   |               |
|    fps                  | 25            |
|    iterations           | 197           |
|    time_elapsed         | 1966          |
|    total_timesteps      | 50432         |
| train/                  |               |
|    approx_kl            | 0.00090126507 |
|    clip_fraction        | 0             |
|    clip_range           | 0.15          |
|    entropy_loss         | -5.32         |
|    explained_variance   | 0.953         |
|    learning_rate        | 0.0001        |
|    loss                 | 0.00311       |
|    n_updates            | 588           |
|    policy_gradient_loss | -0.0121       |
|    value_loss           | 0.0791        |
-------------------------------------------
------------------------------------------
| rollout/                |              |
|    ep_len_mean          | 45           |
|    ep_rew_mean          | -54.2        |
| time/                   |              |
|    fps                  | 25           |
|    iterations           | 198          |
|    time_elapsed         | 1973         |
|    total_timesteps      | 50688        |
| train/                  |              |
|    approx_kl            | 0.0013069622 |
|    clip_fraction        | 0            |
|    clip_range           | 0.15         |
|    entropy_loss         | -5.32        |
|    explained_variance   | 0.919        |
|    learning_rate        | 0.0001       |
|    loss                 | 0.0274       |
|    n_updates            | 591          |
|    policy_gradient_loss | -0.0116      |
|    value_loss           | 0.125        |
------------------------------------------
------------------------------------------
| rollout/                |              |
|    ep_len_mean          | 45           |
|    ep_rew_mean          | -54.2        |
| time/                   |              |
|    fps                  | 25           |
|    iterations           | 199          |
|    time_elapsed         | 1981         |
|    total_timesteps      | 50944        |
| train/                  |              |
|    approx_kl            | 0.0002442298 |
|    clip_fraction        | 0            |
|    clip_range           | 0.15         |
|    entropy_loss         | -4.59        |
|    explained_variance   | 0.928        |
|    learning_rate        | 0.0001       |
|    loss                 | 0.0114       |
|    n_updates            | 594          |
|    policy_gradient_loss | -0.00584     |
|    value_loss           | 0.0907       |
------------------------------------------
-------------------------------------------
| rollout/                |               |
|    ep_len_mean          | 44            |
|    ep_rew_mean          | -52.3         |
| time/                   |               |
|    fps                  | 25            |
|    iterations           | 200           |
|    time_elapsed         | 1987          |
|    total_timesteps      | 51200         |
| train/                  |               |
|    approx_kl            | 0.00042000483 |
|    clip_fraction        | 0             |
|    clip_range           | 0.15          |
|    entropy_loss         | -4.56         |
|    explained_variance   | 0.962         |
|    learning_rate        | 0.0001        |
|    loss                 | -0.0197       |
|    n_updates            | 597           |
|    policy_gradient_loss | -0.00972      |
|    value_loss           | 0.0382        |
-------------------------------------------
-------------------------------------------
| rollout/                |               |
|    ep_len_mean          | 42.9          |
|    ep_rew_mean          | -50.4         |
| time/                   |               |
|    fps                  | 25            |
|    iterations           | 201           |
|    time_elapsed         | 1993          |
|    total_timesteps      | 51456         |
| train/                  |               |
|    approx_kl            | 0.00032170187 |
|    clip_fraction        | 0             |
|    clip_range           | 0.15          |
|    entropy_loss         | -4.97         |
|    explained_variance   | 0.0368        |
|    learning_rate        | 0.0001        |
|    loss                 | 0.687         |
|    n_updates            | 600           |
|    policy_gradient_loss | -0.00358      |
|    value_loss           | 1.47          |
-------------------------------------------
-------------------------------------------
| rollout/                |               |
|    ep_len_mean          | 41.9          |
|    ep_rew_mean          | -48.5         |
| time/                   |               |
|    fps                  | 25            |
|    iterations           | 202           |
|    time_elapsed         | 1999          |
|    total_timesteps      | 51712         |
| train/                  |               |
|    approx_kl            | 0.00031712325 |
|    clip_fraction        | 0             |
|    clip_range           | 0.15          |
|    entropy_loss         | -4.96         |
|    explained_variance   | 0.106         |
|    learning_rate        | 0.0001        |
|    loss                 | 0.546         |
|    n_updates            | 603           |
|    policy_gradient_loss | -0.00637      |
|    value_loss           | 1.26          |
-------------------------------------------
-------------------------------------------
| rollout/                |               |
|    ep_len_mean          | 41.8          |
|    ep_rew_mean          | -48.2         |
| time/                   |               |
|    fps                  | 25            |
|    iterations           | 203           |
|    time_elapsed         | 2006          |
|    total_timesteps      | 51968         |
| train/                  |               |
|    approx_kl            | 0.00040596654 |
|    clip_fraction        | 0             |
|    clip_range           | 0.15          |
|    entropy_loss         | -4.94         |
|    explained_variance   | 0.299         |
|    learning_rate        | 0.0001        |
|    loss                 | 0.359         |
|    n_updates            | 606           |
|    policy_gradient_loss | -0.00891      |
|    value_loss           | 0.918         |
-------------------------------------------
-------------------------------------------
| rollout/                |               |
|    ep_len_mean          | 41.8          |
|    ep_rew_mean          | -48.2         |
| time/                   |               |
|    fps                  | 25            |
|    iterations           | 204           |
|    time_elapsed         | 2014          |
|    total_timesteps      | 52224         |
| train/                  |               |
|    approx_kl            | 0.00010482129 |
|    clip_fraction        | 0             |
|    clip_range           | 0.15          |
|    entropy_loss         | -4.44         |
|    explained_variance   | 0.771         |
|    learning_rate        | 0.0001        |
|    loss                 | 0.156         |
|    n_updates            | 609           |
|    policy_gradient_loss | -0.00133      |
|    value_loss           | 0.322         |
-------------------------------------------
-------------------------------------------
| rollout/                |               |
|    ep_len_mean          | 41.8          |
|    ep_rew_mean          | -48.3         |
| time/                   |               |
|    fps                  | 25            |
|    iterations           | 205           |
|    time_elapsed         | 2022          |
|    total_timesteps      | 52480         |
| train/                  |               |
|    approx_kl            | 0.00015825545 |
|    clip_fraction        | 0             |
|    clip_range           | 0.15          |
|    entropy_loss         | -4.39         |
|    explained_variance   | 0.721         |
|    learning_rate        | 0.0001        |
|    loss                 | 0.165         |
|    n_updates            | 612           |
|    policy_gradient_loss | -0.00575      |
|    value_loss           | 0.386         |
-------------------------------------------
-------------------------------------------
| rollout/                |               |
|    ep_len_mean          | 41.8          |
|    ep_rew_mean          | -48.3         |
| time/                   |               |
|    fps                  | 25            |
|    iterations           | 206           |
|    time_elapsed         | 2029          |
|    total_timesteps      | 52736         |
| train/                  |               |
|    approx_kl            | 0.00044712168 |
|    clip_fraction        | 0             |
|    clip_range           | 0.15          |
|    entropy_loss         | -4.39         |
|    explained_variance   | 0.791         |
|    learning_rate        | 0.0001        |
|    loss                 | 0.0751        |
|    n_updates            | 615           |
|    policy_gradient_loss | -0.0113       |
|    value_loss           | 0.254         |
-------------------------------------------
------------------------------------------
| rollout/                |              |
|    ep_len_mean          | 41.8         |
|    ep_rew_mean          | -48.3        |
| time/                   |              |
|    fps                  | 26           |
|    iterations           | 207          |
|    time_elapsed         | 2037         |
|    total_timesteps      | 52992        |
| train/                  |              |
|    approx_kl            | 0.0008234563 |
|    clip_fraction        | 0            |
|    clip_range           | 0.15         |
|    entropy_loss         | -4.39        |
|    explained_variance   | 0.862        |
|    learning_rate        | 0.0001       |
|    loss                 | 0.016        |
|    n_updates            | 618          |
|    policy_gradient_loss | -0.0151      |
|    value_loss           | 0.149        |
------------------------------------------
-----------------------------------------
| rollout/                |             |
|    ep_len_mean          | 40.8        |
|    ep_rew_mean          | -46.7       |
| time/                   |             |
|    fps                  | 26          |
|    iterations           | 208         |
|    time_elapsed         | 2043        |
|    total_timesteps      | 53248       |
| train/                  |             |
|    approx_kl            | 0.001428355 |
|    clip_fraction        | 0.00781     |
|    clip_range           | 0.15        |
|    entropy_loss         | -4.41       |
|    explained_variance   | 0.932       |
|    learning_rate        | 0.0001      |
|    loss                 | -0.0156     |
|    n_updates            | 621         |
|    policy_gradient_loss | -0.0184     |
|    value_loss           | 0.0862      |
-----------------------------------------
------------------------------------------
| rollout/                |              |
|    ep_len_mean          | 39.8         |
|    ep_rew_mean          | -44.7        |
| time/                   |              |
|    fps                  | 26           |
|    iterations           | 209          |
|    time_elapsed         | 2049         |
|    total_timesteps      | 53504        |
| train/                  |              |
|    approx_kl            | 0.0011503769 |
|    clip_fraction        | 0            |
|    clip_range           | 0.15         |
|    entropy_loss         | -4.76        |
|    explained_variance   | 0.578        |
|    learning_rate        | 0.0001       |
|    loss                 | 0.372        |
|    n_updates            | 624          |
|    policy_gradient_loss | -0.00166     |
|    value_loss           | 0.757        |
------------------------------------------
-------------------------------------------
| rollout/                |               |
|    ep_len_mean          | 39.7          |
|    ep_rew_mean          | -44.5         |
| time/                   |               |
|    fps                  | 26            |
|    iterations           | 210           |
|    time_elapsed         | 2056          |
|    total_timesteps      | 53760         |
| train/                  |               |
|    approx_kl            | 0.00075451564 |
|    clip_fraction        | 0             |
|    clip_range           | 0.15          |
|    entropy_loss         | -4.76         |
|    explained_variance   | 0.542         |
|    learning_rate        | 0.0001        |
|    loss                 | 0.331         |
|    n_updates            | 627           |
|    policy_gradient_loss | -0.00576      |
|    value_loss           | 0.745         |
-------------------------------------------
-----------------------------------------
| rollout/                |             |
|    ep_len_mean          | 39.7        |
|    ep_rew_mean          | -44.4       |
| time/                   |             |
|    fps                  | 26          |
|    iterations           | 211         |
|    time_elapsed         | 2064        |
|    total_timesteps      | 54016       |
| train/                  |             |
|    approx_kl            | 0.000501259 |
|    clip_fraction        | 0           |
|    clip_range           | 0.15        |
|    entropy_loss         | -4.43       |
|    explained_variance   | 0.962       |
|    learning_rate        | 0.0001      |
|    loss                 | 0.00992     |
|    n_updates            | 630         |
|    policy_gradient_loss | -0.00737    |
|    value_loss           | 0.0734      |
-----------------------------------------
-----------------------------------------
| rollout/                |             |
|    ep_len_mean          | 39.7        |
|    ep_rew_mean          | -44.4       |
| time/                   |             |
|    fps                  | 26          |
|    iterations           | 212         |
|    time_elapsed         | 2072        |
|    total_timesteps      | 54272       |
| train/                  |             |
|    approx_kl            | 0.000978891 |
|    clip_fraction        | 0           |
|    clip_range           | 0.15        |
|    entropy_loss         | -4.45       |
|    explained_variance   | 0.96        |
|    learning_rate        | 0.0001      |
|    loss                 | -0.012      |
|    n_updates            | 633         |
|    policy_gradient_loss | -0.0142     |
|    value_loss           | 0.0646      |
-----------------------------------------
------------------------------------------
| rollout/                |              |
|    ep_len_mean          | 39.7         |
|    ep_rew_mean          | -44.4        |
| time/                   |              |
|    fps                  | 26           |
|    iterations           | 213          |
|    time_elapsed         | 2079         |
|    total_timesteps      | 54528        |
| train/                  |              |
|    approx_kl            | 0.0012979717 |
|    clip_fraction        | 0            |
|    clip_range           | 0.15         |
|    entropy_loss         | -4.44        |
|    explained_variance   | 0.965        |
|    learning_rate        | 0.0001       |
|    loss                 | -0.025       |
|    n_updates            | 636          |
|    policy_gradient_loss | -0.0181      |
|    value_loss           | 0.0553       |
------------------------------------------
------------------------------------------
| rollout/                |              |
|    ep_len_mean          | 39.7         |
|    ep_rew_mean          | -44.4        |
| time/                   |              |
|    fps                  | 26           |
|    iterations           | 214          |
|    time_elapsed         | 2088         |
|    total_timesteps      | 54784        |
| train/                  |              |
|    approx_kl            | 0.0013585028 |
|    clip_fraction        | 0            |
|    clip_range           | 0.15         |
|    entropy_loss         | -4.46        |
|    explained_variance   | 0.978        |
|    learning_rate        | 0.0001       |
|    loss                 | -0.0333      |
|    n_updates            | 639          |
|    policy_gradient_loss | -0.0185      |
|    value_loss           | 0.0393       |
------------------------------------------
------------------------------------------
| rollout/                |              |
|    ep_len_mean          | 39.9         |
|    ep_rew_mean          | -44.9        |
| time/                   |              |
|    fps                  | 26           |
|    iterations           | 215          |
|    time_elapsed         | 2097         |
|    total_timesteps      | 55040        |
| train/                  |              |
|    approx_kl            | 0.0014352475 |
|    clip_fraction        | 0            |
|    clip_range           | 0.15         |
|    entropy_loss         | -4.5         |
|    explained_variance   | 0.984        |
|    learning_rate        | 0.0001       |
|    loss                 | -0.0331      |
|    n_updates            | 642          |
|    policy_gradient_loss | -0.016       |
|    value_loss           | 0.0275       |
------------------------------------------
-----------------------------------------
| rollout/                |             |
|    ep_len_mean          | 40.6        |
|    ep_rew_mean          | -46.2       |
| time/                   |             |
|    fps                  | 26          |
|    iterations           | 216         |
|    time_elapsed         | 2105        |
|    total_timesteps      | 55296       |
| train/                  |             |
|    approx_kl            | 0.001577554 |
|    clip_fraction        | 0           |
|    clip_range           | 0.15        |
|    entropy_loss         | -4.51       |
|    explained_variance   | 0.986       |
|    learning_rate        | 0.0001      |
|    loss                 | -0.0387     |
|    n_updates            | 645         |
|    policy_gradient_loss | -0.0171     |
|    value_loss           | 0.0207      |
-----------------------------------------
-------------------------------------------
| rollout/                |               |
|    ep_len_mean          | 41.1          |
|    ep_rew_mean          | -47.3         |
| time/                   |               |
|    fps                  | 26            |
|    iterations           | 217           |
|    time_elapsed         | 2113          |
|    total_timesteps      | 55552         |
| train/                  |               |
|    approx_kl            | 0.00075750286 |
|    clip_fraction        | 0             |
|    clip_range           | 0.15          |
|    entropy_loss         | -4.8          |
|    explained_variance   | 0.898         |
|    learning_rate        | 0.0001        |
|    loss                 | 0.0434        |
|    n_updates            | 648           |
|    policy_gradient_loss | -0.00377      |
|    value_loss           | 0.139         |
-------------------------------------------
-----------------------------------------
| rollout/                |             |
|    ep_len_mean          | 41.7        |
|    ep_rew_mean          | -48.4       |
| time/                   |             |
|    fps                  | 26          |
|    iterations           | 218         |
|    time_elapsed         | 2121        |
|    total_timesteps      | 55808       |
| train/                  |             |
|    approx_kl            | 0.001640995 |
|    clip_fraction        | 0.0156      |
|    clip_range           | 0.15        |
|    entropy_loss         | -4.82       |
|    explained_variance   | 0.898       |
|    learning_rate        | 0.0001      |
|    loss                 | 0.00467     |
|    n_updates            | 651         |
|    policy_gradient_loss | -0.0165     |
|    value_loss           | 0.117       |
-----------------------------------------
------------------------------------------
| rollout/                |              |
|    ep_len_mean          | 42           |
|    ep_rew_mean          | -49.1        |
| time/                   |              |
|    fps                  | 26           |
|    iterations           | 219          |
|    time_elapsed         | 2129         |
|    total_timesteps      | 56064        |
| train/                  |              |
|    approx_kl            | 0.0026021046 |
|    clip_fraction        | 0.0234       |
|    clip_range           | 0.15         |
|    entropy_loss         | -4.83        |
|    explained_variance   | 0.94         |
|    learning_rate        | 0.0001       |
|    loss                 | -0.0244      |
|    n_updates            | 654          |
|    policy_gradient_loss | -0.0205      |
|    value_loss           | 0.0674       |
------------------------------------------
------------------------------------------
| rollout/                |              |
|    ep_len_mean          | 41.7         |
|    ep_rew_mean          | -48.7        |
| time/                   |              |
|    fps                  | 26           |
|    iterations           | 220          |
|    time_elapsed         | 2137         |
|    total_timesteps      | 56320        |
| train/                  |              |
|    approx_kl            | 0.0029377076 |
|    clip_fraction        | 0.0234       |
|    clip_range           | 0.15         |
|    entropy_loss         | -4.83        |
|    explained_variance   | 0.964        |
|    learning_rate        | 0.0001       |
|    loss                 | -0.0338      |
|    n_updates            | 657          |
|    policy_gradient_loss | -0.0203      |
|    value_loss           | 0.0436       |
------------------------------------------
------------------------------------------
| rollout/                |              |
|    ep_len_mean          | 41.4         |
|    ep_rew_mean          | -48.4        |
| time/                   |              |
|    fps                  | 26           |
|    iterations           | 221          |
|    time_elapsed         | 2145         |
|    total_timesteps      | 56576        |
| train/                  |              |
|    approx_kl            | 0.0027323316 |
|    clip_fraction        | 0.0169       |
|    clip_range           | 0.15         |
|    entropy_loss         | -4.8         |
|    explained_variance   | 0.975        |
|    learning_rate        | 0.0001       |
|    loss                 | -0.0329      |
|    n_updates            | 660          |
|    policy_gradient_loss | -0.0169      |
|    value_loss           | 0.0319       |
------------------------------------------
------------------------------------------
| rollout/                |              |
|    ep_len_mean          | 41.4         |
|    ep_rew_mean          | -48.3        |
| time/                   |              |
|    fps                  | 26           |
|    iterations           | 222          |
|    time_elapsed         | 2153         |
|    total_timesteps      | 56832        |
| train/                  |              |
|    approx_kl            | 0.0021272171 |
|    clip_fraction        | 0.0169       |
|    clip_range           | 0.15         |
|    entropy_loss         | -4.81        |
|    explained_variance   | 0.979        |
|    learning_rate        | 0.0001       |
|    loss                 | -0.0329      |
|    n_updates            | 663          |
|    policy_gradient_loss | -0.0144      |
|    value_loss           | 0.0238       |
------------------------------------------
------------------------------------------
| rollout/                |              |
|    ep_len_mean          | 41.4         |
|    ep_rew_mean          | -48.3        |
| time/                   |              |
|    fps                  | 26           |
|    iterations           | 223          |
|    time_elapsed         | 2161         |
|    total_timesteps      | 57088        |
| train/                  |              |
|    approx_kl            | 0.0007029306 |
|    clip_fraction        | 0            |
|    clip_range           | 0.15         |
|    entropy_loss         | -4.58        |
|    explained_variance   | 0.937        |
|    learning_rate        | 0.0001       |
|    loss                 | 0.0315       |
|    n_updates            | 666          |
|    policy_gradient_loss | 0.00353      |
|    value_loss           | 0.084        |
------------------------------------------
-------------------------------------------
| rollout/                |               |
|    ep_len_mean          | 41.9          |
|    ep_rew_mean          | -49.2         |
| time/                   |               |
|    fps                  | 26            |
|    iterations           | 224           |
|    time_elapsed         | 2168          |
|    total_timesteps      | 57344         |
| train/                  |               |
|    approx_kl            | 0.00091093243 |
|    clip_fraction        | 0             |
|    clip_range           | 0.15          |
|    entropy_loss         | -4.56         |
|    explained_variance   | 0.949         |
|    learning_rate        | 0.0001        |
|    loss                 | -0.0102       |
|    n_updates            | 669           |
|    policy_gradient_loss | -0.0131       |
|    value_loss           | 0.0695        |
-------------------------------------------
------------------------------------------
| rollout/                |              |
|    ep_len_mean          | 42.7         |
|    ep_rew_mean          | -50.6        |
| time/                   |              |
|    fps                  | 26           |
|    iterations           | 225          |
|    time_elapsed         | 2176         |
|    total_timesteps      | 57600        |
| train/                  |              |
|    approx_kl            | 0.0026182728 |
|    clip_fraction        | 0.0234       |
|    clip_range           | 0.15         |
|    entropy_loss         | -4.56        |
|    explained_variance   | 0.964        |
|    learning_rate        | 0.0001       |
|    loss                 | -0.0308      |
|    n_updates            | 672          |
|    policy_gradient_loss | -0.0199      |
|    value_loss           | 0.0474       |
------------------------------------------
------------------------------------------
| rollout/                |              |
|    ep_len_mean          | 43           |
|    ep_rew_mean          | -50.3        |
| time/                   |              |
|    fps                  | 26           |
|    iterations           | 226          |
|    time_elapsed         | 2182         |
|    total_timesteps      | 57856        |
| train/                  |              |
|    approx_kl            | 0.0022243392 |
|    clip_fraction        | 0.0234       |
|    clip_range           | 0.15         |
|    entropy_loss         | -4.58        |
|    explained_variance   | 0.977        |
|    learning_rate        | 0.0001       |
|    loss                 | -0.0218      |
|    n_updates            | 675          |
|    policy_gradient_loss | -0.0134      |
|    value_loss           | 0.0377       |
------------------------------------------
------------------------------------------
| rollout/                |              |
|    ep_len_mean          | 43           |
|    ep_rew_mean          | -50.3        |
| time/                   |              |
|    fps                  | 26           |
|    iterations           | 227          |
|    time_elapsed         | 2190         |
|    total_timesteps      | 58112        |
| train/                  |              |
|    approx_kl            | 0.0011094995 |
|    clip_fraction        | 0.00781      |
|    clip_range           | 0.15         |
|    entropy_loss         | -5.05        |
|    explained_variance   | -0.166       |
|    learning_rate        | 0.0001       |
|    loss                 | 0.636        |
|    n_updates            | 678          |
|    policy_gradient_loss | 0.0012       |
|    value_loss           | 1.34         |
------------------------------------------
-------------------------------------------
| rollout/                |               |
|    ep_len_mean          | 43            |
|    ep_rew_mean          | -50.3         |
| time/                   |               |
|    fps                  | 26            |
|    iterations           | 228           |
|    time_elapsed         | 2197          |
|    total_timesteps      | 58368         |
| train/                  |               |
|    approx_kl            | 0.00039760768 |
|    clip_fraction        | 0             |
|    clip_range           | 0.15          |
|    entropy_loss         | -4.56         |
|    explained_variance   | 0.968         |
|    learning_rate        | 0.0001        |
|    loss                 | 0.00402       |
|    n_updates            | 681           |
|    policy_gradient_loss | -0.0043       |
|    value_loss           | 0.0528        |
-------------------------------------------
-------------------------------------------
| rollout/                |               |
|    ep_len_mean          | 43            |
|    ep_rew_mean          | -50.3         |
| time/                   |               |
|    fps                  | 26            |
|    iterations           | 229           |
|    time_elapsed         | 2205          |
|    total_timesteps      | 58624         |
| train/                  |               |
|    approx_kl            | 0.00051546353 |
|    clip_fraction        | 0             |
|    clip_range           | 0.15          |
|    entropy_loss         | -4.56         |
|    explained_variance   | 0.966         |
|    learning_rate        | 0.0001        |
|    loss                 | -0.0125       |
|    n_updates            | 684           |
|    policy_gradient_loss | -0.00991      |
|    value_loss           | 0.0473        |
-------------------------------------------
-------------------------------------------
| rollout/                |               |
|    ep_len_mean          | 43            |
|    ep_rew_mean          | -50.3         |
| time/                   |               |
|    fps                  | 26            |
|    iterations           | 230           |
|    time_elapsed         | 2213          |
|    total_timesteps      | 58880         |
| train/                  |               |
|    approx_kl            | 0.00089147827 |
|    clip_fraction        | 0             |
|    clip_range           | 0.15          |
|    entropy_loss         | -4.56         |
|    explained_variance   | 0.981         |
|    learning_rate        | 0.0001        |
|    loss                 | -0.0298       |
|    n_updates            | 687           |
|    policy_gradient_loss | -0.0141       |
|    value_loss           | 0.0296        |
-------------------------------------------
-------------------------------------------
| rollout/                |               |
|    ep_len_mean          | 43            |
|    ep_rew_mean          | -50.3         |
| time/                   |               |
|    fps                  | 26            |
|    iterations           | 231           |
|    time_elapsed         | 2221          |
|    total_timesteps      | 59136         |
| train/                  |               |
|    approx_kl            | 0.00087777455 |
|    clip_fraction        | 0             |
|    clip_range           | 0.15          |
|    entropy_loss         | -4.56         |
|    explained_variance   | 0.987         |
|    learning_rate        | 0.0001        |
|    loss                 | -0.0269       |
|    n_updates            | 690           |
|    policy_gradient_loss | -0.0112       |
|    value_loss           | 0.0219        |
-------------------------------------------
------------------------------------------
| rollout/                |              |
|    ep_len_mean          | 43           |
|    ep_rew_mean          | -50.3        |
| time/                   |              |
|    fps                  | 26           |
|    iterations           | 232          |
|    time_elapsed         | 2229         |
|    total_timesteps      | 59392        |
| train/                  |              |
|    approx_kl            | 0.0006958188 |
|    clip_fraction        | 0            |
|    clip_range           | 0.15         |
|    entropy_loss         | -4.56        |
|    explained_variance   | 0.991        |
|    learning_rate        | 0.0001       |
|    loss                 | -0.0175      |
|    n_updates            | 693          |
|    policy_gradient_loss | -0.00592     |
|    value_loss           | 0.0185       |
------------------------------------------
------------------------------------------
| rollout/                |              |
|    ep_len_mean          | 43.2         |
|    ep_rew_mean          | -50.6        |
| time/                   |              |
|    fps                  | 26           |
|    iterations           | 233          |
|    time_elapsed         | 2237         |
|    total_timesteps      | 59648        |
| train/                  |              |
|    approx_kl            | 0.0005910385 |
|    clip_fraction        | 0            |
|    clip_range           | 0.15         |
|    entropy_loss         | -4.55        |
|    explained_variance   | 0.991        |
|    learning_rate        | 0.0001       |
|    loss                 | -0.0214      |
|    n_updates            | 696          |
|    policy_gradient_loss | -0.00751     |
|    value_loss           | 0.0168       |
------------------------------------------
-------------------------------------------
| rollout/                |               |
|    ep_len_mean          | 43.5          |
|    ep_rew_mean          | -50.9         |
| time/                   |               |
|    fps                  | 26            |
|    iterations           | 234           |
|    time_elapsed         | 2245          |
|    total_timesteps      | 59904         |
| train/                  |               |
|    approx_kl            | 0.00067915954 |
|    clip_fraction        | 0             |
|    clip_range           | 0.15          |
|    entropy_loss         | -4.58         |
|    explained_variance   | 0.988         |
|    learning_rate        | 0.0001        |
|    loss                 | -0.0266       |
|    n_updates            | 699           |
|    policy_gradient_loss | -0.00966      |
|    value_loss           | 0.0148        |
-------------------------------------------
-------------------------------------------
| rollout/                |               |
|    ep_len_mean          | 43.7          |
|    ep_rew_mean          | -51.2         |
| time/                   |               |
|    fps                  | 26            |
|    iterations           | 235           |
|    time_elapsed         | 2252          |
|    total_timesteps      | 60160         |
| train/                  |               |
|    approx_kl            | 0.00082194386 |
|    clip_fraction        | 0.00781       |
|    clip_range           | 0.15          |
|    entropy_loss         | -4.58         |
|    explained_variance   | 0.993         |
|    learning_rate        | 0.0001        |
|    loss                 | -0.0335       |
|    n_updates            | 702           |
|    policy_gradient_loss | -0.0121       |
|    value_loss           | 0.0103        |
-------------------------------------------
------------------------------------------
| rollout/                |              |
|    ep_len_mean          | 43.7         |
|    ep_rew_mean          | -51          |
| time/                   |              |
|    fps                  | 26           |
|    iterations           | 236          |
|    time_elapsed         | 2274         |
|    total_timesteps      | 60416        |
| train/                  |              |
|    approx_kl            | 0.0010314365 |
|    clip_fraction        | 0.00781      |
|    clip_range           | 0.15         |
|    entropy_loss         | -4.58        |
|    explained_variance   | 0.994        |
|    learning_rate        | 0.0001       |
|    loss                 | -0.0357      |
|    n_updates            | 705          |
|    policy_gradient_loss | -0.0132      |
|    value_loss           | 0.00908      |
------------------------------------------
------------------------------------------
| rollout/                |              |
|    ep_len_mean          | 43.5         |
|    ep_rew_mean          | -50.7        |
| time/                   |              |
|    fps                  | 26           |
|    iterations           | 237          |
|    time_elapsed         | 2301         |
|    total_timesteps      | 60672        |
| train/                  |              |
|    approx_kl            | 0.0006793274 |
|    clip_fraction        | 0            |
|    clip_range           | 0.15         |
|    entropy_loss         | -4.85        |
|    explained_variance   | 0.507        |
|    learning_rate        | 0.0001       |
|    loss                 | 0.2          |
|    n_updates            | 708          |
|    policy_gradient_loss | -0.0103      |
|    value_loss           | 0.499        |
------------------------------------------
------------------------------------------
| rollout/                |              |
|    ep_len_mean          | 43.3         |
|    ep_rew_mean          | -50.2        |
| time/                   |              |
|    fps                  | 26           |
|    iterations           | 238          |
|    time_elapsed         | 2324         |
|    total_timesteps      | 60928        |
| train/                  |              |
|    approx_kl            | 0.0008878242 |
|    clip_fraction        | 0            |
|    clip_range           | 0.15         |
|    entropy_loss         | -4.88        |
|    explained_variance   | 0.622        |
|    learning_rate        | 0.0001       |
|    loss                 | 0.109        |
|    n_updates            | 711          |
|    policy_gradient_loss | -0.0159      |
|    value_loss           | 0.364        |
------------------------------------------
-----------------------------------------
| rollout/                |             |
|    ep_len_mean          | 42.9        |
|    ep_rew_mean          | -49.3       |
| time/                   |             |
|    fps                  | 26          |
|    iterations           | 239         |
|    time_elapsed         | 2344        |
|    total_timesteps      | 61184       |
| train/                  |             |
|    approx_kl            | 0.001125392 |
|    clip_fraction        | 0           |
|    clip_range           | 0.15        |
|    entropy_loss         | -4.86       |
|    explained_variance   | 0.686       |
|    learning_rate        | 0.0001      |
|    loss                 | 0.0562      |
|    n_updates            | 714         |
|    policy_gradient_loss | -0.0177     |
|    value_loss           | 0.262       |
-----------------------------------------
------------------------------------------
| rollout/                |              |
|    ep_len_mean          | 42.4         |
|    ep_rew_mean          | -48.4        |
| time/                   |              |
|    fps                  | 25           |
|    iterations           | 240          |
|    time_elapsed         | 2368         |
|    total_timesteps      | 61440        |
| train/                  |              |
|    approx_kl            | 0.0020578643 |
|    clip_fraction        | 0.00911      |
|    clip_range           | 0.15         |
|    entropy_loss         | -4.83        |
|    explained_variance   | 0.857        |
|    learning_rate        | 0.0001       |
|    loss                 | -0.00587     |
|    n_updates            | 717          |
|    policy_gradient_loss | -0.0253      |
|    value_loss           | 0.14         |
------------------------------------------
------------------------------------------
| rollout/                |              |
|    ep_len_mean          | 42           |
|    ep_rew_mean          | -47.7        |
| time/                   |              |
|    fps                  | 25           |
|    iterations           | 241          |
|    time_elapsed         | 2413         |
|    total_timesteps      | 61696        |
| train/                  |              |
|    approx_kl            | 0.0025726329 |
|    clip_fraction        | 0            |
|    clip_range           | 0.15         |
|    entropy_loss         | -4.79        |
|    explained_variance   | 0.901        |
|    learning_rate        | 0.0001       |
|    loss                 | -0.0133      |
|    n_updates            | 720          |
|    policy_gradient_loss | -0.0253      |
|    value_loss           | 0.105        |
------------------------------------------
-----------------------------------------
| rollout/                |             |
|    ep_len_mean          | 41.8        |
|    ep_rew_mean          | -47.7       |
| time/                   |             |
|    fps                  | 25          |
|    iterations           | 242         |
|    time_elapsed         | 2447        |
|    total_timesteps      | 61952       |
| train/                  |             |
|    approx_kl            | 0.003304491 |
|    clip_fraction        | 0.00911     |
|    clip_range           | 0.15        |
|    entropy_loss         | -4.74       |
|    explained_variance   | 0.854       |
|    learning_rate        | 0.0001      |
|    loss                 | -0.000692   |
|    n_updates            | 723         |
|    policy_gradient_loss | -0.0242     |
|    value_loss           | 0.124       |
-----------------------------------------
------------------------------------------
| rollout/                |              |
|    ep_len_mean          | 42           |
|    ep_rew_mean          | -48.4        |
| time/                   |              |
|    fps                  | 25           |
|    iterations           | 243          |
|    time_elapsed         | 2464         |
|    total_timesteps      | 62208        |
| train/                  |              |
|    approx_kl            | 0.0033938908 |
|    clip_fraction        | 0.0326       |
|    clip_range           | 0.15         |
|    entropy_loss         | -4.68        |
|    explained_variance   | 0.888        |
|    learning_rate        | 0.0001       |
|    loss                 | -0.018       |
|    n_updates            | 726          |
|    policy_gradient_loss | -0.0234      |
|    value_loss           | 0.0899       |
------------------------------------------
-------------------------------------------
| rollout/                |               |
|    ep_len_mean          | 42            |
|    ep_rew_mean          | -48.3         |
| time/                   |               |
|    fps                  | 25            |
|    iterations           | 244           |
|    time_elapsed         | 2477          |
|    total_timesteps      | 62464         |
| train/                  |               |
|    approx_kl            | 0.00070746616 |
|    clip_fraction        | 0             |
|    clip_range           | 0.15          |
|    entropy_loss         | -4.57         |
|    explained_variance   | 0.694         |
|    learning_rate        | 0.0001        |
|    loss                 | 0.15          |
|    n_updates            | 729           |
|    policy_gradient_loss | -0.000159     |
|    value_loss           | 0.354         |
-------------------------------------------
-------------------------------------------
| rollout/                |               |
|    ep_len_mean          | 42            |
|    ep_rew_mean          | -48.3         |
| time/                   |               |
|    fps                  | 25            |
|    iterations           | 245           |
|    time_elapsed         | 2491          |
|    total_timesteps      | 62720         |
| train/                  |               |
|    approx_kl            | 0.00028620334 |
|    clip_fraction        | 0             |
|    clip_range           | 0.15          |
|    entropy_loss         | -4.54         |
|    explained_variance   | 0.738         |
|    learning_rate        | 0.0001        |
|    loss                 | 0.0895        |
|    n_updates            | 732           |
|    policy_gradient_loss | -0.00382      |
|    value_loss           | 0.263         |
-------------------------------------------
-------------------------------------------
| rollout/                |               |
|    ep_len_mean          | 42            |
|    ep_rew_mean          | -48.2         |
| time/                   |               |
|    fps                  | 25            |
|    iterations           | 246           |
|    time_elapsed         | 2504          |
|    total_timesteps      | 62976         |
| train/                  |               |
|    approx_kl            | 0.00030928082 |
|    clip_fraction        | 0             |
|    clip_range           | 0.15          |
|    entropy_loss         | -4.54         |
|    explained_variance   | 0.843         |
|    learning_rate        | 0.0001        |
|    loss                 | 0.0345        |
|    n_updates            | 735           |
|    policy_gradient_loss | -0.00843      |
|    value_loss           | 0.167         |
-------------------------------------------
-------------------------------------------
| rollout/                |               |
|    ep_len_mean          | 41.5          |
|    ep_rew_mean          | -47.4         |
| time/                   |               |
|    fps                  | 24            |
|    iterations           | 247           |
|    time_elapsed         | 2539          |
|    total_timesteps      | 63232         |
| train/                  |               |
|    approx_kl            | 0.00056397426 |
|    clip_fraction        | 0             |
|    clip_range           | 0.15          |
|    entropy_loss         | -4.52         |
|    explained_variance   | 0.942         |
|    learning_rate        | 0.0001        |
|    loss                 | -0.0145       |
|    n_updates            | 738           |
|    policy_gradient_loss | -0.0126       |
|    value_loss           | 0.066         |
-------------------------------------------
-------------------------------------------
| rollout/                |               |
|    ep_len_mean          | 41.1          |
|    ep_rew_mean          | -46.6         |
| time/                   |               |
|    fps                  | 24            |
|    iterations           | 248           |
|    time_elapsed         | 2575          |
|    total_timesteps      | 63488         |
| train/                  |               |
|    approx_kl            | 0.00068198517 |
|    clip_fraction        | 0             |
|    clip_range           | 0.15          |
|    entropy_loss         | -4.56         |
|    explained_variance   | 0.753         |
|    learning_rate        | 0.0001        |
|    loss                 | 0.165         |
|    n_updates            | 741           |
|    policy_gradient_loss | -0.00162      |
|    value_loss           | 0.336         |
-------------------------------------------
-------------------------------------------
| rollout/                |               |
|    ep_len_mean          | 40.6          |
|    ep_rew_mean          | -45.7         |
| time/                   |               |
|    fps                  | 24            |
|    iterations           | 249           |
|    time_elapsed         | 2612          |
|    total_timesteps      | 63744         |
| train/                  |               |
|    approx_kl            | 0.00076350593 |
|    clip_fraction        | 0             |
|    clip_range           | 0.15          |
|    entropy_loss         | -4.56         |
|    explained_variance   | 0.67          |
|    learning_rate        | 0.0001        |
|    loss                 | 0.169         |
|    n_updates            | 744           |
|    policy_gradient_loss | -0.00729      |
|    value_loss           | 0.41          |
-------------------------------------------
------------------------------------------
| rollout/                |              |
|    ep_len_mean          | 40.1         |
|    ep_rew_mean          | -44.8        |
| time/                   |              |
|    fps                  | 24           |
|    iterations           | 250          |
|    time_elapsed         | 2650         |
|    total_timesteps      | 64000        |
| train/                  |              |
|    approx_kl            | 0.0007830919 |
|    clip_fraction        | 0            |
|    clip_range           | 0.15         |
|    entropy_loss         | -4.56        |
|    explained_variance   | 0.75         |
|    learning_rate        | 0.0001       |
|    loss                 | 0.0915       |
|    n_updates            | 747          |
|    policy_gradient_loss | -0.0113      |
|    value_loss           | 0.297        |
------------------------------------------
-------------------------------------------
| rollout/                |               |
|    ep_len_mean          | 39.8          |
|    ep_rew_mean          | -44.4         |
| time/                   |               |
|    fps                  | 23            |
|    iterations           | 251           |
|    time_elapsed         | 2701          |
|    total_timesteps      | 64256         |
| train/                  |               |
|    approx_kl            | 0.00086580403 |
|    clip_fraction        | 0             |
|    clip_range           | 0.15          |
|    entropy_loss         | -4.52         |
|    explained_variance   | 0.867         |
|    learning_rate        | 0.0001        |
|    loss                 | 0.023         |
|    n_updates            | 750           |
|    policy_gradient_loss | -0.0108       |
|    value_loss           | 0.15          |
-------------------------------------------
------------------------------------------
| rollout/                |              |
|    ep_len_mean          | 39.7         |
|    ep_rew_mean          | -44.5        |
| time/                   |              |
|    fps                  | 23           |
|    iterations           | 252          |
|    time_elapsed         | 2748         |
|    total_timesteps      | 64512        |
| train/                  |              |
|    approx_kl            | 0.0011019693 |
|    clip_fraction        | 0.00911      |
|    clip_range           | 0.15         |
|    entropy_loss         | -4.48        |
|    explained_variance   | 0.929        |
|    learning_rate        | 0.0001       |
|    loss                 | -0.0204      |
|    n_updates            | 753          |
|    policy_gradient_loss | -0.0149      |
|    value_loss           | 0.0558       |
------------------------------------------
------------------------------------------
| rollout/                |              |
|    ep_len_mean          | 39.7         |
|    ep_rew_mean          | -44.7        |
| time/                   |              |
|    fps                  | 23           |
|    iterations           | 253          |
|    time_elapsed         | 2797         |
|    total_timesteps      | 64768        |
| train/                  |              |
|    approx_kl            | 0.0015154073 |
|    clip_fraction        | 0            |
|    clip_range           | 0.15         |
|    entropy_loss         | -4.46        |
|    explained_variance   | 0.941        |
|    learning_rate        | 0.0001       |
|    loss                 | -0.0117      |
|    n_updates            | 756          |
|    policy_gradient_loss | -0.0139      |
|    value_loss           | 0.0549       |
------------------------------------------
------------------------------------------
| rollout/                |              |
|    ep_len_mean          | 39.7         |
|    ep_rew_mean          | -45          |
| time/                   |              |
|    fps                  | 22           |
|    iterations           | 254          |
|    time_elapsed         | 2848         |
|    total_timesteps      | 65024        |
| train/                  |              |
|    approx_kl            | 0.0015545748 |
|    clip_fraction        | 0            |
|    clip_range           | 0.15         |
|    entropy_loss         | -4.44        |
|    explained_variance   | 0.921        |
|    learning_rate        | 0.0001       |
|    loss                 | -0.00982     |
|    n_updates            | 759          |
|    policy_gradient_loss | -0.016       |
|    value_loss           | 0.0715       |
------------------------------------------
-----------------------------------------
| rollout/                |             |
|    ep_len_mean          | 39.7        |
|    ep_rew_mean          | -45.3       |
| time/                   |             |
|    fps                  | 22          |
|    iterations           | 255         |
|    time_elapsed         | 2899        |
|    total_timesteps      | 65280       |
| train/                  |             |
|    approx_kl            | 0.002181879 |
|    clip_fraction        | 0           |
|    clip_range           | 0.15        |
|    entropy_loss         | -4.4        |
|    explained_variance   | 0.923       |
|    learning_rate        | 0.0001      |
|    loss                 | -0.0259     |
|    n_updates            | 762         |
|    policy_gradient_loss | -0.0208     |
|    value_loss           | 0.0651      |
-----------------------------------------
-----------------------------------------
| rollout/                |             |
|    ep_len_mean          | 39.6        |
|    ep_rew_mean          | -45.3       |
| time/                   |             |
|    fps                  | 22          |
|    iterations           | 256         |
|    time_elapsed         | 2933        |
|    total_timesteps      | 65536       |
| train/                  |             |
|    approx_kl            | 0.002300935 |
|    clip_fraction        | 0           |
|    clip_range           | 0.15        |
|    entropy_loss         | -4.35       |
|    explained_variance   | 0.945       |
|    learning_rate        | 0.0001      |
|    loss                 | -0.0363     |
|    n_updates            | 765         |
|    policy_gradient_loss | -0.0207     |
|    value_loss           | 0.0449      |
-----------------------------------------
------------------------------------------
| rollout/                |              |
|    ep_len_mean          | 39.6         |
|    ep_rew_mean          | -45.2        |
| time/                   |              |
|    fps                  | 22           |
|    iterations           | 257          |
|    time_elapsed         | 2970         |
|    total_timesteps      | 65792        |
| train/                  |              |
|    approx_kl            | 0.0011449107 |
|    clip_fraction        | 0            |
|    clip_range           | 0.15         |
|    entropy_loss         | -4.4         |
|    explained_variance   | 0.962        |
|    learning_rate        | 0.0001       |
|    loss                 | -0.0216      |
|    n_updates            | 768          |
|    policy_gradient_loss | -0.0128      |
|    value_loss           | 0.0403       |
------------------------------------------
------------------------------------------
| rollout/                |              |
|    ep_len_mean          | 39.4         |
|    ep_rew_mean          | -44.9        |
| time/                   |              |
|    fps                  | 21           |
|    iterations           | 258          |
|    time_elapsed         | 3008         |
|    total_timesteps      | 66048        |
| train/                  |              |
|    approx_kl            | 0.0014107921 |
|    clip_fraction        | 0.00781      |
|    clip_range           | 0.15         |
|    entropy_loss         | -4.36        |
|    explained_variance   | 0.973        |
|    learning_rate        | 0.0001       |
|    loss                 | -0.0204      |
|    n_updates            | 771          |
|    policy_gradient_loss | -0.0123      |
|    value_loss           | 0.0349       |
------------------------------------------
------------------------------------------
| rollout/                |              |
|    ep_len_mean          | 38.9         |
|    ep_rew_mean          | -44          |
| time/                   |              |
|    fps                  | 21           |
|    iterations           | 259          |
|    time_elapsed         | 3047         |
|    total_timesteps      | 66304        |
| train/                  |              |
|    approx_kl            | 0.0016341947 |
|    clip_fraction        | 0.00911      |
|    clip_range           | 0.15         |
|    entropy_loss         | -4.33        |
|    explained_variance   | 0.975        |
|    learning_rate        | 0.0001       |
|    loss                 | -0.0211      |
|    n_updates            | 774          |
|    policy_gradient_loss | -0.0134      |
|    value_loss           | 0.035        |
------------------------------------------
------------------------------------------
| rollout/                |              |
|    ep_len_mean          | 38.9         |
|    ep_rew_mean          | -44          |
| time/                   |              |
|    fps                  | 21           |
|    iterations           | 260          |
|    time_elapsed         | 3061         |
|    total_timesteps      | 66560        |
| train/                  |              |
|    approx_kl            | 0.0010304204 |
|    clip_fraction        | 0.00911      |
|    clip_range           | 0.15         |
|    entropy_loss         | -4.3         |
|    explained_variance   | 0.966        |
|    learning_rate        | 0.0001       |
|    loss                 | -0.0195      |
|    n_updates            | 777          |
|    policy_gradient_loss | -0.0118      |
|    value_loss           | 0.038        |
------------------------------------------
-------------------------------------------
| rollout/                |               |
|    ep_len_mean          | 38.5          |
|    ep_rew_mean          | -43.3         |
| time/                   |               |
|    fps                  | 21            |
|    iterations           | 261           |
|    time_elapsed         | 3096          |
|    total_timesteps      | 66816         |
| train/                  |               |
|    approx_kl            | 0.00019947556 |
|    clip_fraction        | 0             |
|    clip_range           | 0.15          |
|    entropy_loss         | -4.36         |
|    explained_variance   | 0.879         |
|    learning_rate        | 0.0001        |
|    loss                 | 0.0824        |
|    n_updates            | 780           |
|    policy_gradient_loss | 0.00157       |
|    value_loss           | 0.187         |
-------------------------------------------
-------------------------------------------
| rollout/                |               |
|    ep_len_mean          | 38.6          |
|    ep_rew_mean          | -43.4         |
| time/                   |               |
|    fps                  | 21            |
|    iterations           | 262           |
|    time_elapsed         | 3130          |
|    total_timesteps      | 67072         |
| train/                  |               |
|    approx_kl            | 0.00041334028 |
|    clip_fraction        | 0             |
|    clip_range           | 0.15          |
|    entropy_loss         | -4.29         |
|    explained_variance   | 0.969         |
|    learning_rate        | 0.0001        |
|    loss                 | -0.00981      |
|    n_updates            | 783           |
|    policy_gradient_loss | -0.00674      |
|    value_loss           | 0.0355        |
-------------------------------------------
------------------------------------------
| rollout/                |              |
|    ep_len_mean          | 38.6         |
|    ep_rew_mean          | -43.7        |
| time/                   |              |
|    fps                  | 21           |
|    iterations           | 263          |
|    time_elapsed         | 3181         |
|    total_timesteps      | 67328        |
| train/                  |              |
|    approx_kl            | 0.0006047671 |
|    clip_fraction        | 0            |
|    clip_range           | 0.15         |
|    entropy_loss         | -4.25        |
|    explained_variance   | 0.948        |
|    learning_rate        | 0.0001       |
|    loss                 | -0.0138      |
|    n_updates            | 786          |
|    policy_gradient_loss | -0.00958     |
|    value_loss           | 0.0454       |
------------------------------------------
------------------------------------------
| rollout/                |              |
|    ep_len_mean          | 38.6         |
|    ep_rew_mean          | -44          |
| time/                   |              |
|    fps                  | 20           |
|    iterations           | 264          |
|    time_elapsed         | 3231         |
|    total_timesteps      | 67584        |
| train/                  |              |
|    approx_kl            | 0.0008169166 |
|    clip_fraction        | 0            |
|    clip_range           | 0.15         |
|    entropy_loss         | -4.21        |
|    explained_variance   | 0.982        |
|    learning_rate        | 0.0001       |
|    loss                 | -0.023       |
|    n_updates            | 789          |
|    policy_gradient_loss | -0.00906     |
|    value_loss           | 0.0217       |
------------------------------------------
-------------------------------------------
| rollout/                |               |
|    ep_len_mean          | 38.7          |
|    ep_rew_mean          | -44.3         |
| time/                   |               |
|    fps                  | 20            |
|    iterations           | 265           |
|    time_elapsed         | 3276          |
|    total_timesteps      | 67840         |
| train/                  |               |
|    approx_kl            | 0.00074122706 |
|    clip_fraction        | 0             |
|    clip_range           | 0.15          |
|    entropy_loss         | -4.19         |
|    explained_variance   | 0.987         |
|    learning_rate        | 0.0001        |
|    loss                 | -0.0174       |
|    n_updates            | 792           |
|    policy_gradient_loss | -0.00725      |
|    value_loss           | 0.0209        |
-------------------------------------------
------------------------------------------
| rollout/                |              |
|    ep_len_mean          | 38.7         |
|    ep_rew_mean          | -44.3        |
| time/                   |              |
|    fps                  | 20           |
|    iterations           | 266          |
|    time_elapsed         | 3327         |
|    total_timesteps      | 68096        |
| train/                  |              |
|    approx_kl            | 0.0004481522 |
|    clip_fraction        | 0            |
|    clip_range           | 0.15         |
|    entropy_loss         | -4.35        |
|    explained_variance   | 0.966        |
|    learning_rate        | 0.0001       |
|    loss                 | -0.0114      |
|    n_updates            | 795          |
|    policy_gradient_loss | -0.00642     |
|    value_loss           | 0.0317       |
------------------------------------------
------------------------------------------
| rollout/                |              |
|    ep_len_mean          | 38.8         |
|    ep_rew_mean          | -44.3        |
| time/                   |              |
|    fps                  | 20           |
|    iterations           | 267          |
|    time_elapsed         | 3373         |
|    total_timesteps      | 68352        |
| train/                  |              |
|    approx_kl            | 0.0010936542 |
|    clip_fraction        | 0            |
|    clip_range           | 0.15         |
|    entropy_loss         | -4.32        |
|    explained_variance   | 0.971        |
|    learning_rate        | 0.0001       |
|    loss                 | -0.0314      |
|    n_updates            | 798          |
|    policy_gradient_loss | -0.0154      |
|    value_loss           | 0.0291       |
------------------------------------------
------------------------------------------
| rollout/                |              |
|    ep_len_mean          | 39.1         |
|    ep_rew_mean          | -44.7        |
| time/                   |              |
|    fps                  | 20           |
|    iterations           | 268          |
|    time_elapsed         | 3391         |
|    total_timesteps      | 68608        |
| train/                  |              |
|    approx_kl            | 0.0015418623 |
|    clip_fraction        | 0.00781      |
|    clip_range           | 0.15         |
|    entropy_loss         | -4.28        |
|    explained_variance   | 0.975        |
|    learning_rate        | 0.0001       |
|    loss                 | -0.0367      |
|    n_updates            | 801          |
|    policy_gradient_loss | -0.0166      |
|    value_loss           | 0.0216       |
------------------------------------------
------------------------------------------
| rollout/                |              |
|    ep_len_mean          | 39.6         |
|    ep_rew_mean          | -45.1        |
| time/                   |              |
|    fps                  | 20           |
|    iterations           | 269          |
|    time_elapsed         | 3405         |
|    total_timesteps      | 68864        |
| train/                  |              |
|    approx_kl            | 0.0006475374 |
|    clip_fraction        | 0            |
|    clip_range           | 0.15         |
|    entropy_loss         | -4.28        |
|    explained_variance   | 0.934        |
|    learning_rate        | 0.0001       |
|    loss                 | 0.0364       |
|    n_updates            | 804          |
|    policy_gradient_loss | -0.00555     |
|    value_loss           | 0.133        |
------------------------------------------
-------------------------------------------
| rollout/                |               |
|    ep_len_mean          | 39.9          |
|    ep_rew_mean          | -45.5         |
| time/                   |               |
|    fps                  | 20            |
|    iterations           | 270           |
|    time_elapsed         | 3418          |
|    total_timesteps      | 69120         |
| train/                  |               |
|    approx_kl            | 0.00076793437 |
|    clip_fraction        | 0             |
|    clip_range           | 0.15          |
|    entropy_loss         | -4.26         |
|    explained_variance   | 0.956         |
|    learning_rate        | 0.0001        |
|    loss                 | 0.00159       |
|    n_updates            | 807           |
|    policy_gradient_loss | -0.011        |
|    value_loss           | 0.0835        |
-------------------------------------------
------------------------------------------
| rollout/                |              |
|    ep_len_mean          | 40.3         |
|    ep_rew_mean          | -46          |
| time/                   |              |
|    fps                  | 20           |
|    iterations           | 271          |
|    time_elapsed         | 3432         |
|    total_timesteps      | 69376        |
| train/                  |              |
|    approx_kl            | 0.0010248211 |
|    clip_fraction        | 0            |
|    clip_range           | 0.15         |
|    entropy_loss         | -4.25        |
|    explained_variance   | 0.97         |
|    learning_rate        | 0.0001       |
|    loss                 | -0.0178      |
|    n_updates            | 810          |
|    policy_gradient_loss | -0.0152      |
|    value_loss           | 0.0594       |
------------------------------------------
------------------------------------------
| rollout/                |              |
|    ep_len_mean          | 40.8         |
|    ep_rew_mean          | -46.7        |
| time/                   |              |
|    fps                  | 20           |
|    iterations           | 272          |
|    time_elapsed         | 3445         |
|    total_timesteps      | 69632        |
| train/                  |              |
|    approx_kl            | 0.0012322797 |
|    clip_fraction        | 0            |
|    clip_range           | 0.15         |
|    entropy_loss         | -4.24        |
|    explained_variance   | 0.984        |
|    learning_rate        | 0.0001       |
|    loss                 | -0.0243      |
|    n_updates            | 813          |
|    policy_gradient_loss | -0.0146      |
|    value_loss           | 0.042        |
------------------------------------------
------------------------------------------
| rollout/                |              |
|    ep_len_mean          | 41.1         |
|    ep_rew_mean          | -47.4        |
| time/                   |              |
|    fps                  | 20           |
|    iterations           | 273          |
|    time_elapsed         | 3459         |
|    total_timesteps      | 69888        |
| train/                  |              |
|    approx_kl            | 0.0013107262 |
|    clip_fraction        | 0            |
|    clip_range           | 0.15         |
|    entropy_loss         | -4.24        |
|    explained_variance   | 0.987        |
|    learning_rate        | 0.0001       |
|    loss                 | -0.0264      |
|    n_updates            | 816          |
|    policy_gradient_loss | -0.0127      |
|    value_loss           | 0.0276       |
------------------------------------------
-----------------------------------------
| rollout/                |             |
|    ep_len_mean          | 41.4        |
|    ep_rew_mean          | -47.9       |
| time/                   |             |
|    fps                  | 20          |
|    iterations           | 274         |
|    time_elapsed         | 3473        |
|    total_timesteps      | 70144       |
| train/                  |             |
|    approx_kl            | 0.001146781 |
|    clip_fraction        | 0           |
|    clip_range           | 0.15        |
|    entropy_loss         | -4.29       |
|    explained_variance   | 0.94        |
|    learning_rate        | 0.0001      |
|    loss                 | 0.00635     |
|    n_updates            | 819         |
|    policy_gradient_loss | -0.0069     |
|    value_loss           | 0.0741      |
-----------------------------------------
------------------------------------------
| rollout/                |              |
|    ep_len_mean          | 41.8         |
|    ep_rew_mean          | -48.5        |
| time/                   |              |
|    fps                  | 20           |
|    iterations           | 275          |
|    time_elapsed         | 3487         |
|    total_timesteps      | 70400        |
| train/                  |              |
|    approx_kl            | 0.0010700221 |
|    clip_fraction        | 0            |
|    clip_range           | 0.15         |
|    entropy_loss         | -4.28        |
|    explained_variance   | 0.93         |
|    learning_rate        | 0.0001       |
|    loss                 | 0.00683      |
|    n_updates            | 822          |
|    policy_gradient_loss | -0.0101      |
|    value_loss           | 0.0847       |
------------------------------------------
------------------------------------------
| rollout/                |              |
|    ep_len_mean          | 41.9         |
|    ep_rew_mean          | -48.8        |
| time/                   |              |
|    fps                  | 20           |
|    iterations           | 276          |
|    time_elapsed         | 3500         |
|    total_timesteps      | 70656        |
| train/                  |              |
|    approx_kl            | 0.0011374338 |
|    clip_fraction        | 0.00781      |
|    clip_range           | 0.15         |
|    entropy_loss         | -4.27        |
|    explained_variance   | 0.968        |
|    learning_rate        | 0.0001       |
|    loss                 | -0.0231      |
|    n_updates            | 825          |
|    policy_gradient_loss | -0.0136      |
|    value_loss           | 0.0379       |
------------------------------------------
------------------------------------------
| rollout/                |              |
|    ep_len_mean          | 41.8         |
|    ep_rew_mean          | -48.5        |
| time/                   |              |
|    fps                  | 20           |
|    iterations           | 277          |
|    time_elapsed         | 3535         |
|    total_timesteps      | 70912        |
| train/                  |              |
|    approx_kl            | 0.0012178042 |
|    clip_fraction        | 0.00781      |
|    clip_range           | 0.15         |
|    entropy_loss         | -4.24        |
|    explained_variance   | 0.976        |
|    learning_rate        | 0.0001       |
|    loss                 | -0.0296      |
|    n_updates            | 828          |
|    policy_gradient_loss | -0.0153      |
|    value_loss           | 0.0297       |
------------------------------------------
------------------------------------------
| rollout/                |              |
|    ep_len_mean          | 41.7         |
|    ep_rew_mean          | -48.4        |
| time/                   |              |
|    fps                  | 19           |
|    iterations           | 278          |
|    time_elapsed         | 3574         |
|    total_timesteps      | 71168        |
| train/                  |              |
|    approx_kl            | 0.0005507581 |
|    clip_fraction        | 0            |
|    clip_range           | 0.15         |
|    entropy_loss         | -4.1         |
|    explained_variance   | 0.849        |
|    learning_rate        | 0.0001       |
|    loss                 | 0.0917       |
|    n_updates            | 831          |
|    policy_gradient_loss | -0.00697     |
|    value_loss           | 0.249        |
------------------------------------------
------------------------------------------
| rollout/                |              |
|    ep_len_mean          | 41.6         |
|    ep_rew_mean          | -48          |
| time/                   |              |
|    fps                  | 19           |
|    iterations           | 279          |
|    time_elapsed         | 3608         |
|    total_timesteps      | 71424        |
| train/                  |              |
|    approx_kl            | 0.0005440947 |
|    clip_fraction        | 0            |
|    clip_range           | 0.15         |
|    entropy_loss         | -4.08        |
|    explained_variance   | 0.856        |
|    learning_rate        | 0.0001       |
|    loss                 | 0.0612       |
|    n_updates            | 834          |
|    policy_gradient_loss | -0.0123      |
|    value_loss           | 0.227        |
------------------------------------------
-------------------------------------------
| rollout/                |               |
|    ep_len_mean          | 41.6          |
|    ep_rew_mean          | -47.7         |
| time/                   |               |
|    fps                  | 19            |
|    iterations           | 280           |
|    time_elapsed         | 3647          |
|    total_timesteps      | 71680         |
| train/                  |               |
|    approx_kl            | 0.00083201774 |
|    clip_fraction        | 0             |
|    clip_range           | 0.15          |
|    entropy_loss         | -4.09         |
|    explained_variance   | 0.913         |
|    learning_rate        | 0.0001        |
|    loss                 | 0.0148        |
|    n_updates            | 837           |
|    policy_gradient_loss | -0.0159       |
|    value_loss           | 0.147         |
-------------------------------------------
------------------------------------------
| rollout/                |              |
|    ep_len_mean          | 41.5         |
|    ep_rew_mean          | -47.4        |
| time/                   |              |
|    fps                  | 19           |
|    iterations           | 281          |
|    time_elapsed         | 3685         |
|    total_timesteps      | 71936        |
| train/                  |              |
|    approx_kl            | 0.0010622775 |
|    clip_fraction        | 0            |
|    clip_range           | 0.15         |
|    entropy_loss         | -4.05        |
|    explained_variance   | 0.952        |
|    learning_rate        | 0.0001       |
|    loss                 | -0.00489     |
|    n_updates            | 840          |
|    policy_gradient_loss | -0.0132      |
|    value_loss           | 0.0803       |
------------------------------------------
------------------------------------------
| rollout/                |              |
|    ep_len_mean          | 41.5         |
|    ep_rew_mean          | -47.2        |
| time/                   |              |
|    fps                  | 19           |
|    iterations           | 282          |
|    time_elapsed         | 3722         |
|    total_timesteps      | 72192        |
| train/                  |              |
|    approx_kl            | 0.0011766094 |
|    clip_fraction        | 0            |
|    clip_range           | 0.15         |
|    entropy_loss         | -4.04        |
|    explained_variance   | 0.963        |
|    learning_rate        | 0.0001       |
|    loss                 | -0.00971     |
|    n_updates            | 843          |
|    policy_gradient_loss | -0.0123      |
|    value_loss           | 0.0618       |
------------------------------------------
------------------------------------------
| rollout/                |              |
|    ep_len_mean          | 41.4         |
|    ep_rew_mean          | -46.9        |
| time/                   |              |
|    fps                  | 19           |
|    iterations           | 283          |
|    time_elapsed         | 3758         |
|    total_timesteps      | 72448        |
| train/                  |              |
|    approx_kl            | 0.0012892531 |
|    clip_fraction        | 0            |
|    clip_range           | 0.15         |
|    entropy_loss         | -4.04        |
|    explained_variance   | 0.953        |
|    learning_rate        | 0.0001       |
|    loss                 | -0.0146      |
|    n_updates            | 846          |
|    policy_gradient_loss | -0.0119      |
|    value_loss           | 0.047        |
------------------------------------------
------------------------------------------
| rollout/                |              |
|    ep_len_mean          | 41           |
|    ep_rew_mean          | -46.2        |
| time/                   |              |
|    fps                  | 19           |
|    iterations           | 284          |
|    time_elapsed         | 3797         |
|    total_timesteps      | 72704        |
| train/                  |              |
|    approx_kl            | 0.0014297038 |
|    clip_fraction        | 0            |
|    clip_range           | 0.15         |
|    entropy_loss         | -4.07        |
|    explained_variance   | 0.953        |
|    learning_rate        | 0.0001       |
|    loss                 | -0.0211      |
|    n_updates            | 849          |
|    policy_gradient_loss | -0.0146      |
|    value_loss           | 0.0466       |
------------------------------------------
------------------------------------------
| rollout/                |              |
|    ep_len_mean          | 40.6         |
|    ep_rew_mean          | -45.4        |
| time/                   |              |
|    fps                  | 19           |
|    iterations           | 285          |
|    time_elapsed         | 3835         |
|    total_timesteps      | 72960        |
| train/                  |              |
|    approx_kl            | 0.0015726055 |
|    clip_fraction        | 0            |
|    clip_range           | 0.15         |
|    entropy_loss         | -4.05        |
|    explained_variance   | 0.964        |
|    learning_rate        | 0.0001       |
|    loss                 | -0.0321      |
|    n_updates            | 852          |
|    policy_gradient_loss | -0.0163      |
|    value_loss           | 0.0305       |
------------------------------------------
------------------------------------------
| rollout/                |              |
|    ep_len_mean          | 40.1         |
|    ep_rew_mean          | -44.9        |
| time/                   |              |
|    fps                  | 18           |
|    iterations           | 286          |
|    time_elapsed         | 3882         |
|    total_timesteps      | 73216        |
| train/                  |              |
|    approx_kl            | 0.0019079619 |
|    clip_fraction        | 0.00911      |
|    clip_range           | 0.15         |
|    entropy_loss         | -4.05        |
|    explained_variance   | 0.971        |
|    learning_rate        | 0.0001       |
|    loss                 | -0.0394      |
|    n_updates            | 855          |
|    policy_gradient_loss | -0.0188      |
|    value_loss           | 0.0228       |
------------------------------------------
------------------------------------------
| rollout/                |              |
|    ep_len_mean          | 39.6         |
|    ep_rew_mean          | -44.3        |
| time/                   |              |
|    fps                  | 18           |
|    iterations           | 287          |
|    time_elapsed         | 3931         |
|    total_timesteps      | 73472        |
| train/                  |              |
|    approx_kl            | 0.0011994962 |
|    clip_fraction        | 0.00781      |
|    clip_range           | 0.15         |
|    entropy_loss         | -4.02        |
|    explained_variance   | 0.947        |
|    learning_rate        | 0.0001       |
|    loss                 | -0.00663     |
|    n_updates            | 858          |
|    policy_gradient_loss | -0.0121      |
|    value_loss           | 0.0633       |
------------------------------------------
-----------------------------------------
| rollout/                |             |
|    ep_len_mean          | 39.2        |
|    ep_rew_mean          | -43.8       |
| time/                   |             |
|    fps                  | 18          |
|    iterations           | 288         |
|    time_elapsed         | 3981        |
|    total_timesteps      | 73728       |
| train/                  |             |
|    approx_kl            | 0.001448083 |
|    clip_fraction        | 0.00911     |
|    clip_range           | 0.15        |
|    entropy_loss         | -4.03       |
|    explained_variance   | 0.966       |
|    learning_rate        | 0.0001      |
|    loss                 | -0.0212     |
|    n_updates            | 861         |
|    policy_gradient_loss | -0.0147     |
|    value_loss           | 0.0478      |
-----------------------------------------
-----------------------------------------
| rollout/                |             |
|    ep_len_mean          | 39          |
|    ep_rew_mean          | -43.5       |
| time/                   |             |
|    fps                  | 18          |
|    iterations           | 289         |
|    time_elapsed         | 4015        |
|    total_timesteps      | 73984       |
| train/                  |             |
|    approx_kl            | 0.001719252 |
|    clip_fraction        | 0.00781     |
|    clip_range           | 0.15        |
|    entropy_loss         | -4.01       |
|    explained_variance   | 0.979       |
|    learning_rate        | 0.0001      |
|    loss                 | -0.034      |
|    n_updates            | 864         |
|    policy_gradient_loss | -0.0186     |
|    value_loss           | 0.0371      |
-----------------------------------------
------------------------------------------
| rollout/                |              |
|    ep_len_mean          | 38.6         |
|    ep_rew_mean          | -42.7        |
| time/                   |              |
|    fps                  | 18           |
|    iterations           | 290          |
|    time_elapsed         | 4054         |
|    total_timesteps      | 74240        |
| train/                  |              |
|    approx_kl            | 0.0014085907 |
|    clip_fraction        | 0            |
|    clip_range           | 0.15         |
|    entropy_loss         | -4.04        |
|    explained_variance   | 0.974        |
|    learning_rate        | 0.0001       |
|    loss                 | -0.011       |
|    n_updates            | 867          |
|    policy_gradient_loss | -0.00706     |
|    value_loss           | 0.0364       |
------------------------------------------
-------------------------------------------
| rollout/                |               |
|    ep_len_mean          | 38.2          |
|    ep_rew_mean          | -41.9         |
| time/                   |               |
|    fps                  | 18            |
|    iterations           | 291           |
|    time_elapsed         | 4092          |
|    total_timesteps      | 74496         |
| train/                  |               |
|    approx_kl            | 0.00078412145 |
|    clip_fraction        | 0             |
|    clip_range           | 0.15          |
|    entropy_loss         | -4.06         |
|    explained_variance   | 0.978         |
|    learning_rate        | 0.0001        |
|    loss                 | -0.0139       |
|    n_updates            | 870           |
|    policy_gradient_loss | -0.00804      |
|    value_loss           | 0.0285        |
-------------------------------------------
------------------------------------------
| rollout/                |              |
|    ep_len_mean          | 38.3         |
|    ep_rew_mean          | -42.2        |
| time/                   |              |
|    fps                  | 18           |
|    iterations           | 292          |
|    time_elapsed         | 4126         |
|    total_timesteps      | 74752        |
| train/                  |              |
|    approx_kl            | 0.0010907801 |
|    clip_fraction        | 0.00911      |
|    clip_range           | 0.15         |
|    entropy_loss         | -4.04        |
|    explained_variance   | 0.976        |
|    learning_rate        | 0.0001       |
|    loss                 | -0.0251      |
|    n_updates            | 873          |
|    policy_gradient_loss | -0.0136      |
|    value_loss           | 0.0304       |
------------------------------------------
------------------------------------------
| rollout/                |              |
|    ep_len_mean          | 38.3         |
|    ep_rew_mean          | -42.2        |
| time/                   |              |
|    fps                  | 18           |
|    iterations           | 293          |
|    time_elapsed         | 4165         |
|    total_timesteps      | 75008        |
| train/                  |              |
|    approx_kl            | 0.0007577108 |
|    clip_fraction        | 0            |
|    clip_range           | 0.15         |
|    entropy_loss         | -4.05        |
|    explained_variance   | 0.977        |
|    learning_rate        | 0.0001       |
|    loss                 | -0.00607     |
|    n_updates            | 876          |
|    policy_gradient_loss | -0.00384     |
|    value_loss           | 0.0302       |
------------------------------------------
-------------------------------------------
| rollout/                |               |
|    ep_len_mean          | 38.4          |
|    ep_rew_mean          | -42.5         |
| time/                   |               |
|    fps                  | 17            |
|    iterations           | 294           |
|    time_elapsed         | 4210          |
|    total_timesteps      | 75264         |
| train/                  |               |
|    approx_kl            | 0.00069975224 |
|    clip_fraction        | 0             |
|    clip_range           | 0.15          |
|    entropy_loss         | -4.02         |
|    explained_variance   | 0.98          |
|    learning_rate        | 0.0001        |
|    loss                 | -0.0161       |
|    n_updates            | 879           |
|    policy_gradient_loss | -0.00834      |
|    value_loss           | 0.0289        |
-------------------------------------------
-------------------------------------------
| rollout/                |               |
|    ep_len_mean          | 38.4          |
|    ep_rew_mean          | -42.7         |
| time/                   |               |
|    fps                  | 17            |
|    iterations           | 295           |
|    time_elapsed         | 4261          |
|    total_timesteps      | 75520         |
| train/                  |               |
|    approx_kl            | 0.00080351834 |
|    clip_fraction        | 0             |
|    clip_range           | 0.15          |
|    entropy_loss         | -4.11         |
|    explained_variance   | 0.976         |
|    learning_rate        | 0.0001        |
|    loss                 | -0.0151       |
|    n_updates            | 882           |
|    policy_gradient_loss | -0.00576      |
|    value_loss           | 0.0213        |
-------------------------------------------
------------------------------------------
| rollout/                |              |
|    ep_len_mean          | 38.5         |
|    ep_rew_mean          | -43          |
| time/                   |              |
|    fps                  | 17           |
|    iterations           | 296          |
|    time_elapsed         | 4309         |
|    total_timesteps      | 75776        |
| train/                  |              |
|    approx_kl            | 0.0016752284 |
|    clip_fraction        | 0.00911      |
|    clip_range           | 0.15         |
|    entropy_loss         | -4.12        |
|    explained_variance   | 0.985        |
|    learning_rate        | 0.0001       |
|    loss                 | -0.033       |
|    n_updates            | 885          |
|    policy_gradient_loss | -0.014       |
|    value_loss           | 0.0174       |
------------------------------------------
------------------------------------------
| rollout/                |              |
|    ep_len_mean          | 38.6         |
|    ep_rew_mean          | -43.3        |
| time/                   |              |
|    fps                  | 17           |
|    iterations           | 297          |
|    time_elapsed         | 4357         |
|    total_timesteps      | 76032        |
| train/                  |              |
|    approx_kl            | 0.0024232252 |
|    clip_fraction        | 0.0169       |
|    clip_range           | 0.15         |
|    entropy_loss         | -4.11        |
|    explained_variance   | 0.986        |
|    learning_rate        | 0.0001       |
|    loss                 | -0.0309      |
|    n_updates            | 888          |
|    policy_gradient_loss | -0.0125      |
|    value_loss           | 0.0138       |
------------------------------------------
-----------------------------------------
| rollout/                |             |
|    ep_len_mean          | 38.6        |
|    ep_rew_mean          | -43.5       |
| time/                   |             |
|    fps                  | 17          |
|    iterations           | 298         |
|    time_elapsed         | 4408        |
|    total_timesteps      | 76288       |
| train/                  |             |
|    approx_kl            | 0.001372623 |
|    clip_fraction        | 0           |
|    clip_range           | 0.15        |
|    entropy_loss         | -4.14       |
|    explained_variance   | 0.989       |
|    learning_rate        | 0.0001      |
|    loss                 | -0.0255     |
|    n_updates            | 891         |
|    policy_gradient_loss | -0.00937    |
|    value_loss           | 0.0145      |
-----------------------------------------
------------------------------------------
| rollout/                |              |
|    ep_len_mean          | 38.8         |
|    ep_rew_mean          | -43.7        |
| time/                   |              |
|    fps                  | 17           |
|    iterations           | 299          |
|    time_elapsed         | 4437         |
|    total_timesteps      | 76544        |
| train/                  |              |
|    approx_kl            | 0.0013719108 |
|    clip_fraction        | 0.00911      |
|    clip_range           | 0.15         |
|    entropy_loss         | -4.12        |
|    explained_variance   | 0.986        |
|    learning_rate        | 0.0001       |
|    loss                 | -0.0282      |
|    n_updates            | 894          |
|    policy_gradient_loss | -0.0121      |
|    value_loss           | 0.0171       |
------------------------------------------
-------------------------------------------
| rollout/                |               |
|    ep_len_mean          | 39            |
|    ep_rew_mean          | -43.8         |
| time/                   |               |
|    fps                  | 17            |
|    iterations           | 300           |
|    time_elapsed         | 4468          |
|    total_timesteps      | 76800         |
| train/                  |               |
|    approx_kl            | 0.00044360058 |
|    clip_fraction        | 0             |
|    clip_range           | 0.15          |
|    entropy_loss         | -4.15         |
|    explained_variance   | 0.99          |
|    learning_rate        | 0.0001        |
|    loss                 | -0.0159       |
|    n_updates            | 897           |
|    policy_gradient_loss | -0.00339      |
|    value_loss           | 0.0095        |
-------------------------------------------
-------------------------------------------
| rollout/                |               |
|    ep_len_mean          | 39.2          |
|    ep_rew_mean          | -43.8         |
| time/                   |               |
|    fps                  | 17            |
|    iterations           | 301           |
|    time_elapsed         | 4498          |
|    total_timesteps      | 77056         |
| train/                  |               |
|    approx_kl            | 0.00093732565 |
|    clip_fraction        | 0.00781       |
|    clip_range           | 0.15          |
|    entropy_loss         | -4.13         |
|    explained_variance   | 0.991         |
|    learning_rate        | 0.0001        |
|    loss                 | -0.0344       |
|    n_updates            | 900           |
|    policy_gradient_loss | -0.0124       |
|    value_loss           | 0.00818       |
-------------------------------------------
------------------------------------------
| rollout/                |              |
|    ep_len_mean          | 39.4         |
|    ep_rew_mean          | -43.7        |
| time/                   |              |
|    fps                  | 17           |
|    iterations           | 302          |
|    time_elapsed         | 4530         |
|    total_timesteps      | 77312        |
| train/                  |              |
|    approx_kl            | 0.0014487922 |
|    clip_fraction        | 0.00781      |
|    clip_range           | 0.15         |
|    entropy_loss         | -4.09        |
|    explained_variance   | 0.993        |
|    learning_rate        | 0.0001       |
|    loss                 | -0.0384      |
|    n_updates            | 903          |
|    policy_gradient_loss | -0.0143      |
|    value_loss           | 0.00628      |
------------------------------------------
------------------------------------------
| rollout/                |              |
|    ep_len_mean          | 39.4         |
|    ep_rew_mean          | -43.7        |
| time/                   |              |
|    fps                  | 16           |
|    iterations           | 303          |
|    time_elapsed         | 4575         |
|    total_timesteps      | 77568        |
| train/                  |              |
|    approx_kl            | 0.0012617761 |
|    clip_fraction        | 0            |
|    clip_range           | 0.15         |
|    entropy_loss         | -4.08        |
|    explained_variance   | 0.995        |
|    learning_rate        | 0.0001       |
|    loss                 | -0.0361      |
|    n_updates            | 906          |
|    policy_gradient_loss | -0.013       |
|    value_loss           | 0.00575      |
------------------------------------------
------------------------------------------
| rollout/                |              |
|    ep_len_mean          | 39.4         |
|    ep_rew_mean          | -43.7        |
| time/                   |              |
|    fps                  | 16           |
|    iterations           | 304          |
|    time_elapsed         | 4626         |
|    total_timesteps      | 77824        |
| train/                  |              |
|    approx_kl            | 0.0007737598 |
|    clip_fraction        | 0            |
|    clip_range           | 0.15         |
|    entropy_loss         | -4.13        |
|    explained_variance   | 0.987        |
|    learning_rate        | 0.0001       |
|    loss                 | -0.019       |
|    n_updates            | 909          |
|    policy_gradient_loss | -0.00598     |
|    value_loss           | 0.0128       |
------------------------------------------
------------------------------------------
| rollout/                |              |
|    ep_len_mean          | 39.4         |
|    ep_rew_mean          | -43.9        |
| time/                   |              |
|    fps                  | 16           |
|    iterations           | 305          |
|    time_elapsed         | 4671         |
|    total_timesteps      | 78080        |
| train/                  |              |
|    approx_kl            | 0.0010099916 |
|    clip_fraction        | 0            |
|    clip_range           | 0.15         |
|    entropy_loss         | -4.08        |
|    explained_variance   | 0.988        |
|    learning_rate        | 0.0001       |
|    loss                 | -0.031       |
|    n_updates            | 912          |
|    policy_gradient_loss | -0.0118      |
|    value_loss           | 0.0125       |
------------------------------------------
------------------------------------------
| rollout/                |              |
|    ep_len_mean          | 39.5         |
|    ep_rew_mean          | -44.1        |
| time/                   |              |
|    fps                  | 16           |
|    iterations           | 306          |
|    time_elapsed         | 4707         |
|    total_timesteps      | 78336        |
| train/                  |              |
|    approx_kl            | 0.0013916693 |
|    clip_fraction        | 0.00781      |
|    clip_range           | 0.15         |
|    entropy_loss         | -4.09        |
|    explained_variance   | 0.99         |
|    learning_rate        | 0.0001       |
|    loss                 | -0.0335      |
|    n_updates            | 915          |
|    policy_gradient_loss | -0.013       |
|    value_loss           | 0.0107       |
------------------------------------------
------------------------------------------
| rollout/                |              |
|    ep_len_mean          | 39.7         |
|    ep_rew_mean          | -44.1        |
| time/                   |              |
|    fps                  | 16           |
|    iterations           | 307          |
|    time_elapsed         | 4736         |
|    total_timesteps      | 78592        |
| train/                  |              |
|    approx_kl            | 0.0005540345 |
|    clip_fraction        | 0.0013       |
|    clip_range           | 0.15         |
|    entropy_loss         | -3.99        |
|    explained_variance   | 0.993        |
|    learning_rate        | 0.0001       |
|    loss                 | -0.0228      |
|    n_updates            | 918          |
|    policy_gradient_loss | -0.00686     |
|    value_loss           | 0.00724      |
------------------------------------------
-------------------------------------------
| rollout/                |               |
|    ep_len_mean          | 39.8          |
|    ep_rew_mean          | -44.2         |
| time/                   |               |
|    fps                  | 16            |
|    iterations           | 308           |
|    time_elapsed         | 4766          |
|    total_timesteps      | 78848         |
| train/                  |               |
|    approx_kl            | 0.00078586675 |
|    clip_fraction        | 0             |
|    clip_range           | 0.15          |
|    entropy_loss         | -4            |
|    explained_variance   | 0.994         |
|    learning_rate        | 0.0001        |
|    loss                 | -0.0341       |
|    n_updates            | 921           |
|    policy_gradient_loss | -0.0123       |
|    value_loss           | 0.00673       |
-------------------------------------------
------------------------------------------
| rollout/                |              |
|    ep_len_mean          | 40           |
|    ep_rew_mean          | -44.3        |
| time/                   |              |
|    fps                  | 16           |
|    iterations           | 309          |
|    time_elapsed         | 4796         |
|    total_timesteps      | 79104        |
| train/                  |              |
|    approx_kl            | 0.0011408378 |
|    clip_fraction        | 0.00781      |
|    clip_range           | 0.15         |
|    entropy_loss         | -3.97        |
|    explained_variance   | 0.994        |
|    learning_rate        | 0.0001       |
|    loss                 | -0.0355      |
|    n_updates            | 924          |
|    policy_gradient_loss | -0.0135      |
|    value_loss           | 0.00594      |
------------------------------------------
------------------------------------------
| rollout/                |              |
|    ep_len_mean          | 40.1         |
|    ep_rew_mean          | -44.2        |
| time/                   |              |
|    fps                  | 16           |
|    iterations           | 310          |
|    time_elapsed         | 4829         |
|    total_timesteps      | 79360        |
| train/                  |              |
|    approx_kl            | 0.0016533462 |
|    clip_fraction        | 0.00911      |
|    clip_range           | 0.15         |
|    entropy_loss         | -3.94        |
|    explained_variance   | 0.994        |
|    learning_rate        | 0.0001       |
|    loss                 | -0.0313      |
|    n_updates            | 927          |
|    policy_gradient_loss | -0.0118      |
|    value_loss           | 0.00602      |
------------------------------------------
------------------------------------------
| rollout/                |              |
|    ep_len_mean          | 40.2         |
|    ep_rew_mean          | -44.1        |
| time/                   |              |
|    fps                  | 16           |
|    iterations           | 311          |
|    time_elapsed         | 4859         |
|    total_timesteps      | 79616        |
| train/                  |              |
|    approx_kl            | 0.0009112451 |
|    clip_fraction        | 0            |
|    clip_range           | 0.15         |
|    entropy_loss         | -3.91        |
|    explained_variance   | 0.995        |
|    learning_rate        | 0.0001       |
|    loss                 | -0.0241      |
|    n_updates            | 930          |
|    policy_gradient_loss | -0.0072      |
|    value_loss           | 0.00599      |
------------------------------------------
------------------------------------------
| rollout/                |              |
|    ep_len_mean          | 40.4         |
|    ep_rew_mean          | -44          |
| time/                   |              |
|    fps                  | 16           |
|    iterations           | 312          |
|    time_elapsed         | 4889         |
|    total_timesteps      | 79872        |
| train/                  |              |
|    approx_kl            | 0.0012379107 |
|    clip_fraction        | 0            |
|    clip_range           | 0.15         |
|    entropy_loss         | -3.92        |
|    explained_variance   | 0.996        |
|    learning_rate        | 0.0001       |
|    loss                 | -0.0336      |
|    n_updates            | 933          |
|    policy_gradient_loss | -0.0116      |
|    value_loss           | 0.00437      |
------------------------------------------
-----------------------------------------
| rollout/                |             |
|    ep_len_mean          | 40.4        |
|    ep_rew_mean          | -44         |
| time/                   |             |
|    fps                  | 16          |
|    iterations           | 313         |
|    time_elapsed         | 4940        |
|    total_timesteps      | 80128       |
| train/                  |             |
|    approx_kl            | 0.001517029 |
|    clip_fraction        | 0.00911     |
|    clip_range           | 0.15        |
|    entropy_loss         | -3.93       |
|    explained_variance   | 0.997       |
|    learning_rate        | 0.0001      |
|    loss                 | -0.0364     |
|    n_updates            | 936         |
|    policy_gradient_loss | -0.013      |
|    value_loss           | 0.0035      |
-----------------------------------------
------------------------------------------
| rollout/                |              |
|    ep_len_mean          | 40.3         |
|    ep_rew_mean          | -44          |
| time/                   |              |
|    fps                  | 16           |
|    iterations           | 314          |
|    time_elapsed         | 4986         |
|    total_timesteps      | 80384        |
| train/                  |              |
|    approx_kl            | 0.0005505346 |
|    clip_fraction        | 0            |
|    clip_range           | 0.15         |
|    entropy_loss         | -3.95        |
|    explained_variance   | 0.989        |
|    learning_rate        | 0.0001       |
|    loss                 | -0.0125      |
|    n_updates            | 939          |
|    policy_gradient_loss | -0.00303     |
|    value_loss           | 0.0134       |
------------------------------------------
-------------------------------------------
| rollout/                |               |
|    ep_len_mean          | 40.2          |
|    ep_rew_mean          | -44.2         |
| time/                   |               |
|    fps                  | 16            |
|    iterations           | 315           |
|    time_elapsed         | 5038          |
|    total_timesteps      | 80640         |
| train/                  |               |
|    approx_kl            | 0.00066636247 |
|    clip_fraction        | 0             |
|    clip_range           | 0.15          |
|    entropy_loss         | -4            |
|    explained_variance   | 0.99          |
|    learning_rate        | 0.0001        |
|    loss                 | -0.0289       |
|    n_updates            | 942           |
|    policy_gradient_loss | -0.0107       |
|    value_loss           | 0.0113        |
-------------------------------------------
------------------------------------------
| rollout/                |              |
|    ep_len_mean          | 40.1         |
|    ep_rew_mean          | -44.3        |
| time/                   |              |
|    fps                  | 15           |
|    iterations           | 316          |
|    time_elapsed         | 5083         |
|    total_timesteps      | 80896        |
| train/                  |              |
|    approx_kl            | 0.0010719523 |
|    clip_fraction        | 0.00911      |
|    clip_range           | 0.15         |
|    entropy_loss         | -3.96        |
|    explained_variance   | 0.991        |
|    learning_rate        | 0.0001       |
|    loss                 | -0.0355      |
|    n_updates            | 945          |
|    policy_gradient_loss | -0.0141      |
|    value_loss           | 0.0109       |
------------------------------------------
------------------------------------------
| rollout/                |              |
|    ep_len_mean          | 39.9         |
|    ep_rew_mean          | -44.4        |
| time/                   |              |
|    fps                  | 15           |
|    iterations           | 317          |
|    time_elapsed         | 5134         |
|    total_timesteps      | 81152        |
| train/                  |              |
|    approx_kl            | 0.0011999246 |
|    clip_fraction        | 0.00781      |
|    clip_range           | 0.15         |
|    entropy_loss         | -4           |
|    explained_variance   | 0.992        |
|    learning_rate        | 0.0001       |
|    loss                 | -0.0359      |
|    n_updates            | 948          |
|    policy_gradient_loss | -0.0139      |
|    value_loss           | 0.00945      |
------------------------------------------
-----------------------------------------
| rollout/                |             |
|    ep_len_mean          | 40          |
|    ep_rew_mean          | -44.4       |
| time/                   |             |
|    fps                  | 15          |
|    iterations           | 318         |
|    time_elapsed         | 5165        |
|    total_timesteps      | 81408       |
| train/                  |             |
|    approx_kl            | 0.001888809 |
|    clip_fraction        | 0.00911     |
|    clip_range           | 0.15        |
|    entropy_loss         | -3.98       |
|    explained_variance   | 0.995       |
|    learning_rate        | 0.0001      |
|    loss                 | -0.0309     |
|    n_updates            | 951         |
|    policy_gradient_loss | -0.0109     |
|    value_loss           | 0.006       |
-----------------------------------------
------------------------------------------
| rollout/                |              |
|    ep_len_mean          | 40.1         |
|    ep_rew_mean          | -44.3        |
| time/                   |              |
|    fps                  | 15           |
|    iterations           | 319          |
|    time_elapsed         | 5195         |
|    total_timesteps      | 81664        |
| train/                  |              |
|    approx_kl            | 0.0005710793 |
|    clip_fraction        | 0            |
|    clip_range           | 0.15         |
|    entropy_loss         | -3.94        |
|    explained_variance   | 0.994        |
|    learning_rate        | 0.0001       |
|    loss                 | -0.0153      |
|    n_updates            | 954          |
|    policy_gradient_loss | -0.00323     |
|    value_loss           | 0.00756      |
------------------------------------------
-------------------------------------------
| rollout/                |               |
|    ep_len_mean          | 40.4          |
|    ep_rew_mean          | -44.7         |
| time/                   |               |
|    fps                  | 15            |
|    iterations           | 320           |
|    time_elapsed         | 5226          |
|    total_timesteps      | 81920         |
| train/                  |               |
|    approx_kl            | 0.00062894775 |
|    clip_fraction        | 0             |
|    clip_range           | 0.15          |
|    entropy_loss         | -3.91         |
|    explained_variance   | 0.994         |
|    learning_rate        | 0.0001        |
|    loss                 | -0.0207       |
|    n_updates            | 957           |
|    policy_gradient_loss | -0.00611      |
|    value_loss           | 0.00818       |
-------------------------------------------
------------------------------------------
| rollout/                |              |
|    ep_len_mean          | 40.7         |
|    ep_rew_mean          | -45.3        |
| time/                   |              |
|    fps                  | 15           |
|    iterations           | 321          |
|    time_elapsed         | 5257         |
|    total_timesteps      | 82176        |
| train/                  |              |
|    approx_kl            | 0.0003782045 |
|    clip_fraction        | 0            |
|    clip_range           | 0.15         |
|    entropy_loss         | -4.51        |
|    explained_variance   | 0.831        |
|    learning_rate        | 0.0001       |
|    loss                 | 0.0933       |
|    n_updates            | 960          |
|    policy_gradient_loss | -0.00541     |
|    value_loss           | 0.25         |
------------------------------------------
-------------------------------------------
| rollout/                |               |
|    ep_len_mean          | 40.7          |
|    ep_rew_mean          | -45.7         |
| time/                   |               |
|    fps                  | 15            |
|    iterations           | 322           |
|    time_elapsed         | 5274          |
|    total_timesteps      | 82432         |
| train/                  |               |
|    approx_kl            | 0.00070576905 |
|    clip_fraction        | 0             |
|    clip_range           | 0.15          |
|    entropy_loss         | -4.53         |
|    explained_variance   | 0.828         |
|    learning_rate        | 0.0001        |
|    loss                 | 0.0548        |
|    n_updates            | 963           |
|    policy_gradient_loss | -0.0122       |
|    value_loss           | 0.211         |
-------------------------------------------
------------------------------------------
| rollout/                |              |
|    ep_len_mean          | 40.7         |
|    ep_rew_mean          | -46.1        |
| time/                   |              |
|    fps                  | 15           |
|    iterations           | 323          |
|    time_elapsed         | 5289         |
|    total_timesteps      | 82688        |
| train/                  |              |
|    approx_kl            | 0.0003036554 |
|    clip_fraction        | 0            |
|    clip_range           | 0.15         |
|    entropy_loss         | -4.35        |
|    explained_variance   | 0.942        |
|    learning_rate        | 0.0001       |
|    loss                 | 0.00698      |
|    n_updates            | 966          |
|    policy_gradient_loss | -0.00521     |
|    value_loss           | 0.0717       |
------------------------------------------
------------------------------------------
| rollout/                |              |
|    ep_len_mean          | 40.7         |
|    ep_rew_mean          | -46.5        |
| time/                   |              |
|    fps                  | 15           |
|    iterations           | 324          |
|    time_elapsed         | 5302         |
|    total_timesteps      | 82944        |
| train/                  |              |
|    approx_kl            | 0.0008825755 |
|    clip_fraction        | 0            |
|    clip_range           | 0.15         |
|    entropy_loss         | -4.34        |
|    explained_variance   | 0.961        |
|    learning_rate        | 0.0001       |
|    loss                 | -0.0212      |
|    n_updates            | 969          |
|    policy_gradient_loss | -0.0132      |
|    value_loss           | 0.0442       |
------------------------------------------
------------------------------------------
| rollout/                |              |
|    ep_len_mean          | 40.6         |
|    ep_rew_mean          | -46.6        |
| time/                   |              |
|    fps                  | 15           |
|    iterations           | 325          |
|    time_elapsed         | 5318         |
|    total_timesteps      | 83200        |
| train/                  |              |
|    approx_kl            | 0.0014580172 |
|    clip_fraction        | 0            |
|    clip_range           | 0.15         |
|    entropy_loss         | -4.33        |
|    explained_variance   | 0.974        |
|    learning_rate        | 0.0001       |
|    loss                 | -0.0272      |
|    n_updates            | 972          |
|    policy_gradient_loss | -0.0151      |
|    value_loss           | 0.0349       |
------------------------------------------
------------------------------------------
| rollout/                |              |
|    ep_len_mean          | 40.4         |
|    ep_rew_mean          | -46.8        |
| time/                   |              |
|    fps                  | 15           |
|    iterations           | 326          |
|    time_elapsed         | 5335         |
|    total_timesteps      | 83456        |
| train/                  |              |
|    approx_kl            | 0.0010317233 |
|    clip_fraction        | 0            |
|    clip_range           | 0.15         |
|    entropy_loss         | -4.54        |
|    explained_variance   | 0.919        |
|    learning_rate        | 0.0001       |
|    loss                 | 0.0173       |
|    n_updates            | 975          |
|    policy_gradient_loss | -0.00891     |
|    value_loss           | 0.101        |
------------------------------------------
------------------------------------------
| rollout/                |              |
|    ep_len_mean          | 40.3         |
|    ep_rew_mean          | -46.9        |
| time/                   |              |
|    fps                  | 15           |
|    iterations           | 327          |
|    time_elapsed         | 5352         |
|    total_timesteps      | 83712        |
| train/                  |              |
|    approx_kl            | 0.0017112338 |
|    clip_fraction        | 0            |
|    clip_range           | 0.15         |
|    entropy_loss         | -4.5         |
|    explained_variance   | 0.927        |
|    learning_rate        | 0.0001       |
|    loss                 | -0.0103      |
|    n_updates            | 978          |
|    policy_gradient_loss | -0.0168      |
|    value_loss           | 0.0866       |
------------------------------------------
-----------------------------------------
| rollout/                |             |
|    ep_len_mean          | 40.2        |
|    ep_rew_mean          | -47         |
| time/                   |             |
|    fps                  | 15          |
|    iterations           | 328         |
|    time_elapsed         | 5368        |
|    total_timesteps      | 83968       |
| train/                  |             |
|    approx_kl            | 0.002638837 |
|    clip_fraction        | 0.00781     |
|    clip_range           | 0.15        |
|    entropy_loss         | -4.55       |
|    explained_variance   | 0.933       |
|    learning_rate        | 0.0001      |
|    loss                 | -0.0275     |
|    n_updates            | 981         |
|    policy_gradient_loss | -0.0213     |
|    value_loss           | 0.0693      |
-----------------------------------------
-----------------------------------------
| rollout/                |             |
|    ep_len_mean          | 40.2        |
|    ep_rew_mean          | -47.1       |
| time/                   |             |
|    fps                  | 15          |
|    iterations           | 329         |
|    time_elapsed         | 5385        |
|    total_timesteps      | 84224       |
| train/                  |             |
|    approx_kl            | 0.003295081 |
|    clip_fraction        | 0.0247      |
|    clip_range           | 0.15        |
|    entropy_loss         | -4.49       |
|    explained_variance   | 0.967       |
|    learning_rate        | 0.0001      |
|    loss                 | -0.0454     |
|    n_updates            | 984         |
|    policy_gradient_loss | -0.0239     |
|    value_loss           | 0.0333      |
-----------------------------------------
------------------------------------------
| rollout/                |              |
|    ep_len_mean          | 39.9         |
|    ep_rew_mean          | -46.8        |
| time/                   |              |
|    fps                  | 15           |
|    iterations           | 330          |
|    time_elapsed         | 5397         |
|    total_timesteps      | 84480        |
| train/                  |              |
|    approx_kl            | 0.0033996166 |
|    clip_fraction        | 0.0273       |
|    clip_range           | 0.15         |
|    entropy_loss         | -4.52        |
|    explained_variance   | 0.969        |
|    learning_rate        | 0.0001       |
|    loss                 | -0.0432      |
|    n_updates            | 987          |
|    policy_gradient_loss | -0.0231      |
|    value_loss           | 0.0315       |
------------------------------------------
------------------------------------------
| rollout/                |              |
|    ep_len_mean          | 39.5         |
|    ep_rew_mean          | -46.4        |
| time/                   |              |
|    fps                  | 15           |
|    iterations           | 331          |
|    time_elapsed         | 5410         |
|    total_timesteps      | 84736        |
| train/                  |              |
|    approx_kl            | 0.0013172755 |
|    clip_fraction        | 0            |
|    clip_range           | 0.15         |
|    entropy_loss         | -4.32        |
|    explained_variance   | 0.861        |
|    learning_rate        | 0.0001       |
|    loss                 | 0.017        |
|    n_updates            | 990          |
|    policy_gradient_loss | -0.0163      |
|    value_loss           | 0.143        |
------------------------------------------
------------------------------------------
| rollout/                |              |
|    ep_len_mean          | 39.1         |
|    ep_rew_mean          | -46          |
| time/                   |              |
|    fps                  | 15           |
|    iterations           | 332          |
|    time_elapsed         | 5423         |
|    total_timesteps      | 84992        |
| train/                  |              |
|    approx_kl            | 0.0023002343 |
|    clip_fraction        | 0.0104       |
|    clip_range           | 0.15         |
|    entropy_loss         | -4.32        |
|    explained_variance   | 0.855        |
|    learning_rate        | 0.0001       |
|    loss                 | 0.0045       |
|    n_updates            | 993          |
|    policy_gradient_loss | -0.023       |
|    value_loss           | 0.141        |
------------------------------------------
------------------------------------------
| rollout/                |              |
|    ep_len_mean          | 38.6         |
|    ep_rew_mean          | -45.8        |
| time/                   |              |
|    fps                  | 15           |
|    iterations           | 333          |
|    time_elapsed         | 5439         |
|    total_timesteps      | 85248        |
| train/                  |              |
|    approx_kl            | 0.0021975117 |
|    clip_fraction        | 0.00911      |
|    clip_range           | 0.15         |
|    entropy_loss         | -4.26        |
|    explained_variance   | 0.944        |
|    learning_rate        | 0.0001       |
|    loss                 | -0.0401      |
|    n_updates            | 996          |
|    policy_gradient_loss | -0.0249      |
|    value_loss           | 0.0527       |
------------------------------------------
------------------------------------------
| rollout/                |              |
|    ep_len_mean          | 38.1         |
|    ep_rew_mean          | -45.6        |
| time/                   |              |
|    fps                  | 15           |
|    iterations           | 334          |
|    time_elapsed         | 5455         |
|    total_timesteps      | 85504        |
| train/                  |              |
|    approx_kl            | 0.0016157085 |
|    clip_fraction        | 0            |
|    clip_range           | 0.15         |
|    entropy_loss         | -4.2         |
|    explained_variance   | 0.861        |
|    learning_rate        | 0.0001       |
|    loss                 | 0.0196       |
|    n_updates            | 999          |
|    policy_gradient_loss | -0.0142      |
|    value_loss           | 0.13         |
------------------------------------------
------------------------------------------
| rollout/                |              |
|    ep_len_mean          | 37.3         |
|    ep_rew_mean          | -44.6        |
| time/                   |              |
|    fps                  | 15           |
|    iterations           | 335          |
|    time_elapsed         | 5472         |
|    total_timesteps      | 85760        |
| train/                  |              |
|    approx_kl            | 0.0022573061 |
|    clip_fraction        | 0.00911      |
|    clip_range           | 0.15         |
|    entropy_loss         | -4.19        |
|    explained_variance   | 0.888        |
|    learning_rate        | 0.0001       |
|    loss                 | -0.0133      |
|    n_updates            | 1002         |
|    policy_gradient_loss | -0.0213      |
|    value_loss           | 0.0927       |
------------------------------------------
-----------------------------------------
| rollout/                |             |
|    ep_len_mean          | 36.7        |
|    ep_rew_mean          | -43.8       |
| time/                   |             |
|    fps                  | 15          |
|    iterations           | 336         |
|    time_elapsed         | 5487        |
|    total_timesteps      | 86016       |
| train/                  |             |
|    approx_kl            | 0.002916849 |
|    clip_fraction        | 0.0195      |
|    clip_range           | 0.15        |
|    entropy_loss         | -4.17       |
|    explained_variance   | 0.925       |
|    learning_rate        | 0.0001      |
|    loss                 | -0.0371     |
|    n_updates            | 1005        |
|    policy_gradient_loss | -0.026      |
|    value_loss           | 0.0608      |
-----------------------------------------
------------------------------------------
| rollout/                |              |
|    ep_len_mean          | 36.1         |
|    ep_rew_mean          | -43          |
| time/                   |              |
|    fps                  | 15           |
|    iterations           | 337          |
|    time_elapsed         | 5503         |
|    total_timesteps      | 86272        |
| train/                  |              |
|    approx_kl            | 0.0024786594 |
|    clip_fraction        | 0.0182       |
|    clip_range           | 0.15         |
|    entropy_loss         | -4.21        |
|    explained_variance   | 0.96         |
|    learning_rate        | 0.0001       |
|    loss                 | -0.0411      |
|    n_updates            | 1008         |
|    policy_gradient_loss | -0.0228      |
|    value_loss           | 0.0331       |
------------------------------------------
------------------------------------------
| rollout/                |              |
|    ep_len_mean          | 35.6         |
|    ep_rew_mean          | -42.3        |
| time/                   |              |
|    fps                  | 15           |
|    iterations           | 338          |
|    time_elapsed         | 5516         |
|    total_timesteps      | 86528        |
| train/                  |              |
|    approx_kl            | 0.0029074613 |
|    clip_fraction        | 0.0208       |
|    clip_range           | 0.15         |
|    entropy_loss         | -4.19        |
|    explained_variance   | 0.974        |
|    learning_rate        | 0.0001       |
|    loss                 | -0.0499      |
|    n_updates            | 1011         |
|    policy_gradient_loss | -0.0252      |
|    value_loss           | 0.0268       |
------------------------------------------
-----------------------------------------
| rollout/                |             |
|    ep_len_mean          | 35.1        |
|    ep_rew_mean          | -41.9       |
| time/                   |             |
|    fps                  | 15          |
|    iterations           | 339         |
|    time_elapsed         | 5529        |
|    total_timesteps      | 86784       |
| train/                  |             |
|    approx_kl            | 0.004748334 |
|    clip_fraction        | 0.0378      |
|    clip_range           | 0.15        |
|    entropy_loss         | -4.22       |
|    explained_variance   | 0.97        |
|    learning_rate        | 0.0001      |
|    loss                 | -0.0388     |
|    n_updates            | 1014        |
|    policy_gradient_loss | -0.0213     |
|    value_loss           | 0.0329      |
-----------------------------------------
-----------------------------------------
| rollout/                |             |
|    ep_len_mean          | 34.6        |
|    ep_rew_mean          | -41.5       |
| time/                   |             |
|    fps                  | 15          |
|    iterations           | 340         |
|    time_elapsed         | 5542        |
|    total_timesteps      | 87040       |
| train/                  |             |
|    approx_kl            | 0.005325283 |
|    clip_fraction        | 0.0612      |
|    clip_range           | 0.15        |
|    entropy_loss         | -4.23       |
|    explained_variance   | 0.974       |
|    learning_rate        | 0.0001      |
|    loss                 | -0.0395     |
|    n_updates            | 1017        |
|    policy_gradient_loss | -0.0201     |
|    value_loss           | 0.027       |
-----------------------------------------
------------------------------------------
| rollout/                |              |
|    ep_len_mean          | 34.1         |
|    ep_rew_mean          | -41.1        |
| time/                   |              |
|    fps                  | 15           |
|    iterations           | 341          |
|    time_elapsed         | 5555         |
|    total_timesteps      | 87296        |
| train/                  |              |
|    approx_kl            | 0.0028208233 |
|    clip_fraction        | 0.0208       |
|    clip_range           | 0.15         |
|    entropy_loss         | -4.22        |
|    explained_variance   | 0.979        |
|    learning_rate        | 0.0001       |
|    loss                 | -0.0392      |
|    n_updates            | 1020         |
|    policy_gradient_loss | -0.0175      |
|    value_loss           | 0.0208       |
------------------------------------------
------------------------------------------
| rollout/                |              |
|    ep_len_mean          | 33.8         |
|    ep_rew_mean          | -40.8        |
| time/                   |              |
|    fps                  | 15           |
|    iterations           | 342          |
|    time_elapsed         | 5571         |
|    total_timesteps      | 87552        |
| train/                  |              |
|    approx_kl            | 0.0024895647 |
|    clip_fraction        | 0.0208       |
|    clip_range           | 0.15         |
|    entropy_loss         | -4.19        |
|    explained_variance   | 0.979        |
|    learning_rate        | 0.0001       |
|    loss                 | -0.0552      |
|    n_updates            | 1023         |
|    policy_gradient_loss | -0.0249      |
|    value_loss           | 0.018        |
------------------------------------------
------------------------------------------
| rollout/                |              |
|    ep_len_mean          | 33.7         |
|    ep_rew_mean          | -40.7        |
| time/                   |              |
|    fps                  | 15           |
|    iterations           | 343          |
|    time_elapsed         | 5587         |
|    total_timesteps      | 87808        |
| train/                  |              |
|    approx_kl            | 0.0018768096 |
|    clip_fraction        | 0            |
|    clip_range           | 0.15         |
|    entropy_loss         | -4.14        |
|    explained_variance   | 0.976        |
|    learning_rate        | 0.0001       |
|    loss                 | -0.0473      |
|    n_updates            | 1026         |
|    policy_gradient_loss | -0.0214      |
|    value_loss           | 0.0201       |
------------------------------------------
-----------------------------------------
| rollout/                |             |
|    ep_len_mean          | 33.7        |
|    ep_rew_mean          | -40.8       |
| time/                   |             |
|    fps                  | 15          |
|    iterations           | 344         |
|    time_elapsed         | 5604        |
|    total_timesteps      | 88064       |
| train/                  |             |
|    approx_kl            | 0.003018369 |
|    clip_fraction        | 0.0208      |
|    clip_range           | 0.15        |
|    entropy_loss         | -4.11       |
|    explained_variance   | 0.983       |
|    learning_rate        | 0.0001      |
|    loss                 | -0.0562     |
|    n_updates            | 1029        |
|    policy_gradient_loss | -0.026      |
|    value_loss           | 0.0167      |
-----------------------------------------
------------------------------------------
| rollout/                |              |
|    ep_len_mean          | 33.7         |
|    ep_rew_mean          | -40.8        |
| time/                   |              |
|    fps                  | 15           |
|    iterations           | 345          |
|    time_elapsed         | 5620         |
|    total_timesteps      | 88320        |
| train/                  |              |
|    approx_kl            | 0.0018886824 |
|    clip_fraction        | 0.00911      |
|    clip_range           | 0.15         |
|    entropy_loss         | -4.11        |
|    explained_variance   | 0.99         |
|    learning_rate        | 0.0001       |
|    loss                 | -0.0458      |
|    n_updates            | 1032         |
|    policy_gradient_loss | -0.0189      |
|    value_loss           | 0.0104       |
------------------------------------------
------------------------------------------
| rollout/                |              |
|    ep_len_mean          | 33.7         |
|    ep_rew_mean          | -40.8        |
| time/                   |              |
|    fps                  | 15           |
|    iterations           | 346          |
|    time_elapsed         | 5636         |
|    total_timesteps      | 88576        |
| train/                  |              |
|    approx_kl            | 0.0017879386 |
|    clip_fraction        | 0.0104       |
|    clip_range           | 0.15         |
|    entropy_loss         | -4.12        |
|    explained_variance   | 0.991        |
|    learning_rate        | 0.0001       |
|    loss                 | -0.0406      |
|    n_updates            | 1035         |
|    policy_gradient_loss | -0.0161      |
|    value_loss           | 0.0109       |
------------------------------------------
------------------------------------------
| rollout/                |              |
|    ep_len_mean          | 33.7         |
|    ep_rew_mean          | -40.8        |
| time/                   |              |
|    fps                  | 15           |
|    iterations           | 347          |
|    time_elapsed         | 5653         |
|    total_timesteps      | 88832        |
| train/                  |              |
|    approx_kl            | 0.0027562066 |
|    clip_fraction        | 0.0182       |
|    clip_range           | 0.15         |
|    entropy_loss         | -4.09        |
|    explained_variance   | 0.99         |
|    learning_rate        | 0.0001       |
|    loss                 | -0.0326      |
|    n_updates            | 1038         |
|    policy_gradient_loss | -0.0134      |
|    value_loss           | 0.0094       |
------------------------------------------
-----------------------------------------
| rollout/                |             |
|    ep_len_mean          | 33.7        |
|    ep_rew_mean          | -40.8       |
| time/                   |             |
|    fps                  | 15          |
|    iterations           | 348         |
|    time_elapsed         | 5669        |
|    total_timesteps      | 89088       |
| train/                  |             |
|    approx_kl            | 0.002837265 |
|    clip_fraction        | 0.0312      |
|    clip_range           | 0.15        |
|    entropy_loss         | -4.1        |
|    explained_variance   | 0.993       |
|    learning_rate        | 0.0001      |
|    loss                 | -0.0418     |
|    n_updates            | 1041        |
|    policy_gradient_loss | -0.0175     |
|    value_loss           | 0.00681     |
-----------------------------------------
------------------------------------------
| rollout/                |              |
|    ep_len_mean          | 33.7         |
|    ep_rew_mean          | -40.8        |
| time/                   |              |
|    fps                  | 15           |
|    iterations           | 349          |
|    time_elapsed         | 5686         |
|    total_timesteps      | 89344        |
| train/                  |              |
|    approx_kl            | 0.0019245893 |
|    clip_fraction        | 0.0182       |
|    clip_range           | 0.15         |
|    entropy_loss         | -4.08        |
|    explained_variance   | 0.993        |
|    learning_rate        | 0.0001       |
|    loss                 | -0.0356      |
|    n_updates            | 1044         |
|    policy_gradient_loss | -0.0129      |
|    value_loss           | 0.00597      |
------------------------------------------
------------------------------------------
| rollout/                |              |
|    ep_len_mean          | 33.7         |
|    ep_rew_mean          | -40.8        |
| time/                   |              |
|    fps                  | 15           |
|    iterations           | 350          |
|    time_elapsed         | 5703         |
|    total_timesteps      | 89600        |
| train/                  |              |
|    approx_kl            | 0.0016926285 |
|    clip_fraction        | 0.0104       |
|    clip_range           | 0.15         |
|    entropy_loss         | -4.09        |
|    explained_variance   | 0.994        |
|    learning_rate        | 0.0001       |
|    loss                 | -0.0376      |
|    n_updates            | 1047         |
|    policy_gradient_loss | -0.0136      |
|    value_loss           | 0.00552      |
------------------------------------------
------------------------------------------
| rollout/                |              |
|    ep_len_mean          | 33.8         |
|    ep_rew_mean          | -40.8        |
| time/                   |              |
|    fps                  | 15           |
|    iterations           | 351          |
|    time_elapsed         | 5719         |
|    total_timesteps      | 89856        |
| train/                  |              |
|    approx_kl            | 0.0016118712 |
|    clip_fraction        | 0            |
|    clip_range           | 0.15         |
|    entropy_loss         | -4.06        |
|    explained_variance   | 0.994        |
|    learning_rate        | 0.0001       |
|    loss                 | -0.0441      |
|    n_updates            | 1050         |
|    policy_gradient_loss | -0.0168      |
|    value_loss           | 0.00465      |
------------------------------------------
-----------------------------------------
| rollout/                |             |
|    ep_len_mean          | 33.8        |
|    ep_rew_mean          | -40.8       |
| time/                   |             |
|    fps                  | 15          |
|    iterations           | 352         |
|    time_elapsed         | 5736        |
|    total_timesteps      | 90112       |
| train/                  |             |
|    approx_kl            | 0.001928428 |
|    clip_fraction        | 0.0104      |
|    clip_range           | 0.15        |
|    entropy_loss         | -4.1        |
|    explained_variance   | 0.995       |
|    learning_rate        | 0.0001      |
|    loss                 | -0.0417     |
|    n_updates            | 1053        |
|    policy_gradient_loss | -0.0156     |
|    value_loss           | 0.00447     |
-----------------------------------------
=== TRAIN PHASE 2/2 side=US scenario=battaglia_cittadina_2_1 episodes=700 timesteps=210000 ===
Using DummyVecEnv with num_envs=1
Logging to C:\repos\python\assault\models\scenario_battaglia_cittadina_2_1\side_US\runs\sb3_20260626T091057Z\PPO_2
---------------------------------
| rollout/           |          |
|    ep_len_mean     | 43.6     |
|    ep_rew_mean     | -41.7    |
| time/              |          |
|    fps             | 9        |
|    iterations      | 1        |
|    time_elapsed    | 26       |
|    total_timesteps | 256      |
---------------------------------
------------------------------------------
| rollout/                |              |
|    ep_len_mean          | 43.4         |
|    ep_rew_mean          | -41.7        |
| time/                   |              |
|    fps                  | 11           |
|    iterations           | 2            |
|    time_elapsed         | 43           |
|    total_timesteps      | 512          |
| train/                  |              |
|    approx_kl            | 0.0004964152 |
|    clip_fraction        | 0            |
|    clip_range           | 0.15         |
|    entropy_loss         | -4.47        |
|    explained_variance   | 0.0466       |
|    learning_rate        | 0.0001       |
|    loss                 | 1.53         |
|    n_updates            | 1059         |
|    policy_gradient_loss | -0.000427    |
|    value_loss           | 3.12         |
------------------------------------------
-------------------------------------------
| rollout/                |               |
|    ep_len_mean          | 43.3          |
|    ep_rew_mean          | -41.7         |
| time/                   |               |
|    fps                  | 13            |
|    iterations           | 3             |
|    time_elapsed         | 58            |
|    total_timesteps      | 768           |
| train/                  |               |
|    approx_kl            | 0.00036182045 |
|    clip_fraction        | 0             |
|    clip_range           | 0.15          |
|    entropy_loss         | -4.52         |
|    explained_variance   | 0.371         |
|    learning_rate        | 0.0001        |
|    loss                 | 0.34          |
|    n_updates            | 1062          |
|    policy_gradient_loss | -0.00414      |
|    value_loss           | 0.754         |
-------------------------------------------
-------------------------------------------
| rollout/                |               |
|    ep_len_mean          | 43.3          |
|    ep_rew_mean          | -41.8         |
| time/                   |               |
|    fps                  | 12            |
|    iterations           | 4             |
|    time_elapsed         | 78            |
|    total_timesteps      | 1024          |
| train/                  |               |
|    approx_kl            | 0.00043245102 |
|    clip_fraction        | 0             |
|    clip_range           | 0.15          |
|    entropy_loss         | -4.51         |
|    explained_variance   | 0.5           |
|    learning_rate        | 0.0001        |
|    loss                 | 0.3           |
|    n_updates            | 1065          |
|    policy_gradient_loss | -0.0084       |
|    value_loss           | 0.711         |
-------------------------------------------
------------------------------------------
| rollout/                |              |
|    ep_len_mean          | 43.4         |
|    ep_rew_mean          | -41.8        |
| time/                   |              |
|    fps                  | 13           |
|    iterations           | 5            |
|    time_elapsed         | 93           |
|    total_timesteps      | 1280         |
| train/                  |              |
|    approx_kl            | 0.0005384763 |
|    clip_fraction        | 0            |
|    clip_range           | 0.15         |
|    entropy_loss         | -4.44        |
|    explained_variance   | 0.627        |
|    learning_rate        | 0.0001       |
|    loss                 | 0.212        |
|    n_updates            | 1068         |
|    policy_gradient_loss | -0.0116      |
|    value_loss           | 0.544        |
------------------------------------------
-------------------------------------------
| rollout/                |               |
|    ep_len_mean          | 43.5          |
|    ep_rew_mean          | -41.9         |
| time/                   |               |
|    fps                  | 13            |
|    iterations           | 6             |
|    time_elapsed         | 109           |
|    total_timesteps      | 1536          |
| train/                  |               |
|    approx_kl            | 0.00071417703 |
|    clip_fraction        | 0             |
|    clip_range           | 0.15          |
|    entropy_loss         | -4.57         |
|    explained_variance   | 0.725         |
|    learning_rate        | 0.0001        |
|    loss                 | 0.185         |
|    n_updates            | 1071          |
|    policy_gradient_loss | -0.0135       |
|    value_loss           | 0.482         |
-------------------------------------------
------------------------------------------
| rollout/                |              |
|    ep_len_mean          | 43.6         |
|    ep_rew_mean          | -42          |
| time/                   |              |
|    fps                  | 14           |
|    iterations           | 7            |
|    time_elapsed         | 123          |
|    total_timesteps      | 1792         |
| train/                  |              |
|    approx_kl            | 0.0010288295 |
|    clip_fraction        | 0.00651      |
|    clip_range           | 0.15         |
|    entropy_loss         | -4.57        |
|    explained_variance   | 0.778        |
|    learning_rate        | 0.0001       |
|    loss                 | 0.152        |
|    n_updates            | 1074         |
|    policy_gradient_loss | -0.0172      |
|    value_loss           | 0.431        |
------------------------------------------
------------------------------------------
| rollout/                |              |
|    ep_len_mean          | 43.7         |
|    ep_rew_mean          | -42          |
| time/                   |              |
|    fps                  | 14           |
|    iterations           | 8            |
|    time_elapsed         | 137          |
|    total_timesteps      | 2048         |
| train/                  |              |
|    approx_kl            | 0.0014780485 |
|    clip_fraction        | 0.00781      |
|    clip_range           | 0.15         |
|    entropy_loss         | -4.66        |
|    explained_variance   | 0.806        |
|    learning_rate        | 0.0001       |
|    loss                 | 0.113        |
|    n_updates            | 1077         |
|    policy_gradient_loss | -0.0217      |
|    value_loss           | 0.378        |
------------------------------------------
------------------------------------------
| rollout/                |              |
|    ep_len_mean          | 43.7         |
|    ep_rew_mean          | -42          |
| time/                   |              |
|    fps                  | 15           |
|    iterations           | 9            |
|    time_elapsed         | 151          |
|    total_timesteps      | 2304         |
| train/                  |              |
|    approx_kl            | 0.0015271083 |
|    clip_fraction        | 0.00781      |
|    clip_range           | 0.15         |
|    entropy_loss         | -4.66        |
|    explained_variance   | 0.826        |
|    learning_rate        | 0.0001       |
|    loss                 | 0.0746       |
|    n_updates            | 1080         |
|    policy_gradient_loss | -0.0185      |
|    value_loss           | 0.276        |
------------------------------------------
------------------------------------------
| rollout/                |              |
|    ep_len_mean          | 43.7         |
|    ep_rew_mean          | -42          |
| time/                   |              |
|    fps                  | 15           |
|    iterations           | 10           |
|    time_elapsed         | 164          |
|    total_timesteps      | 2560         |
| train/                  |              |
|    approx_kl            | 0.0017480834 |
|    clip_fraction        | 0.00781      |
|    clip_range           | 0.15         |
|    entropy_loss         | -4.66        |
|    explained_variance   | 0.884        |
|    learning_rate        | 0.0001       |
|    loss                 | 0.0407       |
|    n_updates            | 1083         |
|    policy_gradient_loss | -0.023       |
|    value_loss           | 0.223        |
------------------------------------------
------------------------------------------
| rollout/                |              |
|    ep_len_mean          | 43.8         |
|    ep_rew_mean          | -42.2        |
| time/                   |              |
|    fps                  | 12           |
|    iterations           | 11           |
|    time_elapsed         | 220          |
|    total_timesteps      | 2816         |
| train/                  |              |
|    approx_kl            | 0.0025813987 |
|    clip_fraction        | 0.0234       |
|    clip_range           | 0.15         |
|    entropy_loss         | -4.65        |
|    explained_variance   | 0.901        |
|    learning_rate        | 0.0001       |
|    loss                 | 0.0239       |
|    n_updates            | 1086         |
|    policy_gradient_loss | -0.024       |
|    value_loss           | 0.189        |
------------------------------------------
-------------------------------------------
| rollout/                |               |
|    ep_len_mean          | 43.9          |
|    ep_rew_mean          | -42.4         |
| time/                   |               |
|    fps                  | 10            |
|    iterations           | 12            |
|    time_elapsed         | 287           |
|    total_timesteps      | 3072          |
| train/                  |               |
|    approx_kl            | 0.00077196443 |
|    clip_fraction        | 0.0026        |
|    clip_range           | 0.15          |
|    entropy_loss         | -4.39         |
|    explained_variance   | 0.872         |
|    learning_rate        | 0.0001        |
|    loss                 | 0.0934        |
|    n_updates            | 1089          |
|    policy_gradient_loss | -0.00979      |
|    value_loss           | 0.289         |
-------------------------------------------
------------------------------------------
| rollout/                |              |
|    ep_len_mean          | 44           |
|    ep_rew_mean          | -42.5        |
| time/                   |              |
|    fps                  | 9            |
|    iterations           | 13           |
|    time_elapsed         | 345          |
|    total_timesteps      | 3328         |
| train/                  |              |
|    approx_kl            | 0.0009406612 |
|    clip_fraction        | 0            |
|    clip_range           | 0.15         |
|    entropy_loss         | -4.35        |
|    explained_variance   | 0.851        |
|    learning_rate        | 0.0001       |
|    loss                 | 0.0581       |
|    n_updates            | 1092         |
|    policy_gradient_loss | -0.0124      |
|    value_loss           | 0.227        |
------------------------------------------
------------------------------------------
| rollout/                |              |
|    ep_len_mean          | 44.1         |
|    ep_rew_mean          | -42.7        |
| time/                   |              |
|    fps                  | 8            |
|    iterations           | 14           |
|    time_elapsed         | 409          |
|    total_timesteps      | 3584         |
| train/                  |              |
|    approx_kl            | 0.0012811094 |
|    clip_fraction        | 0.00781      |
|    clip_range           | 0.15         |
|    entropy_loss         | -4.37        |
|    explained_variance   | 0.934        |
|    learning_rate        | 0.0001       |
|    loss                 | 0.0183       |
|    n_updates            | 1095         |
|    policy_gradient_loss | -0.0157      |
|    value_loss           | 0.157        |
------------------------------------------
-----------------------------------------
| rollout/                |             |
|    ep_len_mean          | 43.9        |
|    ep_rew_mean          | -42.5       |
| time/                   |             |
|    fps                  | 8           |
|    iterations           | 15          |
|    time_elapsed         | 458         |
|    total_timesteps      | 3840        |
| train/                  |             |
|    approx_kl            | 0.001324458 |
|    clip_fraction        | 0           |
|    clip_range           | 0.15        |
|    entropy_loss         | -4.28       |
|    explained_variance   | 0.948       |
|    learning_rate        | 0.0001      |
|    loss                 | -0.00323    |
|    n_updates            | 1098        |
|    policy_gradient_loss | -0.016      |
|    value_loss           | 0.0998      |
-----------------------------------------
-------------------------------------------
| rollout/                |               |
|    ep_len_mean          | 43.7          |
|    ep_rew_mean          | -42.4         |
| time/                   |               |
|    fps                  | 8             |
|    iterations           | 16            |
|    time_elapsed         | 508           |
|    total_timesteps      | 4096          |
| train/                  |               |
|    approx_kl            | 0.00073457416 |
|    clip_fraction        | 0             |
|    clip_range           | 0.15          |
|    entropy_loss         | -4.51         |
|    explained_variance   | 0.775         |
|    learning_rate        | 0.0001        |
|    loss                 | 0.0959        |
|    n_updates            | 1101          |
|    policy_gradient_loss | -0.00616      |
|    value_loss           | 0.241         |
-------------------------------------------
------------------------------------------
| rollout/                |              |
|    ep_len_mean          | 43.5         |
|    ep_rew_mean          | -42.2        |
| time/                   |              |
|    fps                  | 7            |
|    iterations           | 17           |
|    time_elapsed         | 559          |
|    total_timesteps      | 4352         |
| train/                  |              |
|    approx_kl            | 0.0009754924 |
|    clip_fraction        | 0            |
|    clip_range           | 0.15         |
|    entropy_loss         | -4.52        |
|    explained_variance   | 0.802        |
|    learning_rate        | 0.0001       |
|    loss                 | 0.0455       |
|    n_updates            | 1104         |
|    policy_gradient_loss | -0.0135      |
|    value_loss           | 0.2          |
------------------------------------------
------------------------------------------
| rollout/                |              |
|    ep_len_mean          | 43.3         |
|    ep_rew_mean          | -42.1        |
| time/                   |              |
|    fps                  | 7            |
|    iterations           | 18           |
|    time_elapsed         | 606          |
|    total_timesteps      | 4608         |
| train/                  |              |
|    approx_kl            | 0.0013398307 |
|    clip_fraction        | 0            |
|    clip_range           | 0.15         |
|    entropy_loss         | -4.5         |
|    explained_variance   | 0.896        |
|    learning_rate        | 0.0001       |
|    loss                 | -0.0117      |
|    n_updates            | 1107         |
|    policy_gradient_loss | -0.0187      |
|    value_loss           | 0.102        |
------------------------------------------
------------------------------------------
| rollout/                |              |
|    ep_len_mean          | 43.2         |
|    ep_rew_mean          | -42          |
| time/                   |              |
|    fps                  | 7            |
|    iterations           | 19           |
|    time_elapsed         | 655          |
|    total_timesteps      | 4864         |
| train/                  |              |
|    approx_kl            | 0.0018316701 |
|    clip_fraction        | 0.00781      |
|    clip_range           | 0.15         |
|    entropy_loss         | -4.5         |
|    explained_variance   | 0.945        |
|    learning_rate        | 0.0001       |
|    loss                 | -0.0276      |
|    n_updates            | 1110         |
|    policy_gradient_loss | -0.0194      |
|    value_loss           | 0.0538       |
------------------------------------------
------------------------------------------
| rollout/                |              |
|    ep_len_mean          | 43.1         |
|    ep_rew_mean          | -41.9        |
| time/                   |              |
|    fps                  | 7            |
|    iterations           | 20           |
|    time_elapsed         | 704          |
|    total_timesteps      | 5120         |
| train/                  |              |
|    approx_kl            | 0.0019486577 |
|    clip_fraction        | 0.00781      |
|    clip_range           | 0.15         |
|    entropy_loss         | -4.52        |
|    explained_variance   | 0.956        |
|    learning_rate        | 0.0001       |
|    loss                 | -0.0179      |
|    n_updates            | 1113         |
|    policy_gradient_loss | -0.0149      |
|    value_loss           | 0.0491       |
------------------------------------------
------------------------------------------
| rollout/                |              |
|    ep_len_mean          | 42.9         |
|    ep_rew_mean          | -41.8        |
| time/                   |              |
|    fps                  | 7            |
|    iterations           | 21           |
|    time_elapsed         | 756          |
|    total_timesteps      | 5376         |
| train/                  |              |
|    approx_kl            | 0.0017971115 |
|    clip_fraction        | 0.0182       |
|    clip_range           | 0.15         |
|    entropy_loss         | -4.54        |
|    explained_variance   | 0.95         |
|    learning_rate        | 0.0001       |
|    loss                 | -0.0184      |
|    n_updates            | 1116         |
|    policy_gradient_loss | -0.0147      |
|    value_loss           | 0.0529       |
------------------------------------------
------------------------------------------
| rollout/                |              |
|    ep_len_mean          | 42.7         |
|    ep_rew_mean          | -41.6        |
| time/                   |              |
|    fps                  | 7            |
|    iterations           | 22           |
|    time_elapsed         | 804          |
|    total_timesteps      | 5632         |
| train/                  |              |
|    approx_kl            | 0.0015535315 |
|    clip_fraction        | 0.0234       |
|    clip_range           | 0.15         |
|    entropy_loss         | -4.52        |
|    explained_variance   | 0.962        |
|    learning_rate        | 0.0001       |
|    loss                 | -0.0316      |
|    n_updates            | 1119         |
|    policy_gradient_loss | -0.0173      |
|    value_loss           | 0.0399       |
------------------------------------------
------------------------------------------
| rollout/                |              |
|    ep_len_mean          | 42.5         |
|    ep_rew_mean          | -41.3        |
| time/                   |              |
|    fps                  | 7            |
|    iterations           | 23           |
|    time_elapsed         | 817          |
|    total_timesteps      | 5888         |
| train/                  |              |
|    approx_kl            | 0.0017453677 |
|    clip_fraction        | 0.00781      |
|    clip_range           | 0.15         |
|    entropy_loss         | -4.54        |
|    explained_variance   | 0.974        |
|    learning_rate        | 0.0001       |
|    loss                 | -0.0421      |
|    n_updates            | 1122         |
|    policy_gradient_loss | -0.0198      |
|    value_loss           | 0.0256       |
------------------------------------------
------------------------------------------
| rollout/                |              |
|    ep_len_mean          | 42.4         |
|    ep_rew_mean          | -41.2        |
| time/                   |              |
|    fps                  | 7            |
|    iterations           | 24           |
|    time_elapsed         | 833          |
|    total_timesteps      | 6144         |
| train/                  |              |
|    approx_kl            | 0.0008635621 |
|    clip_fraction        | 0            |
|    clip_range           | 0.15         |
|    entropy_loss         | -4.61        |
|    explained_variance   | 0.796        |
|    learning_rate        | 0.0001       |
|    loss                 | 0.0767       |
|    n_updates            | 1125         |
|    policy_gradient_loss | -0.00442     |
|    value_loss           | 0.212        |
------------------------------------------
-------------------------------------------
| rollout/                |               |
|    ep_len_mean          | 42.1          |
|    ep_rew_mean          | -40.5         |
| time/                   |               |
|    fps                  | 7             |
|    iterations           | 25            |
|    time_elapsed         | 864           |
|    total_timesteps      | 6400          |
| train/                  |               |
|    approx_kl            | 0.00026099943 |
|    clip_fraction        | 0             |
|    clip_range           | 0.15          |
|    entropy_loss         | -4.4          |
|    explained_variance   | -0.17         |
|    learning_rate        | 0.0001        |
|    loss                 | 0.466         |
|    n_updates            | 1128          |
|    policy_gradient_loss | -0.000749     |
|    value_loss           | 1.07          |
-------------------------------------------
