[perf] torch thread config: num_threads=20 interop_threads=8 cpu_count=28
[INFO] model workspace cleanup skipped for side=US (sb3_clean_models_before_train=false).
=== TRAIN SIDE US (models_subdir='scenario_battaglia_cittadina_2_1/side_US') ===
=== TRAIN PHASE 1/2 side=US scenario=battaglia_cittadina_2_1 episodes=300 timesteps=90000 ===
Curriculum warmup: forcing CAPTURE intent for phase 1.
Using DummyVecEnv with num_envs=1
Using cpu device
Logging to C:\repos\python\assault\models\scenario_battaglia_cittadina_2_1\side_US\runs\sb3_20260626T090355Z\PPO_1
---------------------------------
| rollout/           |          |
|    ep_len_mean     | 45       |
|    ep_rew_mean     | -54      |
| time/              |          |
|    fps             | 16       |
|    iterations      | 1        |
|    time_elapsed    | 15       |
|    total_timesteps | 256      |
---------------------------------
-------------------------------------------
| rollout/                |               |
|    ep_len_mean          | 45            |
|    ep_rew_mean          | -54           |
| time/                   |               |
|    fps                  | 16            |
|    iterations           | 2             |
|    time_elapsed         | 31            |
|    total_timesteps      | 512           |
| train/                  |               |
|    approx_kl            | 0.00032479665 |
|    clip_fraction        | 0             |
|    clip_range           | 0.15          |
|    entropy_loss         | -6.33         |
|    explained_variance   | -0.0944       |
|    learning_rate        | 0.0001        |
|    loss                 | 2.62          |
|    n_updates            | 3             |
|    policy_gradient_loss | -0.00623      |
|    value_loss           | 5.39          |
-------------------------------------------
------------------------------------------
| rollout/                |              |
|    ep_len_mean          | 45           |
|    ep_rew_mean          | -54          |
| time/                   |              |
|    fps                  | 16           |
|    iterations           | 3            |
|    time_elapsed         | 46           |
|    total_timesteps      | 768          |
| train/                  |              |
|    approx_kl            | 0.0003275664 |
|    clip_fraction        | 0            |
|    clip_range           | 0.15         |
|    entropy_loss         | -6.33        |
|    explained_variance   | -0.375       |
|    learning_rate        | 0.0001       |
|    loss                 | 0.953        |
|    n_updates            | 6            |
|    policy_gradient_loss | -0.0103      |
|    value_loss           | 2.04         |
------------------------------------------
-------------------------------------------
| rollout/                |               |
|    ep_len_mean          | 45            |
|    ep_rew_mean          | -54           |
| time/                   |               |
|    fps                  | 16            |
|    iterations           | 4             |
|    time_elapsed         | 63            |
|    total_timesteps      | 1024          |
| train/                  |               |
|    approx_kl            | 0.00037719123 |
|    clip_fraction        | 0             |
|    clip_range           | 0.15          |
|    entropy_loss         | -6.33         |
|    explained_variance   | -0.034        |
|    learning_rate        | 0.0001        |
|    loss                 | 0.889         |
|    n_updates            | 9             |
|    policy_gradient_loss | -0.0117       |
|    value_loss           | 1.92          |
-------------------------------------------
-------------------------------------------
| rollout/                |               |
|    ep_len_mean          | 45            |
|    ep_rew_mean          | -54           |
| time/                   |               |
|    fps                  | 16            |
|    iterations           | 5             |
|    time_elapsed         | 77            |
|    total_timesteps      | 1280          |
| train/                  |               |
|    approx_kl            | 0.00037766248 |
|    clip_fraction        | 0             |
|    clip_range           | 0.15          |
|    entropy_loss         | -6.33         |
|    explained_variance   | 0.319         |
|    learning_rate        | 0.0001        |
|    loss                 | 0.773         |
|    n_updates            | 12            |
|    policy_gradient_loss | -0.0113       |
|    value_loss           | 1.69          |
-------------------------------------------
-------------------------------------------
| rollout/                |               |
|    ep_len_mean          | 45            |
|    ep_rew_mean          | -54           |
| time/                   |               |
|    fps                  | 16            |
|    iterations           | 6             |
|    time_elapsed         | 92            |
|    total_timesteps      | 1536          |
| train/                  |               |
|    approx_kl            | 0.00044385064 |
|    clip_fraction        | 0             |
|    clip_range           | 0.15          |
|    entropy_loss         | -6.32         |
|    explained_variance   | 0.537         |
|    learning_rate        | 0.0001        |
|    loss                 | 0.688         |
|    n_updates            | 15            |
|    policy_gradient_loss | -0.0108       |
|    value_loss           | 1.5           |
-------------------------------------------
-------------------------------------------
| rollout/                |               |
|    ep_len_mean          | 45            |
|    ep_rew_mean          | -54           |
| time/                   |               |
|    fps                  | 16            |
|    iterations           | 7             |
|    time_elapsed         | 109           |
|    total_timesteps      | 1792          |
| train/                  |               |
|    approx_kl            | 0.00047899317 |
|    clip_fraction        | 0             |
|    clip_range           | 0.15          |
|    entropy_loss         | -6.32         |
|    explained_variance   | 0.716         |
|    learning_rate        | 0.0001        |
|    loss                 | 0.648         |
|    n_updates            | 18            |
|    policy_gradient_loss | -0.0116       |
|    value_loss           | 1.41          |
-------------------------------------------
-------------------------------------------
| rollout/                |               |
|    ep_len_mean          | 45            |
|    ep_rew_mean          | -54           |
| time/                   |               |
|    fps                  | 16            |
|    iterations           | 8             |
|    time_elapsed         | 124           |
|    total_timesteps      | 2048          |
| train/                  |               |
|    approx_kl            | 0.00045421673 |
|    clip_fraction        | 0             |
|    clip_range           | 0.15          |
|    entropy_loss         | -6.32         |
|    explained_variance   | 0.736         |
|    learning_rate        | 0.0001        |
|    loss                 | 0.548         |
|    n_updates            | 21            |
|    policy_gradient_loss | -0.0089       |
|    value_loss           | 1.2           |
-------------------------------------------
-------------------------------------------
| rollout/                |               |
|    ep_len_mean          | 45            |
|    ep_rew_mean          | -54           |
| time/                   |               |
|    fps                  | 16            |
|    iterations           | 9             |
|    time_elapsed         | 139           |
|    total_timesteps      | 2304          |
| train/                  |               |
|    approx_kl            | 0.00049980916 |
|    clip_fraction        | 0             |
|    clip_range           | 0.15          |
|    entropy_loss         | -6.31         |
|    explained_variance   | 0.821         |
|    learning_rate        | 0.0001        |
|    loss                 | 0.536         |
|    n_updates            | 24            |
|    policy_gradient_loss | -0.0101       |
|    value_loss           | 1.18          |
-------------------------------------------
-------------------------------------------
| rollout/                |               |
|    ep_len_mean          | 45            |
|    ep_rew_mean          | -54           |
| time/                   |               |
|    fps                  | 16            |
|    iterations           | 10            |
|    time_elapsed         | 156           |
|    total_timesteps      | 2560          |
| train/                  |               |
|    approx_kl            | 0.00059171347 |
|    clip_fraction        | 0             |
|    clip_range           | 0.15          |
|    entropy_loss         | -6.31         |
|    explained_variance   | 0.85          |
|    learning_rate        | 0.0001        |
|    loss                 | 0.527         |
|    n_updates            | 27            |
|    policy_gradient_loss | -0.0118       |
|    value_loss           | 1.16          |
-------------------------------------------
------------------------------------------
| rollout/                |              |
|    ep_len_mean          | 45           |
|    ep_rew_mean          | -54          |
| time/                   |              |
|    fps                  | 16           |
|    iterations           | 11           |
|    time_elapsed         | 170          |
|    total_timesteps      | 2816         |
| train/                  |              |
|    approx_kl            | 0.0006251484 |
|    clip_fraction        | 0            |
|    clip_range           | 0.15         |
|    entropy_loss         | -6.31        |
|    explained_variance   | 0.85         |
|    learning_rate        | 0.0001       |
|    loss                 | 0.455        |
|    n_updates            | 30           |
|    policy_gradient_loss | -0.0112      |
|    value_loss           | 1.02         |
------------------------------------------
------------------------------------------
| rollout/                |              |
|    ep_len_mean          | 45           |
|    ep_rew_mean          | -54          |
| time/                   |              |
|    fps                  | 16           |
|    iterations           | 12           |
|    time_elapsed         | 186          |
|    total_timesteps      | 3072         |
| train/                  |              |
|    approx_kl            | 0.0007562514 |
|    clip_fraction        | 0            |
|    clip_range           | 0.15         |
|    entropy_loss         | -6.3         |
|    explained_variance   | 0.867        |
|    learning_rate        | 0.0001       |
|    loss                 | 0.452        |
|    n_updates            | 33           |
|    policy_gradient_loss | -0.0136      |
|    value_loss           | 1.02         |
------------------------------------------
-----------------------------------------
| rollout/                |             |
|    ep_len_mean          | 45          |
|    ep_rew_mean          | -53.5       |
| time/                   |             |
|    fps                  | 16          |
|    iterations           | 13          |
|    time_elapsed         | 197         |
|    total_timesteps      | 3328        |
| train/                  |             |
|    approx_kl            | 0.000889763 |
|    clip_fraction        | 0           |
|    clip_range           | 0.15        |
|    entropy_loss         | -6.29       |
|    explained_variance   | 0.882       |
|    learning_rate        | 0.0001      |
|    loss                 | 0.45        |
|    n_updates            | 36          |
|    policy_gradient_loss | -0.015      |
|    value_loss           | 1.02        |
-----------------------------------------
------------------------------------------
| rollout/                |              |
|    ep_len_mean          | 45           |
|    ep_rew_mean          | -52.9        |
| time/                   |              |
|    fps                  | 17           |
|    iterations           | 14           |
|    time_elapsed         | 206          |
|    total_timesteps      | 3584         |
| train/                  |              |
|    approx_kl            | 0.0005235204 |
|    clip_fraction        | 0            |
|    clip_range           | 0.15         |
|    entropy_loss         | -6.29        |
|    explained_variance   | 0.824        |
|    learning_rate        | 0.0001       |
|    loss                 | 0.199        |
|    n_updates            | 39           |
|    policy_gradient_loss | -0.00695     |
|    value_loss           | 0.48         |
------------------------------------------
-------------------------------------------
| rollout/                |               |
|    ep_len_mean          | 45            |
|    ep_rew_mean          | -52.4         |
| time/                   |               |
|    fps                  | 17            |
|    iterations           | 15            |
|    time_elapsed         | 221           |
|    total_timesteps      | 3840          |
| train/                  |               |
|    approx_kl            | 0.00054567493 |
|    clip_fraction        | 0             |
|    clip_range           | 0.15          |
|    entropy_loss         | -6.28         |
|    explained_variance   | 0.851         |
|    learning_rate        | 0.0001        |
|    loss                 | 0.184         |
|    n_updates            | 42            |
|    policy_gradient_loss | -0.00978      |
|    value_loss           | 0.467         |
-------------------------------------------
-------------------------------------------
| rollout/                |               |
|    ep_len_mean          | 45            |
|    ep_rew_mean          | -52           |
| time/                   |               |
|    fps                  | 17            |
|    iterations           | 16            |
|    time_elapsed         | 236           |
|    total_timesteps      | 4096          |
| train/                  |               |
|    approx_kl            | 0.00069887727 |
|    clip_fraction        | 0             |
|    clip_range           | 0.15          |
|    entropy_loss         | -6.27         |
|    explained_variance   | 0.914         |
|    learning_rate        | 0.0001        |
|    loss                 | 0.156         |
|    n_updates            | 45            |
|    policy_gradient_loss | -0.014        |
|    value_loss           | 0.428         |
-------------------------------------------
------------------------------------------
| rollout/                |              |
|    ep_len_mean          | 45           |
|    ep_rew_mean          | -51.7        |
| time/                   |              |
|    fps                  | 17           |
|    iterations           | 17           |
|    time_elapsed         | 244          |
|    total_timesteps      | 4352         |
| train/                  |              |
|    approx_kl            | 0.0008136148 |
|    clip_fraction        | 0.00781      |
|    clip_range           | 0.15         |
|    entropy_loss         | -6.27        |
|    explained_variance   | 0.938        |
|    learning_rate        | 0.0001       |
|    loss                 | 0.143        |
|    n_updates            | 48           |
|    policy_gradient_loss | -0.0164      |
|    value_loss           | 0.405        |
------------------------------------------
------------------------------------------
| rollout/                |              |
|    ep_len_mean          | 45           |
|    ep_rew_mean          | -51.3        |
| time/                   |              |
|    fps                  | 18           |
|    iterations           | 18           |
|    time_elapsed         | 255          |
|    total_timesteps      | 4608         |
| train/                  |              |
|    approx_kl            | 0.0008256489 |
|    clip_fraction        | 0            |
|    clip_range           | 0.15         |
|    entropy_loss         | -6.26        |
|    explained_variance   | 0.95         |
|    learning_rate        | 0.0001       |
|    loss                 | 0.124        |
|    n_updates            | 51           |
|    policy_gradient_loss | -0.0176      |
|    value_loss           | 0.37         |
------------------------------------------
------------------------------------------
| rollout/                |              |
|    ep_len_mean          | 45           |
|    ep_rew_mean          | -50.8        |
| time/                   |              |
|    fps                  | 18           |
|    iterations           | 19           |
|    time_elapsed         | 269          |
|    total_timesteps      | 4864         |
| train/                  |              |
|    approx_kl            | 0.0009334141 |
|    clip_fraction        | 0            |
|    clip_range           | 0.15         |
|    entropy_loss         | -6.25        |
|    explained_variance   | 0.937        |
|    learning_rate        | 0.0001       |
|    loss                 | 0.108        |
|    n_updates            | 54           |
|    policy_gradient_loss | -0.0162      |
|    value_loss           | 0.329        |
------------------------------------------
------------------------------------------
| rollout/                |              |
|    ep_len_mean          | 45           |
|    ep_rew_mean          | -50.4        |
| time/                   |              |
|    fps                  | 18           |
|    iterations           | 20           |
|    time_elapsed         | 280          |
|    total_timesteps      | 5120         |
| train/                  |              |
|    approx_kl            | 0.0010282709 |
|    clip_fraction        | 0            |
|    clip_range           | 0.15         |
|    entropy_loss         | -6.24        |
|    explained_variance   | 0.949        |
|    learning_rate        | 0.0001       |
|    loss                 | 0.103        |
|    n_updates            | 57           |
|    policy_gradient_loss | -0.018       |
|    value_loss           | 0.327        |
------------------------------------------
------------------------------------------
| rollout/                |              |
|    ep_len_mean          | 45           |
|    ep_rew_mean          | -49.9        |
| time/                   |              |
|    fps                  | 18           |
|    iterations           | 21           |
|    time_elapsed         | 290          |
|    total_timesteps      | 5376         |
| train/                  |              |
|    approx_kl            | 0.0010953757 |
|    clip_fraction        | 0            |
|    clip_range           | 0.15         |
|    entropy_loss         | -6.23        |
|    explained_variance   | 0.943        |
|    learning_rate        | 0.0001       |
|    loss                 | 0.0798       |
|    n_updates            | 60           |
|    policy_gradient_loss | -0.0172      |
|    value_loss           | 0.276        |
------------------------------------------
-----------------------------------------
| rollout/                |             |
|    ep_len_mean          | 44.8        |
|    ep_rew_mean          | -49.7       |
| time/                   |             |
|    fps                  | 18          |
|    iterations           | 22          |
|    time_elapsed         | 303         |
|    total_timesteps      | 5632        |
| train/                  |             |
|    approx_kl            | 0.001155067 |
|    clip_fraction        | 0           |
|    clip_range           | 0.15        |
|    entropy_loss         | -6.21       |
|    explained_variance   | 0.936       |
|    learning_rate        | 0.0001      |
|    loss                 | 0.0815      |
|    n_updates            | 63          |
|    policy_gradient_loss | -0.0151     |
|    value_loss           | 0.271       |
-----------------------------------------
-------------------------------------------
| rollout/                |               |
|    ep_len_mean          | 44.5          |
|    ep_rew_mean          | -49.4         |
| time/                   |               |
|    fps                  | 18            |
|    iterations           | 23            |
|    time_elapsed         | 312           |
|    total_timesteps      | 5888          |
| train/                  |               |
|    approx_kl            | 0.00047056144 |
|    clip_fraction        | 0             |
|    clip_range           | 0.15          |
|    entropy_loss         | -6.22         |
|    explained_variance   | 0.587         |
|    learning_rate        | 0.0001        |
|    loss                 | 0.387         |
|    n_updates            | 66            |
|    policy_gradient_loss | -0.00436      |
|    value_loss           | 0.864         |
-------------------------------------------
------------------------------------------
| rollout/                |              |
|    ep_len_mean          | 44.2         |
|    ep_rew_mean          | -49.1        |
| time/                   |              |
|    fps                  | 19           |
|    iterations           | 24           |
|    time_elapsed         | 321          |
|    total_timesteps      | 6144         |
| train/                  |              |
|    approx_kl            | 0.0003842942 |
|    clip_fraction        | 0            |
|    clip_range           | 0.15         |
|    entropy_loss         | -6.21        |
|    explained_variance   | 0.704        |
|    learning_rate        | 0.0001       |
|    loss                 | 0.354        |
|    n_updates            | 69           |
|    policy_gradient_loss | -0.00855     |
|    value_loss           | 0.842        |
------------------------------------------
-------------------------------------------
| rollout/                |               |
|    ep_len_mean          | 44            |
|    ep_rew_mean          | -48.9         |
| time/                   |               |
|    fps                  | 19            |
|    iterations           | 25            |
|    time_elapsed         | 331           |
|    total_timesteps      | 6400          |
| train/                  |               |
|    approx_kl            | 0.00043689157 |
|    clip_fraction        | 0             |
|    clip_range           | 0.15          |
|    entropy_loss         | -6.2          |
|    explained_variance   | 0.809         |
|    learning_rate        | 0.0001        |
|    loss                 | 0.273         |
|    n_updates            | 72            |
|    policy_gradient_loss | -0.0112       |
|    value_loss           | 0.682         |
-------------------------------------------
-------------------------------------------
| rollout/                |               |
|    ep_len_mean          | 43.8          |
|    ep_rew_mean          | -48.6         |
| time/                   |               |
|    fps                  | 19            |
|    iterations           | 26            |
|    time_elapsed         | 340           |
|    total_timesteps      | 6656          |
| train/                  |               |
|    approx_kl            | 0.00048328284 |
|    clip_fraction        | 0             |
|    clip_range           | 0.15          |
|    entropy_loss         | -6.2          |
|    explained_variance   | 0.847         |
|    learning_rate        | 0.0001        |
|    loss                 | 0.233         |
|    n_updates            | 75            |
|    policy_gradient_loss | -0.011        |
|    value_loss           | 0.592         |
-------------------------------------------
-------------------------------------------
| rollout/                |               |
|    ep_len_mean          | 43.5          |
|    ep_rew_mean          | -48.4         |
| time/                   |               |
|    fps                  | 19            |
|    iterations           | 27            |
|    time_elapsed         | 349           |
|    total_timesteps      | 6912          |
| train/                  |               |
|    approx_kl            | 0.00054210937 |
|    clip_fraction        | 0             |
|    clip_range           | 0.15          |
|    entropy_loss         | -6.19         |
|    explained_variance   | 0.878         |
|    learning_rate        | 0.0001        |
|    loss                 | 0.22          |
|    n_updates            | 78            |
|    policy_gradient_loss | -0.00991      |
|    value_loss           | 0.555         |
-------------------------------------------
------------------------------------------
| rollout/                |              |
|    ep_len_mean          | 43.2         |
|    ep_rew_mean          | -48.1        |
| time/                   |              |
|    fps                  | 19           |
|    iterations           | 28           |
|    time_elapsed         | 358          |
|    total_timesteps      | 7168         |
| train/                  |              |
|    approx_kl            | 0.0004222272 |
|    clip_fraction        | 0            |
|    clip_range           | 0.15         |
|    entropy_loss         | -6.19        |
|    explained_variance   | 0.867        |
|    learning_rate        | 0.0001       |
|    loss                 | 0.222        |
|    n_updates            | 81           |
|    policy_gradient_loss | -0.00853     |
|    value_loss           | 0.551        |
------------------------------------------
-------------------------------------------
| rollout/                |               |
|    ep_len_mean          | 43            |
|    ep_rew_mean          | -47.9         |
| time/                   |               |
|    fps                  | 20            |
|    iterations           | 29            |
|    time_elapsed         | 368           |
|    total_timesteps      | 7424          |
| train/                  |               |
|    approx_kl            | 0.00041750981 |
|    clip_fraction        | 0             |
|    clip_range           | 0.15          |
|    entropy_loss         | -6.18         |
|    explained_variance   | 0.822         |
|    learning_rate        | 0.0001        |
|    loss                 | 0.205         |
|    n_updates            | 84            |
|    policy_gradient_loss | -0.0103       |
|    value_loss           | 0.521         |
-------------------------------------------
------------------------------------------
| rollout/                |              |
|    ep_len_mean          | 42.8         |
|    ep_rew_mean          | -48.2        |
| time/                   |              |
|    fps                  | 20           |
|    iterations           | 30           |
|    time_elapsed         | 377          |
|    total_timesteps      | 7680         |
| train/                  |              |
|    approx_kl            | 0.0005802566 |
|    clip_fraction        | 0            |
|    clip_range           | 0.15         |
|    entropy_loss         | -6.18        |
|    explained_variance   | 0.784        |
|    learning_rate        | 0.0001       |
|    loss                 | 0.17         |
|    n_updates            | 87           |
|    policy_gradient_loss | -0.0121      |
|    value_loss           | 0.456        |
------------------------------------------
------------------------------------------
| rollout/                |              |
|    ep_len_mean          | 42.5         |
|    ep_rew_mean          | -48.4        |
| time/                   |              |
|    fps                  | 20           |
|    iterations           | 31           |
|    time_elapsed         | 387          |
|    total_timesteps      | 7936         |
| train/                  |              |
|    approx_kl            | 0.0007044119 |
|    clip_fraction        | 0            |
|    clip_range           | 0.15         |
|    entropy_loss         | -6.17        |
|    explained_variance   | 0.837        |
|    learning_rate        | 0.0001       |
|    loss                 | 0.146        |
|    n_updates            | 90           |
|    policy_gradient_loss | -0.0152      |
|    value_loss           | 0.42         |
------------------------------------------
-------------------------------------------
| rollout/                |               |
|    ep_len_mean          | 42.2          |
|    ep_rew_mean          | -48.7         |
| time/                   |               |
|    fps                  | 20            |
|    iterations           | 32            |
|    time_elapsed         | 396           |
|    total_timesteps      | 8192          |
| train/                  |               |
|    approx_kl            | 0.00090987375 |
|    clip_fraction        | 0             |
|    clip_range           | 0.15          |
|    entropy_loss         | -6.16         |
|    explained_variance   | 0.855         |
|    learning_rate        | 0.0001        |
|    loss                 | 0.12          |
|    n_updates            | 93            |
|    policy_gradient_loss | -0.0172       |
|    value_loss           | 0.371         |
-------------------------------------------
------------------------------------------
| rollout/                |              |
|    ep_len_mean          | 42           |
|    ep_rew_mean          | -48.9        |
| time/                   |              |
|    fps                  | 20           |
|    iterations           | 33           |
|    time_elapsed         | 406          |
|    total_timesteps      | 8448         |
| train/                  |              |
|    approx_kl            | 0.0011705803 |
|    clip_fraction        | 0            |
|    clip_range           | 0.15         |
|    entropy_loss         | -6.14        |
|    explained_variance   | 0.864        |
|    learning_rate        | 0.0001       |
|    loss                 | 0.0999       |
|    n_updates            | 96           |
|    policy_gradient_loss | -0.0187      |
|    value_loss           | 0.333        |
------------------------------------------
------------------------------------------
| rollout/                |              |
|    ep_len_mean          | 41.8         |
|    ep_rew_mean          | -49.1        |
| time/                   |              |
|    fps                  | 20           |
|    iterations           | 34           |
|    time_elapsed         | 415          |
|    total_timesteps      | 8704         |
| train/                  |              |
|    approx_kl            | 0.0014414054 |
|    clip_fraction        | 0            |
|    clip_range           | 0.15         |
|    entropy_loss         | -6.13        |
|    explained_variance   | 0.836        |
|    learning_rate        | 0.0001       |
|    loss                 | 0.0821       |
|    n_updates            | 99           |
|    policy_gradient_loss | -0.0184      |
|    value_loss           | 0.291        |
------------------------------------------
------------------------------------------
| rollout/                |              |
|    ep_len_mean          | 41.5         |
|    ep_rew_mean          | -49.4        |
| time/                   |              |
|    fps                  | 21           |
|    iterations           | 35           |
|    time_elapsed         | 425          |
|    total_timesteps      | 8960         |
| train/                  |              |
|    approx_kl            | 0.0016675934 |
|    clip_fraction        | 0            |
|    clip_range           | 0.15         |
|    entropy_loss         | -6.11        |
|    explained_variance   | 0.864        |
|    learning_rate        | 0.0001       |
|    loss                 | 0.0635       |
|    n_updates            | 102          |
|    policy_gradient_loss | -0.019       |
|    value_loss           | 0.256        |
------------------------------------------
------------------------------------------
| rollout/                |              |
|    ep_len_mean          | 41.2         |
|    ep_rew_mean          | -49.7        |
| time/                   |              |
|    fps                  | 21           |
|    iterations           | 36           |
|    time_elapsed         | 438          |
|    total_timesteps      | 9216         |
| train/                  |              |
|    approx_kl            | 0.0018849594 |
|    clip_fraction        | 0            |
|    clip_range           | 0.15         |
|    entropy_loss         | -6.08        |
|    explained_variance   | 0.888        |
|    learning_rate        | 0.0001       |
|    loss                 | 0.0594       |
|    n_updates            | 105          |
|    policy_gradient_loss | -0.021       |
|    value_loss           | 0.255        |
------------------------------------------
----------------------------------------
| rollout/                |            |
|    ep_len_mean          | 41.1       |
|    ep_rew_mean          | -50        |
| time/                   |            |
|    fps                  | 20         |
|    iterations           | 37         |
|    time_elapsed         | 452        |
|    total_timesteps      | 9472       |
| train/                  |            |
|    approx_kl            | 0.00208093 |
|    clip_fraction        | 0.00781    |
|    clip_range           | 0.15       |
|    entropy_loss         | -6.05      |
|    explained_variance   | 0.901      |
|    learning_rate        | 0.0001     |
|    loss                 | 0.0459     |
|    n_updates            | 108        |
|    policy_gradient_loss | -0.0225    |
|    value_loss           | 0.232      |
----------------------------------------
------------------------------------------
| rollout/                |              |
|    ep_len_mean          | 41.1         |
|    ep_rew_mean          | -49.7        |
| time/                   |              |
|    fps                  | 20           |
|    iterations           | 38           |
|    time_elapsed         | 465          |
|    total_timesteps      | 9728         |
| train/                  |              |
|    approx_kl            | 0.0011682347 |
|    clip_fraction        | 0            |
|    clip_range           | 0.15         |
|    entropy_loss         | -6           |
|    explained_variance   | 0.556        |
|    learning_rate        | 0.0001       |
|    loss                 | 0.318        |
|    n_updates            | 111          |
|    policy_gradient_loss | -0.00501     |
|    value_loss           | 0.724        |
------------------------------------------
-----------------------------------------
| rollout/                |             |
|    ep_len_mean          | 40.8        |
|    ep_rew_mean          | -49         |
| time/                   |             |
|    fps                  | 20          |
|    iterations           | 39          |
|    time_elapsed         | 477         |
|    total_timesteps      | 9984        |
| train/                  |             |
|    approx_kl            | 0.000709377 |
|    clip_fraction        | 0           |
|    clip_range           | 0.15        |
|    entropy_loss         | -5.99       |
|    explained_variance   | 0.0327      |
|    learning_rate        | 0.0001      |
|    loss                 | 0.356       |
|    n_updates            | 114         |
|    policy_gradient_loss | -0.00455    |
|    value_loss           | 0.792       |
-----------------------------------------
------------------------------------------
| rollout/                |              |
|    ep_len_mean          | 40.5         |
|    ep_rew_mean          | -48.2        |
| time/                   |              |
|    fps                  | 20           |
|    iterations           | 40           |
|    time_elapsed         | 489          |
|    total_timesteps      | 10240        |
| train/                  |              |
|    approx_kl            | 0.0004097377 |
|    clip_fraction        | 0            |
|    clip_range           | 0.15         |
|    entropy_loss         | -5.99        |
|    explained_variance   | 0.502        |
|    learning_rate        | 0.0001       |
|    loss                 | 0.241        |
|    n_updates            | 117          |
|    policy_gradient_loss | -0.00666     |
|    value_loss           | 0.571        |
------------------------------------------
------------------------------------------
| rollout/                |              |
|    ep_len_mean          | 40.2         |
|    ep_rew_mean          | -47.5        |
| time/                   |              |
|    fps                  | 20           |
|    iterations           | 41           |
|    time_elapsed         | 502          |
|    total_timesteps      | 10496        |
| train/                  |              |
|    approx_kl            | 0.0009036914 |
|    clip_fraction        | 0            |
|    clip_range           | 0.15         |
|    entropy_loss         | -5.99        |
|    explained_variance   | 0.542        |
|    learning_rate        | 0.0001       |
|    loss                 | 0.177        |
|    n_updates            | 120          |
|    policy_gradient_loss | -0.0151      |
|    value_loss           | 0.486        |
------------------------------------------
------------------------------------------
| rollout/                |              |
|    ep_len_mean          | 39.9         |
|    ep_rew_mean          | -47.1        |
| time/                   |              |
|    fps                  | 20           |
|    iterations           | 42           |
|    time_elapsed         | 515          |
|    total_timesteps      | 10752        |
| train/                  |              |
|    approx_kl            | 0.0013596055 |
|    clip_fraction        | 0.00911      |
|    clip_range           | 0.15         |
|    entropy_loss         | -6           |
|    explained_variance   | 0.616        |
|    learning_rate        | 0.0001       |
|    loss                 | 0.132        |
|    n_updates            | 123          |
|    policy_gradient_loss | -0.019       |
|    value_loss           | 0.414        |
------------------------------------------
------------------------------------------
| rollout/                |              |
|    ep_len_mean          | 39.7         |
|    ep_rew_mean          | -46.6        |
| time/                   |              |
|    fps                  | 20           |
|    iterations           | 43           |
|    time_elapsed         | 529          |
|    total_timesteps      | 11008        |
| train/                  |              |
|    approx_kl            | 0.0010561175 |
|    clip_fraction        | 0.00911      |
|    clip_range           | 0.15         |
|    entropy_loss         | -5.99        |
|    explained_variance   | 0.157        |
|    learning_rate        | 0.0001       |
|    loss                 | 0.322        |
|    n_updates            | 126          |
|    policy_gradient_loss | -0.0119      |
|    value_loss           | 0.8          |
------------------------------------------
-------------------------------------------
| rollout/                |               |
|    ep_len_mean          | 39.4          |
|    ep_rew_mean          | -46.2         |
| time/                   |               |
|    fps                  | 20            |
|    iterations           | 44            |
|    time_elapsed         | 541           |
|    total_timesteps      | 11264         |
| train/                  |               |
|    approx_kl            | 0.00083052204 |
|    clip_fraction        | 0             |
|    clip_range           | 0.15          |
|    entropy_loss         | -6            |
|    explained_variance   | 0.249         |
|    learning_rate        | 0.0001        |
|    loss                 | 0.25          |
|    n_updates            | 129           |
|    policy_gradient_loss | -0.0138       |
|    value_loss           | 0.664         |
-------------------------------------------
------------------------------------------
| rollout/                |              |
|    ep_len_mean          | 39.3         |
|    ep_rew_mean          | -46.1        |
| time/                   |              |
|    fps                  | 20           |
|    iterations           | 45           |
|    time_elapsed         | 554          |
|    total_timesteps      | 11520        |
| train/                  |              |
|    approx_kl            | 0.0011064641 |
|    clip_fraction        | 0            |
|    clip_range           | 0.15         |
|    entropy_loss         | -6.01        |
|    explained_variance   | 0.42         |
|    learning_rate        | 0.0001       |
|    loss                 | 0.169        |
|    n_updates            | 132          |
|    policy_gradient_loss | -0.018       |
|    value_loss           | 0.506        |
------------------------------------------
-------------------------------------------
| rollout/                |               |
|    ep_len_mean          | 39.2          |
|    ep_rew_mean          | -46           |
| time/                   |               |
|    fps                  | 20            |
|    iterations           | 46            |
|    time_elapsed         | 569           |
|    total_timesteps      | 11776         |
| train/                  |               |
|    approx_kl            | 0.00035844347 |
|    clip_fraction        | 0             |
|    clip_range           | 0.15          |
|    entropy_loss         | -5.97         |
|    explained_variance   | 0.361         |
|    learning_rate        | 0.0001        |
|    loss                 | 0.363         |
|    n_updates            | 135           |
|    policy_gradient_loss | -0.00266      |
|    value_loss           | 0.809         |
-------------------------------------------
-------------------------------------------
| rollout/                |               |
|    ep_len_mean          | 39            |
|    ep_rew_mean          | -45.9         |
| time/                   |               |
|    fps                  | 20            |
|    iterations           | 47            |
|    time_elapsed         | 584           |
|    total_timesteps      | 12032         |
| train/                  |               |
|    approx_kl            | 0.00043678517 |
|    clip_fraction        | 0             |
|    clip_range           | 0.15          |
|    entropy_loss         | -5.98         |
|    explained_variance   | 0.453         |
|    learning_rate        | 0.0001        |
|    loss                 | 0.31          |
|    n_updates            | 138           |
|    policy_gradient_loss | -0.00932      |
|    value_loss           | 0.763         |
-------------------------------------------
------------------------------------------
| rollout/                |              |
|    ep_len_mean          | 38.9         |
|    ep_rew_mean          | -45.7        |
| time/                   |              |
|    fps                  | 20           |
|    iterations           | 48           |
|    time_elapsed         | 598          |
|    total_timesteps      | 12288        |
| train/                  |              |
|    approx_kl            | 0.0006095425 |
|    clip_fraction        | 0            |
|    clip_range           | 0.15         |
|    entropy_loss         | -5.99        |
|    explained_variance   | 0.575        |
|    learning_rate        | 0.0001       |
|    loss                 | 0.202        |
|    n_updates            | 141          |
|    policy_gradient_loss | -0.0127      |
|    value_loss           | 0.547        |
------------------------------------------
------------------------------------------
| rollout/                |              |
|    ep_len_mean          | 38.8         |
|    ep_rew_mean          | -45.6        |
| time/                   |              |
|    fps                  | 20           |
|    iterations           | 49           |
|    time_elapsed         | 611          |
|    total_timesteps      | 12544        |
| train/                  |              |
|    approx_kl            | 0.0010152038 |
|    clip_fraction        | 0            |
|    clip_range           | 0.15         |
|    entropy_loss         | -5.99        |
|    explained_variance   | 0.75         |
|    learning_rate        | 0.0001       |
|    loss                 | 0.161        |
|    n_updates            | 144          |
|    policy_gradient_loss | -0.0164      |
|    value_loss           | 0.474        |
------------------------------------------
------------------------------------------
| rollout/                |              |
|    ep_len_mean          | 38.6         |
|    ep_rew_mean          | -45.5        |
| time/                   |              |
|    fps                  | 20           |
|    iterations           | 50           |
|    time_elapsed         | 629          |
|    total_timesteps      | 12800        |
| train/                  |              |
|    approx_kl            | 0.0011950354 |
|    clip_fraction        | 0            |
|    clip_range           | 0.15         |
|    entropy_loss         | -6.01        |
|    explained_variance   | 0.828        |
|    learning_rate        | 0.0001       |
|    loss                 | 0.141        |
|    n_updates            | 147          |
|    policy_gradient_loss | -0.0175      |
|    value_loss           | 0.417        |
------------------------------------------
-----------------------------------------
| rollout/                |             |
|    ep_len_mean          | 38.6        |
|    ep_rew_mean          | -45.2       |
| time/                   |             |
|    fps                  | 20          |
|    iterations           | 51          |
|    time_elapsed         | 643         |
|    total_timesteps      | 13056       |
| train/                  |             |
|    approx_kl            | 0.001427372 |
|    clip_fraction        | 0.00911     |
|    clip_range           | 0.15        |
|    entropy_loss         | -6.01       |
|    explained_variance   | 0.805       |
|    learning_rate        | 0.0001      |
|    loss                 | 0.137       |
|    n_updates            | 150         |
|    policy_gradient_loss | -0.0136     |
|    value_loss           | 0.385       |
-----------------------------------------
-------------------------------------------
| rollout/                |               |
|    ep_len_mean          | 38.4          |
|    ep_rew_mean          | -44.7         |
| time/                   |               |
|    fps                  | 20            |
|    iterations           | 52            |
|    time_elapsed         | 657           |
|    total_timesteps      | 13312         |
| train/                  |               |
|    approx_kl            | 0.00092100864 |
|    clip_fraction        | 0             |
|    clip_range           | 0.15          |
|    entropy_loss         | -6.06         |
|    explained_variance   | 0.599         |
|    learning_rate        | 0.0001        |
|    loss                 | 0.135         |
|    n_updates            | 153           |
|    policy_gradient_loss | -0.00836      |
|    value_loss           | 0.36          |
-------------------------------------------
------------------------------------------
| rollout/                |              |
|    ep_len_mean          | 38.4         |
|    ep_rew_mean          | -44.7        |
| time/                   |              |
|    fps                  | 20           |
|    iterations           | 53           |
|    time_elapsed         | 671          |
|    total_timesteps      | 13568        |
| train/                  |              |
|    approx_kl            | 0.0009496205 |
|    clip_fraction        | 0            |
|    clip_range           | 0.15         |
|    entropy_loss         | -6.05        |
|    explained_variance   | 0.655        |
|    learning_rate        | 0.0001       |
|    loss                 | 0.102        |
|    n_updates            | 156          |
|    policy_gradient_loss | -0.0137      |
|    value_loss           | 0.32         |
------------------------------------------
------------------------------------------
| rollout/                |              |
|    ep_len_mean          | 38.6         |
|    ep_rew_mean          | -45          |
| time/                   |              |
|    fps                  | 20           |
|    iterations           | 54           |
|    time_elapsed         | 684          |
|    total_timesteps      | 13824        |
| train/                  |              |
|    approx_kl            | 0.0011002715 |
|    clip_fraction        | 0            |
|    clip_range           | 0.15         |
|    entropy_loss         | -6.06        |
|    explained_variance   | 0.72         |
|    learning_rate        | 0.0001       |
|    loss                 | 0.0613       |
|    n_updates            | 159          |
|    policy_gradient_loss | -0.0179      |
|    value_loss           | 0.25         |
------------------------------------------
------------------------------------------
| rollout/                |              |
|    ep_len_mean          | 38.8         |
|    ep_rew_mean          | -45.4        |
| time/                   |              |
|    fps                  | 20           |
|    iterations           | 55           |
|    time_elapsed         | 693          |
|    total_timesteps      | 14080        |
| train/                  |              |
|    approx_kl            | 0.0012366022 |
|    clip_fraction        | 0            |
|    clip_range           | 0.15         |
|    entropy_loss         | -6.07        |
|    explained_variance   | 0.737        |
|    learning_rate        | 0.0001       |
|    loss                 | 0.0894       |
|    n_updates            | 162          |
|    policy_gradient_loss | -0.0175      |
|    value_loss           | 0.3          |
------------------------------------------
------------------------------------------
| rollout/                |              |
|    ep_len_mean          | 39           |
|    ep_rew_mean          | -45.9        |
| time/                   |              |
|    fps                  | 20           |
|    iterations           | 56           |
|    time_elapsed         | 704          |
|    total_timesteps      | 14336        |
| train/                  |              |
|    approx_kl            | 0.0013210098 |
|    clip_fraction        | 0.00911      |
|    clip_range           | 0.15         |
|    entropy_loss         | -6.06        |
|    explained_variance   | 0.832        |
|    learning_rate        | 0.0001       |
|    loss                 | 0.0168       |
|    n_updates            | 165          |
|    policy_gradient_loss | -0.0205      |
|    value_loss           | 0.165        |
------------------------------------------
-------------------------------------------
| rollout/                |               |
|    ep_len_mean          | 39.2          |
|    ep_rew_mean          | -46.3         |
| time/                   |               |
|    fps                  | 20            |
|    iterations           | 57            |
|    time_elapsed         | 712           |
|    total_timesteps      | 14592         |
| train/                  |               |
|    approx_kl            | 0.00060601113 |
|    clip_fraction        | 0             |
|    clip_range           | 0.15          |
|    entropy_loss         | -6.05         |
|    explained_variance   | 0.515         |
|    learning_rate        | 0.0001        |
|    loss                 | 0.223         |
|    n_updates            | 168           |
|    policy_gradient_loss | -0.00622      |
|    value_loss           | 0.518         |
-------------------------------------------
------------------------------------------
| rollout/                |              |
|    ep_len_mean          | 39.5         |
|    ep_rew_mean          | -46.6        |
| time/                   |              |
|    fps                  | 20           |
|    iterations           | 58           |
|    time_elapsed         | 725          |
|    total_timesteps      | 14848        |
| train/                  |              |
|    approx_kl            | 0.0005118188 |
|    clip_fraction        | 0            |
|    clip_range           | 0.15         |
|    entropy_loss         | -6.04        |
|    explained_variance   | 0.55         |
|    learning_rate        | 0.0001       |
|    loss                 | 0.22         |
|    n_updates            | 171          |
|    policy_gradient_loss | -0.00821     |
|    value_loss           | 0.544        |
------------------------------------------
-------------------------------------------
| rollout/                |               |
|    ep_len_mean          | 39.8          |
|    ep_rew_mean          | -46.9         |
| time/                   |               |
|    fps                  | 20            |
|    iterations           | 59            |
|    time_elapsed         | 740           |
|    total_timesteps      | 15104         |
| train/                  |               |
|    approx_kl            | 0.00061053317 |
|    clip_fraction        | 0             |
|    clip_range           | 0.15          |
|    entropy_loss         | -6.03         |
|    explained_variance   | 0.722         |
|    learning_rate        | 0.0001        |
|    loss                 | 0.15          |
|    n_updates            | 174           |
|    policy_gradient_loss | -0.0127       |
|    value_loss           | 0.431         |
-------------------------------------------
------------------------------------------
| rollout/                |              |
|    ep_len_mean          | 39.9         |
|    ep_rew_mean          | -47.1        |
| time/                   |              |
|    fps                  | 20           |
|    iterations           | 60           |
|    time_elapsed         | 752          |
|    total_timesteps      | 15360        |
| train/                  |              |
|    approx_kl            | 0.0008330359 |
|    clip_fraction        | 0            |
|    clip_range           | 0.15         |
|    entropy_loss         | -6.02        |
|    explained_variance   | 0.777        |
|    learning_rate        | 0.0001       |
|    loss                 | 0.102        |
|    n_updates            | 177          |
|    policy_gradient_loss | -0.0141      |
|    value_loss           | 0.331        |
------------------------------------------
-------------------------------------------
| rollout/                |               |
|    ep_len_mean          | 40            |
|    ep_rew_mean          | -47.3         |
| time/                   |               |
|    fps                  | 20            |
|    iterations           | 61            |
|    time_elapsed         | 767           |
|    total_timesteps      | 15616         |
| train/                  |               |
|    approx_kl            | 0.00081791985 |
|    clip_fraction        | 0             |
|    clip_range           | 0.15          |
|    entropy_loss         | -6.01         |
|    explained_variance   | 0.891         |
|    learning_rate        | 0.0001        |
|    loss                 | 0.108         |
|    n_updates            | 180           |
|    policy_gradient_loss | -0.0119       |
|    value_loss           | 0.32          |
-------------------------------------------
------------------------------------------
| rollout/                |              |
|    ep_len_mean          | 40.2         |
|    ep_rew_mean          | -47.4        |
| time/                   |              |
|    fps                  | 20           |
|    iterations           | 62           |
|    time_elapsed         | 782          |
|    total_timesteps      | 15872        |
| train/                  |              |
|    approx_kl            | 0.0007407549 |
|    clip_fraction        | 0            |
|    clip_range           | 0.15         |
|    entropy_loss         | -6           |
|    explained_variance   | 0.882        |
|    learning_rate        | 0.0001       |
|    loss                 | 0.0947       |
|    n_updates            | 183          |
|    policy_gradient_loss | -0.00882     |
|    value_loss           | 0.278        |
------------------------------------------
------------------------------------------
| rollout/                |              |
|    ep_len_mean          | 40.3         |
|    ep_rew_mean          | -47.5        |
| time/                   |              |
|    fps                  | 20           |
|    iterations           | 63           |
|    time_elapsed         | 798          |
|    total_timesteps      | 16128        |
| train/                  |              |
|    approx_kl            | 0.0006205782 |
|    clip_fraction        | 0            |
|    clip_range           | 0.15         |
|    entropy_loss         | -5.97        |
|    explained_variance   | 0.908        |
|    learning_rate        | 0.0001       |
|    loss                 | 0.0899       |
|    n_updates            | 186          |
|    policy_gradient_loss | -0.0103      |
|    value_loss           | 0.275        |
------------------------------------------
------------------------------------------
| rollout/                |              |
|    ep_len_mean          | 40.4         |
|    ep_rew_mean          | -47.6        |
| time/                   |              |
|    fps                  | 20           |
|    iterations           | 64           |
|    time_elapsed         | 809          |
|    total_timesteps      | 16384        |
| train/                  |              |
|    approx_kl            | 0.0006603766 |
|    clip_fraction        | 0            |
|    clip_range           | 0.15         |
|    entropy_loss         | -5.95        |
|    explained_variance   | 0.881        |
|    learning_rate        | 0.0001       |
|    loss                 | 0.0734       |
|    n_updates            | 189          |
|    policy_gradient_loss | -0.0113      |
|    value_loss           | 0.244        |
------------------------------------------
------------------------------------------
| rollout/                |              |
|    ep_len_mean          | 40.5         |
|    ep_rew_mean          | -47.6        |
| time/                   |              |
|    fps                  | 20           |
|    iterations           | 65           |
|    time_elapsed         | 820          |
|    total_timesteps      | 16640        |
| train/                  |              |
|    approx_kl            | 0.0008831008 |
|    clip_fraction        | 0            |
|    clip_range           | 0.15         |
|    entropy_loss         | -5.94        |
|    explained_variance   | 0.91         |
|    learning_rate        | 0.0001       |
|    loss                 | 0.0499       |
|    n_updates            | 192          |
|    policy_gradient_loss | -0.0158      |
|    value_loss           | 0.214        |
------------------------------------------
------------------------------------------
| rollout/                |              |
|    ep_len_mean          | 40.7         |
|    ep_rew_mean          | -47.6        |
| time/                   |              |
|    fps                  | 20           |
|    iterations           | 66           |
|    time_elapsed         | 833          |
|    total_timesteps      | 16896        |
| train/                  |              |
|    approx_kl            | 0.0010184054 |
|    clip_fraction        | 0            |
|    clip_range           | 0.15         |
|    entropy_loss         | -5.92        |
|    explained_variance   | 0.915        |
|    learning_rate        | 0.0001       |
|    loss                 | 0.0124       |
|    n_updates            | 195          |
|    policy_gradient_loss | -0.0152      |
|    value_loss           | 0.131        |
------------------------------------------
------------------------------------------
| rollout/                |              |
|    ep_len_mean          | 40.7         |
|    ep_rew_mean          | -47.8        |
| time/                   |              |
|    fps                  | 20           |
|    iterations           | 67           |
|    time_elapsed         | 842          |
|    total_timesteps      | 17152        |
| train/                  |              |
|    approx_kl            | 0.0010957869 |
|    clip_fraction        | 0            |
|    clip_range           | 0.15         |
|    entropy_loss         | -5.88        |
|    explained_variance   | 0.935        |
|    learning_rate        | 0.0001       |
|    loss                 | 0.00286      |
|    n_updates            | 198          |
|    policy_gradient_loss | -0.0163      |
|    value_loss           | 0.115        |
------------------------------------------
------------------------------------------
| rollout/                |              |
|    ep_len_mean          | 40.7         |
|    ep_rew_mean          | -47.6        |
| time/                   |              |
|    fps                  | 20           |
|    iterations           | 68           |
|    time_elapsed         | 853          |
|    total_timesteps      | 17408        |
| train/                  |              |
|    approx_kl            | 0.0012853986 |
|    clip_fraction        | 0            |
|    clip_range           | 0.15         |
|    entropy_loss         | -5.84        |
|    explained_variance   | 0.943        |
|    learning_rate        | 0.0001       |
|    loss                 | -0.0126      |
|    n_updates            | 201          |
|    policy_gradient_loss | -0.0193      |
|    value_loss           | 0.0947       |
------------------------------------------
------------------------------------------
| rollout/                |              |
|    ep_len_mean          | 40.7         |
|    ep_rew_mean          | -47.5        |
| time/                   |              |
|    fps                  | 20           |
|    iterations           | 69           |
|    time_elapsed         | 866          |
|    total_timesteps      | 17664        |
| train/                  |              |
|    approx_kl            | 0.0014204436 |
|    clip_fraction        | 0            |
|    clip_range           | 0.15         |
|    entropy_loss         | -5.84        |
|    explained_variance   | 0.915        |
|    learning_rate        | 0.0001       |
|    loss                 | -0.0039      |
|    n_updates            | 204          |
|    policy_gradient_loss | -0.0163      |
|    value_loss           | 0.097        |
------------------------------------------
------------------------------------------
| rollout/                |              |
|    ep_len_mean          | 40.7         |
|    ep_rew_mean          | -47.5        |
| time/                   |              |
|    fps                  | 20           |
|    iterations           | 70           |
|    time_elapsed         | 877          |
|    total_timesteps      | 17920        |
| train/                  |              |
|    approx_kl            | 0.0010236474 |
|    clip_fraction        | 0            |
|    clip_range           | 0.15         |
|    entropy_loss         | -5.84        |
|    explained_variance   | 0.706        |
|    learning_rate        | 0.0001       |
|    loss                 | 0.112        |
|    n_updates            | 207          |
|    policy_gradient_loss | -0.00876     |
|    value_loss           | 0.311        |
------------------------------------------
-----------------------------------------
| rollout/                |             |
|    ep_len_mean          | 40.7        |
|    ep_rew_mean          | -47.5       |
| time/                   |             |
|    fps                  | 20          |
|    iterations           | 71          |
|    time_elapsed         | 891         |
|    total_timesteps      | 18176       |
| train/                  |             |
|    approx_kl            | 0.001066485 |
|    clip_fraction        | 0           |
|    clip_range           | 0.15        |
|    entropy_loss         | -5.81       |
|    explained_variance   | 0.732       |
|    learning_rate        | 0.0001      |
|    loss                 | 0.0617      |
|    n_updates            | 210         |
|    policy_gradient_loss | -0.0132     |
|    value_loss           | 0.242       |
-----------------------------------------
------------------------------------------
| rollout/                |              |
|    ep_len_mean          | 40.6         |
|    ep_rew_mean          | -47.5        |
| time/                   |              |
|    fps                  | 20           |
|    iterations           | 72           |
|    time_elapsed         | 910          |
|    total_timesteps      | 18432        |
| train/                  |              |
|    approx_kl            | 0.0013561677 |
|    clip_fraction        | 0            |
|    clip_range           | 0.15         |
|    entropy_loss         | -5.79        |
|    explained_variance   | 0.806        |
|    learning_rate        | 0.0001       |
|    loss                 | 0.0273       |
|    n_updates            | 213          |
|    policy_gradient_loss | -0.0164      |
|    value_loss           | 0.181        |
------------------------------------------
-------------------------------------------
| rollout/                |               |
|    ep_len_mean          | 40.7          |
|    ep_rew_mean          | -47.6         |
| time/                   |               |
|    fps                  | 20            |
|    iterations           | 73            |
|    time_elapsed         | 928           |
|    total_timesteps      | 18688         |
| train/                  |               |
|    approx_kl            | 0.00091919047 |
|    clip_fraction        | 0             |
|    clip_range           | 0.15          |
|    entropy_loss         | -5.69         |
|    explained_variance   | 0.876         |
|    learning_rate        | 0.0001        |
|    loss                 | 0.0629        |
|    n_updates            | 216           |
|    policy_gradient_loss | -0.00964      |
|    value_loss           | 0.221         |
-------------------------------------------
-------------------------------------------
| rollout/                |               |
|    ep_len_mean          | 40.8          |
|    ep_rew_mean          | -47.8         |
| time/                   |               |
|    fps                  | 20            |
|    iterations           | 74            |
|    time_elapsed         | 940           |
|    total_timesteps      | 18944         |
| train/                  |               |
|    approx_kl            | 0.00039067352 |
|    clip_fraction        | 0             |
|    clip_range           | 0.15          |
|    entropy_loss         | -5.78         |
|    explained_variance   | 0.626         |
|    learning_rate        | 0.0001        |
|    loss                 | 0.376         |
|    n_updates            | 219           |
|    policy_gradient_loss | -0.00457      |
|    value_loss           | 0.831         |
-------------------------------------------
-------------------------------------------
| rollout/                |               |
|    ep_len_mean          | 40.9          |
|    ep_rew_mean          | -48.1         |
| time/                   |               |
|    fps                  | 20            |
|    iterations           | 75            |
|    time_elapsed         | 954           |
|    total_timesteps      | 19200         |
| train/                  |               |
|    approx_kl            | 0.00039878627 |
|    clip_fraction        | 0             |
|    clip_range           | 0.15          |
|    entropy_loss         | -5.76         |
|    explained_variance   | 0.711         |
|    learning_rate        | 0.0001        |
|    loss                 | 0.298         |
|    n_updates            | 222           |
|    policy_gradient_loss | -0.00817      |
|    value_loss           | 0.72          |
-------------------------------------------
-------------------------------------------
| rollout/                |               |
|    ep_len_mean          | 41            |
|    ep_rew_mean          | -48.2         |
| time/                   |               |
|    fps                  | 20            |
|    iterations           | 76            |
|    time_elapsed         | 968           |
|    total_timesteps      | 19456         |
| train/                  |               |
|    approx_kl            | 0.00064168195 |
|    clip_fraction        | 0             |
|    clip_range           | 0.15          |
|    entropy_loss         | -5.75         |
|    explained_variance   | 0.811         |
|    learning_rate        | 0.0001        |
|    loss                 | 0.206         |
|    n_updates            | 225           |
|    policy_gradient_loss | -0.0124       |
|    value_loss           | 0.555         |
-------------------------------------------
-----------------------------------------
| rollout/                |             |
|    ep_len_mean          | 41          |
|    ep_rew_mean          | -48.1       |
| time/                   |             |
|    fps                  | 19          |
|    iterations           | 77          |
|    time_elapsed         | 987         |
|    total_timesteps      | 19712       |
| train/                  |             |
|    approx_kl            | 0.000885868 |
|    clip_fraction        | 0           |
|    clip_range           | 0.15        |
|    entropy_loss         | -5.76       |
|    explained_variance   | 0.893       |
|    learning_rate        | 0.0001      |
|    loss                 | 0.153       |
|    n_updates            | 228         |
|    policy_gradient_loss | -0.0134     |
|    value_loss           | 0.432       |
-----------------------------------------
------------------------------------------
| rollout/                |              |
|    ep_len_mean          | 40.8         |
|    ep_rew_mean          | -48          |
| time/                   |              |
|    fps                  | 19           |
|    iterations           | 78           |
|    time_elapsed         | 1003         |
|    total_timesteps      | 19968        |
| train/                  |              |
|    approx_kl            | 0.0004837301 |
|    clip_fraction        | 0            |
|    clip_range           | 0.15         |
|    entropy_loss         | -5.7         |
|    explained_variance   | 0.828        |
|    learning_rate        | 0.0001       |
|    loss                 | 0.152        |
|    n_updates            | 231          |
|    policy_gradient_loss | -0.00212     |
|    value_loss           | 0.345        |
------------------------------------------
-------------------------------------------
| rollout/                |               |
|    ep_len_mean          | 40.7          |
|    ep_rew_mean          | -47.9         |
| time/                   |               |
|    fps                  | 19            |
|    iterations           | 79            |
|    time_elapsed         | 1021          |
|    total_timesteps      | 20224         |
| train/                  |               |
|    approx_kl            | 0.00070658326 |
|    clip_fraction        | 0             |
|    clip_range           | 0.15          |
|    entropy_loss         | -5.67         |
|    explained_variance   | 0.831         |
|    learning_rate        | 0.0001        |
|    loss                 | 0.0869        |
|    n_updates            | 234           |
|    policy_gradient_loss | -0.00953      |
|    value_loss           | 0.264         |
-------------------------------------------
------------------------------------------
| rollout/                |              |
|    ep_len_mean          | 40.7         |
|    ep_rew_mean          | -47.8        |
| time/                   |              |
|    fps                  | 19           |
|    iterations           | 80           |
|    time_elapsed         | 1036         |
|    total_timesteps      | 20480        |
| train/                  |              |
|    approx_kl            | 0.0009507814 |
|    clip_fraction        | 0            |
|    clip_range           | 0.15         |
|    entropy_loss         | -5.71        |
|    explained_variance   | 0.847        |
|    learning_rate        | 0.0001       |
|    loss                 | 0.0455       |
|    n_updates            | 237          |
|    policy_gradient_loss | -0.0134      |
|    value_loss           | 0.201        |
------------------------------------------
-------------------------------------------
| rollout/                |               |
|    ep_len_mean          | 40.7          |
|    ep_rew_mean          | -47.9         |
| time/                   |               |
|    fps                  | 19            |
|    iterations           | 81            |
|    time_elapsed         | 1052          |
|    total_timesteps      | 20736         |
| train/                  |               |
|    approx_kl            | 0.00084643695 |
|    clip_fraction        | 0             |
|    clip_range           | 0.15          |
|    entropy_loss         | -5.78         |
|    explained_variance   | 0.84          |
|    learning_rate        | 0.0001        |
|    loss                 | 0.0991        |
|    n_updates            | 240           |
|    policy_gradient_loss | -0.00568      |
|    value_loss           | 0.273         |
-------------------------------------------
-------------------------------------------
| rollout/                |               |
|    ep_len_mean          | 40.7          |
|    ep_rew_mean          | -48           |
| time/                   |               |
|    fps                  | 19            |
|    iterations           | 82            |
|    time_elapsed         | 1063          |
|    total_timesteps      | 20992         |
| train/                  |               |
|    approx_kl            | 0.00074332044 |
|    clip_fraction        | 0             |
|    clip_range           | 0.15          |
|    entropy_loss         | -5.79         |
|    explained_variance   | 0.877         |
|    learning_rate        | 0.0001        |
|    loss                 | 0.055         |
|    n_updates            | 243           |
|    policy_gradient_loss | -0.00999      |
|    value_loss           | 0.212         |
-------------------------------------------
-------------------------------------------
| rollout/                |               |
|    ep_len_mean          | 40.7          |
|    ep_rew_mean          | -48.1         |
| time/                   |               |
|    fps                  | 19            |
|    iterations           | 83            |
|    time_elapsed         | 1072          |
|    total_timesteps      | 21248         |
| train/                  |               |
|    approx_kl            | 0.00071899756 |
|    clip_fraction        | 0             |
|    clip_range           | 0.15          |
|    entropy_loss         | -5.81         |
|    explained_variance   | 0.884         |
|    learning_rate        | 0.0001        |
|    loss                 | 0.0289        |
|    n_updates            | 246           |
|    policy_gradient_loss | -0.00944      |
|    value_loss           | 0.155         |
-------------------------------------------
------------------------------------------
| rollout/                |              |
|    ep_len_mean          | 40.8         |
|    ep_rew_mean          | -48.7        |
| time/                   |              |
|    fps                  | 19           |
|    iterations           | 84           |
|    time_elapsed         | 1083         |
|    total_timesteps      | 21504        |
| train/                  |              |
|    approx_kl            | 0.0008608424 |
|    clip_fraction        | 0            |
|    clip_range           | 0.15         |
|    entropy_loss         | -5.81        |
|    explained_variance   | 0.938        |
|    learning_rate        | 0.0001       |
|    loss                 | 0.00177      |
|    n_updates            | 249          |
|    policy_gradient_loss | -0.0152      |
|    value_loss           | 0.119        |
------------------------------------------
-----------------------------------------
| rollout/                |             |
|    ep_len_mean          | 40.8        |
|    ep_rew_mean          | -48.9       |
| time/                   |             |
|    fps                  | 19          |
|    iterations           | 85          |
|    time_elapsed         | 1092        |
|    total_timesteps      | 21760       |
| train/                  |             |
|    approx_kl            | 0.001015113 |
|    clip_fraction        | 0           |
|    clip_range           | 0.15        |
|    entropy_loss         | -5.79       |
|    explained_variance   | 0.951       |
|    learning_rate        | 0.0001      |
|    loss                 | -0.00947    |
|    n_updates            | 252         |
|    policy_gradient_loss | -0.0165     |
|    value_loss           | 0.0933      |
-----------------------------------------
------------------------------------------
| rollout/                |              |
|    ep_len_mean          | 40.9         |
|    ep_rew_mean          | -49.2        |
| time/                   |              |
|    fps                  | 19           |
|    iterations           | 86           |
|    time_elapsed         | 1101         |
|    total_timesteps      | 22016        |
| train/                  |              |
|    approx_kl            | 0.0012966043 |
|    clip_fraction        | 0            |
|    clip_range           | 0.15         |
|    entropy_loss         | -5.77        |
|    explained_variance   | 0.953        |
|    learning_rate        | 0.0001       |
|    loss                 | -0.0187      |
|    n_updates            | 255          |
|    policy_gradient_loss | -0.0191      |
|    value_loss           | 0.083        |
------------------------------------------
------------------------------------------
| rollout/                |              |
|    ep_len_mean          | 41           |
|    ep_rew_mean          | -49.5        |
| time/                   |              |
|    fps                  | 20           |
|    iterations           | 87           |
|    time_elapsed         | 1109         |
|    total_timesteps      | 22272        |
| train/                  |              |
|    approx_kl            | 0.0016496878 |
|    clip_fraction        | 0            |
|    clip_range           | 0.15         |
|    entropy_loss         | -5.76        |
|    explained_variance   | 0.954        |
|    learning_rate        | 0.0001       |
|    loss                 | -0.0286      |
|    n_updates            | 258          |
|    policy_gradient_loss | -0.0212      |
|    value_loss           | 0.0683       |
------------------------------------------
-----------------------------------------
| rollout/                |             |
|    ep_len_mean          | 41.1        |
|    ep_rew_mean          | -49.6       |
| time/                   |             |
|    fps                  | 20          |
|    iterations           | 88          |
|    time_elapsed         | 1118        |
|    total_timesteps      | 22528       |
| train/                  |             |
|    approx_kl            | 0.002119536 |
|    clip_fraction        | 0.00781     |
|    clip_range           | 0.15        |
|    entropy_loss         | -5.73       |
|    explained_variance   | 0.96        |
|    learning_rate        | 0.0001      |
|    loss                 | -0.0357     |
|    n_updates            | 261         |
|    policy_gradient_loss | -0.0228     |
|    value_loss           | 0.0571      |
-----------------------------------------
------------------------------------------
| rollout/                |              |
|    ep_len_mean          | 41           |
|    ep_rew_mean          | -49.6        |
| time/                   |              |
|    fps                  | 20           |
|    iterations           | 89           |
|    time_elapsed         | 1129         |
|    total_timesteps      | 22784        |
| train/                  |              |
|    approx_kl            | 0.0024669108 |
|    clip_fraction        | 0.0169       |
|    clip_range           | 0.15         |
|    entropy_loss         | -5.7         |
|    explained_variance   | 0.965        |
|    learning_rate        | 0.0001       |
|    loss                 | -0.0392      |
|    n_updates            | 264          |
|    policy_gradient_loss | -0.0244      |
|    value_loss           | 0.0538       |
------------------------------------------
------------------------------------------
| rollout/                |              |
|    ep_len_mean          | 40.9         |
|    ep_rew_mean          | -49.5        |
| time/                   |              |
|    fps                  | 20           |
|    iterations           | 90           |
|    time_elapsed         | 1141         |
|    total_timesteps      | 23040        |
| train/                  |              |
|    approx_kl            | 0.0013424384 |
|    clip_fraction        | 0            |
|    clip_range           | 0.15         |
|    entropy_loss         | -5.63        |
|    explained_variance   | 0.729        |
|    learning_rate        | 0.0001       |
|    loss                 | 0.148        |
|    n_updates            | 267          |
|    policy_gradient_loss | -0.00576     |
|    value_loss           | 0.376        |
------------------------------------------
------------------------------------------
| rollout/                |              |
|    ep_len_mean          | 40.8         |
|    ep_rew_mean          | -49.4        |
| time/                   |              |
|    fps                  | 20           |
|    iterations           | 91           |
|    time_elapsed         | 1153         |
|    total_timesteps      | 23296        |
| train/                  |              |
|    approx_kl            | 0.0011393065 |
|    clip_fraction        | 0            |
|    clip_range           | 0.15         |
|    entropy_loss         | -5.6         |
|    explained_variance   | 0.715        |
|    learning_rate        | 0.0001       |
|    loss                 | 0.112        |
|    n_updates            | 270          |
|    policy_gradient_loss | -0.00867     |
|    value_loss           | 0.344        |
------------------------------------------
------------------------------------------
| rollout/                |              |
|    ep_len_mean          | 40.6         |
|    ep_rew_mean          | -49.3        |
| time/                   |              |
|    fps                  | 20           |
|    iterations           | 92           |
|    time_elapsed         | 1165         |
|    total_timesteps      | 23552        |
| train/                  |              |
|    approx_kl            | 0.0010034416 |
|    clip_fraction        | 0            |
|    clip_range           | 0.15         |
|    entropy_loss         | -5.57        |
|    explained_variance   | 0.858        |
|    learning_rate        | 0.0001       |
|    loss                 | 0.0487       |
|    n_updates            | 273          |
|    policy_gradient_loss | -0.0109      |
|    value_loss           | 0.218        |
------------------------------------------
-------------------------------------------
| rollout/                |               |
|    ep_len_mean          | 40.7          |
|    ep_rew_mean          | -49.4         |
| time/                   |               |
|    fps                  | 20            |
|    iterations           | 93            |
|    time_elapsed         | 1177          |
|    total_timesteps      | 23808         |
| train/                  |               |
|    approx_kl            | 0.00084438245 |
|    clip_fraction        | 0             |
|    clip_range           | 0.15          |
|    entropy_loss         | -5.55         |
|    explained_variance   | 0.945         |
|    learning_rate        | 0.0001        |
|    loss                 | 0.0427        |
|    n_updates            | 276           |
|    policy_gradient_loss | -0.00935      |
|    value_loss           | 0.171         |
-------------------------------------------
-------------------------------------------
| rollout/                |               |
|    ep_len_mean          | 40.9          |
|    ep_rew_mean          | -49.6         |
| time/                   |               |
|    fps                  | 20            |
|    iterations           | 94            |
|    time_elapsed         | 1189          |
|    total_timesteps      | 24064         |
| train/                  |               |
|    approx_kl            | 0.00065158354 |
|    clip_fraction        | 0             |
|    clip_range           | 0.15          |
|    entropy_loss         | -5.5          |
|    explained_variance   | 0.929         |
|    learning_rate        | 0.0001        |
|    loss                 | 0.0535        |
|    n_updates            | 279           |
|    policy_gradient_loss | -0.00597      |
|    value_loss           | 0.168         |
-------------------------------------------
-------------------------------------------
| rollout/                |               |
|    ep_len_mean          | 41            |
|    ep_rew_mean          | -49.7         |
| time/                   |               |
|    fps                  | 20            |
|    iterations           | 95            |
|    time_elapsed         | 1201          |
|    total_timesteps      | 24320         |
| train/                  |               |
|    approx_kl            | 0.00058419467 |
|    clip_fraction        | 0             |
|    clip_range           | 0.15          |
|    entropy_loss         | -5.51         |
|    explained_variance   | 0.905         |
|    learning_rate        | 0.0001        |
|    loss                 | 0.0483        |
|    n_updates            | 282           |
|    policy_gradient_loss | -0.00839      |
|    value_loss           | 0.174         |
-------------------------------------------
-------------------------------------------
| rollout/                |               |
|    ep_len_mean          | 41            |
|    ep_rew_mean          | -49.7         |
| time/                   |               |
|    fps                  | 20            |
|    iterations           | 96            |
|    time_elapsed         | 1210          |
|    total_timesteps      | 24576         |
| train/                  |               |
|    approx_kl            | 0.00073252665 |
|    clip_fraction        | 0             |
|    clip_range           | 0.15          |
|    entropy_loss         | -5.5          |
|    explained_variance   | 0.905         |
|    learning_rate        | 0.0001        |
|    loss                 | 0.0279        |
|    n_updates            | 285           |
|    policy_gradient_loss | -0.0123       |
|    value_loss           | 0.154         |
-------------------------------------------
-------------------------------------------
| rollout/                |               |
|    ep_len_mean          | 41            |
|    ep_rew_mean          | -49.6         |
| time/                   |               |
|    fps                  | 20            |
|    iterations           | 97            |
|    time_elapsed         | 1218          |
|    total_timesteps      | 24832         |
| train/                  |               |
|    approx_kl            | 0.00025722221 |
|    clip_fraction        | 0             |
|    clip_range           | 0.15          |
|    entropy_loss         | -5.45         |
|    explained_variance   | 0.884         |
|    learning_rate        | 0.0001        |
|    loss                 | 0.0536        |
|    n_updates            | 288           |
|    policy_gradient_loss | -0.00354      |
|    value_loss           | 0.159         |
-------------------------------------------
------------------------------------------
| rollout/                |              |
|    ep_len_mean          | 41           |
|    ep_rew_mean          | -49.5        |
| time/                   |              |
|    fps                  | 20           |
|    iterations           | 98           |
|    time_elapsed         | 1228         |
|    total_timesteps      | 25088        |
| train/                  |              |
|    approx_kl            | 0.0004188842 |
|    clip_fraction        | 0            |
|    clip_range           | 0.15         |
|    entropy_loss         | -5.42        |
|    explained_variance   | 0.896        |
|    learning_rate        | 0.0001       |
|    loss                 | 0.0336       |
|    n_updates            | 291          |
|    policy_gradient_loss | -0.00986     |
|    value_loss           | 0.15         |
------------------------------------------
------------------------------------------
| rollout/                |              |
|    ep_len_mean          | 40.9         |
|    ep_rew_mean          | -49.5        |
| time/                   |              |
|    fps                  | 20           |
|    iterations           | 99           |
|    time_elapsed         | 1238         |
|    total_timesteps      | 25344        |
| train/                  |              |
|    approx_kl            | 0.0004619332 |
|    clip_fraction        | 0            |
|    clip_range           | 0.15         |
|    entropy_loss         | -5.53        |
|    explained_variance   | 0.924        |
|    learning_rate        | 0.0001       |
|    loss                 | 0.00562      |
|    n_updates            | 294          |
|    policy_gradient_loss | -0.00923     |
|    value_loss           | 0.0886       |
------------------------------------------
------------------------------------------
| rollout/                |              |
|    ep_len_mean          | 41           |
|    ep_rew_mean          | -49.7        |
| time/                   |              |
|    fps                  | 20           |
|    iterations           | 100          |
|    time_elapsed         | 1246         |
|    total_timesteps      | 25600        |
| train/                  |              |
|    approx_kl            | 0.0004045104 |
|    clip_fraction        | 0            |
|    clip_range           | 0.15         |
|    entropy_loss         | -5.59        |
|    explained_variance   | 0.961        |
|    learning_rate        | 0.0001       |
|    loss                 | -0.00902     |
|    n_updates            | 297          |
|    policy_gradient_loss | -0.00937     |
|    value_loss           | 0.0585       |
------------------------------------------
------------------------------------------
| rollout/                |              |
|    ep_len_mean          | 41.1         |
|    ep_rew_mean          | -49.9        |
| time/                   |              |
|    fps                  | 20           |
|    iterations           | 101          |
|    time_elapsed         | 1254         |
|    total_timesteps      | 25856        |
| train/                  |              |
|    approx_kl            | 0.0004955025 |
|    clip_fraction        | 0            |
|    clip_range           | 0.15         |
|    entropy_loss         | -5.35        |
|    explained_variance   | 0.794        |
|    learning_rate        | 0.0001       |
|    loss                 | 0.135        |
|    n_updates            | 300          |
|    policy_gradient_loss | -0.00702     |
|    value_loss           | 0.349        |
------------------------------------------
-------------------------------------------
| rollout/                |               |
|    ep_len_mean          | 41.2          |
|    ep_rew_mean          | -50           |
| time/                   |               |
|    fps                  | 20            |
|    iterations           | 102           |
|    time_elapsed         | 1262          |
|    total_timesteps      | 26112         |
| train/                  |               |
|    approx_kl            | 0.00076749315 |
|    clip_fraction        | 0             |
|    clip_range           | 0.15          |
|    entropy_loss         | -5.34         |
|    explained_variance   | 0.822         |
|    learning_rate        | 0.0001        |
|    loss                 | 0.0855        |
|    n_updates            | 303           |
|    policy_gradient_loss | -0.0142       |
|    value_loss           | 0.29          |
-------------------------------------------
-----------------------------------------
| rollout/                |             |
|    ep_len_mean          | 41.4        |
|    ep_rew_mean          | -50.2       |
| time/                   |             |
|    fps                  | 20          |
|    iterations           | 103         |
|    time_elapsed         | 1270        |
|    total_timesteps      | 26368       |
| train/                  |             |
|    approx_kl            | 0.001092227 |
|    clip_fraction        | 0.00781     |
|    clip_range           | 0.15        |
|    entropy_loss         | -5.32       |
|    explained_variance   | 0.865       |
|    learning_rate        | 0.0001      |
|    loss                 | 0.0442      |
|    n_updates            | 306         |
|    policy_gradient_loss | -0.0157     |
|    value_loss           | 0.206       |
-----------------------------------------
------------------------------------------
| rollout/                |              |
|    ep_len_mean          | 41.5         |
|    ep_rew_mean          | -50.4        |
| time/                   |              |
|    fps                  | 20           |
|    iterations           | 104          |
|    time_elapsed         | 1278         |
|    total_timesteps      | 26624        |
| train/                  |              |
|    approx_kl            | 0.0013250045 |
|    clip_fraction        | 0.00781      |
|    clip_range           | 0.15         |
|    entropy_loss         | -5.31        |
|    explained_variance   | 0.913        |
|    learning_rate        | 0.0001       |
|    loss                 | 0.0197       |
|    n_updates            | 309          |
|    policy_gradient_loss | -0.019       |
|    value_loss           | 0.167        |
------------------------------------------
------------------------------------------
| rollout/                |              |
|    ep_len_mean          | 41.6         |
|    ep_rew_mean          | -50.6        |
| time/                   |              |
|    fps                  | 20           |
|    iterations           | 105          |
|    time_elapsed         | 1286         |
|    total_timesteps      | 26880        |
| train/                  |              |
|    approx_kl            | 0.0013598925 |
|    clip_fraction        | 0.00781      |
|    clip_range           | 0.15         |
|    entropy_loss         | -5.29        |
|    explained_variance   | 0.936        |
|    learning_rate        | 0.0001       |
|    loss                 | 0.00577      |
|    n_updates            | 312          |
|    policy_gradient_loss | -0.0177      |
|    value_loss           | 0.129        |
------------------------------------------
------------------------------------------
| rollout/                |              |
|    ep_len_mean          | 41.7         |
|    ep_rew_mean          | -50.8        |
| time/                   |              |
|    fps                  | 20           |
|    iterations           | 106          |
|    time_elapsed         | 1293         |
|    total_timesteps      | 27136        |
| train/                  |              |
|    approx_kl            | 0.0014357567 |
|    clip_fraction        | 0.00781      |
|    clip_range           | 0.15         |
|    entropy_loss         | -5.28        |
|    explained_variance   | 0.949        |
|    learning_rate        | 0.0001       |
|    loss                 | -0.00516     |
|    n_updates            | 315          |
|    policy_gradient_loss | -0.0164      |
|    value_loss           | 0.1          |
------------------------------------------
------------------------------------------
| rollout/                |              |
|    ep_len_mean          | 41.8         |
|    ep_rew_mean          | -50.9        |
| time/                   |              |
|    fps                  | 21           |
|    iterations           | 107          |
|    time_elapsed         | 1301         |
|    total_timesteps      | 27392        |
| train/                  |              |
|    approx_kl            | 0.0012831187 |
|    clip_fraction        | 0            |
|    clip_range           | 0.15         |
|    entropy_loss         | -5.32        |
|    explained_variance   | 0.931        |
|    learning_rate        | 0.0001       |
|    loss                 | 0.00659      |
|    n_updates            | 318          |
|    policy_gradient_loss | -0.0127      |
|    value_loss           | 0.107        |
------------------------------------------
------------------------------------------
| rollout/                |              |
|    ep_len_mean          | 42           |
|    ep_rew_mean          | -51.1        |
| time/                   |              |
|    fps                  | 21           |
|    iterations           | 108          |
|    time_elapsed         | 1308         |
|    total_timesteps      | 27648        |
| train/                  |              |
|    approx_kl            | 0.0015300997 |
|    clip_fraction        | 0            |
|    clip_range           | 0.15         |
|    entropy_loss         | -5.33        |
|    explained_variance   | 0.954        |
|    learning_rate        | 0.0001       |
|    loss                 | -0.0135      |
|    n_updates            | 321          |
|    policy_gradient_loss | -0.0174      |
|    value_loss           | 0.0855       |
------------------------------------------
-----------------------------------------
| rollout/                |             |
|    ep_len_mean          | 42.1        |
|    ep_rew_mean          | -51.2       |
| time/                   |             |
|    fps                  | 21          |
|    iterations           | 109         |
|    time_elapsed         | 1316        |
|    total_timesteps      | 27904       |
| train/                  |             |
|    approx_kl            | 0.001683587 |
|    clip_fraction        | 0.00781     |
|    clip_range           | 0.15        |
|    entropy_loss         | -5.35       |
|    explained_variance   | 0.954       |
|    learning_rate        | 0.0001      |
|    loss                 | -0.0245     |
|    n_updates            | 324         |
|    policy_gradient_loss | -0.0185     |
|    value_loss           | 0.0643      |
-----------------------------------------
------------------------------------------
| rollout/                |              |
|    ep_len_mean          | 42.2         |
|    ep_rew_mean          | -51.4        |
| time/                   |              |
|    fps                  | 21           |
|    iterations           | 110          |
|    time_elapsed         | 1324         |
|    total_timesteps      | 28160        |
| train/                  |              |
|    approx_kl            | 0.0015080469 |
|    clip_fraction        | 0            |
|    clip_range           | 0.15         |
|    entropy_loss         | -5.37        |
|    explained_variance   | 0.97         |
|    learning_rate        | 0.0001       |
|    loss                 | -0.0272      |
|    n_updates            | 327          |
|    policy_gradient_loss | -0.0157      |
|    value_loss           | 0.045        |
------------------------------------------
------------------------------------------
| rollout/                |              |
|    ep_len_mean          | 42.3         |
|    ep_rew_mean          | -51.6        |
| time/                   |              |
|    fps                  | 21           |
|    iterations           | 111          |
|    time_elapsed         | 1331         |
|    total_timesteps      | 28416        |
| train/                  |              |
|    approx_kl            | 0.0013312427 |
|    clip_fraction        | 0            |
|    clip_range           | 0.15         |
|    entropy_loss         | -5.37        |
|    explained_variance   | 0.972        |
|    learning_rate        | 0.0001       |
|    loss                 | -0.0326      |
|    n_updates            | 330          |
|    policy_gradient_loss | -0.0171      |
|    value_loss           | 0.0391       |
------------------------------------------
------------------------------------------
| rollout/                |              |
|    ep_len_mean          | 42.4         |
|    ep_rew_mean          | -51.8        |
| time/                   |              |
|    fps                  | 21           |
|    iterations           | 112          |
|    time_elapsed         | 1339         |
|    total_timesteps      | 28672        |
| train/                  |              |
|    approx_kl            | 0.0014243957 |
|    clip_fraction        | 0            |
|    clip_range           | 0.15         |
|    entropy_loss         | -5.36        |
|    explained_variance   | 0.975        |
|    learning_rate        | 0.0001       |
|    loss                 | -0.039       |
|    n_updates            | 333          |
|    policy_gradient_loss | -0.0191      |
|    value_loss           | 0.0333       |
------------------------------------------
------------------------------------------
| rollout/                |              |
|    ep_len_mean          | 42.6         |
|    ep_rew_mean          | -52.1        |
| time/                   |              |
|    fps                  | 21           |
|    iterations           | 113          |
|    time_elapsed         | 1347         |
|    total_timesteps      | 28928        |
| train/                  |              |
|    approx_kl            | 0.0014172045 |
|    clip_fraction        | 0            |
|    clip_range           | 0.15         |
|    entropy_loss         | -5.33        |
|    explained_variance   | 0.978        |
|    learning_rate        | 0.0001       |
|    loss                 | -0.0379      |
|    n_updates            | 336          |
|    policy_gradient_loss | -0.0177      |
|    value_loss           | 0.0295       |
------------------------------------------
------------------------------------------
| rollout/                |              |
|    ep_len_mean          | 42.7         |
|    ep_rew_mean          | -52.4        |
| time/                   |              |
|    fps                  | 21           |
|    iterations           | 114          |
|    time_elapsed         | 1355         |
|    total_timesteps      | 29184        |
| train/                  |              |
|    approx_kl            | 0.0017068309 |
|    clip_fraction        | 0.00781      |
|    clip_range           | 0.15         |
|    entropy_loss         | -5.25        |
|    explained_variance   | 0.976        |
|    learning_rate        | 0.0001       |
|    loss                 | -0.0389      |
|    n_updates            | 339          |
|    policy_gradient_loss | -0.0189      |
|    value_loss           | 0.0309       |
------------------------------------------
------------------------------------------
| rollout/                |              |
|    ep_len_mean          | 43           |
|    ep_rew_mean          | -52.4        |
| time/                   |              |
|    fps                  | 21           |
|    iterations           | 115          |
|    time_elapsed         | 1363         |
|    total_timesteps      | 29440        |
| train/                  |              |
|    approx_kl            | 0.0020168815 |
|    clip_fraction        | 0.00781      |
|    clip_range           | 0.15         |
|    entropy_loss         | -5.22        |
|    explained_variance   | 0.981        |
|    learning_rate        | 0.0001       |
|    loss                 | -0.0446      |
|    n_updates            | 342          |
|    policy_gradient_loss | -0.0204      |
|    value_loss           | 0.0256       |
------------------------------------------
------------------------------------------
| rollout/                |              |
|    ep_len_mean          | 43.2         |
|    ep_rew_mean          | -52.3        |
| time/                   |              |
|    fps                  | 21           |
|    iterations           | 116          |
|    time_elapsed         | 1371         |
|    total_timesteps      | 29696        |
| train/                  |              |
|    approx_kl            | 0.0016339633 |
|    clip_fraction        | 0            |
|    clip_range           | 0.15         |
|    entropy_loss         | -5.3         |
|    explained_variance   | 0.484        |
|    learning_rate        | 0.0001       |
|    loss                 | 0.302        |
|    n_updates            | 345          |
|    policy_gradient_loss | -0.00786     |
|    value_loss           | 0.703        |
------------------------------------------
------------------------------------------
| rollout/                |              |
|    ep_len_mean          | 43.3         |
|    ep_rew_mean          | -51.9        |
| time/                   |              |
|    fps                  | 21           |
|    iterations           | 117          |
|    time_elapsed         | 1378         |
|    total_timesteps      | 29952        |
| train/                  |              |
|    approx_kl            | 0.0012998187 |
|    clip_fraction        | 0            |
|    clip_range           | 0.15         |
|    entropy_loss         | -5.24        |
|    explained_variance   | 0.534        |
|    learning_rate        | 0.0001       |
|    loss                 | 0.201        |
|    n_updates            | 348          |
|    policy_gradient_loss | -0.0118      |
|    value_loss           | 0.554        |
------------------------------------------
------------------------------------------
| rollout/                |              |
|    ep_len_mean          | 43.4         |
|    ep_rew_mean          | -51.4        |
| time/                   |              |
|    fps                  | 21           |
|    iterations           | 118          |
|    time_elapsed         | 1393         |
|    total_timesteps      | 30208        |
| train/                  |              |
|    approx_kl            | 0.0013515032 |
|    clip_fraction        | 0            |
|    clip_range           | 0.15         |
|    entropy_loss         | -5.18        |
|    explained_variance   | 0.677        |
|    learning_rate        | 0.0001       |
|    loss                 | 0.101        |
|    n_updates            | 351          |
|    policy_gradient_loss | -0.0146      |
|    value_loss           | 0.375        |
------------------------------------------
------------------------------------------
| rollout/                |              |
|    ep_len_mean          | 43.4         |
|    ep_rew_mean          | -50.9        |
| time/                   |              |
|    fps                  | 21           |
|    iterations           | 119          |
|    time_elapsed         | 1407         |
|    total_timesteps      | 30464        |
| train/                  |              |
|    approx_kl            | 0.0013382833 |
|    clip_fraction        | 0            |
|    clip_range           | 0.15         |
|    entropy_loss         | -5.15        |
|    explained_variance   | 0.943        |
|    learning_rate        | 0.0001       |
|    loss                 | -0.0187      |
|    n_updates            | 354          |
|    policy_gradient_loss | -0.0145      |
|    value_loss           | 0.0644       |
------------------------------------------
-----------------------------------------
| rollout/                |             |
|    ep_len_mean          | 43.5        |
|    ep_rew_mean          | -50.4       |
| time/                   |             |
|    fps                  | 21          |
|    iterations           | 120         |
|    time_elapsed         | 1422        |
|    total_timesteps      | 30720       |
| train/                  |             |
|    approx_kl            | 0.002131171 |
|    clip_fraction        | 0.00781     |
|    clip_range           | 0.15        |
|    entropy_loss         | -5.13       |
|    explained_variance   | 0.962       |
|    learning_rate        | 0.0001      |
|    loss                 | -0.0325     |
|    n_updates            | 357         |
|    policy_gradient_loss | -0.0186     |
|    value_loss           | 0.0436      |
-----------------------------------------
------------------------------------------
| rollout/                |              |
|    ep_len_mean          | 43.5         |
|    ep_rew_mean          | -49.9        |
| time/                   |              |
|    fps                  | 21           |
|    iterations           | 121          |
|    time_elapsed         | 1435         |
|    total_timesteps      | 30976        |
| train/                  |              |
|    approx_kl            | 0.0021970128 |
|    clip_fraction        | 0.0143       |
|    clip_range           | 0.15         |
|    entropy_loss         | -5.07        |
|    explained_variance   | 0.965        |
|    learning_rate        | 0.0001       |
|    loss                 | -0.0277      |
|    n_updates            | 360          |
|    policy_gradient_loss | -0.0157      |
|    value_loss           | 0.0388       |
------------------------------------------
------------------------------------------
| rollout/                |              |
|    ep_len_mean          | 43.6         |
|    ep_rew_mean          | -49.3        |
| time/                   |              |
|    fps                  | 21           |
|    iterations           | 122          |
|    time_elapsed         | 1449         |
|    total_timesteps      | 31232        |
| train/                  |              |
|    approx_kl            | 0.0021690442 |
|    clip_fraction        | 0.00781      |
|    clip_range           | 0.15         |
|    entropy_loss         | -5.03        |
|    explained_variance   | 0.965        |
|    learning_rate        | 0.0001       |
|    loss                 | -0.0306      |
|    n_updates            | 363          |
|    policy_gradient_loss | -0.0168      |
|    value_loss           | 0.0384       |
------------------------------------------
-----------------------------------------
| rollout/                |             |
|    ep_len_mean          | 43.7        |
|    ep_rew_mean          | -49.4       |
| time/                   |             |
|    fps                  | 21          |
|    iterations           | 123         |
|    time_elapsed         | 1459        |
|    total_timesteps      | 31488       |
| train/                  |             |
|    approx_kl            | 0.001909619 |
|    clip_fraction        | 0           |
|    clip_range           | 0.15        |
|    entropy_loss         | -5.05       |
|    explained_variance   | 0.971       |
|    learning_rate        | 0.0001      |
|    loss                 | -0.0387     |
|    n_updates            | 366         |
|    policy_gradient_loss | -0.0185     |
|    value_loss           | 0.0301      |
-----------------------------------------
------------------------------------------
| rollout/                |              |
|    ep_len_mean          | 43.8         |
|    ep_rew_mean          | -49.5        |
| time/                   |              |
|    fps                  | 21           |
|    iterations           | 124          |
|    time_elapsed         | 1469         |
|    total_timesteps      | 31744        |
| train/                  |              |
|    approx_kl            | 0.0012135652 |
|    clip_fraction        | 0.0013       |
|    clip_range           | 0.15         |
|    entropy_loss         | -4.92        |
|    explained_variance   | 0.75         |
|    learning_rate        | 0.0001       |
|    loss                 | 0.148        |
|    n_updates            | 369          |
|    policy_gradient_loss | -0.00923     |
|    value_loss           | 0.377        |
------------------------------------------
------------------------------------------
| rollout/                |              |
|    ep_len_mean          | 43.9         |
|    ep_rew_mean          | -49.7        |
| time/                   |              |
|    fps                  | 21           |
|    iterations           | 125          |
|    time_elapsed         | 1478         |
|    total_timesteps      | 32000        |
| train/                  |              |
|    approx_kl            | 0.0010124277 |
|    clip_fraction        | 0            |
|    clip_range           | 0.15         |
|    entropy_loss         | -4.94        |
|    explained_variance   | 0.718        |
|    learning_rate        | 0.0001       |
|    loss                 | 0.168        |
|    n_updates            | 372          |
|    policy_gradient_loss | -0.0105      |
|    value_loss           | 0.439        |
------------------------------------------
------------------------------------------
| rollout/                |              |
|    ep_len_mean          | 44.1         |
|    ep_rew_mean          | -49.9        |
| time/                   |              |
|    fps                  | 21           |
|    iterations           | 126          |
|    time_elapsed         | 1487         |
|    total_timesteps      | 32256        |
| train/                  |              |
|    approx_kl            | 0.0010954873 |
|    clip_fraction        | 0.0026       |
|    clip_range           | 0.15         |
|    entropy_loss         | -4.91        |
|    explained_variance   | 0.822        |
|    learning_rate        | 0.0001       |
|    loss                 | 0.0649       |
|    n_updates            | 375          |
|    policy_gradient_loss | -0.0143      |
|    value_loss           | 0.246        |
------------------------------------------
------------------------------------------
| rollout/                |              |
|    ep_len_mean          | 44.2         |
|    ep_rew_mean          | -49.9        |
| time/                   |              |
|    fps                  | 21           |
|    iterations           | 127          |
|    time_elapsed         | 1496         |
|    total_timesteps      | 32512        |
| train/                  |              |
|    approx_kl            | 0.0013963217 |
|    clip_fraction        | 0.00781      |
|    clip_range           | 0.15         |
|    entropy_loss         | -4.94        |
|    explained_variance   | 0.886        |
|    learning_rate        | 0.0001       |
|    loss                 | 0.0252       |
|    n_updates            | 378          |
|    policy_gradient_loss | -0.0177      |
|    value_loss           | 0.173        |
------------------------------------------
------------------------------------------
| rollout/                |              |
|    ep_len_mean          | 44.3         |
|    ep_rew_mean          | -50.1        |
| time/                   |              |
|    fps                  | 21           |
|    iterations           | 128          |
|    time_elapsed         | 1507         |
|    total_timesteps      | 32768        |
| train/                  |              |
|    approx_kl            | 0.0012420353 |
|    clip_fraction        | 0.00781      |
|    clip_range           | 0.15         |
|    entropy_loss         | -5.01        |
|    explained_variance   | 0.923        |
|    learning_rate        | 0.0001       |
|    loss                 | -0.000375    |
|    n_updates            | 381          |
|    policy_gradient_loss | -0.017       |
|    value_loss           | 0.107        |
------------------------------------------
------------------------------------------
| rollout/                |              |
|    ep_len_mean          | 44.3         |
|    ep_rew_mean          | -50.2        |
| time/                   |              |
|    fps                  | 21           |
|    iterations           | 129          |
|    time_elapsed         | 1518         |
|    total_timesteps      | 33024        |
| train/                  |              |
|    approx_kl            | 0.0009797979 |
|    clip_fraction        | 0.00781      |
|    clip_range           | 0.15         |
|    entropy_loss         | -4.94        |
|    explained_variance   | 0.905        |
|    learning_rate        | 0.0001       |
|    loss                 | 0.0301       |
|    n_updates            | 384          |
|    policy_gradient_loss | -0.0103      |
|    value_loss           | 0.137        |
------------------------------------------
------------------------------------------
| rollout/                |              |
|    ep_len_mean          | 44.4         |
|    ep_rew_mean          | -50.3        |
| time/                   |              |
|    fps                  | 21           |
|    iterations           | 130          |
|    time_elapsed         | 1529         |
|    total_timesteps      | 33280        |
| train/                  |              |
|    approx_kl            | 0.0010846974 |
|    clip_fraction        | 0.00781      |
|    clip_range           | 0.15         |
|    entropy_loss         | -4.94        |
|    explained_variance   | 0.946        |
|    learning_rate        | 0.0001       |
|    loss                 | -0.00414     |
|    n_updates            | 387          |
|    policy_gradient_loss | -0.0148      |
|    value_loss           | 0.0883       |
------------------------------------------
------------------------------------------
| rollout/                |              |
|    ep_len_mean          | 44.3         |
|    ep_rew_mean          | -50.1        |
| time/                   |              |
|    fps                  | 21           |
|    iterations           | 131          |
|    time_elapsed         | 1538         |
|    total_timesteps      | 33536        |
| train/                  |              |
|    approx_kl            | 0.0009939121 |
|    clip_fraction        | 0            |
|    clip_range           | 0.15         |
|    entropy_loss         | -4.93        |
|    explained_variance   | 0.961        |
|    learning_rate        | 0.0001       |
|    loss                 | -0.0185      |
|    n_updates            | 390          |
|    policy_gradient_loss | -0.0145      |
|    value_loss           | 0.0582       |
------------------------------------------
-------------------------------------------
| rollout/                |               |
|    ep_len_mean          | 44.1          |
|    ep_rew_mean          | -50.1         |
| time/                   |               |
|    fps                  | 21            |
|    iterations           | 132           |
|    time_elapsed         | 1547          |
|    total_timesteps      | 33792         |
| train/                  |               |
|    approx_kl            | 0.00049809157 |
|    clip_fraction        | 0             |
|    clip_range           | 0.15          |
|    entropy_loss         | -5.24         |
|    explained_variance   | 0.898         |
|    learning_rate        | 0.0001        |
|    loss                 | 0.0292        |
|    n_updates            | 393           |
|    policy_gradient_loss | -0.00464      |
|    value_loss           | 0.117         |
-------------------------------------------
-------------------------------------------
| rollout/                |               |
|    ep_len_mean          | 43.9          |
|    ep_rew_mean          | -50.3         |
| time/                   |               |
|    fps                  | 21            |
|    iterations           | 133           |
|    time_elapsed         | 1555          |
|    total_timesteps      | 34048         |
| train/                  |               |
|    approx_kl            | 0.00049711694 |
|    clip_fraction        | 0             |
|    clip_range           | 0.15          |
|    entropy_loss         | -5.25         |
|    explained_variance   | 0.918         |
|    learning_rate        | 0.0001        |
|    loss                 | 0.0101        |
|    n_updates            | 396           |
|    policy_gradient_loss | -0.00817      |
|    value_loss           | 0.0935        |
-------------------------------------------
-------------------------------------------
| rollout/                |               |
|    ep_len_mean          | 43.6          |
|    ep_rew_mean          | -50.5         |
| time/                   |               |
|    fps                  | 21            |
|    iterations           | 134           |
|    time_elapsed         | 1563          |
|    total_timesteps      | 34304         |
| train/                  |               |
|    approx_kl            | 0.00073970784 |
|    clip_fraction        | 0             |
|    clip_range           | 0.15          |
|    entropy_loss         | -5.24         |
|    explained_variance   | 0.951         |
|    learning_rate        | 0.0001        |
|    loss                 | -0.0162       |
|    n_updates            | 399           |
|    policy_gradient_loss | -0.0128       |
|    value_loss           | 0.0565        |
-------------------------------------------
------------------------------------------
| rollout/                |              |
|    ep_len_mean          | 43.6         |
|    ep_rew_mean          | -51.2        |
| time/                   |              |
|    fps                  | 21           |
|    iterations           | 135          |
|    time_elapsed         | 1572         |
|    total_timesteps      | 34560        |
| train/                  |              |
|    approx_kl            | 0.0008603169 |
|    clip_fraction        | 0            |
|    clip_range           | 0.15         |
|    entropy_loss         | -5.25        |
|    explained_variance   | 0.96         |
|    learning_rate        | 0.0001       |
|    loss                 | -0.0184      |
|    n_updates            | 402          |
|    policy_gradient_loss | -0.0131      |
|    value_loss           | 0.0509       |
------------------------------------------
------------------------------------------
| rollout/                |              |
|    ep_len_mean          | 43.7         |
|    ep_rew_mean          | -51.8        |
| time/                   |              |
|    fps                  | 22           |
|    iterations           | 136          |
|    time_elapsed         | 1581         |
|    total_timesteps      | 34816        |
| train/                  |              |
|    approx_kl            | 0.0005555751 |
|    clip_fraction        | 0            |
|    clip_range           | 0.15         |
|    entropy_loss         | -4.92        |
|    explained_variance   | 0.936        |
|    learning_rate        | 0.0001       |
|    loss                 | 0.0277       |
|    n_updates            | 405          |
|    policy_gradient_loss | -0.00604     |
|    value_loss           | 0.115        |
------------------------------------------
-------------------------------------------
| rollout/                |               |
|    ep_len_mean          | 43.8          |
|    ep_rew_mean          | -52.5         |
| time/                   |               |
|    fps                  | 22            |
|    iterations           | 137           |
|    time_elapsed         | 1590          |
|    total_timesteps      | 35072         |
| train/                  |               |
|    approx_kl            | 0.00063774385 |
|    clip_fraction        | 0             |
|    clip_range           | 0.15          |
|    entropy_loss         | -4.86         |
|    explained_variance   | 0.938         |
|    learning_rate        | 0.0001        |
|    loss                 | 0.00562       |
|    n_updates            | 408           |
|    policy_gradient_loss | -0.0108       |
|    value_loss           | 0.0964        |
-------------------------------------------
------------------------------------------
| rollout/                |              |
|    ep_len_mean          | 43.8         |
|    ep_rew_mean          | -53.3        |
| time/                   |              |
|    fps                  | 22           |
|    iterations           | 138          |
|    time_elapsed         | 1599         |
|    total_timesteps      | 35328        |
| train/                  |              |
|    approx_kl            | 0.0010134589 |
|    clip_fraction        | 0            |
|    clip_range           | 0.15         |
|    entropy_loss         | -4.85        |
|    explained_variance   | 0.966        |
|    learning_rate        | 0.0001       |
|    loss                 | -0.00926     |
|    n_updates            | 411          |
|    policy_gradient_loss | -0.0145      |
|    value_loss           | 0.079        |
------------------------------------------
------------------------------------------
| rollout/                |              |
|    ep_len_mean          | 43.9         |
|    ep_rew_mean          | -53.9        |
| time/                   |              |
|    fps                  | 22           |
|    iterations           | 139          |
|    time_elapsed         | 1609         |
|    total_timesteps      | 35584        |
| train/                  |              |
|    approx_kl            | 0.0010675252 |
|    clip_fraction        | 0            |
|    clip_range           | 0.15         |
|    entropy_loss         | -4.87        |
|    explained_variance   | 0.974        |
|    learning_rate        | 0.0001       |
|    loss                 | -0.015       |
|    n_updates            | 414          |
|    policy_gradient_loss | -0.0136      |
|    value_loss           | 0.0605       |
------------------------------------------
------------------------------------------
| rollout/                |              |
|    ep_len_mean          | 43.9         |
|    ep_rew_mean          | -54.1        |
| time/                   |              |
|    fps                  | 22           |
|    iterations           | 140          |
|    time_elapsed         | 1617         |
|    total_timesteps      | 35840        |
| train/                  |              |
|    approx_kl            | 0.0009027878 |
|    clip_fraction        | 0            |
|    clip_range           | 0.15         |
|    entropy_loss         | -4.84        |
|    explained_variance   | 0.975        |
|    learning_rate        | 0.0001       |
|    loss                 | -0.012       |
|    n_updates            | 417          |
|    policy_gradient_loss | -0.0124      |
|    value_loss           | 0.0584       |
------------------------------------------
-----------------------------------------
| rollout/                |             |
|    ep_len_mean          | 43.9        |
|    ep_rew_mean          | -54.1       |
| time/                   |             |
|    fps                  | 22          |
|    iterations           | 141         |
|    time_elapsed         | 1626        |
|    total_timesteps      | 36096       |
| train/                  |             |
|    approx_kl            | 0.000950841 |
|    clip_fraction        | 0           |
|    clip_range           | 0.15        |
|    entropy_loss         | -4.87       |
|    explained_variance   | 0.968       |
|    learning_rate        | 0.0001      |
|    loss                 | -0.0112     |
|    n_updates            | 420         |
|    policy_gradient_loss | -0.0138     |
|    value_loss           | 0.0653      |
-----------------------------------------
------------------------------------------
| rollout/                |              |
|    ep_len_mean          | 43.9         |
|    ep_rew_mean          | -54.1        |
| time/                   |              |
|    fps                  | 22           |
|    iterations           | 142          |
|    time_elapsed         | 1636         |
|    total_timesteps      | 36352        |
| train/                  |              |
|    approx_kl            | 0.0011659886 |
|    clip_fraction        | 0            |
|    clip_range           | 0.15         |
|    entropy_loss         | -4.85        |
|    explained_variance   | 0.963        |
|    learning_rate        | 0.0001       |
|    loss                 | -0.0208      |
|    n_updates            | 423          |
|    policy_gradient_loss | -0.0168      |
|    value_loss           | 0.0591       |
------------------------------------------
------------------------------------------
| rollout/                |              |
|    ep_len_mean          | 43.9         |
|    ep_rew_mean          | -54          |
| time/                   |              |
|    fps                  | 22           |
|    iterations           | 143          |
|    time_elapsed         | 1643         |
|    total_timesteps      | 36608        |
| train/                  |              |
|    approx_kl            | 0.0012928215 |
|    clip_fraction        | 0            |
|    clip_range           | 0.15         |
|    entropy_loss         | -4.82        |
|    explained_variance   | 0.965        |
|    learning_rate        | 0.0001       |
|    loss                 | -0.0222      |
|    n_updates            | 426          |
|    policy_gradient_loss | -0.017       |
|    value_loss           | 0.0577       |
------------------------------------------
------------------------------------------
| rollout/                |              |
|    ep_len_mean          | 43.9         |
|    ep_rew_mean          | -54.1        |
| time/                   |              |
|    fps                  | 22           |
|    iterations           | 144          |
|    time_elapsed         | 1651         |
|    total_timesteps      | 36864        |
| train/                  |              |
|    approx_kl            | 0.0011130937 |
|    clip_fraction        | 0            |
|    clip_range           | 0.15         |
|    entropy_loss         | -4.88        |
|    explained_variance   | 0.882        |
|    learning_rate        | 0.0001       |
|    loss                 | 0.0462       |
|    n_updates            | 429          |
|    policy_gradient_loss | -0.00974     |
|    value_loss           | 0.168        |
------------------------------------------
------------------------------------------
| rollout/                |              |
|    ep_len_mean          | 42.9         |
|    ep_rew_mean          | -51.1        |
| time/                   |              |
|    fps                  | 22           |
|    iterations           | 145          |
|    time_elapsed         | 1658         |
|    total_timesteps      | 37120        |
| train/                  |              |
|    approx_kl            | 0.0014104438 |
|    clip_fraction        | 0.00781      |
|    clip_range           | 0.15         |
|    entropy_loss         | -4.9         |
|    explained_variance   | 0.9          |
|    learning_rate        | 0.0001       |
|    loss                 | 0.0196       |
|    n_updates            | 432          |
|    policy_gradient_loss | -0.0164      |
|    value_loss           | 0.147        |
------------------------------------------
-------------------------------------------
| rollout/                |               |
|    ep_len_mean          | 42.6          |
|    ep_rew_mean          | -49.2         |
| time/                   |               |
|    fps                  | 22            |
|    iterations           | 146           |
|    time_elapsed         | 1664          |
|    total_timesteps      | 37376         |
| train/                  |               |
|    approx_kl            | 0.00091448706 |
|    clip_fraction        | 0             |
|    clip_range           | 0.15          |
|    entropy_loss         | -5.42         |
|    explained_variance   | 0.177         |
|    learning_rate        | 0.0001        |
|    loss                 | 1.15          |
|    n_updates            | 435           |
|    policy_gradient_loss | -0.00421      |
|    value_loss           | 2.44          |
-------------------------------------------
------------------------------------------
| rollout/                |              |
|    ep_len_mean          | 41.8         |
|    ep_rew_mean          | -46.8        |
| time/                   |              |
|    fps                  | 22           |
|    iterations           | 147          |
|    time_elapsed         | 1669         |
|    total_timesteps      | 37632        |
| train/                  |              |
|    approx_kl            | 0.0005122891 |
|    clip_fraction        | 0            |
|    clip_range           | 0.15         |
|    entropy_loss         | -5.65        |
|    explained_variance   | -0.625       |
|    learning_rate        | 0.0001       |
|    loss                 | 0.6          |
|    n_updates            | 438          |
|    policy_gradient_loss | -0.00416     |
|    value_loss           | 1.39         |
------------------------------------------
------------------------------------------
| rollout/                |              |
|    ep_len_mean          | 41.2         |
|    ep_rew_mean          | -44.8        |
| time/                   |              |
|    fps                  | 22           |
|    iterations           | 148          |
|    time_elapsed         | 1675         |
|    total_timesteps      | 37888        |
| train/                  |              |
|    approx_kl            | 0.0003897315 |
|    clip_fraction        | 0            |
|    clip_range           | 0.15         |
|    entropy_loss         | -5.06        |
|    explained_variance   | 0.123        |
|    learning_rate        | 0.0001       |
|    loss                 | 0.631        |
|    n_updates            | 441          |
|    policy_gradient_loss | -0.00633     |
|    value_loss           | 1.4          |
------------------------------------------
------------------------------------------
| rollout/                |              |
|    ep_len_mean          | 40.5         |
|    ep_rew_mean          | -42.6        |
| time/                   |              |
|    fps                  | 22           |
|    iterations           | 149          |
|    time_elapsed         | 1680         |
|    total_timesteps      | 38144        |
| train/                  |              |
|    approx_kl            | 0.0006552886 |
|    clip_fraction        | 0            |
|    clip_range           | 0.15         |
|    entropy_loss         | -5.08        |
|    explained_variance   | 0.209        |
|    learning_rate        | 0.0001       |
|    loss                 | 0.482        |
|    n_updates            | 444          |
|    policy_gradient_loss | -0.013       |
|    value_loss           | 1.14         |
------------------------------------------
------------------------------------------
| rollout/                |              |
|    ep_len_mean          | 40.1         |
|    ep_rew_mean          | -41.3        |
| time/                   |              |
|    fps                  | 22           |
|    iterations           | 150          |
|    time_elapsed         | 1686         |
|    total_timesteps      | 38400        |
| train/                  |              |
|    approx_kl            | 0.0012154086 |
|    clip_fraction        | 0.0104       |
|    clip_range           | 0.15         |
|    entropy_loss         | -5.04        |
|    explained_variance   | 0.378        |
|    learning_rate        | 0.0001       |
|    loss                 | 0.351        |
|    n_updates            | 447          |
|    policy_gradient_loss | -0.0187      |
|    value_loss           | 0.895        |
------------------------------------------
------------------------------------------
| rollout/                |              |
|    ep_len_mean          | 39.5         |
|    ep_rew_mean          | -39.7        |
| time/                   |              |
|    fps                  | 22           |
|    iterations           | 151          |
|    time_elapsed         | 1692         |
|    total_timesteps      | 38656        |
| train/                  |              |
|    approx_kl            | 0.0005241139 |
|    clip_fraction        | 0            |
|    clip_range           | 0.15         |
|    entropy_loss         | -5.07        |
|    explained_variance   | 0.114        |
|    learning_rate        | 0.0001       |
|    loss                 | 0.182        |
|    n_updates            | 450          |
|    policy_gradient_loss | -0.0101      |
|    value_loss           | 0.499        |
------------------------------------------
------------------------------------------
| rollout/                |              |
|    ep_len_mean          | 38.8         |
|    ep_rew_mean          | -37.9        |
| time/                   |              |
|    fps                  | 22           |
|    iterations           | 152          |
|    time_elapsed         | 1698         |
|    total_timesteps      | 38912        |
| train/                  |              |
|    approx_kl            | 0.0014739437 |
|    clip_fraction        | 0            |
|    clip_range           | 0.15         |
|    entropy_loss         | -5.07        |
|    explained_variance   | 0.361        |
|    learning_rate        | 0.0001       |
|    loss                 | 0.0896       |
|    n_updates            | 453          |
|    policy_gradient_loss | -0.0193      |
|    value_loss           | 0.327        |
------------------------------------------
-----------------------------------------
| rollout/                |             |
|    ep_len_mean          | 38.1        |
|    ep_rew_mean          | -36.2       |
| time/                   |             |
|    fps                  | 22          |
|    iterations           | 153         |
|    time_elapsed         | 1704        |
|    total_timesteps      | 39168       |
| train/                  |             |
|    approx_kl            | 0.001639589 |
|    clip_fraction        | 0           |
|    clip_range           | 0.15        |
|    entropy_loss         | -4.99       |
|    explained_variance   | 0.478       |
|    learning_rate        | 0.0001      |
|    loss                 | 0.0825      |
|    n_updates            | 456         |
|    policy_gradient_loss | -0.0165     |
|    value_loss           | 0.272       |
-----------------------------------------
------------------------------------------
| rollout/                |              |
|    ep_len_mean          | 37.3         |
|    ep_rew_mean          | -34.3        |
| time/                   |              |
|    fps                  | 23           |
|    iterations           | 154          |
|    time_elapsed         | 1710         |
|    total_timesteps      | 39424        |
| train/                  |              |
|    approx_kl            | 0.0018818681 |
|    clip_fraction        | 0            |
|    clip_range           | 0.15         |
|    entropy_loss         | -5.03        |
|    explained_variance   | 0.433        |
|    learning_rate        | 0.0001       |
|    loss                 | 0.083        |
|    n_updates            | 459          |
|    policy_gradient_loss | -0.0162      |
|    value_loss           | 0.275        |
------------------------------------------
------------------------------------------
| rollout/                |              |
|    ep_len_mean          | 36.6         |
|    ep_rew_mean          | -32.5        |
| time/                   |              |
|    fps                  | 23           |
|    iterations           | 155          |
|    time_elapsed         | 1716         |
|    total_timesteps      | 39680        |
| train/                  |              |
|    approx_kl            | 0.0016775047 |
|    clip_fraction        | 0.0104       |
|    clip_range           | 0.15         |
|    entropy_loss         | -4.99        |
|    explained_variance   | 0.64         |
|    learning_rate        | 0.0001       |
|    loss                 | 0.0287       |
|    n_updates            | 462          |
|    policy_gradient_loss | -0.0187      |
|    value_loss           | 0.183        |
------------------------------------------
------------------------------------------
| rollout/                |              |
|    ep_len_mean          | 35.9         |
|    ep_rew_mean          | -30.8        |
| time/                   |              |
|    fps                  | 23           |
|    iterations           | 156          |
|    time_elapsed         | 1722         |
|    total_timesteps      | 39936        |
| train/                  |              |
|    approx_kl            | 0.0017756496 |
|    clip_fraction        | 0.0182       |
|    clip_range           | 0.15         |
|    entropy_loss         | -5.01        |
|    explained_variance   | 0.728        |
|    learning_rate        | 0.0001       |
|    loss                 | 0.0074       |
|    n_updates            | 465          |
|    policy_gradient_loss | -0.0173      |
|    value_loss           | 0.134        |
------------------------------------------
-----------------------------------------
| rollout/                |             |
|    ep_len_mean          | 35          |
|    ep_rew_mean          | -28.7       |
| time/                   |             |
|    fps                  | 23          |
|    iterations           | 157         |
|    time_elapsed         | 1727        |
|    total_timesteps      | 40192       |
| train/                  |             |
|    approx_kl            | 0.001931905 |
|    clip_fraction        | 0.0104      |
|    clip_range           | 0.15        |
|    entropy_loss         | -5.05       |
|    explained_variance   | 0.828       |
|    learning_rate        | 0.0001      |
|    loss                 | -0.0212     |
|    n_updates            | 468         |
|    policy_gradient_loss | -0.0198     |
|    value_loss           | 0.0781      |
-----------------------------------------
------------------------------------------
| rollout/                |              |
|    ep_len_mean          | 34.5         |
|    ep_rew_mean          | -27.5        |
| time/                   |              |
|    fps                  | 23           |
|    iterations           | 158          |
|    time_elapsed         | 1733         |
|    total_timesteps      | 40448        |
| train/                  |              |
|    approx_kl            | 0.0014058629 |
|    clip_fraction        | 0            |
|    clip_range           | 0.15         |
|    entropy_loss         | -4.99        |
|    explained_variance   | 0.811        |
|    learning_rate        | 0.0001       |
|    loss                 | 0.0451       |
|    n_updates            | 471          |
|    policy_gradient_loss | -0.011       |
|    value_loss           | 0.168        |
------------------------------------------
------------------------------------------
| rollout/                |              |
|    ep_len_mean          | 34.4         |
|    ep_rew_mean          | -27.9        |
| time/                   |              |
|    fps                  | 23           |
|    iterations           | 159          |
|    time_elapsed         | 1738         |
|    total_timesteps      | 40704        |
| train/                  |              |
|    approx_kl            | 0.0011030948 |
|    clip_fraction        | 0            |
|    clip_range           | 0.15         |
|    entropy_loss         | -4.98        |
|    explained_variance   | 0.784        |
|    learning_rate        | 0.0001       |
|    loss                 | 0.114        |
|    n_updates            | 474          |
|    policy_gradient_loss | -0.0173      |
|    value_loss           | 0.34         |
------------------------------------------
------------------------------------------
| rollout/                |              |
|    ep_len_mean          | 34.2         |
|    ep_rew_mean          | -27.9        |
| time/                   |              |
|    fps                  | 23           |
|    iterations           | 160          |
|    time_elapsed         | 1744         |
|    total_timesteps      | 40960        |
| train/                  |              |
|    approx_kl            | 0.0016955333 |
|    clip_fraction        | 0.0208       |
|    clip_range           | 0.15         |
|    entropy_loss         | -5.01        |
|    explained_variance   | 0.636        |
|    learning_rate        | 0.0001       |
|    loss                 | 0.0988       |
|    n_updates            | 477          |
|    policy_gradient_loss | -0.0179      |
|    value_loss           | 0.315        |
------------------------------------------
------------------------------------------
| rollout/                |              |
|    ep_len_mean          | 34.4         |
|    ep_rew_mean          | -28.5        |
| time/                   |              |
|    fps                  | 23           |
|    iterations           | 161          |
|    time_elapsed         | 1750         |
|    total_timesteps      | 41216        |
| train/                  |              |
|    approx_kl            | 0.0016887202 |
|    clip_fraction        | 0.00911      |
|    clip_range           | 0.15         |
|    entropy_loss         | -4.95        |
|    explained_variance   | 0.777        |
|    learning_rate        | 0.0001       |
|    loss                 | 0.0632       |
|    n_updates            | 480          |
|    policy_gradient_loss | -0.022       |
|    value_loss           | 0.266        |
------------------------------------------
------------------------------------------
| rollout/                |              |
|    ep_len_mean          | 34.5         |
|    ep_rew_mean          | -29.1        |
| time/                   |              |
|    fps                  | 23           |
|    iterations           | 162          |
|    time_elapsed         | 1755         |
|    total_timesteps      | 41472        |
| train/                  |              |
|    approx_kl            | 0.0007575888 |
|    clip_fraction        | 0.0013       |
|    clip_range           | 0.15         |
|    entropy_loss         | -5.02        |
|    explained_variance   | 0.912        |
|    learning_rate        | 0.0001       |
|    loss                 | -0.0186      |
|    n_updates            | 483          |
|    policy_gradient_loss | -0.0119      |
|    value_loss           | 0.0408       |
------------------------------------------
------------------------------------------
| rollout/                |              |
|    ep_len_mean          | 34.6         |
|    ep_rew_mean          | -29.4        |
| time/                   |              |
|    fps                  | 23           |
|    iterations           | 163          |
|    time_elapsed         | 1761         |
|    total_timesteps      | 41728        |
| train/                  |              |
|    approx_kl            | 0.0010796285 |
|    clip_fraction        | 0.0104       |
|    clip_range           | 0.15         |
|    entropy_loss         | -4.99        |
|    explained_variance   | 0.919        |
|    learning_rate        | 0.0001       |
|    loss                 | -0.029       |
|    n_updates            | 486          |
|    policy_gradient_loss | -0.0162      |
|    value_loss           | 0.0367       |
------------------------------------------
-------------------------------------------
| rollout/                |               |
|    ep_len_mean          | 34.6          |
|    ep_rew_mean          | -29.4         |
| time/                   |               |
|    fps                  | 23            |
|    iterations           | 164           |
|    time_elapsed         | 1767          |
|    total_timesteps      | 41984         |
| train/                  |               |
|    approx_kl            | 0.00094767706 |
|    clip_fraction        | 0             |
|    clip_range           | 0.15          |
|    entropy_loss         | -5            |
|    explained_variance   | 0.898         |
|    learning_rate        | 0.0001        |
|    loss                 | -0.0227       |
|    n_updates            | 489           |
|    policy_gradient_loss | -0.0143       |
|    value_loss           | 0.0442        |
-------------------------------------------
-----------------------------------------
| rollout/                |             |
|    ep_len_mean          | 35.1        |
|    ep_rew_mean          | -30.5       |
| time/                   |             |
|    fps                  | 23          |
|    iterations           | 165         |
|    time_elapsed         | 1775        |
|    total_timesteps      | 42240       |
| train/                  |             |
|    approx_kl            | 0.001292845 |
|    clip_fraction        | 0           |
|    clip_range           | 0.15        |
|    entropy_loss         | -5.01       |
|    explained_variance   | 0.912       |
|    learning_rate        | 0.0001      |
|    loss                 | -0.0351     |
|    n_updates            | 492         |
|    policy_gradient_loss | -0.0186     |
|    value_loss           | 0.0377      |
-----------------------------------------
------------------------------------------
| rollout/                |              |
|    ep_len_mean          | 35.7         |
|    ep_rew_mean          | -31.8        |
| time/                   |              |
|    fps                  | 23           |
|    iterations           | 166          |
|    time_elapsed         | 1783         |
|    total_timesteps      | 42496        |
| train/                  |              |
|    approx_kl            | 0.0003602684 |
|    clip_fraction        | 0            |
|    clip_range           | 0.15         |
|    entropy_loss         | -4.84        |
|    explained_variance   | -0.0936      |
|    learning_rate        | 0.0001       |
|    loss                 | 0.568        |
|    n_updates            | 495          |
|    policy_gradient_loss | -0.00443     |
|    value_loss           | 1.24         |
------------------------------------------
-------------------------------------------
| rollout/                |               |
|    ep_len_mean          | 36.2          |
|    ep_rew_mean          | -32.9         |
| time/                   |               |
|    fps                  | 23            |
|    iterations           | 167           |
|    time_elapsed         | 1790          |
|    total_timesteps      | 42752         |
| train/                  |               |
|    approx_kl            | 0.00026105624 |
|    clip_fraction        | 0             |
|    clip_range           | 0.15          |
|    entropy_loss         | -4.84         |
|    explained_variance   | -0.0654       |
|    learning_rate        | 0.0001        |
|    loss                 | 0.477         |
|    n_updates            | 498           |
|    policy_gradient_loss | -0.00732      |
|    value_loss           | 1.12          |
-------------------------------------------
-------------------------------------------
| rollout/                |               |
|    ep_len_mean          | 36.8          |
|    ep_rew_mean          | -34.2         |
| time/                   |               |
|    fps                  | 23            |
|    iterations           | 168           |
|    time_elapsed         | 1798          |
|    total_timesteps      | 43008         |
| train/                  |               |
|    approx_kl            | 0.00033266447 |
|    clip_fraction        | 0             |
|    clip_range           | 0.15          |
|    entropy_loss         | -4.82         |
|    explained_variance   | 0.27          |
|    learning_rate        | 0.0001        |
|    loss                 | 0.334         |
|    n_updates            | 501           |
|    policy_gradient_loss | -0.00927      |
|    value_loss           | 0.847         |
-------------------------------------------
-------------------------------------------
| rollout/                |               |
|    ep_len_mean          | 37.2          |
|    ep_rew_mean          | -35.3         |
| time/                   |               |
|    fps                  | 23            |
|    iterations           | 169           |
|    time_elapsed         | 1807          |
|    total_timesteps      | 43264         |
| train/                  |               |
|    approx_kl            | 0.00041093281 |
|    clip_fraction        | 0             |
|    clip_range           | 0.15          |
|    entropy_loss         | -4.83         |
|    explained_variance   | 0.623         |
|    learning_rate        | 0.0001        |
|    loss                 | 0.134         |
|    n_updates            | 504           |
|    policy_gradient_loss | -0.011        |
|    value_loss           | 0.42          |
-------------------------------------------
------------------------------------------
| rollout/                |              |
|    ep_len_mean          | 37.6         |
|    ep_rew_mean          | -36.3        |
| time/                   |              |
|    fps                  | 23           |
|    iterations           | 170          |
|    time_elapsed         | 1815         |
|    total_timesteps      | 43520        |
| train/                  |              |
|    approx_kl            | 0.0003618556 |
|    clip_fraction        | 0            |
|    clip_range           | 0.15         |
|    entropy_loss         | -4.89        |
|    explained_variance   | 0.742        |
|    learning_rate        | 0.0001       |
|    loss                 | 0.0869       |
|    n_updates            | 507          |
|    policy_gradient_loss | -0.00544     |
|    value_loss           | 0.269        |
------------------------------------------
------------------------------------------
| rollout/                |              |
|    ep_len_mean          | 38           |
|    ep_rew_mean          | -37.6        |
| time/                   |              |
|    fps                  | 23           |
|    iterations           | 171          |
|    time_elapsed         | 1824         |
|    total_timesteps      | 43776        |
| train/                  |              |
|    approx_kl            | 0.0005125953 |
|    clip_fraction        | 0            |
|    clip_range           | 0.15         |
|    entropy_loss         | -4.93        |
|    explained_variance   | 0.83         |
|    learning_rate        | 0.0001       |
|    loss                 | 0.0439       |
|    n_updates            | 510          |
|    policy_gradient_loss | -0.0106      |
|    value_loss           | 0.179        |
------------------------------------------
------------------------------------------
| rollout/                |              |
|    ep_len_mean          | 38.4         |
|    ep_rew_mean          | -38.8        |
| time/                   |              |
|    fps                  | 24           |
|    iterations           | 172          |
|    time_elapsed         | 1832         |
|    total_timesteps      | 44032        |
| train/                  |              |
|    approx_kl            | 0.0013456766 |
|    clip_fraction        | 0.0156       |
|    clip_range           | 0.15         |
|    entropy_loss         | -5.11        |
|    explained_variance   | 0.869        |
|    learning_rate        | 0.0001       |
|    loss                 | 0.039        |
|    n_updates            | 513          |
|    policy_gradient_loss | -0.0148      |
|    value_loss           | 0.17         |
------------------------------------------
------------------------------------------
| rollout/                |              |
|    ep_len_mean          | 38.9         |
|    ep_rew_mean          | -40.4        |
| time/                   |              |
|    fps                  | 24           |
|    iterations           | 173          |
|    time_elapsed         | 1841         |
|    total_timesteps      | 44288        |
| train/                  |              |
|    approx_kl            | 0.0032817796 |
|    clip_fraction        | 0.0352       |
|    clip_range           | 0.15         |
|    entropy_loss         | -5.12        |
|    explained_variance   | 0.875        |
|    learning_rate        | 0.0001       |
|    loss                 | 0.0195       |
|    n_updates            | 516          |
|    policy_gradient_loss | -0.0196      |
|    value_loss           | 0.151        |
------------------------------------------
------------------------------------------
| rollout/                |              |
|    ep_len_mean          | 39.4         |
|    ep_rew_mean          | -41.9        |
| time/                   |              |
|    fps                  | 24           |
|    iterations           | 174          |
|    time_elapsed         | 1849         |
|    total_timesteps      | 44544        |
| train/                  |              |
|    approx_kl            | 0.0037324177 |
|    clip_fraction        | 0.0312       |
|    clip_range           | 0.15         |
|    entropy_loss         | -5.12        |
|    explained_variance   | 0.89         |
|    learning_rate        | 0.0001       |
|    loss                 | -0.000745    |
|    n_updates            | 519          |
|    policy_gradient_loss | -0.0216      |
|    value_loss           | 0.122        |
------------------------------------------
------------------------------------------
| rollout/                |              |
|    ep_len_mean          | 40           |
|    ep_rew_mean          | -43.7        |
| time/                   |              |
|    fps                  | 24           |
|    iterations           | 175          |
|    time_elapsed         | 1857         |
|    total_timesteps      | 44800        |
| train/                  |              |
|    approx_kl            | 0.0038115233 |
|    clip_fraction        | 0.0312       |
|    clip_range           | 0.15         |
|    entropy_loss         | -5.14        |
|    explained_variance   | 0.913        |
|    learning_rate        | 0.0001       |
|    loss                 | -0.0173      |
|    n_updates            | 522          |
|    policy_gradient_loss | -0.0225      |
|    value_loss           | 0.0943       |
------------------------------------------
------------------------------------------
| rollout/                |              |
|    ep_len_mean          | 40.8         |
|    ep_rew_mean          | -45.5        |
| time/                   |              |
|    fps                  | 24           |
|    iterations           | 176          |
|    time_elapsed         | 1865         |
|    total_timesteps      | 45056        |
| train/                  |              |
|    approx_kl            | 0.0011874593 |
|    clip_fraction        | 0.00781      |
|    clip_range           | 0.15         |
|    entropy_loss         | -4.87        |
|    explained_variance   | 0.897        |
|    learning_rate        | 0.0001       |
|    loss                 | 0.0658       |
|    n_updates            | 525          |
|    policy_gradient_loss | -0.00188     |
|    value_loss           | 0.178        |
------------------------------------------
-------------------------------------------
| rollout/                |               |
|    ep_len_mean          | 41.3          |
|    ep_rew_mean          | -46.6         |
| time/                   |               |
|    fps                  | 24            |
|    iterations           | 177           |
|    time_elapsed         | 1873          |
|    total_timesteps      | 45312         |
| train/                  |               |
|    approx_kl            | 0.00069786934 |
|    clip_fraction        | 0             |
|    clip_range           | 0.15          |
|    entropy_loss         | -4.89         |
|    explained_variance   | 0.926         |
|    learning_rate        | 0.0001        |
|    loss                 | 0.027         |
|    n_updates            | 528           |
|    policy_gradient_loss | -0.0114       |
|    value_loss           | 0.144         |
-------------------------------------------
------------------------------------------
| rollout/                |              |
|    ep_len_mean          | 41.9         |
|    ep_rew_mean          | -47.9        |
| time/                   |              |
|    fps                  | 24           |
|    iterations           | 178          |
|    time_elapsed         | 1881         |
|    total_timesteps      | 45568        |
| train/                  |              |
|    approx_kl            | 0.0011160001 |
|    clip_fraction        | 0            |
|    clip_range           | 0.15         |
|    entropy_loss         | -4.89        |
|    explained_variance   | 0.95         |
|    learning_rate        | 0.0001       |
|    loss                 | 0.000744     |
|    n_updates            | 531          |
|    policy_gradient_loss | -0.0172      |
|    value_loss           | 0.111        |
------------------------------------------
-----------------------------------------
| rollout/                |             |
|    ep_len_mean          | 42.4        |
|    ep_rew_mean          | -49.2       |
| time/                   |             |
|    fps                  | 24          |
|    iterations           | 179         |
|    time_elapsed         | 1888        |
|    total_timesteps      | 45824       |
| train/                  |             |
|    approx_kl            | 0.001803604 |
|    clip_fraction        | 0.00781     |
|    clip_range           | 0.15        |
|    entropy_loss         | -4.86       |
|    explained_variance   | 0.964       |
|    learning_rate        | 0.0001      |
|    loss                 | -0.0106     |
|    n_updates            | 534         |
|    policy_gradient_loss | -0.0184     |
|    value_loss           | 0.0867      |
-----------------------------------------
------------------------------------------
| rollout/                |              |
|    ep_len_mean          | 42.9         |
|    ep_rew_mean          | -50.3        |
| time/                   |              |
|    fps                  | 24           |
|    iterations           | 180          |
|    time_elapsed         | 1896         |
|    total_timesteps      | 46080        |
| train/                  |              |
|    approx_kl            | 0.0022630957 |
|    clip_fraction        | 0.0156       |
|    clip_range           | 0.15         |
|    entropy_loss         | -4.89        |
|    explained_variance   | 0.971        |
|    learning_rate        | 0.0001       |
|    loss                 | -0.0138      |
|    n_updates            | 537          |
|    policy_gradient_loss | -0.0169      |
|    value_loss           | 0.0724       |
------------------------------------------
------------------------------------------
| rollout/                |              |
|    ep_len_mean          | 43.4         |
|    ep_rew_mean          | -51.6        |
| time/                   |              |
|    fps                  | 24           |
|    iterations           | 181          |
|    time_elapsed         | 1904         |
|    total_timesteps      | 46336        |
| train/                  |              |
|    approx_kl            | 0.0017011743 |
|    clip_fraction        | 0.00651      |
|    clip_range           | 0.15         |
|    entropy_loss         | -4.89        |
|    explained_variance   | 0.974        |
|    learning_rate        | 0.0001       |
|    loss                 | -0.0235      |
|    n_updates            | 540          |
|    policy_gradient_loss | -0.0172      |
|    value_loss           | 0.0566       |
------------------------------------------
------------------------------------------
| rollout/                |              |
|    ep_len_mean          | 43.5         |
|    ep_rew_mean          | -51.9        |
| time/                   |              |
|    fps                  | 24           |
|    iterations           | 182          |
|    time_elapsed         | 1912         |
|    total_timesteps      | 46592        |
| train/                  |              |
|    approx_kl            | 0.0016927456 |
|    clip_fraction        | 0.00651      |
|    clip_range           | 0.15         |
|    entropy_loss         | -4.86        |
|    explained_variance   | 0.977        |
|    learning_rate        | 0.0001       |
|    loss                 | -0.0245      |
|    n_updates            | 543          |
|    policy_gradient_loss | -0.0186      |
|    value_loss           | 0.0617       |
------------------------------------------
----------------------------------------
| rollout/                |            |
|    ep_len_mean          | 43.5       |
|    ep_rew_mean          | -51.9      |
| time/                   |            |
|    fps                  | 24         |
|    iterations           | 183        |
|    time_elapsed         | 1920       |
|    total_timesteps      | 46848      |
| train/                  |            |
|    approx_kl            | 0.00281421 |
|    clip_fraction        | 0.00781    |
|    clip_range           | 0.15       |
|    entropy_loss         | -4.88      |
|    explained_variance   | 0.979      |
|    learning_rate        | 0.0001     |
|    loss                 | -0.0316    |
|    n_updates            | 546        |
|    policy_gradient_loss | -0.0219    |
|    value_loss           | 0.0505     |
----------------------------------------
-----------------------------------------
| rollout/                |             |
|    ep_len_mean          | 43.5        |
|    ep_rew_mean          | -52         |
| time/                   |             |
|    fps                  | 24          |
|    iterations           | 184         |
|    time_elapsed         | 1927        |
|    total_timesteps      | 47104       |
| train/                  |             |
|    approx_kl            | 0.003713727 |
|    clip_fraction        | 0.0156      |
|    clip_range           | 0.15        |
|    entropy_loss         | -4.86       |
|    explained_variance   | 0.981       |
|    learning_rate        | 0.0001      |
|    loss                 | -0.0367     |
|    n_updates            | 549         |
|    policy_gradient_loss | -0.0228     |
|    value_loss           | 0.0429      |
-----------------------------------------
------------------------------------------
| rollout/                |              |
|    ep_len_mean          | 43.5         |
|    ep_rew_mean          | -52          |
| time/                   |              |
|    fps                  | 24           |
|    iterations           | 185          |
|    time_elapsed         | 1935         |
|    total_timesteps      | 47360        |
| train/                  |              |
|    approx_kl            | 0.0016934334 |
|    clip_fraction        | 0.00651      |
|    clip_range           | 0.15         |
|    entropy_loss         | -4.8         |
|    explained_variance   | 0.984        |
|    learning_rate        | 0.0001       |
|    loss                 | -0.0351      |
|    n_updates            | 552          |
|    policy_gradient_loss | -0.018       |
|    value_loss           | 0.0322       |
------------------------------------------
------------------------------------------
| rollout/                |              |
|    ep_len_mean          | 43.7         |
|    ep_rew_mean          | -52.3        |
| time/                   |              |
|    fps                  | 24           |
|    iterations           | 186          |
|    time_elapsed         | 1943         |
|    total_timesteps      | 47616        |
| train/                  |              |
|    approx_kl            | 0.0013331948 |
|    clip_fraction        | 0            |
|    clip_range           | 0.15         |
|    entropy_loss         | -4.78        |
|    explained_variance   | 0.987        |
|    learning_rate        | 0.0001       |
|    loss                 | -0.0378      |
|    n_updates            | 555          |
|    policy_gradient_loss | -0.0175      |
|    value_loss           | 0.0269       |
------------------------------------------
-----------------------------------------
| rollout/                |             |
|    ep_len_mean          | 43.9        |
|    ep_rew_mean          | -52.6       |
| time/                   |             |
|    fps                  | 24          |
|    iterations           | 187         |
|    time_elapsed         | 1951        |
|    total_timesteps      | 47872       |
| train/                  |             |
|    approx_kl            | 0.001171408 |
|    clip_fraction        | 0           |
|    clip_range           | 0.15        |
|    entropy_loss         | -4.77       |
|    explained_variance   | 0.989       |
|    learning_rate        | 0.0001      |
|    loss                 | -0.0336     |
|    n_updates            | 558         |
|    policy_gradient_loss | -0.014      |
|    value_loss           | 0.0209      |
-----------------------------------------
------------------------------------------
| rollout/                |              |
|    ep_len_mean          | 43.3         |
|    ep_rew_mean          | -51.4        |
| time/                   |              |
|    fps                  | 24           |
|    iterations           | 188          |
|    time_elapsed         | 1957         |
|    total_timesteps      | 48128        |
| train/                  |              |
|    approx_kl            | 0.0010353385 |
|    clip_fraction        | 0            |
|    clip_range           | 0.15         |
|    entropy_loss         | -4.78        |
|    explained_variance   | 0.978        |
|    learning_rate        | 0.0001       |
|    loss                 | -0.0185      |
|    n_updates            | 561          |
|    policy_gradient_loss | -0.00953     |
|    value_loss           | 0.0323       |
------------------------------------------
-------------------------------------------
| rollout/                |               |
|    ep_len_mean          | 43.4          |
|    ep_rew_mean          | -51.5         |
| time/                   |               |
|    fps                  | 24            |
|    iterations           | 189           |
|    time_elapsed         | 1965          |
|    total_timesteps      | 48384         |
| train/                  |               |
|    approx_kl            | 0.00049949274 |
|    clip_fraction        | 0             |
|    clip_range           | 0.15          |
|    entropy_loss         | -4.73         |
|    explained_variance   | -0.592        |
|    learning_rate        | 0.0001        |
|    loss                 | 0.79          |
|    n_updates            | 564           |
|    policy_gradient_loss | -0.00673      |
|    value_loss           | 1.7           |
-------------------------------------------
------------------------------------------
| rollout/                |              |
|    ep_len_mean          | 43.7         |
|    ep_rew_mean          | -51.8        |
| time/                   |              |
|    fps                  | 24           |
|    iterations           | 190          |
|    time_elapsed         | 1973         |
|    total_timesteps      | 48640        |
| train/                  |              |
|    approx_kl            | 0.0006047294 |
|    clip_fraction        | 0            |
|    clip_range           | 0.15         |
|    entropy_loss         | -4.72        |
|    explained_variance   | 0.966        |
|    learning_rate        | 0.0001       |
|    loss                 | -0.00208     |
|    n_updates            | 567          |
|    policy_gradient_loss | -0.00965     |
|    value_loss           | 0.0649       |
------------------------------------------
-------------------------------------------
| rollout/                |               |
|    ep_len_mean          | 43.9          |
|    ep_rew_mean          | -52.1         |
| time/                   |               |
|    fps                  | 24            |
|    iterations           | 191           |
|    time_elapsed         | 1981          |
|    total_timesteps      | 48896         |
| train/                  |               |
|    approx_kl            | 0.00073174504 |
|    clip_fraction        | 0             |
|    clip_range           | 0.15          |
|    entropy_loss         | -4.71         |
|    explained_variance   | 0.982         |
|    learning_rate        | 0.0001        |
|    loss                 | -0.0178       |
|    n_updates            | 570           |
|    policy_gradient_loss | -0.0108       |
|    value_loss           | 0.0364        |
-------------------------------------------
------------------------------------------
| rollout/                |              |
|    ep_len_mean          | 43.7         |
|    ep_rew_mean          | -51.9        |
| time/                   |              |
|    fps                  | 24           |
|    iterations           | 192          |
|    time_elapsed         | 1989         |
|    total_timesteps      | 49152        |
| train/                  |              |
|    approx_kl            | 0.0009543421 |
|    clip_fraction        | 0.00651      |
|    clip_range           | 0.15         |
|    entropy_loss         | -4.72        |
|    explained_variance   | 0.978        |
|    learning_rate        | 0.0001       |
|    loss                 | -0.0232      |
|    n_updates            | 573          |
|    policy_gradient_loss | -0.0142      |
|    value_loss           | 0.041        |
------------------------------------------
-------------------------------------------
| rollout/                |               |
|    ep_len_mean          | 43.5          |
|    ep_rew_mean          | -51.6         |
| time/                   |               |
|    fps                  | 24            |
|    iterations           | 193           |
|    time_elapsed         | 1998          |
|    total_timesteps      | 49408         |
| train/                  |               |
|    approx_kl            | 0.00034985295 |
|    clip_fraction        | 0             |
|    clip_range           | 0.15          |
|    entropy_loss         | -4.98         |
|    explained_variance   | 0.9           |
|    learning_rate        | 0.0001        |
|    loss                 | 0.0449        |
|    n_updates            | 576           |
|    policy_gradient_loss | -0.00456      |
|    value_loss           | 0.146         |
-------------------------------------------
------------------------------------------
| rollout/                |              |
|    ep_len_mean          | 43.2         |
|    ep_rew_mean          | -51.4        |
| time/                   |              |
|    fps                  | 24           |
|    iterations           | 194          |
|    time_elapsed         | 2006         |
|    total_timesteps      | 49664        |
| train/                  |              |
|    approx_kl            | 0.0010692631 |
|    clip_fraction        | 0.00911      |
|    clip_range           | 0.15         |
|    entropy_loss         | -4.98        |
|    explained_variance   | 0.896        |
|    learning_rate        | 0.0001       |
|    loss                 | 0.0164       |
|    n_updates            | 579          |
|    policy_gradient_loss | -0.0133      |
|    value_loss           | 0.135        |
------------------------------------------
------------------------------------------
| rollout/                |              |
|    ep_len_mean          | 43           |
|    ep_rew_mean          | -51.1        |
| time/                   |              |
|    fps                  | 24           |
|    iterations           | 195          |
|    time_elapsed         | 2015         |
|    total_timesteps      | 49920        |
| train/                  |              |
|    approx_kl            | 0.0018218427 |
|    clip_fraction        | 0.0234       |
|    clip_range           | 0.15         |
|    entropy_loss         | -4.99        |
|    explained_variance   | 0.939        |
|    learning_rate        | 0.0001       |
|    loss                 | -0.0199      |
|    n_updates            | 582          |
|    policy_gradient_loss | -0.0169      |
|    value_loss           | 0.0692       |
------------------------------------------
------------------------------------------
| rollout/                |              |
|    ep_len_mean          | 42.7         |
|    ep_rew_mean          | -50.7        |
| time/                   |              |
|    fps                  | 24           |
|    iterations           | 196          |
|    time_elapsed         | 2023         |
|    total_timesteps      | 50176        |
| train/                  |              |
|    approx_kl            | 0.0021831316 |
|    clip_fraction        | 0.00781      |
|    clip_range           | 0.15         |
|    entropy_loss         | -5.01        |
|    explained_variance   | 0.966        |
|    learning_rate        | 0.0001       |
|    loss                 | -0.0329      |
|    n_updates            | 585          |
|    policy_gradient_loss | -0.0184      |
|    value_loss           | 0.0422       |
------------------------------------------
------------------------------------------
| rollout/                |              |
|    ep_len_mean          | 42.5         |
|    ep_rew_mean          | -50.4        |
| time/                   |              |
|    fps                  | 24           |
|    iterations           | 197          |
|    time_elapsed         | 2031         |
|    total_timesteps      | 50432        |
| train/                  |              |
|    approx_kl            | 0.0024648616 |
|    clip_fraction        | 0.0156       |
|    clip_range           | 0.15         |
|    entropy_loss         | -5.01        |
|    explained_variance   | 0.973        |
|    learning_rate        | 0.0001       |
|    loss                 | -0.0339      |
|    n_updates            | 588          |
|    policy_gradient_loss | -0.0179      |
|    value_loss           | 0.0368       |
------------------------------------------
------------------------------------------
| rollout/                |              |
|    ep_len_mean          | 42.2         |
|    ep_rew_mean          | -50.1        |
| time/                   |              |
|    fps                  | 24           |
|    iterations           | 198          |
|    time_elapsed         | 2039         |
|    total_timesteps      | 50688        |
| train/                  |              |
|    approx_kl            | 0.0015799955 |
|    clip_fraction        | 0            |
|    clip_range           | 0.15         |
|    entropy_loss         | -4.85        |
|    explained_variance   | 0.968        |
|    learning_rate        | 0.0001       |
|    loss                 | -0.0231      |
|    n_updates            | 591          |
|    policy_gradient_loss | -0.0124      |
|    value_loss           | 0.0381       |
------------------------------------------
-----------------------------------------
| rollout/                |             |
|    ep_len_mean          | 42          |
|    ep_rew_mean          | -49.8       |
| time/                   |             |
|    fps                  | 24          |
|    iterations           | 199         |
|    time_elapsed         | 2048        |
|    total_timesteps      | 50944       |
| train/                  |             |
|    approx_kl            | 0.001686217 |
|    clip_fraction        | 0.00781     |
|    clip_range           | 0.15        |
|    entropy_loss         | -4.86       |
|    explained_variance   | 0.978       |
|    learning_rate        | 0.0001      |
|    loss                 | -0.0365     |
|    n_updates            | 594         |
|    policy_gradient_loss | -0.0162     |
|    value_loss           | 0.0248      |
-----------------------------------------
------------------------------------------
| rollout/                |              |
|    ep_len_mean          | 42           |
|    ep_rew_mean          | -49.7        |
| time/                   |              |
|    fps                  | 24           |
|    iterations           | 200          |
|    time_elapsed         | 2056         |
|    total_timesteps      | 51200        |
| train/                  |              |
|    approx_kl            | 0.0017004423 |
|    clip_fraction        | 0.00781      |
|    clip_range           | 0.15         |
|    entropy_loss         | -4.89        |
|    explained_variance   | 0.982        |
|    learning_rate        | 0.0001       |
|    loss                 | -0.036       |
|    n_updates            | 597          |
|    policy_gradient_loss | -0.0157      |
|    value_loss           | 0.0214       |
------------------------------------------
------------------------------------------
| rollout/                |              |
|    ep_len_mean          | 42           |
|    ep_rew_mean          | -49.8        |
| time/                   |              |
|    fps                  | 24           |
|    iterations           | 201          |
|    time_elapsed         | 2064         |
|    total_timesteps      | 51456        |
| train/                  |              |
|    approx_kl            | 0.0007164362 |
|    clip_fraction        | 0            |
|    clip_range           | 0.15         |
|    entropy_loss         | -4.74        |
|    explained_variance   | 0.943        |
|    learning_rate        | 0.0001       |
|    loss                 | 0.0232       |
|    n_updates            | 600          |
|    policy_gradient_loss | -0.00121     |
|    value_loss           | 0.0847       |
------------------------------------------
-------------------------------------------
| rollout/                |               |
|    ep_len_mean          | 42            |
|    ep_rew_mean          | -49.8         |
| time/                   |               |
|    fps                  | 24            |
|    iterations           | 202           |
|    time_elapsed         | 2074          |
|    total_timesteps      | 51712         |
| train/                  |               |
|    approx_kl            | 0.00025789463 |
|    clip_fraction        | 0             |
|    clip_range           | 0.15          |
|    entropy_loss         | -4.52         |
|    explained_variance   | 0.949         |
|    learning_rate        | 0.0001        |
|    loss                 | 0.0178        |
|    n_updates            | 603           |
|    policy_gradient_loss | -0.00352      |
|    value_loss           | 0.0814        |
-------------------------------------------
-------------------------------------------
| rollout/                |               |
|    ep_len_mean          | 42            |
|    ep_rew_mean          | -49.8         |
| time/                   |               |
|    fps                  | 24            |
|    iterations           | 203           |
|    time_elapsed         | 2082          |
|    total_timesteps      | 51968         |
| train/                  |               |
|    approx_kl            | 0.00058230804 |
|    clip_fraction        | 0             |
|    clip_range           | 0.15          |
|    entropy_loss         | -4.52         |
|    explained_variance   | 0.95          |
|    learning_rate        | 0.0001        |
|    loss                 | -0.00375      |
|    n_updates            | 606           |
|    policy_gradient_loss | -0.0119       |
|    value_loss           | 0.0744        |
-------------------------------------------
------------------------------------------
| rollout/                |              |
|    ep_len_mean          | 42.4         |
|    ep_rew_mean          | -50.6        |
| time/                   |              |
|    fps                  | 24           |
|    iterations           | 204          |
|    time_elapsed         | 2091         |
|    total_timesteps      | 52224        |
| train/                  |              |
|    approx_kl            | 0.0011445021 |
|    clip_fraction        | 0.00781      |
|    clip_range           | 0.15         |
|    entropy_loss         | -4.48        |
|    explained_variance   | 0.962        |
|    learning_rate        | 0.0001       |
|    loss                 | -0.0239      |
|    n_updates            | 609          |
|    policy_gradient_loss | -0.018       |
|    value_loss           | 0.0578       |
------------------------------------------
------------------------------------------
| rollout/                |              |
|    ep_len_mean          | 43           |
|    ep_rew_mean          | -51.8        |
| time/                   |              |
|    fps                  | 24           |
|    iterations           | 205          |
|    time_elapsed         | 2101         |
|    total_timesteps      | 52480        |
| train/                  |              |
|    approx_kl            | 0.0016358127 |
|    clip_fraction        | 0.0156       |
|    clip_range           | 0.15         |
|    entropy_loss         | -4.49        |
|    explained_variance   | 0.972        |
|    learning_rate        | 0.0001       |
|    loss                 | -0.0357      |
|    n_updates            | 612          |
|    policy_gradient_loss | -0.0212      |
|    value_loss           | 0.0444       |
------------------------------------------
------------------------------------------
| rollout/                |              |
|    ep_len_mean          | 43           |
|    ep_rew_mean          | -51.9        |
| time/                   |              |
|    fps                  | 24           |
|    iterations           | 206          |
|    time_elapsed         | 2109         |
|    total_timesteps      | 52736        |
| train/                  |              |
|    approx_kl            | 0.0014867224 |
|    clip_fraction        | 0.013        |
|    clip_range           | 0.15         |
|    entropy_loss         | -4.47        |
|    explained_variance   | 0.969        |
|    learning_rate        | 0.0001       |
|    loss                 | -0.0242      |
|    n_updates            | 615          |
|    policy_gradient_loss | -0.0156      |
|    value_loss           | 0.0422       |
------------------------------------------
------------------------------------------
| rollout/                |              |
|    ep_len_mean          | 43           |
|    ep_rew_mean          | -51.7        |
| time/                   |              |
|    fps                  | 25           |
|    iterations           | 207          |
|    time_elapsed         | 2117         |
|    total_timesteps      | 52992        |
| train/                  |              |
|    approx_kl            | 0.0016309083 |
|    clip_fraction        | 0.0156       |
|    clip_range           | 0.15         |
|    entropy_loss         | -4.44        |
|    explained_variance   | 0.982        |
|    learning_rate        | 0.0001       |
|    loss                 | -0.0289      |
|    n_updates            | 618          |
|    policy_gradient_loss | -0.0161      |
|    value_loss           | 0.0342       |
------------------------------------------
------------------------------------------
| rollout/                |              |
|    ep_len_mean          | 43           |
|    ep_rew_mean          | -51.7        |
| time/                   |              |
|    fps                  | 25           |
|    iterations           | 208          |
|    time_elapsed         | 2125         |
|    total_timesteps      | 53248        |
| train/                  |              |
|    approx_kl            | 0.0008798053 |
|    clip_fraction        | 0.0013       |
|    clip_range           | 0.15         |
|    entropy_loss         | -4.59        |
|    explained_variance   | 0.969        |
|    learning_rate        | 0.0001       |
|    loss                 | 0.00155      |
|    n_updates            | 621          |
|    policy_gradient_loss | -0.00293     |
|    value_loss           | 0.0451       |
------------------------------------------
------------------------------------------
| rollout/                |              |
|    ep_len_mean          | 43.2         |
|    ep_rew_mean          | -52          |
| time/                   |              |
|    fps                  | 25           |
|    iterations           | 209          |
|    time_elapsed         | 2132         |
|    total_timesteps      | 53504        |
| train/                  |              |
|    approx_kl            | 0.0016268238 |
|    clip_fraction        | 0.00781      |
|    clip_range           | 0.15         |
|    entropy_loss         | -4.63        |
|    explained_variance   | 0.956        |
|    learning_rate        | 0.0001       |
|    loss                 | -0.0111      |
|    n_updates            | 624          |
|    policy_gradient_loss | -0.0134      |
|    value_loss           | 0.0693       |
------------------------------------------
------------------------------------------
| rollout/                |              |
|    ep_len_mean          | 43.5         |
|    ep_rew_mean          | -52.4        |
| time/                   |              |
|    fps                  | 25           |
|    iterations           | 210          |
|    time_elapsed         | 2141         |
|    total_timesteps      | 53760        |
| train/                  |              |
|    approx_kl            | 0.0029118974 |
|    clip_fraction        | 0.0143       |
|    clip_range           | 0.15         |
|    entropy_loss         | -4.59        |
|    explained_variance   | 0.967        |
|    learning_rate        | 0.0001       |
|    loss                 | -0.031       |
|    n_updates            | 627          |
|    policy_gradient_loss | -0.0185      |
|    value_loss           | 0.0442       |
------------------------------------------
-------------------------------------------
| rollout/                |               |
|    ep_len_mean          | 43.7          |
|    ep_rew_mean          | -52.8         |
| time/                   |               |
|    fps                  | 25            |
|    iterations           | 211           |
|    time_elapsed         | 2151          |
|    total_timesteps      | 54016         |
| train/                  |               |
|    approx_kl            | 0.00076881377 |
|    clip_fraction        | 0.00651       |
|    clip_range           | 0.15          |
|    entropy_loss         | -4.38         |
|    explained_variance   | 0.975         |
|    learning_rate        | 0.0001        |
|    loss                 | 0.00372       |
|    n_updates            | 630           |
|    policy_gradient_loss | -0.0037       |
|    value_loss           | 0.0482        |
-------------------------------------------
------------------------------------------
| rollout/                |              |
|    ep_len_mean          | 43.8         |
|    ep_rew_mean          | -53          |
| time/                   |              |
|    fps                  | 25           |
|    iterations           | 212          |
|    time_elapsed         | 2159         |
|    total_timesteps      | 54272        |
| train/                  |              |
|    approx_kl            | 0.0007330221 |
|    clip_fraction        | 0            |
|    clip_range           | 0.15         |
|    entropy_loss         | -4.41        |
|    explained_variance   | 0.969        |
|    learning_rate        | 0.0001       |
|    loss                 | -0.0089      |
|    n_updates            | 633          |
|    policy_gradient_loss | -0.00833     |
|    value_loss           | 0.0458       |
------------------------------------------
------------------------------------------
| rollout/                |              |
|    ep_len_mean          | 44           |
|    ep_rew_mean          | -53.2        |
| time/                   |              |
|    fps                  | 25           |
|    iterations           | 213          |
|    time_elapsed         | 2167         |
|    total_timesteps      | 54528        |
| train/                  |              |
|    approx_kl            | 0.0007986149 |
|    clip_fraction        | 0            |
|    clip_range           | 0.15         |
|    entropy_loss         | -4.53        |
|    explained_variance   | 0.979        |
|    learning_rate        | 0.0001       |
|    loss                 | -0.0179      |
|    n_updates            | 636          |
|    policy_gradient_loss | -0.00829     |
|    value_loss           | 0.0264       |
------------------------------------------
------------------------------------------
| rollout/                |              |
|    ep_len_mean          | 44.1         |
|    ep_rew_mean          | -53.4        |
| time/                   |              |
|    fps                  | 25           |
|    iterations           | 214          |
|    time_elapsed         | 2175         |
|    total_timesteps      | 54784        |
| train/                  |              |
|    approx_kl            | 0.0012232242 |
|    clip_fraction        | 0            |
|    clip_range           | 0.15         |
|    entropy_loss         | -4.54        |
|    explained_variance   | 0.987        |
|    learning_rate        | 0.0001       |
|    loss                 | -0.0331      |
|    n_updates            | 639          |
|    policy_gradient_loss | -0.0138      |
|    value_loss           | 0.0178       |
------------------------------------------
------------------------------------------
| rollout/                |              |
|    ep_len_mean          | 44.2         |
|    ep_rew_mean          | -53.2        |
| time/                   |              |
|    fps                  | 25           |
|    iterations           | 215          |
|    time_elapsed         | 2187         |
|    total_timesteps      | 55040        |
| train/                  |              |
|    approx_kl            | 0.0018100578 |
|    clip_fraction        | 0.0156       |
|    clip_range           | 0.15         |
|    entropy_loss         | -4.52        |
|    explained_variance   | 0.987        |
|    learning_rate        | 0.0001       |
|    loss                 | -0.0377      |
|    n_updates            | 642          |
|    policy_gradient_loss | -0.0157      |
|    value_loss           | 0.016        |
------------------------------------------
-----------------------------------------
| rollout/                |             |
|    ep_len_mean          | 44.4        |
|    ep_rew_mean          | -52.9       |
| time/                   |             |
|    fps                  | 25          |
|    iterations           | 216         |
|    time_elapsed         | 2201        |
|    total_timesteps      | 55296       |
| train/                  |             |
|    approx_kl            | 0.001035393 |
|    clip_fraction        | 0.00781     |
|    clip_range           | 0.15        |
|    entropy_loss         | -4.58       |
|    explained_variance   | 0.833       |
|    learning_rate        | 0.0001      |
|    loss                 | 0.125       |
|    n_updates            | 645         |
|    policy_gradient_loss | -0.00321    |
|    value_loss           | 0.306       |
-----------------------------------------
-----------------------------------------
| rollout/                |             |
|    ep_len_mean          | 44.5        |
|    ep_rew_mean          | -52.3       |
| time/                   |             |
|    fps                  | 25          |
|    iterations           | 217         |
|    time_elapsed         | 2214        |
|    total_timesteps      | 55552       |
| train/                  |             |
|    approx_kl            | 0.000731718 |
|    clip_fraction        | 0           |
|    clip_range           | 0.15        |
|    entropy_loss         | -4.56       |
|    explained_variance   | 0.852       |
|    learning_rate        | 0.0001      |
|    loss                 | 0.0828      |
|    n_updates            | 648         |
|    policy_gradient_loss | -0.0103     |
|    value_loss           | 0.268       |
-----------------------------------------
-------------------------------------------
| rollout/                |               |
|    ep_len_mean          | 44.4          |
|    ep_rew_mean          | -51.6         |
| time/                   |               |
|    fps                  | 25            |
|    iterations           | 218           |
|    time_elapsed         | 2227          |
|    total_timesteps      | 55808         |
| train/                  |               |
|    approx_kl            | 0.00096857105 |
|    clip_fraction        | 0             |
|    clip_range           | 0.15          |
|    entropy_loss         | -4.58         |
|    explained_variance   | 0.902         |
|    learning_rate        | 0.0001        |
|    loss                 | 0.0339        |
|    n_updates            | 651           |
|    policy_gradient_loss | -0.0142       |
|    value_loss           | 0.183         |
-------------------------------------------
------------------------------------------
| rollout/                |              |
|    ep_len_mean          | 44.4         |
|    ep_rew_mean          | -51          |
| time/                   |              |
|    fps                  | 25           |
|    iterations           | 219          |
|    time_elapsed         | 2240         |
|    total_timesteps      | 56064        |
| train/                  |              |
|    approx_kl            | 0.0009460361 |
|    clip_fraction        | 0            |
|    clip_range           | 0.15         |
|    entropy_loss         | -4.57        |
|    explained_variance   | 0.939        |
|    learning_rate        | 0.0001       |
|    loss                 | 0.0099       |
|    n_updates            | 654          |
|    policy_gradient_loss | -0.0148      |
|    value_loss           | 0.126        |
------------------------------------------
------------------------------------------
| rollout/                |              |
|    ep_len_mean          | 44.3         |
|    ep_rew_mean          | -50.3        |
| time/                   |              |
|    fps                  | 24           |
|    iterations           | 220          |
|    time_elapsed         | 2252         |
|    total_timesteps      | 56320        |
| train/                  |              |
|    approx_kl            | 0.0009831034 |
|    clip_fraction        | 0            |
|    clip_range           | 0.15         |
|    entropy_loss         | -4.57        |
|    explained_variance   | 0.954        |
|    learning_rate        | 0.0001       |
|    loss                 | 0.00287      |
|    n_updates            | 657          |
|    policy_gradient_loss | -0.0139      |
|    value_loss           | 0.1          |
------------------------------------------
------------------------------------------
| rollout/                |              |
|    ep_len_mean          | 44.3         |
|    ep_rew_mean          | -49.6        |
| time/                   |              |
|    fps                  | 24           |
|    iterations           | 221          |
|    time_elapsed         | 2265         |
|    total_timesteps      | 56576        |
| train/                  |              |
|    approx_kl            | 0.0009694295 |
|    clip_fraction        | 0            |
|    clip_range           | 0.15         |
|    entropy_loss         | -4.55        |
|    explained_variance   | 0.961        |
|    learning_rate        | 0.0001       |
|    loss                 | -0.0048      |
|    n_updates            | 660          |
|    policy_gradient_loss | -0.0132      |
|    value_loss           | 0.0814       |
------------------------------------------
------------------------------------------
| rollout/                |              |
|    ep_len_mean          | 44.2         |
|    ep_rew_mean          | -48.9        |
| time/                   |              |
|    fps                  | 24           |
|    iterations           | 222          |
|    time_elapsed         | 2278         |
|    total_timesteps      | 56832        |
| train/                  |              |
|    approx_kl            | 0.0009793965 |
|    clip_fraction        | 0            |
|    clip_range           | 0.15         |
|    entropy_loss         | -4.5         |
|    explained_variance   | 0.968        |
|    learning_rate        | 0.0001       |
|    loss                 | -0.0184      |
|    n_updates            | 663          |
|    policy_gradient_loss | -0.0132      |
|    value_loss           | 0.0519       |
------------------------------------------
-------------------------------------------
| rollout/                |               |
|    ep_len_mean          | 43.9          |
|    ep_rew_mean          | -47.9         |
| time/                   |               |
|    fps                  | 24            |
|    iterations           | 223           |
|    time_elapsed         | 2286          |
|    total_timesteps      | 57088         |
| train/                  |               |
|    approx_kl            | 0.00096678245 |
|    clip_fraction        | 0             |
|    clip_range           | 0.15          |
|    entropy_loss         | -4.5          |
|    explained_variance   | 0.976         |
|    learning_rate        | 0.0001        |
|    loss                 | -0.0174       |
|    n_updates            | 666           |
|    policy_gradient_loss | -0.0114       |
|    value_loss           | 0.0417        |
-------------------------------------------
-------------------------------------------
| rollout/                |               |
|    ep_len_mean          | 43.6          |
|    ep_rew_mean          | -46.8         |
| time/                   |               |
|    fps                  | 24            |
|    iterations           | 224           |
|    time_elapsed         | 2294          |
|    total_timesteps      | 57344         |
| train/                  |               |
|    approx_kl            | 0.00046935142 |
|    clip_fraction        | 0             |
|    clip_range           | 0.15          |
|    entropy_loss         | -4.92         |
|    explained_variance   | 0.781         |
|    learning_rate        | 0.0001        |
|    loss                 | 0.15          |
|    n_updates            | 669           |
|    policy_gradient_loss | -0.00193      |
|    value_loss           | 0.347         |
-------------------------------------------
-------------------------------------------
| rollout/                |               |
|    ep_len_mean          | 43.3          |
|    ep_rew_mean          | -45.7         |
| time/                   |               |
|    fps                  | 25            |
|    iterations           | 225           |
|    time_elapsed         | 2302          |
|    total_timesteps      | 57600         |
| train/                  |               |
|    approx_kl            | 0.00061521283 |
|    clip_fraction        | 0             |
|    clip_range           | 0.15          |
|    entropy_loss         | -4.92         |
|    explained_variance   | 0.864         |
|    learning_rate        | 0.0001        |
|    loss                 | 0.112         |
|    n_updates            | 672           |
|    policy_gradient_loss | -0.00927      |
|    value_loss           | 0.321         |
-------------------------------------------
------------------------------------------
| rollout/                |              |
|    ep_len_mean          | 42.9         |
|    ep_rew_mean          | -44.4        |
| time/                   |              |
|    fps                  | 25           |
|    iterations           | 226          |
|    time_elapsed         | 2310         |
|    total_timesteps      | 57856        |
| train/                  |              |
|    approx_kl            | 0.0010841757 |
|    clip_fraction        | 0.00781      |
|    clip_range           | 0.15         |
|    entropy_loss         | -4.93        |
|    explained_variance   | 0.896        |
|    learning_rate        | 0.0001       |
|    loss                 | 0.059        |
|    n_updates            | 675          |
|    policy_gradient_loss | -0.0144      |
|    value_loss           | 0.232        |
------------------------------------------
------------------------------------------
| rollout/                |              |
|    ep_len_mean          | 42.6         |
|    ep_rew_mean          | -43.3        |
| time/                   |              |
|    fps                  | 25           |
|    iterations           | 227          |
|    time_elapsed         | 2318         |
|    total_timesteps      | 58112        |
| train/                  |              |
|    approx_kl            | 0.0022106236 |
|    clip_fraction        | 0.0182       |
|    clip_range           | 0.15         |
|    entropy_loss         | -4.96        |
|    explained_variance   | 0.945        |
|    learning_rate        | 0.0001       |
|    loss                 | 0.0347       |
|    n_updates            | 678          |
|    policy_gradient_loss | -0.0216      |
|    value_loss           | 0.201        |
------------------------------------------
-----------------------------------------
| rollout/                |             |
|    ep_len_mean          | 42.4        |
|    ep_rew_mean          | -42.1       |
| time/                   |             |
|    fps                  | 25          |
|    iterations           | 228         |
|    time_elapsed         | 2327        |
|    total_timesteps      | 58368       |
| train/                  |             |
|    approx_kl            | 0.002160448 |
|    clip_fraction        | 0.0156      |
|    clip_range           | 0.15        |
|    entropy_loss         | -4.94       |
|    explained_variance   | 0.957       |
|    learning_rate        | 0.0001      |
|    loss                 | 0.0304      |
|    n_updates            | 681         |
|    policy_gradient_loss | -0.0185     |
|    value_loss           | 0.17        |
-----------------------------------------
------------------------------------------
| rollout/                |              |
|    ep_len_mean          | 41.7         |
|    ep_rew_mean          | -39.8        |
| time/                   |              |
|    fps                  | 25           |
|    iterations           | 229          |
|    time_elapsed         | 2331         |
|    total_timesteps      | 58624        |
| train/                  |              |
|    approx_kl            | 0.0022906621 |
|    clip_fraction        | 0.0156       |
|    clip_range           | 0.15         |
|    entropy_loss         | -4.97        |
|    explained_variance   | 0.946        |
|    learning_rate        | 0.0001       |
|    loss                 | 0.0321       |
|    n_updates            | 684          |
|    policy_gradient_loss | -0.0175      |
|    value_loss           | 0.172        |
------------------------------------------
------------------------------------------
| rollout/                |              |
|    ep_len_mean          | 41.1         |
|    ep_rew_mean          | -38.1        |
| time/                   |              |
|    fps                  | 25           |
|    iterations           | 230          |
|    time_elapsed         | 2336         |
|    total_timesteps      | 58880        |
| train/                  |              |
|    approx_kl            | 0.0005731641 |
|    clip_fraction        | 0.0026       |
|    clip_range           | 0.15         |
|    entropy_loss         | -4.89        |
|    explained_variance   | -1.22        |
|    learning_rate        | 0.0001       |
|    loss                 | 1            |
|    n_updates            | 687          |
|    policy_gradient_loss | -0.00477     |
|    value_loss           | 2.16         |
------------------------------------------
------------------------------------------
| rollout/                |              |
|    ep_len_mean          | 40.5         |
|    ep_rew_mean          | -37.1        |
| time/                   |              |
|    fps                  | 25           |
|    iterations           | 231          |
|    time_elapsed         | 2341         |
|    total_timesteps      | 59136        |
| train/                  |              |
|    approx_kl            | 0.0004551732 |
|    clip_fraction        | 0            |
|    clip_range           | 0.15         |
|    entropy_loss         | -4.61        |
|    explained_variance   | 0.0774       |
|    learning_rate        | 0.0001       |
|    loss                 | 0.309        |
|    n_updates            | 690          |
|    policy_gradient_loss | -0.00697     |
|    value_loss           | 0.762        |
------------------------------------------
------------------------------------------
| rollout/                |              |
|    ep_len_mean          | 39.8         |
|    ep_rew_mean          | -35.9        |
| time/                   |              |
|    fps                  | 25           |
|    iterations           | 232          |
|    time_elapsed         | 2346         |
|    total_timesteps      | 59392        |
| train/                  |              |
|    approx_kl            | 0.0012676746 |
|    clip_fraction        | 0.0104       |
|    clip_range           | 0.15         |
|    entropy_loss         | -4.6         |
|    explained_variance   | 0.241        |
|    learning_rate        | 0.0001       |
|    loss                 | 0.161        |
|    n_updates            | 693          |
|    policy_gradient_loss | -0.0158      |
|    value_loss           | 0.489        |
------------------------------------------
------------------------------------------
| rollout/                |              |
|    ep_len_mean          | 39.2         |
|    ep_rew_mean          | -35          |
| time/                   |              |
|    fps                  | 25           |
|    iterations           | 233          |
|    time_elapsed         | 2351         |
|    total_timesteps      | 59648        |
| train/                  |              |
|    approx_kl            | 0.0018958836 |
|    clip_fraction        | 0.0182       |
|    clip_range           | 0.15         |
|    entropy_loss         | -4.59        |
|    explained_variance   | 0.506        |
|    learning_rate        | 0.0001       |
|    loss                 | 0.0839       |
|    n_updates            | 696          |
|    policy_gradient_loss | -0.0188      |
|    value_loss           | 0.323        |
------------------------------------------
------------------------------------------
| rollout/                |              |
|    ep_len_mean          | 38.5         |
|    ep_rew_mean          | -34.1        |
| time/                   |              |
|    fps                  | 25           |
|    iterations           | 234          |
|    time_elapsed         | 2356         |
|    total_timesteps      | 59904        |
| train/                  |              |
|    approx_kl            | 0.0023014012 |
|    clip_fraction        | 0.0182       |
|    clip_range           | 0.15         |
|    entropy_loss         | -4.64        |
|    explained_variance   | 0.592        |
|    learning_rate        | 0.0001       |
|    loss                 | 0.0455       |
|    n_updates            | 699          |
|    policy_gradient_loss | -0.0174      |
|    value_loss           | 0.201        |
------------------------------------------
------------------------------------------
| rollout/                |              |
|    ep_len_mean          | 38.2         |
|    ep_rew_mean          | -33.6        |
| time/                   |              |
|    fps                  | 25           |
|    iterations           | 235          |
|    time_elapsed         | 2364         |
|    total_timesteps      | 60160        |
| train/                  |              |
|    approx_kl            | 0.0031130328 |
|    clip_fraction        | 0.0104       |
|    clip_range           | 0.15         |
|    entropy_loss         | -4.63        |
|    explained_variance   | 0.551        |
|    learning_rate        | 0.0001       |
|    loss                 | 0.0353       |
|    n_updates            | 702          |
|    policy_gradient_loss | -0.0221      |
|    value_loss           | 0.184        |
------------------------------------------
------------------------------------------
| rollout/                |              |
|    ep_len_mean          | 38           |
|    ep_rew_mean          | -33.1        |
| time/                   |              |
|    fps                  | 25           |
|    iterations           | 236          |
|    time_elapsed         | 2372         |
|    total_timesteps      | 60416        |
| train/                  |              |
|    approx_kl            | 0.0006072875 |
|    clip_fraction        | 0            |
|    clip_range           | 0.15         |
|    entropy_loss         | -4.89        |
|    explained_variance   | 0.512        |
|    learning_rate        | 0.0001       |
|    loss                 | 0.206        |
|    n_updates            | 705          |
|    policy_gradient_loss | -0.00313     |
|    value_loss           | 0.45         |
------------------------------------------
------------------------------------------
| rollout/                |              |
|    ep_len_mean          | 37.7         |
|    ep_rew_mean          | -32.6        |
| time/                   |              |
|    fps                  | 25           |
|    iterations           | 237          |
|    time_elapsed         | 2380         |
|    total_timesteps      | 60672        |
| train/                  |              |
|    approx_kl            | 0.0005442747 |
|    clip_fraction        | 0            |
|    clip_range           | 0.15         |
|    entropy_loss         | -4.89        |
|    explained_variance   | 0.473        |
|    learning_rate        | 0.0001       |
|    loss                 | 0.176        |
|    n_updates            | 708          |
|    policy_gradient_loss | -0.00852     |
|    value_loss           | 0.456        |
------------------------------------------
------------------------------------------
| rollout/                |              |
|    ep_len_mean          | 37.7         |
|    ep_rew_mean          | -32.6        |
| time/                   |              |
|    fps                  | 25           |
|    iterations           | 238          |
|    time_elapsed         | 2388         |
|    total_timesteps      | 60928        |
| train/                  |              |
|    approx_kl            | 0.0008744539 |
|    clip_fraction        | 0.00911      |
|    clip_range           | 0.15         |
|    entropy_loss         | -4.91        |
|    explained_variance   | 0.642        |
|    learning_rate        | 0.0001       |
|    loss                 | 0.0748       |
|    n_updates            | 711          |
|    policy_gradient_loss | -0.0138      |
|    value_loss           | 0.288        |
------------------------------------------
-----------------------------------------
| rollout/                |             |
|    ep_len_mean          | 37.7        |
|    ep_rew_mean          | -32.6       |
| time/                   |             |
|    fps                  | 25          |
|    iterations           | 239         |
|    time_elapsed         | 2396        |
|    total_timesteps      | 61184       |
| train/                  |             |
|    approx_kl            | 0.001132594 |
|    clip_fraction        | 0.00781     |
|    clip_range           | 0.15        |
|    entropy_loss         | -4.9        |
|    explained_variance   | 0.819       |
|    learning_rate        | 0.0001      |
|    loss                 | -0.00218    |
|    n_updates            | 714         |
|    policy_gradient_loss | -0.0172     |
|    value_loss           | 0.13        |
-----------------------------------------
-----------------------------------------
| rollout/                |             |
|    ep_len_mean          | 37.7        |
|    ep_rew_mean          | -32.8       |
| time/                   |             |
|    fps                  | 25          |
|    iterations           | 240         |
|    time_elapsed         | 2404        |
|    total_timesteps      | 61440       |
| train/                  |             |
|    approx_kl            | 0.001488491 |
|    clip_fraction        | 0.00781     |
|    clip_range           | 0.15        |
|    entropy_loss         | -4.93       |
|    explained_variance   | 0.878       |
|    learning_rate        | 0.0001      |
|    loss                 | 0.00707     |
|    n_updates            | 717         |
|    policy_gradient_loss | -0.0149     |
|    value_loss           | 0.111       |
-----------------------------------------
------------------------------------------
| rollout/                |              |
|    ep_len_mean          | 37.7         |
|    ep_rew_mean          | -33          |
| time/                   |              |
|    fps                  | 25           |
|    iterations           | 241          |
|    time_elapsed         | 2412         |
|    total_timesteps      | 61696        |
| train/                  |              |
|    approx_kl            | 0.0015453822 |
|    clip_fraction        | 0.00911      |
|    clip_range           | 0.15         |
|    entropy_loss         | -4.9         |
|    explained_variance   | 0.964        |
|    learning_rate        | 0.0001       |
|    loss                 | -0.0193      |
|    n_updates            | 720          |
|    policy_gradient_loss | -0.0148      |
|    value_loss           | 0.0411       |
------------------------------------------
------------------------------------------
| rollout/                |              |
|    ep_len_mean          | 37.7         |
|    ep_rew_mean          | -33.2        |
| time/                   |              |
|    fps                  | 25           |
|    iterations           | 242          |
|    time_elapsed         | 2421         |
|    total_timesteps      | 61952        |
| train/                  |              |
|    approx_kl            | 0.0013012246 |
|    clip_fraction        | 0.00781      |
|    clip_range           | 0.15         |
|    entropy_loss         | -4.9         |
|    explained_variance   | 0.952        |
|    learning_rate        | 0.0001       |
|    loss                 | -0.00835     |
|    n_updates            | 723          |
|    policy_gradient_loss | -0.0106      |
|    value_loss           | 0.0516       |
------------------------------------------
------------------------------------------
| rollout/                |              |
|    ep_len_mean          | 37.8         |
|    ep_rew_mean          | -33.5        |
| time/                   |              |
|    fps                  | 25           |
|    iterations           | 243          |
|    time_elapsed         | 2429         |
|    total_timesteps      | 62208        |
| train/                  |              |
|    approx_kl            | 0.0014753863 |
|    clip_fraction        | 0.00911      |
|    clip_range           | 0.15         |
|    entropy_loss         | -4.9         |
|    explained_variance   | 0.953        |
|    learning_rate        | 0.0001       |
|    loss                 | -0.0225      |
|    n_updates            | 726          |
|    policy_gradient_loss | -0.0156      |
|    value_loss           | 0.0502       |
------------------------------------------
------------------------------------------
| rollout/                |              |
|    ep_len_mean          | 38           |
|    ep_rew_mean          | -34.7        |
| time/                   |              |
|    fps                  | 25           |
|    iterations           | 244          |
|    time_elapsed         | 2436         |
|    total_timesteps      | 62464        |
| train/                  |              |
|    approx_kl            | 0.0017386002 |
|    clip_fraction        | 0.00781      |
|    clip_range           | 0.15         |
|    entropy_loss         | -4.87        |
|    explained_variance   | 0.962        |
|    learning_rate        | 0.0001       |
|    loss                 | -0.0395      |
|    n_updates            | 729          |
|    policy_gradient_loss | -0.0202      |
|    value_loss           | 0.0363       |
------------------------------------------
------------------------------------------
| rollout/                |              |
|    ep_len_mean          | 38           |
|    ep_rew_mean          | -35.5        |
| time/                   |              |
|    fps                  | 25           |
|    iterations           | 245          |
|    time_elapsed         | 2443         |
|    total_timesteps      | 62720        |
| train/                  |              |
|    approx_kl            | 0.0006531668 |
|    clip_fraction        | 0            |
|    clip_range           | 0.15         |
|    entropy_loss         | -4.81        |
|    explained_variance   | 0.715        |
|    learning_rate        | 0.0001       |
|    loss                 | 0.0836       |
|    n_updates            | 732          |
|    policy_gradient_loss | -0.00565     |
|    value_loss           | 0.246        |
------------------------------------------
------------------------------------------
| rollout/                |              |
|    ep_len_mean          | 38.1         |
|    ep_rew_mean          | -36.3        |
| time/                   |              |
|    fps                  | 25           |
|    iterations           | 246          |
|    time_elapsed         | 2449         |
|    total_timesteps      | 62976        |
| train/                  |              |
|    approx_kl            | 0.0011590107 |
|    clip_fraction        | 0            |
|    clip_range           | 0.15         |
|    entropy_loss         | -4.83        |
|    explained_variance   | 0.585        |
|    learning_rate        | 0.0001       |
|    loss                 | 0.0842       |
|    n_updates            | 735          |
|    policy_gradient_loss | -0.0141      |
|    value_loss           | 0.298        |
------------------------------------------
-----------------------------------------
| rollout/                |             |
|    ep_len_mean          | 38.4        |
|    ep_rew_mean          | -37.1       |
| time/                   |             |
|    fps                  | 25          |
|    iterations           | 247         |
|    time_elapsed         | 2457        |
|    total_timesteps      | 63232       |
| train/                  |             |
|    approx_kl            | 0.001953922 |
|    clip_fraction        | 0.0104      |
|    clip_range           | 0.15        |
|    entropy_loss         | -4.82       |
|    explained_variance   | 0.818       |
|    learning_rate        | 0.0001      |
|    loss                 | 0.00753     |
|    n_updates            | 738         |
|    policy_gradient_loss | -0.0191     |
|    value_loss           | 0.141       |
-----------------------------------------
------------------------------------------
| rollout/                |              |
|    ep_len_mean          | 38.7         |
|    ep_rew_mean          | -37.5        |
| time/                   |              |
|    fps                  | 25           |
|    iterations           | 248          |
|    time_elapsed         | 2466         |
|    total_timesteps      | 63488        |
| train/                  |              |
|    approx_kl            | 0.0004199124 |
|    clip_fraction        | 0            |
|    clip_range           | 0.15         |
|    entropy_loss         | -4.82        |
|    explained_variance   | 0.922        |
|    learning_rate        | 0.0001       |
|    loss                 | 0.0416       |
|    n_updates            | 741          |
|    policy_gradient_loss | 0.00187      |
|    value_loss           | 0.0971       |
------------------------------------------
------------------------------------------
| rollout/                |              |
|    ep_len_mean          | 39           |
|    ep_rew_mean          | -37.9        |
| time/                   |              |
|    fps                  | 25           |
|    iterations           | 249          |
|    time_elapsed         | 2474         |
|    total_timesteps      | 63744        |
| train/                  |              |
|    approx_kl            | 0.0002831698 |
|    clip_fraction        | 0            |
|    clip_range           | 0.15         |
|    entropy_loss         | -4.8         |
|    explained_variance   | 0.861        |
|    learning_rate        | 0.0001       |
|    loss                 | 0.0402       |
|    n_updates            | 744          |
|    policy_gradient_loss | -0.00543     |
|    value_loss           | 0.14         |
------------------------------------------
-------------------------------------------
| rollout/                |               |
|    ep_len_mean          | 38.9          |
|    ep_rew_mean          | -38.4         |
| time/                   |               |
|    fps                  | 25            |
|    iterations           | 250           |
|    time_elapsed         | 2480          |
|    total_timesteps      | 64000         |
| train/                  |               |
|    approx_kl            | 0.00068839686 |
|    clip_fraction        | 0             |
|    clip_range           | 0.15          |
|    entropy_loss         | -4.81         |
|    explained_variance   | 0.891         |
|    learning_rate        | 0.0001        |
|    loss                 | 0.00814       |
|    n_updates            | 747           |
|    policy_gradient_loss | -0.0129       |
|    value_loss           | 0.115         |
-------------------------------------------
-------------------------------------------
| rollout/                |               |
|    ep_len_mean          | 38.6          |
|    ep_rew_mean          | -38.7         |
| time/                   |               |
|    fps                  | 25            |
|    iterations           | 251           |
|    time_elapsed         | 2487          |
|    total_timesteps      | 64256         |
| train/                  |               |
|    approx_kl            | 0.00087336334 |
|    clip_fraction        | 0             |
|    clip_range           | 0.15          |
|    entropy_loss         | -4.78         |
|    explained_variance   | 0.887         |
|    learning_rate        | 0.0001        |
|    loss                 | 0.013         |
|    n_updates            | 750           |
|    policy_gradient_loss | -0.00957      |
|    value_loss           | 0.101         |
-------------------------------------------
------------------------------------------
| rollout/                |              |
|    ep_len_mean          | 38.3         |
|    ep_rew_mean          | -39          |
| time/                   |              |
|    fps                  | 25           |
|    iterations           | 252          |
|    time_elapsed         | 2493         |
|    total_timesteps      | 64512        |
| train/                  |              |
|    approx_kl            | 0.0016370157 |
|    clip_fraction        | 0.0182       |
|    clip_range           | 0.15         |
|    entropy_loss         | -4.78        |
|    explained_variance   | 0.903        |
|    learning_rate        | 0.0001       |
|    loss                 | -0.0102      |
|    n_updates            | 753          |
|    policy_gradient_loss | -0.017       |
|    value_loss           | 0.0825       |
------------------------------------------
------------------------------------------
| rollout/                |              |
|    ep_len_mean          | 38           |
|    ep_rew_mean          | -39.3        |
| time/                   |              |
|    fps                  | 25           |
|    iterations           | 253          |
|    time_elapsed         | 2500         |
|    total_timesteps      | 64768        |
| train/                  |              |
|    approx_kl            | 0.0013529744 |
|    clip_fraction        | 0.00911      |
|    clip_range           | 0.15         |
|    entropy_loss         | -4.78        |
|    explained_variance   | 0.922        |
|    learning_rate        | 0.0001       |
|    loss                 | -0.0149      |
|    n_updates            | 756          |
|    policy_gradient_loss | -0.0148      |
|    value_loss           | 0.0639       |
------------------------------------------
------------------------------------------
| rollout/                |              |
|    ep_len_mean          | 37.8         |
|    ep_rew_mean          | -39.5        |
| time/                   |              |
|    fps                  | 25           |
|    iterations           | 254          |
|    time_elapsed         | 2507         |
|    total_timesteps      | 65024        |
| train/                  |              |
|    approx_kl            | 0.0012166237 |
|    clip_fraction        | 0            |
|    clip_range           | 0.15         |
|    entropy_loss         | -4.77        |
|    explained_variance   | 0.94         |
|    learning_rate        | 0.0001       |
|    loss                 | -0.03        |
|    n_updates            | 759          |
|    policy_gradient_loss | -0.0184      |
|    value_loss           | 0.0479       |
------------------------------------------
------------------------------------------
| rollout/                |              |
|    ep_len_mean          | 37.6         |
|    ep_rew_mean          | -39.9        |
| time/                   |              |
|    fps                  | 25           |
|    iterations           | 255          |
|    time_elapsed         | 2514         |
|    total_timesteps      | 65280        |
| train/                  |              |
|    approx_kl            | 0.0011515513 |
|    clip_fraction        | 0            |
|    clip_range           | 0.15         |
|    entropy_loss         | -4.75        |
|    explained_variance   | 0.958        |
|    learning_rate        | 0.0001       |
|    loss                 | -0.0322      |
|    n_updates            | 762          |
|    policy_gradient_loss | -0.0173      |
|    value_loss           | 0.0383       |
------------------------------------------
------------------------------------------
| rollout/                |              |
|    ep_len_mean          | 37.5         |
|    ep_rew_mean          | -40.3        |
| time/                   |              |
|    fps                  | 25           |
|    iterations           | 256          |
|    time_elapsed         | 2521         |
|    total_timesteps      | 65536        |
| train/                  |              |
|    approx_kl            | 0.0006638386 |
|    clip_fraction        | 0            |
|    clip_range           | 0.15         |
|    entropy_loss         | -4.54        |
|    explained_variance   | 0.936        |
|    learning_rate        | 0.0001       |
|    loss                 | 0.0127       |
|    n_updates            | 765          |
|    policy_gradient_loss | -0.0071      |
|    value_loss           | 0.0883       |
------------------------------------------
------------------------------------------
| rollout/                |              |
|    ep_len_mean          | 37.3         |
|    ep_rew_mean          | -40.6        |
| time/                   |              |
|    fps                  | 26           |
|    iterations           | 257          |
|    time_elapsed         | 2528         |
|    total_timesteps      | 65792        |
| train/                  |              |
|    approx_kl            | 0.0015005779 |
|    clip_fraction        | 0.00911      |
|    clip_range           | 0.15         |
|    entropy_loss         | -4.51        |
|    explained_variance   | 0.939        |
|    learning_rate        | 0.0001       |
|    loss                 | -0.0165      |
|    n_updates            | 768          |
|    policy_gradient_loss | -0.018       |
|    value_loss           | 0.0756       |
------------------------------------------
------------------------------------------
| rollout/                |              |
|    ep_len_mean          | 37.6         |
|    ep_rew_mean          | -41.4        |
| time/                   |              |
|    fps                  | 25           |
|    iterations           | 258          |
|    time_elapsed         | 2540         |
|    total_timesteps      | 66048        |
| train/                  |              |
|    approx_kl            | 0.0023151163 |
|    clip_fraction        | 0.00781      |
|    clip_range           | 0.15         |
|    entropy_loss         | -4.5         |
|    explained_variance   | 0.96         |
|    learning_rate        | 0.0001       |
|    loss                 | -0.0363      |
|    n_updates            | 771          |
|    policy_gradient_loss | -0.0231      |
|    value_loss           | 0.0543       |
------------------------------------------
------------------------------------------
| rollout/                |              |
|    ep_len_mean          | 38.1         |
|    ep_rew_mean          | -42.2        |
| time/                   |              |
|    fps                  | 25           |
|    iterations           | 259          |
|    time_elapsed         | 2553         |
|    total_timesteps      | 66304        |
| train/                  |              |
|    approx_kl            | 0.0014343583 |
|    clip_fraction        | 0.00781      |
|    clip_range           | 0.15         |
|    entropy_loss         | -4.7         |
|    explained_variance   | 0.889        |
|    learning_rate        | 0.0001       |
|    loss                 | 0.0881       |
|    n_updates            | 774          |
|    policy_gradient_loss | -0.0121      |
|    value_loss           | 0.265        |
------------------------------------------
------------------------------------------
| rollout/                |              |
|    ep_len_mean          | 38.7         |
|    ep_rew_mean          | -42.5        |
| time/                   |              |
|    fps                  | 25           |
|    iterations           | 260          |
|    time_elapsed         | 2574         |
|    total_timesteps      | 66560        |
| train/                  |              |
|    approx_kl            | 0.0027025715 |
|    clip_fraction        | 0.0156       |
|    clip_range           | 0.15         |
|    entropy_loss         | -4.72        |
|    explained_variance   | 0.888        |
|    learning_rate        | 0.0001       |
|    loss                 | 0.0711       |
|    n_updates            | 777          |
|    policy_gradient_loss | -0.0194      |
|    value_loss           | 0.258        |
------------------------------------------
[PERF][GymAssaultEnv] pid=52252 decisions=50 step_avg_ms=48783.77 runner_step_avg_ms=15.71 controller_act_avg_ms=119.49 executor_avg_ms=119.23 finalize_avg_ms=0.01 catalog_avg_ms=0.00
[PERF][GymAssaultEnv] pid=52252 decisions=50 step_avg_ms=48907.14 runner_step_avg_ms=15.73 controller_act_avg_ms=121.00 executor_avg_ms=120.75 finalize_avg_ms=0.01 catalog_avg_ms=0.00
[PERF][GymAssaultEnv] pid=52252 decisions=50 step_avg_ms=49029.90 runner_step_avg_ms=15.76 controller_act_avg_ms=120.34 executor_avg_ms=120.09 finalize_avg_ms=0.01 catalog_avg_ms=0.00
[PERF][GymAssaultEnv] pid=52252 decisions=50 step_avg_ms=49155.13 runner_step_avg_ms=15.79 controller_act_avg_ms=121.15 executor_avg_ms=120.89 finalize_avg_ms=0.01 catalog_avg_ms=0.00
------------------------------------------
| rollout/                |              |
|    ep_len_mean          | 39.4         |
|    ep_rew_mean          | -43.2        |
| time/                   |              |
|    fps                  | 25           |
|    iterations           | 261          |
|    time_elapsed         | 2606         |
|    total_timesteps      | 66816        |
| train/                  |              |
|    approx_kl            | 0.0008829655 |
|    clip_fraction        | 0.0026       |
|    clip_range           | 0.15         |
|    entropy_loss         | -4.81        |
|    explained_variance   | 0.699        |
|    learning_rate        | 0.0001       |
|    loss                 | 0.1          |
|    n_updates            | 780          |
|    policy_gradient_loss | -0.00597     |
|    value_loss           | 0.261        |
------------------------------------------
[PERF][GymAssaultEnv] pid=52252 decisions=50 step_avg_ms=49278.16 runner_step_avg_ms=15.82 controller_act_avg_ms=120.61 executor_avg_ms=120.36 finalize_avg_ms=0.01 catalog_avg_ms=0.00
[PERF][GymAssaultEnv] pid=52252 decisions=50 step_avg_ms=49403.18 runner_step_avg_ms=15.85 controller_act_avg_ms=122.58 executor_avg_ms=122.32 finalize_avg_ms=0.01 catalog_avg_ms=0.00
[PERF][GymAssaultEnv] pid=52252 decisions=50 step_avg_ms=49526.67 runner_step_avg_ms=15.88 controller_act_avg_ms=121.32 executor_avg_ms=121.06 finalize_avg_ms=0.01 catalog_avg_ms=0.00
[PERF][GymAssaultEnv] pid=52252 decisions=50 step_avg_ms=49648.28 runner_step_avg_ms=15.91 controller_act_avg_ms=117.90 executor_avg_ms=117.64 finalize_avg_ms=0.01 catalog_avg_ms=0.00
[PERF][GymAssaultEnv] pid=52252 decisions=50 step_avg_ms=49769.98 runner_step_avg_ms=15.94 controller_act_avg_ms=119.50 executor_avg_ms=119.25 finalize_avg_ms=0.01 catalog_avg_ms=0.00
-------------------------------------------
| rollout/                |               |
|    ep_len_mean          | 40            |
|    ep_rew_mean          | -44.2         |
| time/                   |               |
|    fps                  | 25            |
|    iterations           | 262           |
|    time_elapsed         | 2639          |
|    total_timesteps      | 67072         |
| train/                  |               |
|    approx_kl            | 0.00072351587 |
|    clip_fraction        | 0             |
|    clip_range           | 0.15          |
|    entropy_loss         | -4.69         |
|    explained_variance   | 0.901         |
|    learning_rate        | 0.0001        |
|    loss                 | 0.108         |
|    n_updates            | 783           |
|    policy_gradient_loss | -0.00723      |
|    value_loss           | 0.287         |
-------------------------------------------
[PERF][GymAssaultEnv] pid=52252 decisions=50 step_avg_ms=49891.24 runner_step_avg_ms=15.97 controller_act_avg_ms=119.02 executor_avg_ms=118.77 finalize_avg_ms=0.01 catalog_avg_ms=0.00
[PERF][GymAssaultEnv] pid=52252 decisions=50 step_avg_ms=50012.41 runner_step_avg_ms=15.99 controller_act_avg_ms=118.89 executor_avg_ms=118.63 finalize_avg_ms=0.01 catalog_avg_ms=0.00
[PERF][GymAssaultEnv] pid=52252 decisions=50 step_avg_ms=50135.09 runner_step_avg_ms=16.02 controller_act_avg_ms=120.45 executor_avg_ms=120.20 finalize_avg_ms=0.01 catalog_avg_ms=0.00
[PERF][GymAssaultEnv] pid=52252 decisions=50 step_avg_ms=50257.22 runner_step_avg_ms=16.05 controller_act_avg_ms=119.95 executor_avg_ms=119.69 finalize_avg_ms=0.01 catalog_avg_ms=0.00
[PERF][GymAssaultEnv] pid=52252 decisions=50 step_avg_ms=50380.45 runner_step_avg_ms=16.08 controller_act_avg_ms=117.90 executor_avg_ms=117.64 finalize_avg_ms=0.01 catalog_avg_ms=0.00
[PERF][GymAssaultEnv] pid=52252 decisions=50 step_avg_ms=50503.62 runner_step_avg_ms=16.11 controller_act_avg_ms=120.92 executor_avg_ms=120.66 finalize_avg_ms=0.01 catalog_avg_ms=0.00
------------------------------------------
| rollout/                |              |
|    ep_len_mean          | 40.6         |
|    ep_rew_mean          | -45.5        |
| time/                   |              |
|    fps                  | 25           |
|    iterations           | 263          |
|    time_elapsed         | 2672         |
|    total_timesteps      | 67328        |
| train/                  |              |
|    approx_kl            | 0.0008049065 |
|    clip_fraction        | 0            |
|    clip_range           | 0.15         |
|    entropy_loss         | -4.76        |
|    explained_variance   | 0.894        |
|    learning_rate        | 0.0001       |
|    loss                 | 0.0855       |
|    n_updates            | 786          |
|    policy_gradient_loss | -0.00732     |
|    value_loss           | 0.251        |
------------------------------------------
[PERF][GymAssaultEnv] pid=52252 decisions=50 step_avg_ms=50626.65 runner_step_avg_ms=16.14 controller_act_avg_ms=120.82 executor_avg_ms=120.57 finalize_avg_ms=0.01 catalog_avg_ms=0.00
[PERF][GymAssaultEnv] pid=52252 decisions=50 step_avg_ms=50748.72 runner_step_avg_ms=16.16 controller_act_avg_ms=119.89 executor_avg_ms=119.64 finalize_avg_ms=0.01 catalog_avg_ms=0.00
[PERF][GymAssaultEnv] pid=52252 decisions=50 step_avg_ms=50871.40 runner_step_avg_ms=16.19 controller_act_avg_ms=120.40 executor_avg_ms=120.13 finalize_avg_ms=0.01 catalog_avg_ms=0.00
[PERF][GymAssaultEnv] pid=52252 decisions=50 step_avg_ms=50993.11 runner_step_avg_ms=16.22 controller_act_avg_ms=119.50 executor_avg_ms=119.25 finalize_avg_ms=0.01 catalog_avg_ms=0.00
[PERF][GymAssaultEnv] pid=52252 decisions=50 step_avg_ms=51114.74 runner_step_avg_ms=16.25 controller_act_avg_ms=119.37 executor_avg_ms=119.11 finalize_avg_ms=0.01 catalog_avg_ms=0.00
------------------------------------------
| rollout/                |              |
|    ep_len_mean          | 41.1         |
|    ep_rew_mean          | -46.7        |
| time/                   |              |
|    fps                  | 25           |
|    iterations           | 264          |
|    time_elapsed         | 2703         |
|    total_timesteps      | 67584        |
| train/                  |              |
|    approx_kl            | 0.0011584798 |
|    clip_fraction        | 0            |
|    clip_range           | 0.15         |
|    entropy_loss         | -4.78        |
|    explained_variance   | 0.927        |
|    learning_rate        | 0.0001       |
|    loss                 | 0.0445       |
|    n_updates            | 789          |
|    policy_gradient_loss | -0.0155      |
|    value_loss           | 0.209        |
------------------------------------------
[PERF][GymAssaultEnv] pid=52252 decisions=50 step_avg_ms=51212.41 runner_step_avg_ms=16.27 controller_act_avg_ms=94.79 executor_avg_ms=94.54 finalize_avg_ms=0.01 catalog_avg_ms=0.00
[PERF][GymAssaultEnv] pid=52252 decisions=50 step_avg_ms=51307.54 runner_step_avg_ms=16.29 controller_act_avg_ms=92.33 executor_avg_ms=92.08 finalize_avg_ms=0.01 catalog_avg_ms=0.00
[PERF][GymAssaultEnv] pid=52252 decisions=50 step_avg_ms=51403.22 runner_step_avg_ms=16.31 controller_act_avg_ms=92.97 executor_avg_ms=92.73 finalize_avg_ms=0.01 catalog_avg_ms=0.00
[PERF][GymAssaultEnv] pid=52252 decisions=50 step_avg_ms=51500.37 runner_step_avg_ms=16.33 controller_act_avg_ms=94.41 executor_avg_ms=94.16 finalize_avg_ms=0.01 catalog_avg_ms=0.00
[PERF][GymAssaultEnv] pid=52252 decisions=50 step_avg_ms=51596.67 runner_step_avg_ms=16.35 controller_act_avg_ms=92.14 executor_avg_ms=91.90 finalize_avg_ms=0.01 catalog_avg_ms=0.00
-----------------------------------------
| rollout/                |             |
|    ep_len_mean          | 41.6        |
|    ep_rew_mean          | -47.8       |
| time/                   |             |
|    fps                  | 24          |
|    iterations           | 265         |
|    time_elapsed         | 2727        |
|    total_timesteps      | 67840       |
| train/                  |             |
|    approx_kl            | 0.001722052 |
|    clip_fraction        | 0.013       |
|    clip_range           | 0.15        |
|    entropy_loss         | -4.78       |
|    explained_variance   | 0.936       |
|    learning_rate        | 0.0001      |
|    loss                 | 0.00964     |
|    n_updates            | 792         |
|    policy_gradient_loss | -0.0201     |
|    value_loss           | 0.153       |
-----------------------------------------
------------------------------------------
| rollout/                |              |
|    ep_len_mean          | 42.1         |
|    ep_rew_mean          | -48.1        |
| time/                   |              |
|    fps                  | 24           |
|    iterations           | 266          |
|    time_elapsed         | 2750         |
|    total_timesteps      | 68096        |
| train/                  |              |
|    approx_kl            | 0.0016442137 |
|    clip_fraction        | 0.013        |
|    clip_range           | 0.15         |
|    entropy_loss         | -4.77        |
|    explained_variance   | 0.947        |
|    learning_rate        | 0.0001       |
|    loss                 | -0.00932     |
|    n_updates            | 795          |
|    policy_gradient_loss | -0.0162      |
|    value_loss           | 0.0928       |
------------------------------------------
-------------------------------------------
| rollout/                |               |
|    ep_len_mean          | 42.4          |
|    ep_rew_mean          | -48.5         |
| time/                   |               |
|    fps                  | 24            |
|    iterations           | 267           |
|    time_elapsed         | 2762          |
|    total_timesteps      | 68352         |
| train/                  |               |
|    approx_kl            | 0.00057243556 |
|    clip_fraction        | 0             |
|    clip_range           | 0.15          |
|    entropy_loss         | -4.85         |
|    explained_variance   | 0.589         |
|    learning_rate        | 0.0001        |
|    loss                 | 0.267         |
|    n_updates            | 798           |
|    policy_gradient_loss | -0.00267      |
|    value_loss           | 0.555         |
-------------------------------------------
-------------------------------------------
| rollout/                |               |
|    ep_len_mean          | 42.8          |
|    ep_rew_mean          | -49.1         |
| time/                   |               |
|    fps                  | 24            |
|    iterations           | 268           |
|    time_elapsed         | 2770          |
|    total_timesteps      | 68608         |
| train/                  |               |
|    approx_kl            | 0.00018116063 |
|    clip_fraction        | 0             |
|    clip_range           | 0.15          |
|    entropy_loss         | -4.98         |
|    explained_variance   | 0.188         |
|    learning_rate        | 0.0001        |
|    loss                 | 0.46          |
|    n_updates            | 801           |
|    policy_gradient_loss | -0.00112      |
|    value_loss           | 0.986         |
-------------------------------------------
-------------------------------------------
| rollout/                |               |
|    ep_len_mean          | 43.1          |
|    ep_rew_mean          | -49.7         |
| time/                   |               |
|    fps                  | 24            |
|    iterations           | 269           |
|    time_elapsed         | 2779          |
|    total_timesteps      | 68864         |
| train/                  |               |
|    approx_kl            | 0.00023362739 |
|    clip_fraction        | 0             |
|    clip_range           | 0.15          |
|    entropy_loss         | -4.94         |
|    explained_variance   | 0.162         |
|    learning_rate        | 0.0001        |
|    loss                 | 0.349         |
|    n_updates            | 804           |
|    policy_gradient_loss | -0.00561      |
|    value_loss           | 0.85          |
-------------------------------------------
-------------------------------------------
| rollout/                |               |
|    ep_len_mean          | 43.5          |
|    ep_rew_mean          | -50.2         |
| time/                   |               |
|    fps                  | 24            |
|    iterations           | 270           |
|    time_elapsed         | 2788          |
|    total_timesteps      | 69120         |
| train/                  |               |
|    approx_kl            | 0.00037546712 |
|    clip_fraction        | 0             |
|    clip_range           | 0.15          |
|    entropy_loss         | -4.98         |
|    explained_variance   | 0.417         |
|    learning_rate        | 0.0001        |
|    loss                 | 0.195         |
|    n_updates            | 807           |
|    policy_gradient_loss | -0.00812      |
|    value_loss           | 0.556         |
-------------------------------------------
------------------------------------------
| rollout/                |              |
|    ep_len_mean          | 43.9         |
|    ep_rew_mean          | -50.8        |
| time/                   |              |
|    fps                  | 24           |
|    iterations           | 271          |
|    time_elapsed         | 2799         |
|    total_timesteps      | 69376        |
| train/                  |              |
|    approx_kl            | 0.0006660046 |
|    clip_fraction        | 0.00781      |
|    clip_range           | 0.15         |
|    entropy_loss         | -4.98        |
|    explained_variance   | 0.697        |
|    learning_rate        | 0.0001       |
|    loss                 | 0.0815       |
|    n_updates            | 810          |
|    policy_gradient_loss | -0.0111      |
|    value_loss           | 0.316        |
------------------------------------------
-------------------------------------------
| rollout/                |               |
|    ep_len_mean          | 44.1          |
|    ep_rew_mean          | -51.2         |
| time/                   |               |
|    fps                  | 24            |
|    iterations           | 272           |
|    time_elapsed         | 2816          |
|    total_timesteps      | 69632         |
| train/                  |               |
|    approx_kl            | 0.00096948515 |
|    clip_fraction        | 0             |
|    clip_range           | 0.15          |
|    entropy_loss         | -4.98         |
|    explained_variance   | 0.865         |
|    learning_rate        | 0.0001        |
|    loss                 | 0.038         |
|    n_updates            | 813           |
|    policy_gradient_loss | -0.0123       |
|    value_loss           | 0.197         |
-------------------------------------------
------------------------------------------
| rollout/                |              |
|    ep_len_mean          | 44.3         |
|    ep_rew_mean          | -51.5        |
| time/                   |              |
|    fps                  | 24           |
|    iterations           | 273          |
|    time_elapsed         | 2834         |
|    total_timesteps      | 69888        |
| train/                  |              |
|    approx_kl            | 0.0007875799 |
|    clip_fraction        | 0            |
|    clip_range           | 0.15         |
|    entropy_loss         | -5           |
|    explained_variance   | 0.863        |
|    learning_rate        | 0.0001       |
|    loss                 | 0.0512       |
|    n_updates            | 816          |
|    policy_gradient_loss | -0.00475     |
|    value_loss           | 0.171        |
------------------------------------------
------------------------------------------
| rollout/                |              |
|    ep_len_mean          | 44.5         |
|    ep_rew_mean          | -51.9        |
| time/                   |              |
|    fps                  | 24           |
|    iterations           | 274          |
|    time_elapsed         | 2851         |
|    total_timesteps      | 70144        |
| train/                  |              |
|    approx_kl            | 0.0007054028 |
|    clip_fraction        | 0            |
|    clip_range           | 0.15         |
|    entropy_loss         | -4.99        |
|    explained_variance   | 0.863        |
|    learning_rate        | 0.0001       |
|    loss                 | 0.0575       |
|    n_updates            | 819          |
|    policy_gradient_loss | -0.00907     |
|    value_loss           | 0.196        |
------------------------------------------
------------------------------------------
| rollout/                |              |
|    ep_len_mean          | 44.5         |
|    ep_rew_mean          | -52          |
| time/                   |              |
|    fps                  | 24           |
|    iterations           | 275          |
|    time_elapsed         | 2868         |
|    total_timesteps      | 70400        |
| train/                  |              |
|    approx_kl            | 0.0011253185 |
|    clip_fraction        | 0            |
|    clip_range           | 0.15         |
|    entropy_loss         | -4.98        |
|    explained_variance   | 0.872        |
|    learning_rate        | 0.0001       |
|    loss                 | 0.0366       |
|    n_updates            | 822          |
|    policy_gradient_loss | -0.0144      |
|    value_loss           | 0.17         |
------------------------------------------
-----------------------------------------
| rollout/                |             |
|    ep_len_mean          | 44.2        |
|    ep_rew_mean          | -51.8       |
| time/                   |             |
|    fps                  | 24          |
|    iterations           | 276         |
|    time_elapsed         | 2886        |
|    total_timesteps      | 70656       |
| train/                  |             |
|    approx_kl            | 0.001966981 |
|    clip_fraction        | 0.00781     |
|    clip_range           | 0.15        |
|    entropy_loss         | -5.02       |
|    explained_variance   | 0.867       |
|    learning_rate        | 0.0001      |
|    loss                 | 0.0293      |
|    n_updates            | 825         |
|    policy_gradient_loss | -0.0185     |
|    value_loss           | 0.172       |
-----------------------------------------
-----------------------------------------
| rollout/                |             |
|    ep_len_mean          | 43.9        |
|    ep_rew_mean          | -51.9       |
| time/                   |             |
|    fps                  | 24          |
|    iterations           | 277         |
|    time_elapsed         | 2904        |
|    total_timesteps      | 70912       |
| train/                  |             |
|    approx_kl            | 0.002468653 |
|    clip_fraction        | 0.0156      |
|    clip_range           | 0.15        |
|    entropy_loss         | -4.99       |
|    explained_variance   | 0.874       |
|    learning_rate        | 0.0001      |
|    loss                 | 0.00988     |
|    n_updates            | 828         |
|    policy_gradient_loss | -0.0207     |
|    value_loss           | 0.143       |
-----------------------------------------
------------------------------------------
| rollout/                |              |
|    ep_len_mean          | 43.4         |
|    ep_rew_mean          | -51.6        |
| time/                   |              |
|    fps                  | 24           |
|    iterations           | 278          |
|    time_elapsed         | 2921         |
|    total_timesteps      | 71168        |
| train/                  |              |
|    approx_kl            | 0.0023828957 |
|    clip_fraction        | 0.0156       |
|    clip_range           | 0.15         |
|    entropy_loss         | -4.96        |
|    explained_variance   | 0.904        |
|    learning_rate        | 0.0001       |
|    loss                 | -0.00168     |
|    n_updates            | 831          |
|    policy_gradient_loss | -0.0192      |
|    value_loss           | 0.112        |
------------------------------------------
------------------------------------------
| rollout/                |              |
|    ep_len_mean          | 43.2         |
|    ep_rew_mean          | -50.7        |
| time/                   |              |
|    fps                  | 24           |
|    iterations           | 279          |
|    time_elapsed         | 2960         |
|    total_timesteps      | 71424        |
| train/                  |              |
|    approx_kl            | 0.0017054672 |
|    clip_fraction        | 0            |
|    clip_range           | 0.15         |
|    entropy_loss         | -4.94        |
|    explained_variance   | 0.93         |
|    learning_rate        | 0.0001       |
|    loss                 | -0.00689     |
|    n_updates            | 834          |
|    policy_gradient_loss | -0.0154      |
|    value_loss           | 0.0842       |
------------------------------------------
-------------------------------------------
| rollout/                |               |
|    ep_len_mean          | 43            |
|    ep_rew_mean          | -49.8         |
| time/                   |               |
|    fps                  | 23            |
|    iterations           | 280           |
|    time_elapsed         | 3005          |
|    total_timesteps      | 71680         |
| train/                  |               |
|    approx_kl            | 0.00019091205 |
|    clip_fraction        | 0             |
|    clip_range           | 0.15          |
|    entropy_loss         | -4.81         |
|    explained_variance   | 0.776         |
|    learning_rate        | 0.0001        |
|    loss                 | 0.0566        |
|    n_updates            | 837           |
|    policy_gradient_loss | -0.00336      |
|    value_loss           | 0.166         |
-------------------------------------------
-------------------------------------------
| rollout/                |               |
|    ep_len_mean          | 42.9          |
|    ep_rew_mean          | -48.9         |
| time/                   |               |
|    fps                  | 23            |
|    iterations           | 281           |
|    time_elapsed         | 3044          |
|    total_timesteps      | 71936         |
| train/                  |               |
|    approx_kl            | 0.00085264863 |
|    clip_fraction        | 0.00781       |
|    clip_range           | 0.15          |
|    entropy_loss         | -4.86         |
|    explained_variance   | 0.815         |
|    learning_rate        | 0.0001        |
|    loss                 | 0.0222        |
|    n_updates            | 840           |
|    policy_gradient_loss | -0.0134       |
|    value_loss           | 0.142         |
-------------------------------------------
------------------------------------------
| rollout/                |              |
|    ep_len_mean          | 42.8         |
|    ep_rew_mean          | -48.3        |
| time/                   |              |
|    fps                  | 23           |
|    iterations           | 282          |
|    time_elapsed         | 3086         |
|    total_timesteps      | 72192        |
| train/                  |              |
|    approx_kl            | 0.0017023068 |
|    clip_fraction        | 0.0208       |
|    clip_range           | 0.15         |
|    entropy_loss         | -4.79        |
|    explained_variance   | 0.85         |
|    learning_rate        | 0.0001       |
|    loss                 | -0.000791    |
|    n_updates            | 843          |
|    policy_gradient_loss | -0.0184      |
|    value_loss           | 0.108        |
------------------------------------------
------------------------------------------
| rollout/                |              |
|    ep_len_mean          | 42.8         |
|    ep_rew_mean          | -48.2        |
| time/                   |              |
|    fps                  | 23           |
|    iterations           | 283          |
|    time_elapsed         | 3127         |
|    total_timesteps      | 72448        |
| train/                  |              |
|    approx_kl            | 0.0017202059 |
|    clip_fraction        | 0.0208       |
|    clip_range           | 0.15         |
|    entropy_loss         | -4.85        |
|    explained_variance   | 0.868        |
|    learning_rate        | 0.0001       |
|    loss                 | -0.00708     |
|    n_updates            | 846          |
|    policy_gradient_loss | -0.0184      |
|    value_loss           | 0.0933       |
------------------------------------------
------------------------------------------
| rollout/                |              |
|    ep_len_mean          | 43.1         |
|    ep_rew_mean          | -48          |
| time/                   |              |
|    fps                  | 22           |
|    iterations           | 284          |
|    time_elapsed         | 3185         |
|    total_timesteps      | 72704        |
| train/                  |              |
|    approx_kl            | 0.0018892409 |
|    clip_fraction        | 0.0143       |
|    clip_range           | 0.15         |
|    entropy_loss         | -4.79        |
|    explained_variance   | 0.896        |
|    learning_rate        | 0.0001       |
|    loss                 | -0.0137      |
|    n_updates            | 849          |
|    policy_gradient_loss | -0.0191      |
|    value_loss           | 0.082        |
------------------------------------------
------------------------------------------
| rollout/                |              |
|    ep_len_mean          | 43.5         |
|    ep_rew_mean          | -47.9        |
| time/                   |              |
|    fps                  | 22           |
|    iterations           | 285          |
|    time_elapsed         | 3221         |
|    total_timesteps      | 72960        |
| train/                  |              |
|    approx_kl            | 0.0020268182 |
|    clip_fraction        | 0.0156       |
|    clip_range           | 0.15         |
|    entropy_loss         | -4.8         |
|    explained_variance   | 0.854        |
|    learning_rate        | 0.0001       |
|    loss                 | 0.00347      |
|    n_updates            | 852          |
|    policy_gradient_loss | -0.0156      |
|    value_loss           | 0.107        |
------------------------------------------
------------------------------------------
| rollout/                |              |
|    ep_len_mean          | 43.1         |
|    ep_rew_mean          | -47          |
| time/                   |              |
|    fps                  | 22           |
|    iterations           | 286          |
|    time_elapsed         | 3272         |
|    total_timesteps      | 73216        |
| train/                  |              |
|    approx_kl            | 0.0007220737 |
|    clip_fraction        | 0            |
|    clip_range           | 0.15         |
|    entropy_loss         | -4.97        |
|    explained_variance   | 0.854        |
|    learning_rate        | 0.0001       |
|    loss                 | 0.048        |
|    n_updates            | 855          |
|    policy_gradient_loss | -0.00388     |
|    value_loss           | 0.161        |
------------------------------------------
------------------------------------------
| rollout/                |              |
|    ep_len_mean          | 42.8         |
|    ep_rew_mean          | -46.1        |
| time/                   |              |
|    fps                  | 22           |
|    iterations           | 287          |
|    time_elapsed         | 3324         |
|    total_timesteps      | 73472        |
| train/                  |              |
|    approx_kl            | 0.0006550243 |
|    clip_fraction        | 0            |
|    clip_range           | 0.15         |
|    entropy_loss         | -4.93        |
|    explained_variance   | 0.799        |
|    learning_rate        | 0.0001       |
|    loss                 | 0.0876       |
|    n_updates            | 858          |
|    policy_gradient_loss | -0.00846     |
|    value_loss           | 0.251        |
------------------------------------------
------------------------------------------
| rollout/                |              |
|    ep_len_mean          | 42.4         |
|    ep_rew_mean          | -45.2        |
| time/                   |              |
|    fps                  | 21           |
|    iterations           | 288          |
|    time_elapsed         | 3375         |
|    total_timesteps      | 73728        |
| train/                  |              |
|    approx_kl            | 0.0012376558 |
|    clip_fraction        | 0.00911      |
|    clip_range           | 0.15         |
|    entropy_loss         | -4.94        |
|    explained_variance   | 0.828        |
|    learning_rate        | 0.0001       |
|    loss                 | 0.0462       |
|    n_updates            | 861          |
|    policy_gradient_loss | -0.0184      |
|    value_loss           | 0.217        |
------------------------------------------
------------------------------------------
| rollout/                |              |
|    ep_len_mean          | 42.2         |
|    ep_rew_mean          | -44.3        |
| time/                   |              |
|    fps                  | 21           |
|    iterations           | 289          |
|    time_elapsed         | 3427         |
|    total_timesteps      | 73984        |
| train/                  |              |
|    approx_kl            | 0.0016760707 |
|    clip_fraction        | 0.0182       |
|    clip_range           | 0.15         |
|    entropy_loss         | -4.93        |
|    explained_variance   | 0.855        |
|    learning_rate        | 0.0001       |
|    loss                 | 0.0196       |
|    n_updates            | 864          |
|    policy_gradient_loss | -0.0204      |
|    value_loss           | 0.172        |
------------------------------------------
------------------------------------------
| rollout/                |              |
|    ep_len_mean          | 42           |
|    ep_rew_mean          | -44.1        |
| time/                   |              |
|    fps                  | 21           |
|    iterations           | 290          |
|    time_elapsed         | 3480         |
|    total_timesteps      | 74240        |
| train/                  |              |
|    approx_kl            | 0.0015452695 |
|    clip_fraction        | 0.00911      |
|    clip_range           | 0.15         |
|    entropy_loss         | -4.92        |
|    explained_variance   | 0.883        |
|    learning_rate        | 0.0001       |
|    loss                 | 0.00514      |
|    n_updates            | 867          |
|    policy_gradient_loss | -0.0168      |
|    value_loss           | 0.123        |
------------------------------------------
------------------------------------------
| rollout/                |              |
|    ep_len_mean          | 41.9         |
|    ep_rew_mean          | -43.9        |
| time/                   |              |
|    fps                  | 21           |
|    iterations           | 291          |
|    time_elapsed         | 3539         |
|    total_timesteps      | 74496        |
| train/                  |              |
|    approx_kl            | 0.0011063048 |
|    clip_fraction        | 0.00781      |
|    clip_range           | 0.15         |
|    entropy_loss         | -5.03        |
|    explained_variance   | 0.807        |
|    learning_rate        | 0.0001       |
|    loss                 | 0.0594       |
|    n_updates            | 870          |
|    policy_gradient_loss | -0.00907     |
|    value_loss           | 0.189        |
------------------------------------------
-------------------------------------------
| rollout/                |               |
|    ep_len_mean          | 41.8          |
|    ep_rew_mean          | -43.7         |
| time/                   |               |
|    fps                  | 20            |
|    iterations           | 292           |
|    time_elapsed         | 3591          |
|    total_timesteps      | 74752         |
| train/                  |               |
|    approx_kl            | 0.00065227924 |
|    clip_fraction        | 0             |
|    clip_range           | 0.15          |
|    entropy_loss         | -5.01         |
|    explained_variance   | 0.887         |
|    learning_rate        | 0.0001        |
|    loss                 | 0.027         |
|    n_updates            | 873           |
|    policy_gradient_loss | -0.0122       |
|    value_loss           | 0.152         |
-------------------------------------------
------------------------------------------
| rollout/                |              |
|    ep_len_mean          | 41.6         |
|    ep_rew_mean          | -43.4        |
| time/                   |              |
|    fps                  | 20           |
|    iterations           | 293          |
|    time_elapsed         | 3650         |
|    total_timesteps      | 75008        |
| train/                  |              |
|    approx_kl            | 0.0010646023 |
|    clip_fraction        | 0            |
|    clip_range           | 0.15         |
|    entropy_loss         | -5.01        |
|    explained_variance   | 0.915        |
|    learning_rate        | 0.0001       |
|    loss                 | -0.00391     |
|    n_updates            | 876          |
|    policy_gradient_loss | -0.0158      |
|    value_loss           | 0.106        |
------------------------------------------
------------------------------------------
| rollout/                |              |
|    ep_len_mean          | 41.5         |
|    ep_rew_mean          | -43.3        |
| time/                   |              |
|    fps                  | 20           |
|    iterations           | 294          |
|    time_elapsed         | 3705         |
|    total_timesteps      | 75264        |
| train/                  |              |
|    approx_kl            | 0.0018495827 |
|    clip_fraction        | 0.00911      |
|    clip_range           | 0.15         |
|    entropy_loss         | -4.97        |
|    explained_variance   | 0.954        |
|    learning_rate        | 0.0001       |
|    loss                 | -0.0238      |
|    n_updates            | 879          |
|    policy_gradient_loss | -0.0197      |
|    value_loss           | 0.0733       |
------------------------------------------
------------------------------------------
| rollout/                |              |
|    ep_len_mean          | 41.1         |
|    ep_rew_mean          | -43.4        |
| time/                   |              |
|    fps                  | 20           |
|    iterations           | 295          |
|    time_elapsed         | 3761         |
|    total_timesteps      | 75520        |
| train/                  |              |
|    approx_kl            | 0.0015876705 |
|    clip_fraction        | 0            |
|    clip_range           | 0.15         |
|    entropy_loss         | -4.98        |
|    explained_variance   | 0.96         |
|    learning_rate        | 0.0001       |
|    loss                 | -0.0197      |
|    n_updates            | 882          |
|    policy_gradient_loss | -0.0159      |
|    value_loss           | 0.0602       |
------------------------------------------
------------------------------------------
| rollout/                |              |
|    ep_len_mean          | 40.6         |
|    ep_rew_mean          | -43.6        |
| time/                   |              |
|    fps                  | 19           |
|    iterations           | 296          |
|    time_elapsed         | 3820         |
|    total_timesteps      | 75776        |
| train/                  |              |
|    approx_kl            | 0.0014918435 |
|    clip_fraction        | 0            |
|    clip_range           | 0.15         |
|    entropy_loss         | -4.93        |
|    explained_variance   | 0.953        |
|    learning_rate        | 0.0001       |
|    loss                 | -0.0124      |
|    n_updates            | 885          |
|    policy_gradient_loss | -0.0145      |
|    value_loss           | 0.0685       |
------------------------------------------
------------------------------------------
| rollout/                |              |
|    ep_len_mean          | 40.6         |
|    ep_rew_mean          | -43.7        |
| time/                   |              |
|    fps                  | 19           |
|    iterations           | 297          |
|    time_elapsed         | 3848         |
|    total_timesteps      | 76032        |
| train/                  |              |
|    approx_kl            | 0.0017665497 |
|    clip_fraction        | 0            |
|    clip_range           | 0.15         |
|    entropy_loss         | -4.94        |
|    explained_variance   | 0.947        |
|    learning_rate        | 0.0001       |
|    loss                 | -0.0248      |
|    n_updates            | 888          |
|    policy_gradient_loss | -0.0186      |
|    value_loss           | 0.0595       |
------------------------------------------
-------------------------------------------
| rollout/                |               |
|    ep_len_mean          | 40.7          |
|    ep_rew_mean          | -43.9         |
| time/                   |               |
|    fps                  | 19            |
|    iterations           | 298           |
|    time_elapsed         | 3876          |
|    total_timesteps      | 76288         |
| train/                  |               |
|    approx_kl            | 0.00047705136 |
|    clip_fraction        | 0             |
|    clip_range           | 0.15          |
|    entropy_loss         | -4.75         |
|    explained_variance   | 0.921         |
|    learning_rate        | 0.0001        |
|    loss                 | 0.0105        |
|    n_updates            | 891           |
|    policy_gradient_loss | -0.0075       |
|    value_loss           | 0.091         |
-------------------------------------------
-------------------------------------------
| rollout/                |               |
|    ep_len_mean          | 40.6          |
|    ep_rew_mean          | -44.4         |
| time/                   |               |
|    fps                  | 19            |
|    iterations           | 299           |
|    time_elapsed         | 3898          |
|    total_timesteps      | 76544         |
| train/                  |               |
|    approx_kl            | 0.00070817326 |
|    clip_fraction        | 0             |
|    clip_range           | 0.15          |
|    entropy_loss         | -4.76         |
|    explained_variance   | 0.94          |
|    learning_rate        | 0.0001        |
|    loss                 | -0.0141       |
|    n_updates            | 894           |
|    policy_gradient_loss | -0.0135       |
|    value_loss           | 0.0642        |
-------------------------------------------
------------------------------------------
| rollout/                |              |
|    ep_len_mean          | 40.4         |
|    ep_rew_mean          | -44.9        |
| time/                   |              |
|    fps                  | 19           |
|    iterations           | 300          |
|    time_elapsed         | 3919         |
|    total_timesteps      | 76800        |
| train/                  |              |
|    approx_kl            | 0.0003994233 |
|    clip_fraction        | 0            |
|    clip_range           | 0.15         |
|    entropy_loss         | -4.75        |
|    explained_variance   | 0.907        |
|    learning_rate        | 0.0001       |
|    loss                 | 0.0692       |
|    n_updates            | 897          |
|    policy_gradient_loss | -0.00211     |
|    value_loss           | 0.178        |
------------------------------------------
------------------------------------------
| rollout/                |              |
|    ep_len_mean          | 40.3         |
|    ep_rew_mean          | -45.3        |
| time/                   |              |
|    fps                  | 19           |
|    iterations           | 301          |
|    time_elapsed         | 3957         |
|    total_timesteps      | 77056        |
| train/                  |              |
|    approx_kl            | 0.0004608063 |
|    clip_fraction        | 0            |
|    clip_range           | 0.15         |
|    entropy_loss         | -4.74        |
|    explained_variance   | 0.908        |
|    learning_rate        | 0.0001       |
|    loss                 | 0.0451       |
|    n_updates            | 900          |
|    policy_gradient_loss | -0.00743     |
|    value_loss           | 0.17         |
------------------------------------------
------------------------------------------
| rollout/                |              |
|    ep_len_mean          | 40.6         |
|    ep_rew_mean          | -46          |
| time/                   |              |
|    fps                  | 19           |
|    iterations           | 302          |
|    time_elapsed         | 3994         |
|    total_timesteps      | 77312        |
| train/                  |              |
|    approx_kl            | 0.0005543919 |
|    clip_fraction        | 0            |
|    clip_range           | 0.15         |
|    entropy_loss         | -4.67        |
|    explained_variance   | 0.886        |
|    learning_rate        | 0.0001       |
|    loss                 | 0.0423       |
|    n_updates            | 903          |
|    policy_gradient_loss | -0.00732     |
|    value_loss           | 0.157        |
------------------------------------------
------------------------------------------
| rollout/                |              |
|    ep_len_mean          | 40.5         |
|    ep_rew_mean          | -46.2        |
| time/                   |              |
|    fps                  | 19           |
|    iterations           | 303          |
|    time_elapsed         | 4011         |
|    total_timesteps      | 77568        |
| train/                  |              |
|    approx_kl            | 0.0013067338 |
|    clip_fraction        | 0.00781      |
|    clip_range           | 0.15         |
|    entropy_loss         | -4.66        |
|    explained_variance   | 0.915        |
|    learning_rate        | 0.0001       |
|    loss                 | 0.00424      |
|    n_updates            | 906          |
|    policy_gradient_loss | -0.015       |
|    value_loss           | 0.114        |
------------------------------------------
------------------------------------------
| rollout/                |              |
|    ep_len_mean          | 40.3         |
|    ep_rew_mean          | -46.4        |
| time/                   |              |
|    fps                  | 19           |
|    iterations           | 304          |
|    time_elapsed         | 4028         |
|    total_timesteps      | 77824        |
| train/                  |              |
|    approx_kl            | 0.0006182648 |
|    clip_fraction        | 0            |
|    clip_range           | 0.15         |
|    entropy_loss         | -4.68        |
|    explained_variance   | 0.911        |
|    learning_rate        | 0.0001       |
|    loss                 | 0.0399       |
|    n_updates            | 909          |
|    policy_gradient_loss | -0.00636     |
|    value_loss           | 0.14         |
------------------------------------------
------------------------------------------
| rollout/                |              |
|    ep_len_mean          | 40.1         |
|    ep_rew_mean          | -46.5        |
| time/                   |              |
|    fps                  | 19           |
|    iterations           | 305          |
|    time_elapsed         | 4045         |
|    total_timesteps      | 78080        |
| train/                  |              |
|    approx_kl            | 0.0013084474 |
|    clip_fraction        | 0.0182       |
|    clip_range           | 0.15         |
|    entropy_loss         | -4.66        |
|    explained_variance   | 0.928        |
|    learning_rate        | 0.0001       |
|    loss                 | 0.00929      |
|    n_updates            | 912          |
|    policy_gradient_loss | -0.0159      |
|    value_loss           | 0.124        |
------------------------------------------
------------------------------------------
| rollout/                |              |
|    ep_len_mean          | 39.9         |
|    ep_rew_mean          | -46          |
| time/                   |              |
|    fps                  | 19           |
|    iterations           | 306          |
|    time_elapsed         | 4062         |
|    total_timesteps      | 78336        |
| train/                  |              |
|    approx_kl            | 0.0021984207 |
|    clip_fraction        | 0.0208       |
|    clip_range           | 0.15         |
|    entropy_loss         | -4.65        |
|    explained_variance   | 0.957        |
|    learning_rate        | 0.0001       |
|    loss                 | -0.0224      |
|    n_updates            | 915          |
|    policy_gradient_loss | -0.0207      |
|    value_loss           | 0.0748       |
------------------------------------------
-----------------------------------------
| rollout/                |             |
|    ep_len_mean          | 39.6        |
|    ep_rew_mean          | -45.4       |
| time/                   |             |
|    fps                  | 19          |
|    iterations           | 307         |
|    time_elapsed         | 4079        |
|    total_timesteps      | 78592       |
| train/                  |             |
|    approx_kl            | 0.002412362 |
|    clip_fraction        | 0.0182      |
|    clip_range           | 0.15        |
|    entropy_loss         | -4.63       |
|    explained_variance   | 0.967       |
|    learning_rate        | 0.0001      |
|    loss                 | -0.0255     |
|    n_updates            | 918         |
|    policy_gradient_loss | -0.018      |
|    value_loss           | 0.0532      |
-----------------------------------------
------------------------------------------
| rollout/                |              |
|    ep_len_mean          | 39.2         |
|    ep_rew_mean          | -44.9        |
| time/                   |              |
|    fps                  | 19           |
|    iterations           | 308          |
|    time_elapsed         | 4097         |
|    total_timesteps      | 78848        |
| train/                  |              |
|    approx_kl            | 0.0025330617 |
|    clip_fraction        | 0.0195       |
|    clip_range           | 0.15         |
|    entropy_loss         | -4.63        |
|    explained_variance   | 0.961        |
|    learning_rate        | 0.0001       |
|    loss                 | -0.0214      |
|    n_updates            | 921          |
|    policy_gradient_loss | -0.0161      |
|    value_loss           | 0.0515       |
------------------------------------------
------------------------------------------
| rollout/                |              |
|    ep_len_mean          | 39           |
|    ep_rew_mean          | -44.5        |
| time/                   |              |
|    fps                  | 19           |
|    iterations           | 309          |
|    time_elapsed         | 4113         |
|    total_timesteps      | 79104        |
| train/                  |              |
|    approx_kl            | 0.0023733326 |
|    clip_fraction        | 0.0195       |
|    clip_range           | 0.15         |
|    entropy_loss         | -4.63        |
|    explained_variance   | 0.962        |
|    learning_rate        | 0.0001       |
|    loss                 | -0.024       |
|    n_updates            | 924          |
|    policy_gradient_loss | -0.017       |
|    value_loss           | 0.0497       |
------------------------------------------
-------------------------------------------
| rollout/                |               |
|    ep_len_mean          | 38.8          |
|    ep_rew_mean          | -44.1         |
| time/                   |               |
|    fps                  | 19            |
|    iterations           | 310           |
|    time_elapsed         | 4128          |
|    total_timesteps      | 79360         |
| train/                  |               |
|    approx_kl            | 0.00081643043 |
|    clip_fraction        | 0.0013        |
|    clip_range           | 0.15          |
|    entropy_loss         | -4.94         |
|    explained_variance   | 0.898         |
|    learning_rate        | 0.0001        |
|    loss                 | 0.0151        |
|    n_updates            | 927           |
|    policy_gradient_loss | -0.00626      |
|    value_loss           | 0.0916        |
-------------------------------------------
------------------------------------------
| rollout/                |              |
|    ep_len_mean          | 38.6         |
|    ep_rew_mean          | -43.7        |
| time/                   |              |
|    fps                  | 19           |
|    iterations           | 311          |
|    time_elapsed         | 4143         |
|    total_timesteps      | 79616        |
| train/                  |              |
|    approx_kl            | 0.0014267261 |
|    clip_fraction        | 0.00911      |
|    clip_range           | 0.15         |
|    entropy_loss         | -5           |
|    explained_variance   | 0.912        |
|    learning_rate        | 0.0001       |
|    loss                 | -0.00878     |
|    n_updates            | 930          |
|    policy_gradient_loss | -0.0153      |
|    value_loss           | 0.0821       |
------------------------------------------
------------------------------------------
| rollout/                |              |
|    ep_len_mean          | 37.8         |
|    ep_rew_mean          | -43.4        |
| time/                   |              |
|    fps                  | 19           |
|    iterations           | 312          |
|    time_elapsed         | 4159         |
|    total_timesteps      | 79872        |
| train/                  |              |
|    approx_kl            | 0.0024680442 |
|    clip_fraction        | 0.0195       |
|    clip_range           | 0.15         |
|    entropy_loss         | -5           |
|    explained_variance   | 0.932        |
|    learning_rate        | 0.0001       |
|    loss                 | -0.0326      |
|    n_updates            | 933          |
|    policy_gradient_loss | -0.0229      |
|    value_loss           | 0.0624       |
------------------------------------------
------------------------------------------
| rollout/                |              |
|    ep_len_mean          | 37           |
|    ep_rew_mean          | -42.9        |
| time/                   |              |
|    fps                  | 19           |
|    iterations           | 313          |
|    time_elapsed         | 4175         |
|    total_timesteps      | 80128        |
| train/                  |              |
|    approx_kl            | 0.0031498715 |
|    clip_fraction        | 0.0273       |
|    clip_range           | 0.15         |
|    entropy_loss         | -5.01        |
|    explained_variance   | 0.949        |
|    learning_rate        | 0.0001       |
|    loss                 | -0.0425      |
|    n_updates            | 936          |
|    policy_gradient_loss | -0.0252      |
|    value_loss           | 0.0493       |
------------------------------------------
------------------------------------------
| rollout/                |              |
|    ep_len_mean          | 36.4         |
|    ep_rew_mean          | -42.1        |
| time/                   |              |
|    fps                  | 19           |
|    iterations           | 314          |
|    time_elapsed         | 4191         |
|    total_timesteps      | 80384        |
| train/                  |              |
|    approx_kl            | 0.0032532767 |
|    clip_fraction        | 0.00911      |
|    clip_range           | 0.15         |
|    entropy_loss         | -5           |
|    explained_variance   | 0.954        |
|    learning_rate        | 0.0001       |
|    loss                 | -0.0413      |
|    n_updates            | 939          |
|    policy_gradient_loss | -0.0239      |
|    value_loss           | 0.0466       |
------------------------------------------
------------------------------------------
| rollout/                |              |
|    ep_len_mean          | 36           |
|    ep_rew_mean          | -41.5        |
| time/                   |              |
|    fps                  | 19           |
|    iterations           | 315          |
|    time_elapsed         | 4206         |
|    total_timesteps      | 80640        |
| train/                  |              |
|    approx_kl            | 0.0025658312 |
|    clip_fraction        | 0.0182       |
|    clip_range           | 0.15         |
|    entropy_loss         | -4.99        |
|    explained_variance   | 0.957        |
|    learning_rate        | 0.0001       |
|    loss                 | -0.04        |
|    n_updates            | 942          |
|    policy_gradient_loss | -0.0227      |
|    value_loss           | 0.0422       |
------------------------------------------
-----------------------------------------
| rollout/                |             |
|    ep_len_mean          | 35.6        |
|    ep_rew_mean          | -41         |
| time/                   |             |
|    fps                  | 19          |
|    iterations           | 316         |
|    time_elapsed         | 4223        |
|    total_timesteps      | 80896       |
| train/                  |             |
|    approx_kl            | 0.002337197 |
|    clip_fraction        | 0.0208      |
|    clip_range           | 0.15        |
|    entropy_loss         | -5.01       |
|    explained_variance   | 0.967       |
|    learning_rate        | 0.0001      |
|    loss                 | -0.0496     |
|    n_updates            | 945         |
|    policy_gradient_loss | -0.0245     |
|    value_loss           | 0.03        |
-----------------------------------------
------------------------------------------
| rollout/                |              |
|    ep_len_mean          | 35.6         |
|    ep_rew_mean          | -41.1        |
| time/                   |              |
|    fps                  | 19           |
|    iterations           | 317          |
|    time_elapsed         | 4239         |
|    total_timesteps      | 81152        |
| train/                  |              |
|    approx_kl            | 0.0017519698 |
|    clip_fraction        | 0.0182       |
|    clip_range           | 0.15         |
|    entropy_loss         | -5.03        |
|    explained_variance   | 0.973        |
|    learning_rate        | 0.0001       |
|    loss                 | -0.0458      |
|    n_updates            | 948          |
|    policy_gradient_loss | -0.0212      |
|    value_loss           | 0.0255       |
------------------------------------------
------------------------------------------
| rollout/                |              |
|    ep_len_mean          | 35.7         |
|    ep_rew_mean          | -41.3        |
| time/                   |              |
|    fps                  | 19           |
|    iterations           | 318          |
|    time_elapsed         | 4256         |
|    total_timesteps      | 81408        |
| train/                  |              |
|    approx_kl            | 0.0017779216 |
|    clip_fraction        | 0            |
|    clip_range           | 0.15         |
|    entropy_loss         | -5.01        |
|    explained_variance   | 0.975        |
|    learning_rate        | 0.0001       |
|    loss                 | -0.0468      |
|    n_updates            | 951          |
|    policy_gradient_loss | -0.0214      |
|    value_loss           | 0.0243       |
------------------------------------------
------------------------------------------
| rollout/                |              |
|    ep_len_mean          | 36           |
|    ep_rew_mean          | -41.6        |
| time/                   |              |
|    fps                  | 19           |
|    iterations           | 319          |
|    time_elapsed         | 4276         |
|    total_timesteps      | 81664        |
| train/                  |              |
|    approx_kl            | 0.0021043608 |
|    clip_fraction        | 0.0182       |
|    clip_range           | 0.15         |
|    entropy_loss         | -5.01        |
|    explained_variance   | 0.979        |
|    learning_rate        | 0.0001       |
|    loss                 | -0.0557      |
|    n_updates            | 954          |
|    policy_gradient_loss | -0.0248      |
|    value_loss           | 0.0196       |
------------------------------------------
------------------------------------------
| rollout/                |              |
|    ep_len_mean          | 36.4         |
|    ep_rew_mean          | -42          |
| time/                   |              |
|    fps                  | 19           |
|    iterations           | 320          |
|    time_elapsed         | 4298         |
|    total_timesteps      | 81920        |
| train/                  |              |
|    approx_kl            | 0.0011984475 |
|    clip_fraction        | 0.00781      |
|    clip_range           | 0.15         |
|    entropy_loss         | -4.81        |
|    explained_variance   | 0.82         |
|    learning_rate        | 0.0001       |
|    loss                 | 0.0523       |
|    n_updates            | 957          |
|    policy_gradient_loss | -0.00684     |
|    value_loss           | 0.176        |
------------------------------------------
------------------------------------------
| rollout/                |              |
|    ep_len_mean          | 36.8         |
|    ep_rew_mean          | -42.5        |
| time/                   |              |
|    fps                  | 19           |
|    iterations           | 321          |
|    time_elapsed         | 4319         |
|    total_timesteps      | 82176        |
| train/                  |              |
|    approx_kl            | 0.0014980815 |
|    clip_fraction        | 0.00911      |
|    clip_range           | 0.15         |
|    entropy_loss         | -4.75        |
|    explained_variance   | 0.866        |
|    learning_rate        | 0.0001       |
|    loss                 | 0.0188       |
|    n_updates            | 960          |
|    policy_gradient_loss | -0.0126      |
|    value_loss           | 0.144        |
------------------------------------------
------------------------------------------
| rollout/                |              |
|    ep_len_mean          | 37.1         |
|    ep_rew_mean          | -43          |
| time/                   |              |
|    fps                  | 18           |
|    iterations           | 322          |
|    time_elapsed         | 4339         |
|    total_timesteps      | 82432        |
| train/                  |              |
|    approx_kl            | 0.0017181686 |
|    clip_fraction        | 0.0156       |
|    clip_range           | 0.15         |
|    entropy_loss         | -4.71        |
|    explained_variance   | 0.938        |
|    learning_rate        | 0.0001       |
|    loss                 | -0.00424     |
|    n_updates            | 963          |
|    policy_gradient_loss | -0.0158      |
|    value_loss           | 0.0983       |
------------------------------------------
-----------------------------------------
| rollout/                |             |
|    ep_len_mean          | 37.5        |
|    ep_rew_mean          | -43.3       |
| time/                   |             |
|    fps                  | 18          |
|    iterations           | 323         |
|    time_elapsed         | 4360        |
|    total_timesteps      | 82688       |
| train/                  |             |
|    approx_kl            | 0.001736826 |
|    clip_fraction        | 0.0156      |
|    clip_range           | 0.15        |
|    entropy_loss         | -4.71       |
|    explained_variance   | 0.946       |
|    learning_rate        | 0.0001      |
|    loss                 | -0.000668   |
|    n_updates            | 966         |
|    policy_gradient_loss | -0.0135     |
|    value_loss           | 0.0898      |
-----------------------------------------
------------------------------------------
| rollout/                |              |
|    ep_len_mean          | 37.8         |
|    ep_rew_mean          | -43.6        |
| time/                   |              |
|    fps                  | 18           |
|    iterations           | 324          |
|    time_elapsed         | 4382         |
|    total_timesteps      | 82944        |
| train/                  |              |
|    approx_kl            | 0.0011954238 |
|    clip_fraction        | 0            |
|    clip_range           | 0.15         |
|    entropy_loss         | -4.71        |
|    explained_variance   | 0.926        |
|    learning_rate        | 0.0001       |
|    loss                 | 0.00638      |
|    n_updates            | 969          |
|    policy_gradient_loss | -0.0102      |
|    value_loss           | 0.0881       |
------------------------------------------
------------------------------------------
| rollout/                |              |
|    ep_len_mean          | 38.1         |
|    ep_rew_mean          | -43.9        |
| time/                   |              |
|    fps                  | 18           |
|    iterations           | 325          |
|    time_elapsed         | 4403         |
|    total_timesteps      | 83200        |
| train/                  |              |
|    approx_kl            | 0.0011970624 |
|    clip_fraction        | 0.00911      |
|    clip_range           | 0.15         |
|    entropy_loss         | -4.7         |
|    explained_variance   | 0.923        |
|    learning_rate        | 0.0001       |
|    loss                 | -0.00695     |
|    n_updates            | 972          |
|    policy_gradient_loss | -0.0143      |
|    value_loss           | 0.0832       |
------------------------------------------
------------------------------------------
| rollout/                |              |
|    ep_len_mean          | 38.5         |
|    ep_rew_mean          | -44.4        |
| time/                   |              |
|    fps                  | 18           |
|    iterations           | 326          |
|    time_elapsed         | 4417         |
|    total_timesteps      | 83456        |
| train/                  |              |
|    approx_kl            | 0.0012017365 |
|    clip_fraction        | 0.00781      |
|    clip_range           | 0.15         |
|    entropy_loss         | -4.72        |
|    explained_variance   | 0.958        |
|    learning_rate        | 0.0001       |
|    loss                 | -0.0266      |
|    n_updates            | 975          |
|    policy_gradient_loss | -0.0156      |
|    value_loss           | 0.0454       |
------------------------------------------
------------------------------------------
| rollout/                |              |
|    ep_len_mean          | 38.8         |
|    ep_rew_mean          | -44.9        |
| time/                   |              |
|    fps                  | 18           |
|    iterations           | 327          |
|    time_elapsed         | 4433         |
|    total_timesteps      | 83712        |
| train/                  |              |
|    approx_kl            | 0.0004239597 |
|    clip_fraction        | 0            |
|    clip_range           | 0.15         |
|    entropy_loss         | -4.58        |
|    explained_variance   | 0.929        |
|    learning_rate        | 0.0001       |
|    loss                 | 0.039        |
|    n_updates            | 978          |
|    policy_gradient_loss | -0.0051      |
|    value_loss           | 0.134        |
------------------------------------------
------------------------------------------
| rollout/                |              |
|    ep_len_mean          | 39           |
|    ep_rew_mean          | -45.5        |
| time/                   |              |
|    fps                  | 18           |
|    iterations           | 328          |
|    time_elapsed         | 4451         |
|    total_timesteps      | 83968        |
| train/                  |              |
|    approx_kl            | 0.0007458038 |
|    clip_fraction        | 0            |
|    clip_range           | 0.15         |
|    entropy_loss         | -4.59        |
|    explained_variance   | 0.937        |
|    learning_rate        | 0.0001       |
|    loss                 | 0.0146       |
|    n_updates            | 981          |
|    policy_gradient_loss | -0.0118      |
|    value_loss           | 0.113        |
------------------------------------------
-------------------------------------------
| rollout/                |               |
|    ep_len_mean          | 39.4          |
|    ep_rew_mean          | -46           |
| time/                   |               |
|    fps                  | 18            |
|    iterations           | 329           |
|    time_elapsed         | 4466          |
|    total_timesteps      | 84224         |
| train/                  |               |
|    approx_kl            | 0.00093231024 |
|    clip_fraction        | 0.00781       |
|    clip_range           | 0.15          |
|    entropy_loss         | -4.61         |
|    explained_variance   | 0.935         |
|    learning_rate        | 0.0001        |
|    loss                 | -0.00237      |
|    n_updates            | 984           |
|    policy_gradient_loss | -0.0145       |
|    value_loss           | 0.0921        |
-------------------------------------------
-------------------------------------------
| rollout/                |               |
|    ep_len_mean          | 39.7          |
|    ep_rew_mean          | -46.4         |
| time/                   |               |
|    fps                  | 18            |
|    iterations           | 330           |
|    time_elapsed         | 4481          |
|    total_timesteps      | 84480         |
| train/                  |               |
|    approx_kl            | 0.00086341216 |
|    clip_fraction        | 0             |
|    clip_range           | 0.15          |
|    entropy_loss         | -4.57         |
|    explained_variance   | 0.967         |
|    learning_rate        | 0.0001        |
|    loss                 | -0.0158       |
|    n_updates            | 987           |
|    policy_gradient_loss | -0.014        |
|    value_loss           | 0.0618        |
-------------------------------------------
------------------------------------------
| rollout/                |              |
|    ep_len_mean          | 40           |
|    ep_rew_mean          | -46.9        |
| time/                   |              |
|    fps                  | 18           |
|    iterations           | 331          |
|    time_elapsed         | 4496         |
|    total_timesteps      | 84736        |
| train/                  |              |
|    approx_kl            | 0.0011517804 |
|    clip_fraction        | 0            |
|    clip_range           | 0.15         |
|    entropy_loss         | -4.62        |
|    explained_variance   | 0.959        |
|    learning_rate        | 0.0001       |
|    loss                 | -0.0199      |
|    n_updates            | 990          |
|    policy_gradient_loss | -0.0146      |
|    value_loss           | 0.054        |
------------------------------------------
------------------------------------------
| rollout/                |              |
|    ep_len_mean          | 40.3         |
|    ep_rew_mean          | -47.4        |
| time/                   |              |
|    fps                  | 18           |
|    iterations           | 332          |
|    time_elapsed         | 4512         |
|    total_timesteps      | 84992        |
| train/                  |              |
|    approx_kl            | 0.0017815146 |
|    clip_fraction        | 0.00781      |
|    clip_range           | 0.15         |
|    entropy_loss         | -4.59        |
|    explained_variance   | 0.98         |
|    learning_rate        | 0.0001       |
|    loss                 | -0.0362      |
|    n_updates            | 993          |
|    policy_gradient_loss | -0.0214      |
|    value_loss           | 0.045        |
------------------------------------------
------------------------------------------
| rollout/                |              |
|    ep_len_mean          | 40.8         |
|    ep_rew_mean          | -47.5        |
| time/                   |              |
|    fps                  | 18           |
|    iterations           | 333          |
|    time_elapsed         | 4560         |
|    total_timesteps      | 85248        |
| train/                  |              |
|    approx_kl            | 0.0019988925 |
|    clip_fraction        | 0            |
|    clip_range           | 0.15         |
|    entropy_loss         | -4.56        |
|    explained_variance   | 0.977        |
|    learning_rate        | 0.0001       |
|    loss                 | -0.0347      |
|    n_updates            | 996          |
|    policy_gradient_loss | -0.0203      |
|    value_loss           | 0.0428       |
------------------------------------------
------------------------------------------
| rollout/                |              |
|    ep_len_mean          | 41.3         |
|    ep_rew_mean          | -47.6        |
| time/                   |              |
|    fps                  | 18           |
|    iterations           | 334          |
|    time_elapsed         | 4614         |
|    total_timesteps      | 85504        |
| train/                  |              |
|    approx_kl            | 0.0011408122 |
|    clip_fraction        | 0            |
|    clip_range           | 0.15         |
|    entropy_loss         | -4.35        |
|    explained_variance   | 0.933        |
|    learning_rate        | 0.0001       |
|    loss                 | 0.0179       |
|    n_updates            | 999          |
|    policy_gradient_loss | -0.00934     |
|    value_loss           | 0.104        |
------------------------------------------
------------------------------------------
| rollout/                |              |
|    ep_len_mean          | 41.6         |
|    ep_rew_mean          | -47.5        |
| time/                   |              |
|    fps                  | 18           |
|    iterations           | 335          |
|    time_elapsed         | 4668         |
|    total_timesteps      | 85760        |
| train/                  |              |
|    approx_kl            | 0.0013040632 |
|    clip_fraction        | 0.00781      |
|    clip_range           | 0.15         |
|    entropy_loss         | -4.33        |
|    explained_variance   | 0.936        |
|    learning_rate        | 0.0001       |
|    loss                 | 0.00591      |
|    n_updates            | 1002         |
|    policy_gradient_loss | -0.0149      |
|    value_loss           | 0.107        |
------------------------------------------
------------------------------------------
| rollout/                |              |
|    ep_len_mean          | 41.8         |
|    ep_rew_mean          | -47.3        |
| time/                   |              |
|    fps                  | 18           |
|    iterations           | 336          |
|    time_elapsed         | 4719         |
|    total_timesteps      | 86016        |
| train/                  |              |
|    approx_kl            | 0.0014513242 |
|    clip_fraction        | 0.00781      |
|    clip_range           | 0.15         |
|    entropy_loss         | -4.31        |
|    explained_variance   | 0.947        |
|    learning_rate        | 0.0001       |
|    loss                 | -0.0038      |
|    n_updates            | 1005         |
|    policy_gradient_loss | -0.0166      |
|    value_loss           | 0.0928       |
------------------------------------------
-------------------------------------------
| rollout/                |               |
|    ep_len_mean          | 41.9          |
|    ep_rew_mean          | -47.1         |
| time/                   |               |
|    fps                  | 18            |
|    iterations           | 337           |
|    time_elapsed         | 4774          |
|    total_timesteps      | 86272         |
| train/                  |               |
|    approx_kl            | 0.00083648553 |
|    clip_fraction        | 0             |
|    clip_range           | 0.15          |
|    entropy_loss         | -4.38         |
|    explained_variance   | 0.94          |
|    learning_rate        | 0.0001        |
|    loss                 | 0.0207        |
|    n_updates            | 1008          |
|    policy_gradient_loss | -0.00734      |
|    value_loss           | 0.103         |
-------------------------------------------
-------------------------------------------
| rollout/                |               |
|    ep_len_mean          | 42            |
|    ep_rew_mean          | -47.4         |
| time/                   |               |
|    fps                  | 17            |
|    iterations           | 338           |
|    time_elapsed         | 4832          |
|    total_timesteps      | 86528         |
| train/                  |               |
|    approx_kl            | 0.00092454883 |
|    clip_fraction        | 0             |
|    clip_range           | 0.15          |
|    entropy_loss         | -4.37         |
|    explained_variance   | 0.957         |
|    learning_rate        | 0.0001        |
|    loss                 | 0.000523      |
|    n_updates            | 1011          |
|    policy_gradient_loss | -0.0143       |
|    value_loss           | 0.0915        |
-------------------------------------------
-------------------------------------------
| rollout/                |               |
|    ep_len_mean          | 42.1          |
|    ep_rew_mean          | -47.6         |
| time/                   |               |
|    fps                  | 17            |
|    iterations           | 339           |
|    time_elapsed         | 4890          |
|    total_timesteps      | 86784         |
| train/                  |               |
|    approx_kl            | 0.00093400734 |
|    clip_fraction        | 0             |
|    clip_range           | 0.15          |
|    entropy_loss         | -4.35         |
|    explained_variance   | 0.948         |
|    learning_rate        | 0.0001        |
|    loss                 | 0.0177        |
|    n_updates            | 1014          |
|    policy_gradient_loss | -0.00864      |
|    value_loss           | 0.0952        |
-------------------------------------------
------------------------------------------
| rollout/                |              |
|    ep_len_mean          | 42.2         |
|    ep_rew_mean          | -47.4        |
| time/                   |              |
|    fps                  | 17           |
|    iterations           | 340          |
|    time_elapsed         | 4944         |
|    total_timesteps      | 87040        |
| train/                  |              |
|    approx_kl            | 0.0011416988 |
|    clip_fraction        | 0            |
|    clip_range           | 0.15         |
|    entropy_loss         | -4.35        |
|    explained_variance   | 0.936        |
|    learning_rate        | 0.0001       |
|    loss                 | -0.00198     |
|    n_updates            | 1017         |
|    policy_gradient_loss | -0.0126      |
|    value_loss           | 0.0799       |
------------------------------------------
------------------------------------------
| rollout/                |              |
|    ep_len_mean          | 42.4         |
|    ep_rew_mean          | -47.3        |
| time/                   |              |
|    fps                  | 17           |
|    iterations           | 341          |
|    time_elapsed         | 4999         |
|    total_timesteps      | 87296        |
| train/                  |              |
|    approx_kl            | 0.0014813049 |
|    clip_fraction        | 0            |
|    clip_range           | 0.15         |
|    entropy_loss         | -4.34        |
|    explained_variance   | 0.969        |
|    learning_rate        | 0.0001       |
|    loss                 | -0.0172      |
|    n_updates            | 1020         |
|    policy_gradient_loss | -0.0196      |
|    value_loss           | 0.072        |
------------------------------------------
------------------------------------------
| rollout/                |              |
|    ep_len_mean          | 42.5         |
|    ep_rew_mean          | -46.4        |
| time/                   |              |
|    fps                  | 17           |
|    iterations           | 342          |
|    time_elapsed         | 5018         |
|    total_timesteps      | 87552        |
| train/                  |              |
|    approx_kl            | 0.0019153166 |
|    clip_fraction        | 0.0156       |
|    clip_range           | 0.15         |
|    entropy_loss         | -4.32        |
|    explained_variance   | 0.971        |
|    learning_rate        | 0.0001       |
|    loss                 | -0.0219      |
|    n_updates            | 1023         |
|    policy_gradient_loss | -0.0197      |
|    value_loss           | 0.0634       |
------------------------------------------
-------------------------------------------
| rollout/                |               |
|    ep_len_mean          | 42.7          |
|    ep_rew_mean          | -45.3         |
| time/                   |               |
|    fps                  | 17            |
|    iterations           | 343           |
|    time_elapsed         | 5030          |
|    total_timesteps      | 87808         |
| train/                  |               |
|    approx_kl            | 0.00046591507 |
|    clip_fraction        | 0             |
|    clip_range           | 0.15          |
|    entropy_loss         | -4.2          |
|    explained_variance   | 0.544         |
|    learning_rate        | 0.0001        |
|    loss                 | 0.235         |
|    n_updates            | 1026          |
|    policy_gradient_loss | -0.00357      |
|    value_loss           | 0.539         |
-------------------------------------------
-------------------------------------------
| rollout/                |               |
|    ep_len_mean          | 42.9          |
|    ep_rew_mean          | -44.2         |
| time/                   |               |
|    fps                  | 17            |
|    iterations           | 344           |
|    time_elapsed         | 5042          |
|    total_timesteps      | 88064         |
| train/                  |               |
|    approx_kl            | 0.00048709172 |
|    clip_fraction        | 0             |
|    clip_range           | 0.15          |
|    entropy_loss         | -4.15         |
|    explained_variance   | 0.564         |
|    learning_rate        | 0.0001        |
|    loss                 | 0.172         |
|    n_updates            | 1029          |
|    policy_gradient_loss | -0.00853      |
|    value_loss           | 0.449         |
-------------------------------------------
------------------------------------------
| rollout/                |              |
|    ep_len_mean          | 42.9         |
|    ep_rew_mean          | -42.6        |
| time/                   |              |
|    fps                  | 17           |
|    iterations           | 345          |
|    time_elapsed         | 5053         |
|    total_timesteps      | 88320        |
| train/                  |              |
|    approx_kl            | 0.0007964079 |
|    clip_fraction        | 0            |
|    clip_range           | 0.15         |
|    entropy_loss         | -4.16        |
|    explained_variance   | 0.655        |
|    learning_rate        | 0.0001       |
|    loss                 | 0.11         |
|    n_updates            | 1032         |
|    policy_gradient_loss | -0.0128      |
|    value_loss           | 0.338        |
------------------------------------------
-----------------------------------------
| rollout/                |             |
|    ep_len_mean          | 43          |
|    ep_rew_mean          | -41.2       |
| time/                   |             |
|    fps                  | 17          |
|    iterations           | 346         |
|    time_elapsed         | 5064        |
|    total_timesteps      | 88576       |
| train/                  |             |
|    approx_kl            | 0.000672485 |
|    clip_fraction        | 0           |
|    clip_range           | 0.15        |
|    entropy_loss         | -4.22       |
|    explained_variance   | 0.745       |
|    learning_rate        | 0.0001      |
|    loss                 | 0.184       |
|    n_updates            | 1035        |
|    policy_gradient_loss | -0.00781    |
|    value_loss           | 0.489       |
-----------------------------------------
-------------------------------------------
| rollout/                |               |
|    ep_len_mean          | 43.1          |
|    ep_rew_mean          | -39.7         |
| time/                   |               |
|    fps                  | 17            |
|    iterations           | 347           |
|    time_elapsed         | 5076          |
|    total_timesteps      | 88832         |
| train/                  |               |
|    approx_kl            | 0.00070183235 |
|    clip_fraction        | 0             |
|    clip_range           | 0.15          |
|    entropy_loss         | -4.23         |
|    explained_variance   | 0.78          |
|    learning_rate        | 0.0001        |
|    loss                 | 0.118         |
|    n_updates            | 1038          |
|    policy_gradient_loss | -0.0118       |
|    value_loss           | 0.364         |
-------------------------------------------
------------------------------------------
| rollout/                |              |
|    ep_len_mean          | 43.2         |
|    ep_rew_mean          | -38.1        |
| time/                   |              |
|    fps                  | 17           |
|    iterations           | 348          |
|    time_elapsed         | 5087         |
|    total_timesteps      | 89088        |
| train/                  |              |
|    approx_kl            | 0.0010413947 |
|    clip_fraction        | 0            |
|    clip_range           | 0.15         |
|    entropy_loss         | -4.25        |
|    explained_variance   | 0.737        |
|    learning_rate        | 0.0001       |
|    loss                 | 0.0851       |
|    n_updates            | 1041         |
|    policy_gradient_loss | -0.0157      |
|    value_loss           | 0.294        |
------------------------------------------
------------------------------------------
| rollout/                |              |
|    ep_len_mean          | 43.3         |
|    ep_rew_mean          | -36.8        |
| time/                   |              |
|    fps                  | 17           |
|    iterations           | 349          |
|    time_elapsed         | 5099         |
|    total_timesteps      | 89344        |
| train/                  |              |
|    approx_kl            | 0.0017348239 |
|    clip_fraction        | 0            |
|    clip_range           | 0.15         |
|    entropy_loss         | -4.26        |
|    explained_variance   | 0.643        |
|    learning_rate        | 0.0001       |
|    loss                 | 0.0887       |
|    n_updates            | 1044         |
|    policy_gradient_loss | -0.0197      |
|    value_loss           | 0.315        |
------------------------------------------
------------------------------------------
| rollout/                |              |
|    ep_len_mean          | 43.3         |
|    ep_rew_mean          | -35.8        |
| time/                   |              |
|    fps                  | 17           |
|    iterations           | 350          |
|    time_elapsed         | 5111         |
|    total_timesteps      | 89600        |
| train/                  |              |
|    approx_kl            | 0.0027181667 |
|    clip_fraction        | 0.00781      |
|    clip_range           | 0.15         |
|    entropy_loss         | -4.16        |
|    explained_variance   | 0.633        |
|    learning_rate        | 0.0001       |
|    loss                 | 0.0143       |
|    n_updates            | 1047         |
|    policy_gradient_loss | -0.0207      |
|    value_loss           | 0.155        |
------------------------------------------
-----------------------------------------
| rollout/                |             |
|    ep_len_mean          | 42.9        |
|    ep_rew_mean          | -35.3       |
| time/                   |             |
|    fps                  | 17          |
|    iterations           | 351         |
|    time_elapsed         | 5121        |
|    total_timesteps      | 89856       |
| train/                  |             |
|    approx_kl            | 0.004622532 |
|    clip_fraction        | 0.0391      |
|    clip_range           | 0.15        |
|    entropy_loss         | -4.15       |
|    explained_variance   | 0.653       |
|    learning_rate        | 0.0001      |
|    loss                 | -0.00828    |
|    n_updates            | 1050        |
|    policy_gradient_loss | -0.0255     |
|    value_loss           | 0.119       |
-----------------------------------------
-------------------------------------------
| rollout/                |               |
|    ep_len_mean          | 42.4          |
|    ep_rew_mean          | -34.6         |
| time/                   |               |
|    fps                  | 17            |
|    iterations           | 352           |
|    time_elapsed         | 5130          |
|    total_timesteps      | 90112         |
| train/                  |               |
|    approx_kl            | 0.00076004467 |
|    clip_fraction        | 0             |
|    clip_range           | 0.15          |
|    entropy_loss         | -4.27         |
|    explained_variance   | 0.34          |
|    learning_rate        | 0.0001        |
|    loss                 | 0.131         |
|    n_updates            | 1053          |
|    policy_gradient_loss | -0.00393      |
|    value_loss           | 0.293         |
-------------------------------------------
=== TRAIN PHASE 2/2 side=US scenario=battaglia_cittadina_2_1 episodes=700 timesteps=210000 ===
Using DummyVecEnv with num_envs=1
Logging to C:\repos\python\assault\models\scenario_battaglia_cittadina_2_1\side_US\runs\sb3_20260626T090355Z\PPO_2
---------------------------------
| rollout/           |          |
|    ep_len_mean     | 40.8     |
|    ep_rew_mean     | -37.6    |
| time/              |          |
|    fps             | 11       |
|    iterations      | 1        |
|    time_elapsed    | 23       |
|    total_timesteps | 256      |
---------------------------------
------------------------------------------
| rollout/                |              |
|    ep_len_mean          | 40.2         |
|    ep_rew_mean          | -36.3        |
| time/                   |              |
|    fps                  | 8            |
|    iterations           | 2            |
|    time_elapsed         | 62           |
|    total_timesteps      | 512          |
| train/                  |              |
|    approx_kl            | 0.0003641788 |
|    clip_fraction        | 0            |
|    clip_range           | 0.15         |
|    entropy_loss         | -4.32        |
|    explained_variance   | -0.238       |
|    learning_rate        | 0.0001       |
|    loss                 | 1.73         |
|    n_updates            | 1059         |
|    policy_gradient_loss | -0.00143     |
|    value_loss           | 3.54         |
------------------------------------------
-------------------------------------------
| rollout/                |               |
|    ep_len_mean          | 40.6          |
|    ep_rew_mean          | -36.4         |
| time/                   |               |
|    fps                  | 8             |
|    iterations           | 3             |
|    time_elapsed         | 90            |
|    total_timesteps      | 768           |
| train/                  |               |
|    approx_kl            | 0.00026733195 |
|    clip_fraction        | 0             |
|    clip_range           | 0.15          |
|    entropy_loss         | -4.47         |
|    explained_variance   | -0.353        |
|    learning_rate        | 0.0001        |
|    loss                 | 0.581         |
|    n_updates            | 1062          |
|    policy_gradient_loss | -0.00397      |
|    value_loss           | 1.29          |
-------------------------------------------
-------------------------------------------
| rollout/                |               |
|    ep_len_mean          | 41            |
|    ep_rew_mean          | -38           |
| time/                   |               |
|    fps                  | 8             |
|    iterations           | 4             |
|    time_elapsed         | 118           |
|    total_timesteps      | 1024          |
| train/                  |               |
|    approx_kl            | 0.00015672785 |
|    clip_fraction        | 0             |
|    clip_range           | 0.15          |
|    entropy_loss         | -4.63         |
|    explained_variance   | 0.0622        |
|    learning_rate        | 0.0001        |
|    loss                 | 0.414         |
|    n_updates            | 1065          |
|    policy_gradient_loss | -0.00246      |
|    value_loss           | 0.939         |
-------------------------------------------
-------------------------------------------
| rollout/                |               |
|    ep_len_mean          | 41.2          |
|    ep_rew_mean          | -39           |
| time/                   |               |
|    fps                  | 8             |
|    iterations           | 5             |
|    time_elapsed         | 145           |
|    total_timesteps      | 1280          |
| train/                  |               |
|    approx_kl            | 0.00018420746 |
|    clip_fraction        | 0             |
|    clip_range           | 0.15          |
|    entropy_loss         | -4.66         |
|    explained_variance   | 0.35          |
|    learning_rate        | 0.0001        |
|    loss                 | 0.57          |
|    n_updates            | 1068          |
|    policy_gradient_loss | -0.00533      |
|    value_loss           | 1.26          |
-------------------------------------------
-----------------------------------------
| rollout/                |             |
|    ep_len_mean          | 41.3        |
|    ep_rew_mean          | -39.7       |
| time/                   |             |
|    fps                  | 8           |
|    iterations           | 6           |
|    time_elapsed         | 173         |
|    total_timesteps      | 1536        |
| train/                  |             |
|    approx_kl            | 0.000496587 |
|    clip_fraction        | 0           |
|    clip_range           | 0.15        |
|    entropy_loss         | -4.64       |
|    explained_variance   | 0.577       |
|    learning_rate        | 0.0001      |
|    loss                 | 0.367       |
|    n_updates            | 1071        |
|    policy_gradient_loss | -0.0117     |
|    value_loss           | 0.869       |
-----------------------------------------
------------------------------------------
| rollout/                |              |
|    ep_len_mean          | 41           |
|    ep_rew_mean          | -39.1        |
| time/                   |              |
|    fps                  | 9            |
|    iterations           | 7            |
|    time_elapsed         | 188          |
|    total_timesteps      | 1792         |
| train/                  |              |
|    approx_kl            | 0.0010856227 |
|    clip_fraction        | 0.00781      |
|    clip_range           | 0.15         |
|    entropy_loss         | -4.64        |
|    explained_variance   | 0.725        |
|    learning_rate        | 0.0001       |
|    loss                 | 0.239        |
|    n_updates            | 1074         |
|    policy_gradient_loss | -0.0181      |
|    value_loss           | 0.62         |
------------------------------------------
------------------------------------------
| rollout/                |              |
|    ep_len_mean          | 40.7         |
|    ep_rew_mean          | -38.6        |
| time/                   |              |
|    fps                  | 10           |
|    iterations           | 8            |
|    time_elapsed         | 203          |
|    total_timesteps      | 2048         |
| train/                  |              |
|    approx_kl            | 0.0007034512 |
|    clip_fraction        | 0            |
|    clip_range           | 0.15         |
|    entropy_loss         | -4.43        |
|    explained_variance   | 0.762        |
|    learning_rate        | 0.0001       |
|    loss                 | 0.0946       |
|    n_updates            | 1077         |
|    policy_gradient_loss | -0.00675     |
|    value_loss           | 0.245        |
------------------------------------------
------------------------------------------
| rollout/                |              |
|    ep_len_mean          | 40.5         |
|    ep_rew_mean          | -38.4        |
| time/                   |              |
|    fps                  | 10           |
|    iterations           | 9            |
|    time_elapsed         | 220          |
|    total_timesteps      | 2304         |
| train/                  |              |
|    approx_kl            | 0.0009987399 |
|    clip_fraction        | 0            |
|    clip_range           | 0.15         |
|    entropy_loss         | -4.35        |
|    explained_variance   | 0.77         |
|    learning_rate        | 0.0001       |
|    loss                 | 0.0787       |
|    n_updates            | 1080         |
|    policy_gradient_loss | -0.0134      |
|    value_loss           | 0.253        |
------------------------------------------
------------------------------------------
| rollout/                |              |
|    ep_len_mean          | 40.3         |
|    ep_rew_mean          | -38.1        |
| time/                   |              |
|    fps                  | 10           |
|    iterations           | 10           |
|    time_elapsed         | 236          |
|    total_timesteps      | 2560         |
| train/                  |              |
|    approx_kl            | 0.0013841665 |
|    clip_fraction        | 0            |
|    clip_range           | 0.15         |
|    entropy_loss         | -4.39        |
|    explained_variance   | 0.814        |
|    learning_rate        | 0.0001       |
|    loss                 | 0.0485       |
|    n_updates            | 1083         |
|    policy_gradient_loss | -0.0142      |
|    value_loss           | 0.201        |
------------------------------------------
------------------------------------------
| rollout/                |              |
|    ep_len_mean          | 40.1         |
|    ep_rew_mean          | -36.7        |
| time/                   |              |
|    fps                  | 11           |
|    iterations           | 11           |
|    time_elapsed         | 248          |
|    total_timesteps      | 2816         |
| train/                  |              |
|    approx_kl            | 0.0017393881 |
|    clip_fraction        | 0.00911      |
|    clip_range           | 0.15         |
|    entropy_loss         | -4.39        |
|    explained_variance   | 0.893        |
|    learning_rate        | 0.0001       |
|    loss                 | 0.0213       |
|    n_updates            | 1086         |
|    policy_gradient_loss | -0.0175      |
|    value_loss           | 0.159        |
------------------------------------------
-------------------------------------------
| rollout/                |               |
|    ep_len_mean          | 40            |
|    ep_rew_mean          | -35.5         |
| time/                   |               |
|    fps                  | 11            |
|    iterations           | 12            |
|    time_elapsed         | 259           |
|    total_timesteps      | 3072          |
| train/                  |               |
|    approx_kl            | 0.00093667116 |
|    clip_fraction        | 0             |
|    clip_range           | 0.15          |
|    entropy_loss         | -4.55         |
|    explained_variance   | 0.419         |
|    learning_rate        | 0.0001        |
|    loss                 | 0.134         |
|    n_updates            | 1089          |
|    policy_gradient_loss | -0.00782      |
|    value_loss           | 0.363         |
-------------------------------------------
------------------------------------------
| rollout/                |              |
|    ep_len_mean          | 39.8         |
|    ep_rew_mean          | -34.4        |
| time/                   |              |
|    fps                  | 12           |
|    iterations           | 13           |
|    time_elapsed         | 270          |
|    total_timesteps      | 3328         |
| train/                  |              |
|    approx_kl            | 0.0010880921 |
|    clip_fraction        | 0            |
|    clip_range           | 0.15         |
|    entropy_loss         | -4.58        |
|    explained_variance   | 0.55         |
|    learning_rate        | 0.0001       |
|    loss                 | 0.064        |
|    n_updates            | 1092         |
|    policy_gradient_loss | -0.0139      |
|    value_loss           | 0.254        |
------------------------------------------
------------------------------------------
| rollout/                |              |
|    ep_len_mean          | 39.7         |
|    ep_rew_mean          | -33.6        |
| time/                   |              |
|    fps                  | 12           |
|    iterations           | 14           |
|    time_elapsed         | 281          |
|    total_timesteps      | 3584         |
| train/                  |              |
|    approx_kl            | 0.0014945702 |
|    clip_fraction        | 0            |
|    clip_range           | 0.15         |
|    entropy_loss         | -4.55        |
|    explained_variance   | 0.777        |
|    learning_rate        | 0.0001       |
|    loss                 | 0.01         |
|    n_updates            | 1095         |
|    policy_gradient_loss | -0.0172      |
|    value_loss           | 0.139        |
------------------------------------------
------------------------------------------
| rollout/                |              |
|    ep_len_mean          | 39.5         |
|    ep_rew_mean          | -33          |
| time/                   |              |
|    fps                  | 13           |
|    iterations           | 15           |
|    time_elapsed         | 292          |
|    total_timesteps      | 3840         |
| train/                  |              |
|    approx_kl            | 0.0014666752 |
|    clip_fraction        | 0.00781      |
|    clip_range           | 0.15         |
|    entropy_loss         | -4.62        |
|    explained_variance   | 0.837        |
|    learning_rate        | 0.0001       |
|    loss                 | 0.00564      |
|    n_updates            | 1098         |
|    policy_gradient_loss | -0.0112      |
|    value_loss           | 0.0824       |
------------------------------------------
------------------------------------------
| rollout/                |              |
|    ep_len_mean          | 39.4         |
|    ep_rew_mean          | -32.4        |
| time/                   |              |
|    fps                  | 13           |
|    iterations           | 16           |
|    time_elapsed         | 304          |
|    total_timesteps      | 4096         |
| train/                  |              |
|    approx_kl            | 0.0021092778 |
|    clip_fraction        | 0.0182       |
|    clip_range           | 0.15         |
|    entropy_loss         | -4.63        |
|    explained_variance   | 0.812        |
|    learning_rate        | 0.0001       |
|    loss                 | -0.00105     |
|    n_updates            | 1101         |
|    policy_gradient_loss | -0.0172      |
|    value_loss           | 0.0936       |
------------------------------------------
------------------------------------------
| rollout/                |              |
|    ep_len_mean          | 39.3         |
|    ep_rew_mean          | -32.3        |
| time/                   |              |
|    fps                  | 13           |
|    iterations           | 17           |
|    time_elapsed         | 319          |
|    total_timesteps      | 4352         |
| train/                  |              |
|    approx_kl            | 0.0028011156 |
|    clip_fraction        | 0.0169       |
|    clip_range           | 0.15         |
|    entropy_loss         | -4.61        |
|    explained_variance   | 0.788        |
|    learning_rate        | 0.0001       |
|    loss                 | -0.0112      |
|    n_updates            | 1104         |
|    policy_gradient_loss | -0.0222      |
|    value_loss           | 0.098        |
------------------------------------------
-------------------------------------------
| rollout/                |               |
|    ep_len_mean          | 39.2          |
|    ep_rew_mean          | -32.3         |
| time/                   |               |
|    fps                  | 13            |
|    iterations           | 18            |
|    time_elapsed         | 336           |
|    total_timesteps      | 4608          |
| train/                  |               |
|    approx_kl            | 0.00094821164 |
|    clip_fraction        | 0.00911       |
|    clip_range           | 0.15          |
|    entropy_loss         | -4.41         |
|    explained_variance   | 0.386         |
|    learning_rate        | 0.0001        |
|    loss                 | 0.363         |
|    n_updates            | 1107          |
|    policy_gradient_loss | -0.00563      |
|    value_loss           | 0.821         |
-------------------------------------------
-----------------------------------------
| rollout/                |             |
|    ep_len_mean          | 39.2        |
|    ep_rew_mean          | -32         |
| time/                   |             |
|    fps                  | 13          |
|    iterations           | 19          |
|    time_elapsed         | 359         |
|    total_timesteps      | 4864        |
| train/                  |             |
|    approx_kl            | 0.000855264 |
|    clip_fraction        | 0.00911     |
|    clip_range           | 0.15        |
|    entropy_loss         | -4.38       |
|    explained_variance   | 0.495       |
|    learning_rate        | 0.0001      |
|    loss                 | 0.247       |
|    n_updates            | 1110        |
|    policy_gradient_loss | -0.00983    |
|    value_loss           | 0.629       |
-----------------------------------------
------------------------------------------
| rollout/                |              |
|    ep_len_mean          | 39.3         |
|    ep_rew_mean          | -31.6        |
| time/                   |              |
|    fps                  | 13           |
|    iterations           | 20           |
|    time_elapsed         | 382          |
|    total_timesteps      | 5120         |
| train/                  |              |
|    approx_kl            | 0.0002586816 |
|    clip_fraction        | 0            |
|    clip_range           | 0.15         |
|    entropy_loss         | -4.43        |
|    explained_variance   | 0.519        |
|    learning_rate        | 0.0001       |
|    loss                 | 0.328        |
|    n_updates            | 1113         |
|    policy_gradient_loss | -0.0042      |
|    value_loss           | 0.798        |
------------------------------------------
-------------------------------------------
| rollout/                |               |
|    ep_len_mean          | 39.4          |
|    ep_rew_mean          | -31.1         |
| time/                   |               |
|    fps                  | 13            |
|    iterations           | 21            |
|    time_elapsed         | 403           |
|    total_timesteps      | 5376          |
| train/                  |               |
|    approx_kl            | 0.00036373897 |
|    clip_fraction        | 0             |
|    clip_range           | 0.15          |
|    entropy_loss         | -4.44         |
|    explained_variance   | 0.681         |
|    learning_rate        | 0.0001        |
|    loss                 | 0.16          |
|    n_updates            | 1116          |
|    policy_gradient_loss | -0.00788      |
|    value_loss           | 0.476         |
-------------------------------------------
------------------------------------------
| rollout/                |              |
|    ep_len_mean          | 39.5         |
|    ep_rew_mean          | -30.6        |
| time/                   |              |
|    fps                  | 13           |
|    iterations           | 22           |
|    time_elapsed         | 425          |
|    total_timesteps      | 5632         |
| train/                  |              |
|    approx_kl            | 0.0005299505 |
|    clip_fraction        | 0            |
|    clip_range           | 0.15         |
|    entropy_loss         | -4.45        |
|    explained_variance   | 0.834        |
|    learning_rate        | 0.0001       |
|    loss                 | 0.0597       |
|    n_updates            | 1119         |
|    policy_gradient_loss | -0.0104      |
|    value_loss           | 0.245        |
------------------------------------------
-------------------------------------------
| rollout/                |               |
|    ep_len_mean          | 39.4          |
|    ep_rew_mean          | -29.7         |
| time/                   |               |
|    fps                  | 13            |
|    iterations           | 23            |
|    time_elapsed         | 446           |
|    total_timesteps      | 5888          |
| train/                  |               |
|    approx_kl            | 0.00062386505 |
|    clip_fraction        | 0             |
|    clip_range           | 0.15          |
|    entropy_loss         | -4.47         |
|    explained_variance   | 0.782         |
|    learning_rate        | 0.0001        |
|    loss                 | 0.159         |
|    n_updates            | 1122          |
|    policy_gradient_loss | -0.00731      |
|    value_loss           | 0.399         |
-------------------------------------------
-------------------------------------------
| rollout/                |               |
|    ep_len_mean          | 39.4          |
|    ep_rew_mean          | -28.7         |
| time/                   |               |
|    fps                  | 13            |
|    iterations           | 24            |
|    time_elapsed         | 468           |
|    total_timesteps      | 6144          |
| train/                  |               |
|    approx_kl            | 0.00012068963 |
|    clip_fraction        | 0             |
|    clip_range           | 0.15          |
|    entropy_loss         | -4.73         |
|    explained_variance   | -1.77         |
|    learning_rate        | 0.0001        |
|    loss                 | 0.68          |
|    n_updates            | 1125          |
|    policy_gradient_loss | -0.000107     |
|    value_loss           | 1.34          |
-------------------------------------------
-------------------------------------------
| rollout/                |               |
|    ep_len_mean          | 39.3          |
|    ep_rew_mean          | -27.8         |
| time/                   |               |
|    fps                  | 13            |
|    iterations           | 25            |
|    time_elapsed         | 484           |
|    total_timesteps      | 6400          |
| train/                  |               |
|    approx_kl            | 0.00016084779 |
|    clip_fraction        | 0             |
|    clip_range           | 0.15          |
|    entropy_loss         | -4.67         |
|    explained_variance   | -1.59         |
|    learning_rate        | 0.0001        |
|    loss                 | 0.567         |
|    n_updates            | 1128          |
|    policy_gradient_loss | -0.00334      |
|    value_loss           | 1.22          |
-------------------------------------------
------------------------------------------
| rollout/                |              |
|    ep_len_mean          | 39.4         |
|    ep_rew_mean          | -27.4        |
| time/                   |              |
|    fps                  | 13           |
|    iterations           | 26           |
|    time_elapsed         | 500          |
|    total_timesteps      | 6656         |
| train/                  |              |
|    approx_kl            | 0.0003598812 |
|    clip_fraction        | 0            |
|    clip_range           | 0.15         |
|    entropy_loss         | -4.6         |
|    explained_variance   | -0.24        |
|    learning_rate        | 0.0001       |
|    loss                 | 0.3          |
|    n_updates            | 1131         |
|    policy_gradient_loss | -0.0043      |
|    value_loss           | 0.708        |
------------------------------------------
------------------------------------------
| rollout/                |              |
|    ep_len_mean          | 39.4         |
|    ep_rew_mean          | -27.5        |
| time/                   |              |
|    fps                  | 13           |
|    iterations           | 27           |
|    time_elapsed         | 516          |
|    total_timesteps      | 6912         |
| train/                  |              |
|    approx_kl            | 0.0007204141 |
|    clip_fraction        | 0            |
|    clip_range           | 0.15         |
|    entropy_loss         | -4.67        |
|    explained_variance   | 0.216        |
|    learning_rate        | 0.0001       |
|    loss                 | 0.159        |
|    n_updates            | 1134         |
|    policy_gradient_loss | -0.0102      |
|    value_loss           | 0.449        |
------------------------------------------
------------------------------------------
| rollout/                |              |
|    ep_len_mean          | 39.2         |
|    ep_rew_mean          | -28.7        |
| time/                   |              |
|    fps                  | 13           |
|    iterations           | 28           |
|    time_elapsed         | 532          |
|    total_timesteps      | 7168         |
| train/                  |              |
|    approx_kl            | 0.0014726496 |
|    clip_fraction        | 0.00911      |
|    clip_range           | 0.15         |
|    entropy_loss         | -4.63        |
|    explained_variance   | 0.483        |
|    learning_rate        | 0.0001       |
|    loss                 | 0.071        |
|    n_updates            | 1137         |
|    policy_gradient_loss | -0.0165      |
|    value_loss           | 0.281        |
------------------------------------------
-------------------------------------------
| rollout/                |               |
|    ep_len_mean          | 38.9          |
|    ep_rew_mean          | -29.8         |
| time/                   |               |
|    fps                  | 13            |
|    iterations           | 29            |
|    time_elapsed         | 547           |
|    total_timesteps      | 7424          |
| train/                  |               |
|    approx_kl            | 0.00055541843 |
|    clip_fraction        | 0             |
|    clip_range           | 0.15          |
|    entropy_loss         | -4.71         |
|    explained_variance   | 0.726         |
|    learning_rate        | 0.0001        |
|    loss                 | 0.327         |
|    n_updates            | 1140          |
|    policy_gradient_loss | -0.00164      |
|    value_loss           | 0.646         |
-------------------------------------------
-------------------------------------------
| rollout/                |               |
|    ep_len_mean          | 39.2          |
|    ep_rew_mean          | -30.1         |
| time/                   |               |
|    fps                  | 13            |
|    iterations           | 30            |
|    time_elapsed         | 564           |
|    total_timesteps      | 7680          |
| train/                  |               |
|    approx_kl            | 0.00068676355 |
|    clip_fraction        | 0             |
|    clip_range           | 0.15          |
|    entropy_loss         | -4.7          |
|    explained_variance   | 0.662         |
|    learning_rate        | 0.0001        |
|    loss                 | 0.25          |
|    n_updates            | 1143          |
|    policy_gradient_loss | -0.0084       |
|    value_loss           | 0.574         |
-------------------------------------------
------------------------------------------
| rollout/                |              |
|    ep_len_mean          | 39.2         |
|    ep_rew_mean          | -30          |
| time/                   |              |
|    fps                  | 13           |
|    iterations           | 31           |
|    time_elapsed         | 580          |
|    total_timesteps      | 7936         |
| train/                  |              |
|    approx_kl            | 0.0007438548 |
|    clip_fraction        | 0            |
|    clip_range           | 0.15         |
|    entropy_loss         | -4.94        |
|    explained_variance   | 0.582        |
|    learning_rate        | 0.0001       |
|    loss                 | 0.155        |
|    n_updates            | 1146         |
|    policy_gradient_loss | -0.0102      |
|    value_loss           | 0.408        |
------------------------------------------
-------------------------------------------
| rollout/                |               |
|    ep_len_mean          | 39.3          |
|    ep_rew_mean          | -29.8         |
| time/                   |               |
|    fps                  | 13            |
|    iterations           | 32            |
|    time_elapsed         | 597           |
|    total_timesteps      | 8192          |
| train/                  |               |
|    approx_kl            | 0.00050044595 |
|    clip_fraction        | 0             |
|    clip_range           | 0.15          |
|    entropy_loss         | -4.69         |
|    explained_variance   | 0.733         |
|    learning_rate        | 0.0001        |
|    loss                 | 0.0471        |
|    n_updates            | 1149          |
|    policy_gradient_loss | -0.00841      |
|    value_loss           | 0.157         |
-------------------------------------------
------------------------------------------
| rollout/                |              |
|    ep_len_mean          | 39.5         |
|    ep_rew_mean          | -29.3        |
| time/                   |              |
|    fps                  | 13           |
|    iterations           | 33           |
|    time_elapsed         | 616          |
|    total_timesteps      | 8448         |
| train/                  |              |
|    approx_kl            | 0.0014888381 |
|    clip_fraction        | 0.0104       |
|    clip_range           | 0.15         |
|    entropy_loss         | -4.79        |
|    explained_variance   | 0.528        |
|    learning_rate        | 0.0001       |
|    loss                 | 0.129        |
|    n_updates            | 1152         |
|    policy_gradient_loss | -0.0136      |
|    value_loss           | 0.361        |
------------------------------------------
-------------------------------------------
| rollout/                |               |
|    ep_len_mean          | 39.5          |
|    ep_rew_mean          | -28.9         |
| time/                   |               |
|    fps                  | 13            |
|    iterations           | 34            |
|    time_elapsed         | 635           |
|    total_timesteps      | 8704          |
| train/                  |               |
|    approx_kl            | 0.00058322516 |
|    clip_fraction        | 0             |
|    clip_range           | 0.15          |
|    entropy_loss         | -4.68         |
|    explained_variance   | 0.721         |
|    learning_rate        | 0.0001        |
|    loss                 | 0.0338        |
|    n_updates            | 1155          |
|    policy_gradient_loss | -0.0102       |
|    value_loss           | 0.146         |
-------------------------------------------
------------------------------------------
| rollout/                |              |
|    ep_len_mean          | 39.5         |
|    ep_rew_mean          | -28          |
| time/                   |              |
|    fps                  | 13           |
|    iterations           | 35           |
|    time_elapsed         | 679          |
|    total_timesteps      | 8960         |
| train/                  |              |
|    approx_kl            | 0.0011104131 |
|    clip_fraction        | 0            |
|    clip_range           | 0.15         |
|    entropy_loss         | -4.68        |
|    explained_variance   | 0.689        |
|    learning_rate        | 0.0001       |
|    loss                 | 0.0122       |
|    n_updates            | 1158         |
|    policy_gradient_loss | -0.0172      |
|    value_loss           | 0.136        |
------------------------------------------
------------------------------------------
| rollout/                |              |
|    ep_len_mean          | 39.3         |
|    ep_rew_mean          | -28          |
| time/                   |              |
|    fps                  | 13           |
|    iterations           | 36           |
|    time_elapsed         | 699          |
|    total_timesteps      | 9216         |
| train/                  |              |
|    approx_kl            | 0.0009772107 |
|    clip_fraction        | 0            |
|    clip_range           | 0.15         |
|    entropy_loss         | -4.72        |
|    explained_variance   | 0.402        |
|    learning_rate        | 0.0001       |
|    loss                 | 0.0919       |
|    n_updates            | 1161         |
|    policy_gradient_loss | -0.0101      |
|    value_loss           | 0.275        |
------------------------------------------
-------------------------------------------
| rollout/                |               |
|    ep_len_mean          | 39            |
|    ep_rew_mean          | -28           |
| time/                   |               |
|    fps                  | 13            |
|    iterations           | 37            |
|    time_elapsed         | 714           |
|    total_timesteps      | 9472          |
| train/                  |               |
|    approx_kl            | 0.00031850254 |
|    clip_fraction        | 0             |
|    clip_range           | 0.15          |
|    entropy_loss         | -4.67         |
|    explained_variance   | 0.504         |
|    learning_rate        | 0.0001        |
|    loss                 | 0.35          |
|    n_updates            | 1164          |
|    policy_gradient_loss | 0.00121       |
|    value_loss           | 0.731         |
-------------------------------------------
-------------------------------------------
| rollout/                |               |
|    ep_len_mean          | 38.9          |
|    ep_rew_mean          | -28.4         |
| time/                   |               |
|    fps                  | 13            |
|    iterations           | 38            |
|    time_elapsed         | 728           |
|    total_timesteps      | 9728          |
| train/                  |               |
|    approx_kl            | 0.00050867954 |
|    clip_fraction        | 0             |
|    clip_range           | 0.15          |
|    entropy_loss         | -4.51         |
|    explained_variance   | 0.672         |
|    learning_rate        | 0.0001        |
|    loss                 | 0.108         |
|    n_updates            | 1167          |
|    policy_gradient_loss | -0.00654      |
|    value_loss           | 0.277         |
-------------------------------------------
------------------------------------------
| rollout/                |              |
|    ep_len_mean          | 39           |
|    ep_rew_mean          | -27.6        |
| time/                   |              |
|    fps                  | 13           |
|    iterations           | 39           |
|    time_elapsed         | 751          |
|    total_timesteps      | 9984         |
| train/                  |              |
|    approx_kl            | 0.0012658199 |
|    clip_fraction        | 0            |
|    clip_range           | 0.15         |
|    entropy_loss         | -4.51        |
|    explained_variance   | 0.757        |
|    learning_rate        | 0.0001       |
|    loss                 | 0.0665       |
|    n_updates            | 1170         |
|    policy_gradient_loss | -0.0151      |
|    value_loss           | 0.239        |
------------------------------------------
------------------------------------------
| rollout/                |              |
|    ep_len_mean          | 39.2         |
|    ep_rew_mean          | -27          |
| time/                   |              |
|    fps                  | 13           |
|    iterations           | 40           |
|    time_elapsed         | 774          |
|    total_timesteps      | 10240        |
| train/                  |              |
|    approx_kl            | 0.0011227524 |
|    clip_fraction        | 0            |
|    clip_range           | 0.15         |
|    entropy_loss         | -4.66        |
|    explained_variance   | 0.565        |
|    learning_rate        | 0.0001       |
|    loss                 | 0.467        |
|    n_updates            | 1173         |
|    policy_gradient_loss | -0.00468     |
|    value_loss           | 1            |
------------------------------------------
------------------------------------------
| rollout/                |              |
|    ep_len_mean          | 39.6         |
|    ep_rew_mean          | -27.4        |
| time/                   |              |
|    fps                  | 12           |
|    iterations           | 41           |
|    time_elapsed         | 825          |
|    total_timesteps      | 10496        |
| train/                  |              |
|    approx_kl            | 0.0007694084 |
|    clip_fraction        | 0            |
|    clip_range           | 0.15         |
|    entropy_loss         | -4.79        |
|    explained_variance   | 0.228        |
|    learning_rate        | 0.0001       |
|    loss                 | 0.198        |
|    n_updates            | 1176         |
|    policy_gradient_loss | -0.00638     |
|    value_loss           | 0.499        |
------------------------------------------
[PERF][GymAssaultEnv] pid=52252 decisions=50 step_avg_ms=16055.89 runner_step_avg_ms=33.31 controller_act_avg_ms=223.59 executor_avg_ms=223.08 finalize_avg_ms=0.02 catalog_avg_ms=0.01
[PERF][GymAssaultEnv] pid=52252 decisions=50 step_avg_ms=16284.66 runner_step_avg_ms=33.66 controller_act_avg_ms=225.85 executor_avg_ms=225.37 finalize_avg_ms=0.02 catalog_avg_ms=0.01
[PERF][GymAssaultEnv] pid=52252 decisions=50 step_avg_ms=16514.12 runner_step_avg_ms=34.00 controller_act_avg_ms=226.42 executor_avg_ms=225.92 finalize_avg_ms=0.02 catalog_avg_ms=0.01
[PERF][GymAssaultEnv] pid=52252 decisions=50 step_avg_ms=16740.17 runner_step_avg_ms=34.33 controller_act_avg_ms=222.94 executor_avg_ms=222.45 finalize_avg_ms=0.02 catalog_avg_ms=0.01
[PERF][GymAssaultEnv] pid=52252 decisions=50 step_avg_ms=16971.87 runner_step_avg_ms=34.67 controller_act_avg_ms=228.73 executor_avg_ms=228.24 finalize_avg_ms=0.02 catalog_avg_ms=0.01
------------------------------------------
| rollout/                |              |
|    ep_len_mean          | 40.2         |
|    ep_rew_mean          | -27.8        |
| time/                   |              |
|    fps                  | 12           |
|    iterations           | 42           |
|    time_elapsed         | 885          |
|    total_timesteps      | 10752        |
| train/                  |              |
|    approx_kl            | 0.0006079327 |
|    clip_fraction        | 0            |
|    clip_range           | 0.15         |
|    entropy_loss         | -4.76        |
|    explained_variance   | 0.348        |
|    learning_rate        | 0.0001       |
|    loss                 | 0.212        |
|    n_updates            | 1179         |
|    policy_gradient_loss | -0.00634     |
|    value_loss           | 0.488        |
------------------------------------------
[PERF][GymAssaultEnv] pid=52252 decisions=50 step_avg_ms=17197.50 runner_step_avg_ms=34.99 controller_act_avg_ms=222.56 executor_avg_ms=222.06 finalize_avg_ms=0.02 catalog_avg_ms=0.01
[PERF][GymAssaultEnv] pid=52252 decisions=50 step_avg_ms=17425.39 runner_step_avg_ms=35.32 controller_act_avg_ms=224.85 executor_avg_ms=224.35 finalize_avg_ms=0.02 catalog_avg_ms=0.01
[PERF][GymAssaultEnv] pid=52252 decisions=50 step_avg_ms=17652.16 runner_step_avg_ms=35.64 controller_act_avg_ms=223.81 executor_avg_ms=223.33 finalize_avg_ms=0.02 catalog_avg_ms=0.01
[PERF][GymAssaultEnv] pid=52252 decisions=50 step_avg_ms=17878.15 runner_step_avg_ms=35.96 controller_act_avg_ms=223.02 executor_avg_ms=222.54 finalize_avg_ms=0.02 catalog_avg_ms=0.01
[PERF][GymAssaultEnv] pid=52252 decisions=50 step_avg_ms=18105.35 runner_step_avg_ms=36.28 controller_act_avg_ms=224.28 executor_avg_ms=223.80 finalize_avg_ms=0.02 catalog_avg_ms=0.01
------------------------------------------
| rollout/                |              |
|    ep_len_mean          | 40.7         |
|    ep_rew_mean          | -28.3        |
| time/                   |              |
|    fps                  | 11           |
|    iterations           | 43           |
|    time_elapsed         | 944          |
|    total_timesteps      | 11008        |
| train/                  |              |
|    approx_kl            | 0.0004747042 |
|    clip_fraction        | 0            |
|    clip_range           | 0.15         |
|    entropy_loss         | -4.78        |
|    explained_variance   | 0.159        |
|    learning_rate        | 0.0001       |
|    loss                 | 0.209        |
|    n_updates            | 1182         |
|    policy_gradient_loss | -0.0071      |
|    value_loss           | 0.507        |
------------------------------------------
[PERF][GymAssaultEnv] pid=52252 decisions=50 step_avg_ms=18331.62 runner_step_avg_ms=36.59 controller_act_avg_ms=223.07 executor_avg_ms=222.57 finalize_avg_ms=0.02 catalog_avg_ms=0.01
[PERF][GymAssaultEnv] pid=52252 decisions=50 step_avg_ms=18559.92 runner_step_avg_ms=36.91 controller_act_avg_ms=225.24 executor_avg_ms=224.75 finalize_avg_ms=0.02 catalog_avg_ms=0.01
[PERF][GymAssaultEnv] pid=52252 decisions=50 step_avg_ms=18788.94 runner_step_avg_ms=37.22 controller_act_avg_ms=226.14 executor_avg_ms=225.64 finalize_avg_ms=0.02 catalog_avg_ms=0.01
[PERF][GymAssaultEnv] pid=52252 decisions=50 step_avg_ms=19018.39 runner_step_avg_ms=37.54 controller_act_avg_ms=226.39 executor_avg_ms=225.89 finalize_avg_ms=0.02 catalog_avg_ms=0.01
[PERF][GymAssaultEnv] pid=52252 decisions=50 step_avg_ms=19245.95 runner_step_avg_ms=37.85 controller_act_avg_ms=222.07 executor_avg_ms=221.59 finalize_avg_ms=0.02 catalog_avg_ms=0.01
------------------------------------------
| rollout/                |              |
|    ep_len_mean          | 41.5         |
|    ep_rew_mean          | -27.9        |
| time/                   |              |
|    fps                  | 11           |
|    iterations           | 44           |
|    time_elapsed         | 1006         |
|    total_timesteps      | 11264        |
| train/                  |              |
|    approx_kl            | 0.0010130317 |
|    clip_fraction        | 0            |
|    clip_range           | 0.15         |
|    entropy_loss         | -4.78        |
|    explained_variance   | 0.3          |
|    learning_rate        | 0.0001       |
|    loss                 | 0.152        |
|    n_updates            | 1185         |
|    policy_gradient_loss | -0.0131      |
|    value_loss           | 0.432        |
------------------------------------------
[PERF][GymAssaultEnv] pid=52252 decisions=50 step_avg_ms=19472.50 runner_step_avg_ms=38.15 controller_act_avg_ms=223.51 executor_avg_ms=223.03 finalize_avg_ms=0.02 catalog_avg_ms=0.01
[PERF][GymAssaultEnv] pid=52252 decisions=50 step_avg_ms=19696.89 runner_step_avg_ms=38.44 controller_act_avg_ms=221.23 executor_avg_ms=220.74 finalize_avg_ms=0.02 catalog_avg_ms=0.01
[PERF][GymAssaultEnv] pid=52252 decisions=50 step_avg_ms=19925.04 runner_step_avg_ms=38.75 controller_act_avg_ms=225.26 executor_avg_ms=224.76 finalize_avg_ms=0.02 catalog_avg_ms=0.01
[PERF][GymAssaultEnv] pid=52252 decisions=50 step_avg_ms=20152.57 runner_step_avg_ms=39.04 controller_act_avg_ms=224.62 executor_avg_ms=224.14 finalize_avg_ms=0.02 catalog_avg_ms=0.01
[PERF][GymAssaultEnv] pid=52252 decisions=50 step_avg_ms=20379.48 runner_step_avg_ms=39.34 controller_act_avg_ms=223.90 executor_avg_ms=223.42 finalize_avg_ms=0.02 catalog_avg_ms=0.01
------------------------------------------
| rollout/                |              |
|    ep_len_mean          | 42.2         |
|    ep_rew_mean          | -27.6        |
| time/                   |              |
|    fps                  | 10           |
|    iterations           | 45           |
|    time_elapsed         | 1066         |
|    total_timesteps      | 11520        |
| train/                  |              |
|    approx_kl            | 0.0011217238 |
|    clip_fraction        | 0.00651      |
|    clip_range           | 0.15         |
|    entropy_loss         | -4.75        |
|    explained_variance   | 0.508        |
|    learning_rate        | 0.0001       |
|    loss                 | 0.102        |
|    n_updates            | 1188         |
|    policy_gradient_loss | -0.0144      |
|    value_loss           | 0.339        |
------------------------------------------
[PERF][GymAssaultEnv] pid=52252 decisions=50 step_avg_ms=20606.15 runner_step_avg_ms=39.63 controller_act_avg_ms=220.81 executor_avg_ms=220.32 finalize_avg_ms=0.02 catalog_avg_ms=0.01
[PERF][GymAssaultEnv] pid=52252 decisions=50 step_avg_ms=20833.98 runner_step_avg_ms=39.92 controller_act_avg_ms=224.83 executor_avg_ms=224.33 finalize_avg_ms=0.02 catalog_avg_ms=0.01
[PERF][GymAssaultEnv] pid=52252 decisions=50 step_avg_ms=21058.56 runner_step_avg_ms=40.21 controller_act_avg_ms=221.49 executor_avg_ms=221.00 finalize_avg_ms=0.02 catalog_avg_ms=0.01
[PERF][GymAssaultEnv] pid=52252 decisions=50 step_avg_ms=21285.82 runner_step_avg_ms=40.50 controller_act_avg_ms=224.27 executor_avg_ms=223.78 finalize_avg_ms=0.02 catalog_avg_ms=0.01
[PERF][GymAssaultEnv] pid=52252 decisions=50 step_avg_ms=21512.80 runner_step_avg_ms=40.78 controller_act_avg_ms=224.12 executor_avg_ms=223.65 finalize_avg_ms=0.02 catalog_avg_ms=0.01
[PERF][GymAssaultEnv] pid=52252 decisions=50 step_avg_ms=21739.03 runner_step_avg_ms=41.06 controller_act_avg_ms=223.11 executor_avg_ms=222.61 finalize_avg_ms=0.02 catalog_avg_ms=0.01
------------------------------------------
| rollout/                |              |
|    ep_len_mean          | 43.1         |
|    ep_rew_mean          | -27.2        |
| time/                   |              |
|    fps                  | 10           |
|    iterations           | 46           |
|    time_elapsed         | 1124         |
|    total_timesteps      | 11776        |
| train/                  |              |
|    approx_kl            | 0.0014723637 |
|    clip_fraction        | 0.00651      |
|    clip_range           | 0.15         |
|    entropy_loss         | -4.74        |
|    explained_variance   | 0.592        |
|    learning_rate        | 0.0001       |
|    loss                 | 0.0707       |
|    n_updates            | 1191         |
|    policy_gradient_loss | -0.0166      |
|    value_loss           | 0.274        |
------------------------------------------
[PERF][GymAssaultEnv] pid=52252 decisions=50 step_avg_ms=21965.93 runner_step_avg_ms=41.34 controller_act_avg_ms=221.20 executor_avg_ms=220.71 finalize_avg_ms=0.02 catalog_avg_ms=0.01
[PERF][GymAssaultEnv] pid=52252 decisions=50 step_avg_ms=22192.85 runner_step_avg_ms=41.62 controller_act_avg_ms=223.94 executor_avg_ms=223.45 finalize_avg_ms=0.02 catalog_avg_ms=0.01
[PERF][GymAssaultEnv] pid=52252 decisions=50 step_avg_ms=22418.19 runner_step_avg_ms=41.89 controller_act_avg_ms=222.17 executor_avg_ms=221.67 finalize_avg_ms=0.02 catalog_avg_ms=0.01
[PERF][GymAssaultEnv] pid=52252 decisions=50 step_avg_ms=22645.69 runner_step_avg_ms=42.17 controller_act_avg_ms=224.51 executor_avg_ms=224.01 finalize_avg_ms=0.02 catalog_avg_ms=0.01
[PERF][GymAssaultEnv] pid=52252 decisions=50 step_avg_ms=22873.25 runner_step_avg_ms=42.44 controller_act_avg_ms=224.63 executor_avg_ms=224.14 finalize_avg_ms=0.02 catalog_avg_ms=0.01
------------------------------------------
| rollout/                |              |
|    ep_len_mean          | 43.5         |
|    ep_rew_mean          | -27.3        |
| time/                   |              |
|    fps                  | 10           |
|    iterations           | 47           |
|    time_elapsed         | 1181         |
|    total_timesteps      | 12032        |
| train/                  |              |
|    approx_kl            | 0.0015637877 |
|    clip_fraction        | 0            |
|    clip_range           | 0.15         |
|    entropy_loss         | -4.74        |
|    explained_variance   | 0.724        |
|    learning_rate        | 0.0001       |
|    loss                 | 0.0393       |
|    n_updates            | 1194         |
|    policy_gradient_loss | -0.0191      |
|    value_loss           | 0.217        |
------------------------------------------
[PERF][GymAssaultEnv] pid=52252 decisions=50 step_avg_ms=23163.07 runner_step_avg_ms=42.83 controller_act_avg_ms=281.74 executor_avg_ms=281.21 finalize_avg_ms=0.02 catalog_avg_ms=0.01
[PERF][GymAssaultEnv] pid=52252 decisions=50 step_avg_ms=23457.57 runner_step_avg_ms=43.22 controller_act_avg_ms=286.29 executor_avg_ms=285.77 finalize_avg_ms=0.02 catalog_avg_ms=0.01
[PERF][GymAssaultEnv] pid=52252 decisions=50 step_avg_ms=23748.19 runner_step_avg_ms=43.60 controller_act_avg_ms=282.33 executor_avg_ms=281.79 finalize_avg_ms=0.02 catalog_avg_ms=0.01
[PERF][GymAssaultEnv] pid=52252 decisions=50 step_avg_ms=24042.48 runner_step_avg_ms=43.98 controller_act_avg_ms=286.05 executor_avg_ms=285.49 finalize_avg_ms=0.02 catalog_avg_ms=0.01
[PERF][GymAssaultEnv] pid=52252 decisions=50 step_avg_ms=24332.82 runner_step_avg_ms=44.35 controller_act_avg_ms=282.22 executor_avg_ms=281.67 finalize_avg_ms=0.02 catalog_avg_ms=0.01
------------------------------------------
| rollout/                |              |
|    ep_len_mean          | 44.1         |
|    ep_rew_mean          | -27.9        |
| time/                   |              |
|    fps                  | 9            |
|    iterations           | 48           |
|    time_elapsed         | 1255         |
|    total_timesteps      | 12288        |
| train/                  |              |
|    approx_kl            | 0.0017261836 |
|    clip_fraction        | 0.00651      |
|    clip_range           | 0.15         |
|    entropy_loss         | -4.7         |
|    explained_variance   | 0.764        |
|    learning_rate        | 0.0001       |
|    loss                 | 0.0194       |
|    n_updates            | 1197         |
|    policy_gradient_loss | -0.0198      |
|    value_loss           | 0.169        |
------------------------------------------
[PERF][GymAssaultEnv] pid=52252 decisions=50 step_avg_ms=24626.34 runner_step_avg_ms=44.73 controller_act_avg_ms=285.27 executor_avg_ms=284.72 finalize_avg_ms=0.02 catalog_avg_ms=0.01
----------------------------------------
| rollout/                |            |
|    ep_len_mean          | 44.2       |
|    ep_rew_mean          | -27.8      |
| time/                   |            |
|    fps                  | 9          |
|    iterations           | 49         |
|    time_elapsed         | 1298       |
|    total_timesteps      | 12544      |
| train/                  |            |
|    approx_kl            | 0.00147989 |
|    clip_fraction        | 0          |
|    clip_range           | 0.15       |
|    entropy_loss         | -4.61      |
|    explained_variance   | 0.687      |
|    learning_rate        | 0.0001     |
|    loss                 | 0.0749     |
|    n_updates            | 1200       |
|    policy_gradient_loss | -0.0153    |
|    value_loss           | 0.263      |
----------------------------------------
-------------------------------------------
| rollout/                |               |
|    ep_len_mean          | 44.1          |
|    ep_rew_mean          | -27.6         |
| time/                   |               |
|    fps                  | 9             |
|    iterations           | 50            |
|    time_elapsed         | 1332          |
|    total_timesteps      | 12800         |
| train/                  |               |
|    approx_kl            | 0.00058134063 |
|    clip_fraction        | 0             |
|    clip_range           | 0.15          |
|    entropy_loss         | -4.5          |
|    explained_variance   | 0.821         |
|    learning_rate        | 0.0001        |
|    loss                 | 0.0835        |
|    n_updates            | 1203          |
|    policy_gradient_loss | -0.00853      |
|    value_loss           | 0.245         |
-------------------------------------------
-------------------------------------------
| rollout/                |               |
|    ep_len_mean          | 44            |
|    ep_rew_mean          | -27.5         |
| time/                   |               |
|    fps                  | 9             |
|    iterations           | 51            |
|    time_elapsed         | 1363          |
|    total_timesteps      | 13056         |
| train/                  |               |
|    approx_kl            | 0.00053478614 |
|    clip_fraction        | 0             |
|    clip_range           | 0.15          |
|    entropy_loss         | -4.75         |
|    explained_variance   | 0.65          |
|    learning_rate        | 0.0001        |
|    loss                 | 0.158         |
|    n_updates            | 1206          |
|    policy_gradient_loss | -0.00647      |
|    value_loss           | 0.364         |
-------------------------------------------
------------------------------------------
| rollout/                |              |
|    ep_len_mean          | 43.8         |
|    ep_rew_mean          | -27.8        |
| time/                   |              |
|    fps                  | 9            |
|    iterations           | 52           |
|    time_elapsed         | 1395         |
|    total_timesteps      | 13312        |
| train/                  |              |
|    approx_kl            | 0.0008037286 |
|    clip_fraction        | 0            |
|    clip_range           | 0.15         |
|    entropy_loss         | -4.76        |
|    explained_variance   | 0.561        |
|    learning_rate        | 0.0001       |
|    loss                 | 0.144        |
|    n_updates            | 1209         |
|    policy_gradient_loss | -0.0114      |
|    value_loss           | 0.385        |
------------------------------------------
------------------------------------------
| rollout/                |              |
|    ep_len_mean          | 43.8         |
|    ep_rew_mean          | -27.5        |
| time/                   |              |
|    fps                  | 9            |
|    iterations           | 53           |
|    time_elapsed         | 1410         |
|    total_timesteps      | 13568        |
| train/                  |              |
|    approx_kl            | 0.0011105922 |
|    clip_fraction        | 0            |
|    clip_range           | 0.15         |
|    entropy_loss         | -4.81        |
|    explained_variance   | 0.52         |
|    learning_rate        | 0.0001       |
|    loss                 | 0.0966       |
|    n_updates            | 1212         |
|    policy_gradient_loss | -0.0161      |
|    value_loss           | 0.329        |
------------------------------------------
------------------------------------------
| rollout/                |              |
|    ep_len_mean          | 43.8         |
|    ep_rew_mean          | -27.3        |
| time/                   |              |
|    fps                  | 9            |
|    iterations           | 54           |
|    time_elapsed         | 1423         |
|    total_timesteps      | 13824        |
| train/                  |              |
|    approx_kl            | 0.0003148478 |
|    clip_fraction        | 0            |
|    clip_range           | 0.15         |
|    entropy_loss         | -4.63        |
|    explained_variance   | 0.424        |
|    learning_rate        | 0.0001       |
|    loss                 | 0.158        |
|    n_updates            | 1215         |
|    policy_gradient_loss | -0.0025      |
|    value_loss           | 0.395        |
------------------------------------------
-------------------------------------------
| rollout/                |               |
|    ep_len_mean          | 43.9          |
|    ep_rew_mean          | -27.1         |
| time/                   |               |
|    fps                  | 9             |
|    iterations           | 55            |
|    time_elapsed         | 1434          |
|    total_timesteps      | 14080         |
| train/                  |               |
|    approx_kl            | 0.00043630204 |
|    clip_fraction        | 0             |
|    clip_range           | 0.15          |
|    entropy_loss         | -4.66         |
|    explained_variance   | 0.418         |
|    learning_rate        | 0.0001        |
|    loss                 | 0.106         |
|    n_updates            | 1218          |
|    policy_gradient_loss | -0.00893      |
|    value_loss           | 0.323         |
-------------------------------------------
------------------------------------------
| rollout/                |              |
|    ep_len_mean          | 43.9         |
|    ep_rew_mean          | -28.1        |
| time/                   |              |
|    fps                  | 9            |
|    iterations           | 56           |
|    time_elapsed         | 1445         |
|    total_timesteps      | 14336        |
| train/                  |              |
|    approx_kl            | 0.0006523093 |
|    clip_fraction        | 0            |
|    clip_range           | 0.15         |
|    entropy_loss         | -4.62        |
|    explained_variance   | 0.686        |
|    learning_rate        | 0.0001       |
|    loss                 | 0.0727       |
|    n_updates            | 1221         |
|    policy_gradient_loss | -0.0115      |
|    value_loss           | 0.243        |
------------------------------------------
------------------------------------------
| rollout/                |              |
|    ep_len_mean          | 43.8         |
|    ep_rew_mean          | -28.8        |
| time/                   |              |
|    fps                  | 10           |
|    iterations           | 57           |
|    time_elapsed         | 1455         |
|    total_timesteps      | 14592        |
| train/                  |              |
|    approx_kl            | 0.0011211745 |
|    clip_fraction        | 0            |
|    clip_range           | 0.15         |
|    entropy_loss         | -4.62        |
|    explained_variance   | 0.702        |
|    learning_rate        | 0.0001       |
|    loss                 | 0.0558       |
|    n_updates            | 1224         |
|    policy_gradient_loss | -0.0158      |
|    value_loss           | 0.222        |
------------------------------------------
-----------------------------------------
| rollout/                |             |
|    ep_len_mean          | 43.2        |
|    ep_rew_mean          | -28.3       |
| time/                   |             |
|    fps                  | 10          |
|    iterations           | 58          |
|    time_elapsed         | 1465        |
|    total_timesteps      | 14848       |
| train/                  |             |
|    approx_kl            | 0.000854647 |
|    clip_fraction        | 0           |
|    clip_range           | 0.15        |
|    entropy_loss         | -4.64       |
|    explained_variance   | 0.609       |
|    learning_rate        | 0.0001      |
|    loss                 | 0.0472      |
|    n_updates            | 1227        |
|    policy_gradient_loss | -0.0125     |
|    value_loss           | 0.184       |
-----------------------------------------
------------------------------------------
| rollout/                |              |
|    ep_len_mean          | 42.6         |
|    ep_rew_mean          | -28          |
| time/                   |              |
|    fps                  | 10           |
|    iterations           | 59           |
|    time_elapsed         | 1495         |
|    total_timesteps      | 15104        |
| train/                  |              |
|    approx_kl            | 0.0013193279 |
|    clip_fraction        | 0            |
|    clip_range           | 0.15         |
|    entropy_loss         | -4.62        |
|    explained_variance   | 0.66         |
|    learning_rate        | 0.0001       |
|    loss                 | 0.0173       |
|    n_updates            | 1230         |
|    policy_gradient_loss | -0.0195      |
|    value_loss           | 0.148        |
------------------------------------------
-------------------------------------------
| rollout/                |               |
|    ep_len_mean          | 42            |
|    ep_rew_mean          | -27.7         |
| time/                   |               |
|    fps                  | 10            |
|    iterations           | 60            |
|    time_elapsed         | 1528          |
|    total_timesteps      | 15360         |
| train/                  |               |
|    approx_kl            | 0.00032992894 |
|    clip_fraction        | 0             |
|    clip_range           | 0.15          |
|    entropy_loss         | -4.77         |
|    explained_variance   | 0.551         |
|    learning_rate        | 0.0001        |
|    loss                 | 0.119         |
|    n_updates            | 1233          |
|    policy_gradient_loss | -0.00475      |
|    value_loss           | 0.292         |
-------------------------------------------
-------------------------------------------
| rollout/                |               |
|    ep_len_mean          | 41.1          |
|    ep_rew_mean          | -27.9         |
| time/                   |               |
|    fps                  | 10            |
|    iterations           | 61            |
|    time_elapsed         | 1543          |
|    total_timesteps      | 15616         |
| train/                  |               |
|    approx_kl            | 0.00059116166 |
|    clip_fraction        | 0             |
|    clip_range           | 0.15          |
|    entropy_loss         | -4.8          |
|    explained_variance   | 0.542         |
|    learning_rate        | 0.0001        |
|    loss                 | 0.0914        |
|    n_updates            | 1236          |
|    policy_gradient_loss | -0.0116       |
|    value_loss           | 0.291         |
-------------------------------------------
-------------------------------------------
| rollout/                |               |
|    ep_len_mean          | 40.4          |
|    ep_rew_mean          | -27.8         |
| time/                   |               |
|    fps                  | 10            |
|    iterations           | 62            |
|    time_elapsed         | 1575          |
|    total_timesteps      | 15872         |
| train/                  |               |
|    approx_kl            | 0.00035001058 |
|    clip_fraction        | 0             |
|    clip_range           | 0.15          |
|    entropy_loss         | -4.41         |
|    explained_variance   | 0.732         |
|    learning_rate        | 0.0001        |
|    loss                 | 0.25          |
|    n_updates            | 1239          |
|    policy_gradient_loss | -0.00551      |
|    value_loss           | 0.591         |
-------------------------------------------
------------------------------------------
| rollout/                |              |
|    ep_len_mean          | 40           |
|    ep_rew_mean          | -28          |
| time/                   |              |
|    fps                  | 10           |
|    iterations           | 63           |
|    time_elapsed         | 1589         |
|    total_timesteps      | 16128        |
| train/                  |              |
|    approx_kl            | 0.0009083615 |
|    clip_fraction        | 0            |
|    clip_range           | 0.15         |
|    entropy_loss         | -4.75        |
|    explained_variance   | 0.809        |
|    learning_rate        | 0.0001       |
|    loss                 | 0.005        |
|    n_updates            | 1242         |
|    policy_gradient_loss | -0.0148      |
|    value_loss           | 0.12         |
------------------------------------------
------------------------------------------
| rollout/                |              |
|    ep_len_mean          | 40           |
|    ep_rew_mean          | -27.7        |
| time/                   |              |
|    fps                  | 10           |
|    iterations           | 64           |
|    time_elapsed         | 1597         |
|    total_timesteps      | 16384        |
| train/                  |              |
|    approx_kl            | 0.0010597769 |
|    clip_fraction        | 0            |
|    clip_range           | 0.15         |
|    entropy_loss         | -4.71        |
|    explained_variance   | 0.641        |
|    learning_rate        | 0.0001       |
|    loss                 | 0.299        |
|    n_updates            | 1245         |
|    policy_gradient_loss | -0.00878     |
|    value_loss           | 0.673        |
------------------------------------------
-------------------------------------------
| rollout/                |               |
|    ep_len_mean          | 40.4          |
|    ep_rew_mean          | -27.8         |
| time/                   |               |
|    fps                  | 10            |
|    iterations           | 65            |
|    time_elapsed         | 1606          |
|    total_timesteps      | 16640         |
| train/                  |               |
|    approx_kl            | 0.00057776785 |
|    clip_fraction        | 0             |
|    clip_range           | 0.15          |
|    entropy_loss         | -4.61         |
|    explained_variance   | 0.727         |
|    learning_rate        | 0.0001        |
|    loss                 | 0.081         |
|    n_updates            | 1248          |
|    policy_gradient_loss | -0.00695      |
|    value_loss           | 0.228         |
-------------------------------------------
------------------------------------------
| rollout/                |              |
|    ep_len_mean          | 40.9         |
|    ep_rew_mean          | -27.9        |
| time/                   |              |
|    fps                  | 10           |
|    iterations           | 66           |
|    time_elapsed         | 1615         |
|    total_timesteps      | 16896        |
| train/                  |              |
|    approx_kl            | 0.0007840593 |
|    clip_fraction        | 0            |
|    clip_range           | 0.15         |
|    entropy_loss         | -4.62        |
|    explained_variance   | 0.745        |
|    learning_rate        | 0.0001       |
|    loss                 | 0.0585       |
|    n_updates            | 1251         |
|    policy_gradient_loss | -0.0124      |
|    value_loss           | 0.216        |
------------------------------------------
------------------------------------------
| rollout/                |              |
|    ep_len_mean          | 41.3         |
|    ep_rew_mean          | -27.9        |
| time/                   |              |
|    fps                  | 10           |
|    iterations           | 67           |
|    time_elapsed         | 1621         |
|    total_timesteps      | 17152        |
| train/                  |              |
|    approx_kl            | 0.0010384903 |
|    clip_fraction        | 0            |
|    clip_range           | 0.15         |
|    entropy_loss         | -4.56        |
|    explained_variance   | 0.833        |
|    learning_rate        | 0.0001       |
|    loss                 | 0.0195       |
|    n_updates            | 1254         |
|    policy_gradient_loss | -0.0164      |
|    value_loss           | 0.146        |
------------------------------------------
-----------------------------------------
| rollout/                |             |
|    ep_len_mean          | 41.4        |
|    ep_rew_mean          | -27.8       |
| time/                   |             |
|    fps                  | 10          |
|    iterations           | 68          |
|    time_elapsed         | 1633        |
|    total_timesteps      | 17408       |
| train/                  |             |
|    approx_kl            | 0.001333216 |
|    clip_fraction        | 0           |
|    clip_range           | 0.15        |
|    entropy_loss         | -4.6        |
|    explained_variance   | 0.847       |
|    learning_rate        | 0.0001      |
|    loss                 | 0.0119      |
|    n_updates            | 1257        |
|    policy_gradient_loss | -0.019      |
|    value_loss           | 0.135       |
-----------------------------------------
-------------------------------------------
| rollout/                |               |
|    ep_len_mean          | 41.7          |
|    ep_rew_mean          | -28.2         |
| time/                   |               |
|    fps                  | 10            |
|    iterations           | 69            |
|    time_elapsed         | 1650          |
|    total_timesteps      | 17664         |
| train/                  |               |
|    approx_kl            | 0.00080239144 |
|    clip_fraction        | 0             |
|    clip_range           | 0.15          |
|    entropy_loss         | -4.69         |
|    explained_variance   | 0.546         |
|    learning_rate        | 0.0001        |
|    loss                 | 0.192         |
|    n_updates            | 1260          |
|    policy_gradient_loss | -0.00584      |
|    value_loss           | 0.483         |
-------------------------------------------
------------------------------------------
| rollout/                |              |
|    ep_len_mean          | 42.1         |
|    ep_rew_mean          | -28.5        |
| time/                   |              |
|    fps                  | 10           |
|    iterations           | 70           |
|    time_elapsed         | 1668         |
|    total_timesteps      | 17920        |
| train/                  |              |
|    approx_kl            | 0.0006530322 |
|    clip_fraction        | 0            |
|    clip_range           | 0.15         |
|    entropy_loss         | -4.5         |
|    explained_variance   | 0.842        |
|    learning_rate        | 0.0001       |
|    loss                 | 0.0864       |
|    n_updates            | 1263         |
|    policy_gradient_loss | -0.0091      |
|    value_loss           | 0.249        |
------------------------------------------
[PERF][GymAssaultEnv] pid=52252 decisions=50 step_avg_ms=32342.66 runner_step_avg_ms=40.36 controller_act_avg_ms=69.45 executor_avg_ms=68.96 finalize_avg_ms=0.01 catalog_avg_ms=0.00
[PERF][GymAssaultEnv] pid=52252 decisions=50 step_avg_ms=32418.82 runner_step_avg_ms=40.35 controller_act_avg_ms=68.82 executor_avg_ms=68.34 finalize_avg_ms=0.01 catalog_avg_ms=0.00
[PERF][GymAssaultEnv] pid=52252 decisions=50 step_avg_ms=32498.09 runner_step_avg_ms=40.36 controller_act_avg_ms=72.01 executor_avg_ms=71.55 finalize_avg_ms=0.02 catalog_avg_ms=0.01
[PERF][GymAssaultEnv] pid=52252 decisions=50 step_avg_ms=32574.91 runner_step_avg_ms=40.35 controller_act_avg_ms=69.30 executor_avg_ms=68.82 finalize_avg_ms=0.02 catalog_avg_ms=0.00
------------------------------------------
| rollout/                |              |
|    ep_len_mean          | 42.6         |
|    ep_rew_mean          | -28.9        |
| time/                   |              |
|    fps                  | 10           |
|    iterations           | 71           |
|    time_elapsed         | 1691         |
|    total_timesteps      | 18176        |
| train/                  |              |
|    approx_kl            | 0.0013306735 |
|    clip_fraction        | 0            |
|    clip_range           | 0.15         |
|    entropy_loss         | -4.5         |
|    explained_variance   | 0.864        |
|    learning_rate        | 0.0001       |
|    loss                 | 0.0455       |
|    n_updates            | 1266         |
|    policy_gradient_loss | -0.0168      |
|    value_loss           | 0.199        |
------------------------------------------
[PERF][GymAssaultEnv] pid=52252 decisions=50 step_avg_ms=32654.02 runner_step_avg_ms=40.36 controller_act_avg_ms=69.03 executor_avg_ms=68.53 finalize_avg_ms=0.02 catalog_avg_ms=0.00
[PERF][GymAssaultEnv] pid=52252 decisions=50 step_avg_ms=32685.66 runner_step_avg_ms=40.30 controller_act_avg_ms=23.28 executor_avg_ms=22.81 finalize_avg_ms=0.02 catalog_avg_ms=0.01
[PERF][GymAssaultEnv] pid=52252 decisions=50 step_avg_ms=32717.26 runner_step_avg_ms=40.24 controller_act_avg_ms=23.36 executor_avg_ms=22.90 finalize_avg_ms=0.01 catalog_avg_ms=0.01
[PERF][GymAssaultEnv] pid=52252 decisions=50 step_avg_ms=32749.07 runner_step_avg_ms=40.18 controller_act_avg_ms=23.61 executor_avg_ms=23.11 finalize_avg_ms=0.01 catalog_avg_ms=0.01
[PERF][GymAssaultEnv] pid=52252 decisions=50 step_avg_ms=32780.48 runner_step_avg_ms=40.12 controller_act_avg_ms=22.97 executor_avg_ms=22.50 finalize_avg_ms=0.02 catalog_avg_ms=0.01
[PERF][GymAssaultEnv] pid=52252 decisions=50 step_avg_ms=32812.24 runner_step_avg_ms=40.06 controller_act_avg_ms=23.44 executor_avg_ms=22.93 finalize_avg_ms=0.02 catalog_avg_ms=0.01
-------------------------------------------
| rollout/                |               |
|    ep_len_mean          | 43.2          |
|    ep_rew_mean          | -29.8         |
| time/                   |               |
|    fps                  | 10            |
|    iterations           | 72            |
|    time_elapsed         | 1699          |
|    total_timesteps      | 18432         |
| train/                  |               |
|    approx_kl            | 0.00053185713 |
|    clip_fraction        | 0             |
|    clip_range           | 0.15          |
|    entropy_loss         | -4.71         |
|    explained_variance   | 0.511         |
|    learning_rate        | 0.0001        |
|    loss                 | 0.325         |
|    n_updates            | 1269          |
|    policy_gradient_loss | -0.000476     |
|    value_loss           | 0.693         |
-------------------------------------------
[PERF][GymAssaultEnv] pid=52252 decisions=50 step_avg_ms=32843.65 runner_step_avg_ms=40.00 controller_act_avg_ms=23.10 executor_avg_ms=22.63 finalize_avg_ms=0.02 catalog_avg_ms=0.00
[PERF][GymAssaultEnv] pid=52252 decisions=50 step_avg_ms=32874.91 runner_step_avg_ms=39.95 controller_act_avg_ms=22.92 executor_avg_ms=22.42 finalize_avg_ms=0.02 catalog_avg_ms=0.01
[PERF][GymAssaultEnv] pid=52252 decisions=50 step_avg_ms=32908.95 runner_step_avg_ms=39.89 controller_act_avg_ms=20.59 executor_avg_ms=20.11 finalize_avg_ms=0.02 catalog_avg_ms=0.01
[PERF][GymAssaultEnv] pid=52252 decisions=50 step_avg_ms=32940.92 runner_step_avg_ms=39.83 controller_act_avg_ms=23.65 executor_avg_ms=23.19 finalize_avg_ms=0.02 catalog_avg_ms=0.01
[PERF][GymAssaultEnv] pid=52252 decisions=50 step_avg_ms=32972.60 runner_step_avg_ms=39.78 controller_act_avg_ms=23.35 executor_avg_ms=22.89 finalize_avg_ms=0.01 catalog_avg_ms=0.00
-------------------------------------------
| rollout/                |               |
|    ep_len_mean          | 43.8          |
|    ep_rew_mean          | -30.7         |
| time/                   |               |
|    fps                  | 10            |
|    iterations           | 73            |
|    time_elapsed         | 1708          |
|    total_timesteps      | 18688         |
| train/                  |               |
|    approx_kl            | 0.00035061524 |
|    clip_fraction        | 0             |
|    clip_range           | 0.15          |
|    entropy_loss         | -4.34         |
|    explained_variance   | 0.611         |
|    learning_rate        | 0.0001        |
|    loss                 | 0.537         |
|    n_updates            | 1272          |
|    policy_gradient_loss | -0.000401     |
|    value_loss           | 1.19          |
-------------------------------------------
[PERF][GymAssaultEnv] pid=52252 decisions=50 step_avg_ms=33004.21 runner_step_avg_ms=39.72 controller_act_avg_ms=23.13 executor_avg_ms=22.65 finalize_avg_ms=0.02 catalog_avg_ms=0.01
[PERF][GymAssaultEnv] pid=52252 decisions=50 step_avg_ms=33035.60 runner_step_avg_ms=39.66 controller_act_avg_ms=23.09 executor_avg_ms=22.63 finalize_avg_ms=0.02 catalog_avg_ms=0.01
[PERF][GymAssaultEnv] pid=52252 decisions=50 step_avg_ms=33067.04 runner_step_avg_ms=39.61 controller_act_avg_ms=23.08 executor_avg_ms=22.63 finalize_avg_ms=0.02 catalog_avg_ms=0.01
[PERF][GymAssaultEnv] pid=52252 decisions=50 step_avg_ms=33098.35 runner_step_avg_ms=39.55 controller_act_avg_ms=22.94 executor_avg_ms=22.48 finalize_avg_ms=0.02 catalog_avg_ms=0.01
[PERF][GymAssaultEnv] pid=52252 decisions=50 step_avg_ms=33129.88 runner_step_avg_ms=39.49 controller_act_avg_ms=23.02 executor_avg_ms=22.54 finalize_avg_ms=0.02 catalog_avg_ms=0.01
-------------------------------------------
| rollout/                |               |
|    ep_len_mean          | 44.3          |
|    ep_rew_mean          | -31.8         |
| time/                   |               |
|    fps                  | 11            |
|    iterations           | 74            |
|    time_elapsed         | 1717          |
|    total_timesteps      | 18944         |
| train/                  |               |
|    approx_kl            | 0.00024400931 |
|    clip_fraction        | 0             |
|    clip_range           | 0.15          |
|    entropy_loss         | -4.33         |
|    explained_variance   | 0.683         |
|    learning_rate        | 0.0001        |
|    loss                 | 0.378         |
|    n_updates            | 1275          |
|    policy_gradient_loss | -0.00442      |
|    value_loss           | 0.925         |
-------------------------------------------
[PERF][GymAssaultEnv] pid=52252 decisions=50 step_avg_ms=33161.47 runner_step_avg_ms=39.44 controller_act_avg_ms=23.28 executor_avg_ms=22.82 finalize_avg_ms=0.02 catalog_avg_ms=0.01
[PERF][GymAssaultEnv] pid=52252 decisions=50 step_avg_ms=33192.68 runner_step_avg_ms=39.38 controller_act_avg_ms=22.84 executor_avg_ms=22.33 finalize_avg_ms=0.02 catalog_avg_ms=0.01
[PERF][GymAssaultEnv] pid=52252 decisions=50 step_avg_ms=33223.78 runner_step_avg_ms=39.33 controller_act_avg_ms=22.86 executor_avg_ms=22.40 finalize_avg_ms=0.01 catalog_avg_ms=0.00
[PERF][GymAssaultEnv] pid=52252 decisions=50 step_avg_ms=33254.94 runner_step_avg_ms=39.27 controller_act_avg_ms=22.78 executor_avg_ms=22.28 finalize_avg_ms=0.02 catalog_avg_ms=0.01
[PERF][GymAssaultEnv] pid=52252 decisions=50 step_avg_ms=33286.11 runner_step_avg_ms=39.22 controller_act_avg_ms=23.09 executor_avg_ms=22.61 finalize_avg_ms=0.01 catalog_avg_ms=0.00
-------------------------------------------
| rollout/                |               |
|    ep_len_mean          | 44.9          |
|    ep_rew_mean          | -33           |
| time/                   |               |
|    fps                  | 11            |
|    iterations           | 75            |
|    time_elapsed         | 1726          |
|    total_timesteps      | 19200         |
| train/                  |               |
|    approx_kl            | 0.00028159562 |
|    clip_fraction        | 0             |
|    clip_range           | 0.15          |
|    entropy_loss         | -4.33         |
|    explained_variance   | 0.811         |
|    learning_rate        | 0.0001        |
|    loss                 | 0.253         |
|    n_updates            | 1278          |
|    policy_gradient_loss | -0.00592      |
|    value_loss           | 0.666         |
-------------------------------------------
[PERF][GymAssaultEnv] pid=52252 decisions=50 step_avg_ms=33317.39 runner_step_avg_ms=39.16 controller_act_avg_ms=22.98 executor_avg_ms=22.52 finalize_avg_ms=0.02 catalog_avg_ms=0.01
[PERF][GymAssaultEnv] pid=52252 decisions=50 step_avg_ms=33348.81 runner_step_avg_ms=39.11 controller_act_avg_ms=23.13 executor_avg_ms=22.62 finalize_avg_ms=0.02 catalog_avg_ms=0.01
[PERF][GymAssaultEnv] pid=52252 decisions=50 step_avg_ms=33380.40 runner_step_avg_ms=39.06 controller_act_avg_ms=23.14 executor_avg_ms=22.62 finalize_avg_ms=0.02 catalog_avg_ms=0.01
[PERF][GymAssaultEnv] pid=52252 decisions=50 step_avg_ms=33412.07 runner_step_avg_ms=39.00 controller_act_avg_ms=23.18 executor_avg_ms=22.70 finalize_avg_ms=0.02 catalog_avg_ms=0.01
[PERF][GymAssaultEnv] pid=52252 decisions=50 step_avg_ms=33443.16 runner_step_avg_ms=38.95 controller_act_avg_ms=22.85 executor_avg_ms=22.35 finalize_avg_ms=0.02 catalog_avg_ms=0.01
------------------------------------------
| rollout/                |              |
|    ep_len_mean          | 45.4         |
|    ep_rew_mean          | -34.1        |
| time/                   |              |
|    fps                  | 11           |
|    iterations           | 76           |
|    time_elapsed         | 1735         |
|    total_timesteps      | 19456        |
| train/                  |              |
|    approx_kl            | 0.0003277755 |
|    clip_fraction        | 0            |
|    clip_range           | 0.15         |
|    entropy_loss         | -4.32        |
|    explained_variance   | 0.887        |
|    learning_rate        | 0.0001       |
|    loss                 | 0.194        |
|    n_updates            | 1281         |
|    policy_gradient_loss | -0.00454     |
|    value_loss           | 0.499        |
------------------------------------------
[PERF][GymAssaultEnv] pid=52252 decisions=50 step_avg_ms=33474.50 runner_step_avg_ms=38.90 controller_act_avg_ms=23.04 executor_avg_ms=22.53 finalize_avg_ms=0.02 catalog_avg_ms=0.01
-------------------------------------------
| rollout/                |               |
|    ep_len_mean          | 45.6          |
|    ep_rew_mean          | -34.9         |
| time/                   |               |
|    fps                  | 11            |
|    iterations           | 77            |
|    time_elapsed         | 1757          |
|    total_timesteps      | 19712         |
| train/                  |               |
|    approx_kl            | 0.00030795974 |
|    clip_fraction        | 0             |
|    clip_range           | 0.15          |
|    entropy_loss         | -4.32         |
|    explained_variance   | 0.871         |
|    learning_rate        | 0.0001        |
|    loss                 | 0.195         |
|    n_updates            | 1284          |
|    policy_gradient_loss | -0.00409      |
|    value_loss           | 0.461         |
-------------------------------------------
------------------------------------------
| rollout/                |              |
|    ep_len_mean          | 45.6         |
|    ep_rew_mean          | -35.8        |
| time/                   |              |
|    fps                  | 11           |
|    iterations           | 78           |
|    time_elapsed         | 1784         |
|    total_timesteps      | 19968        |
| train/                  |              |
|    approx_kl            | 0.0001015272 |
|    clip_fraction        | 0            |
|    clip_range           | 0.15         |
|    entropy_loss         | -4.42        |
|    explained_variance   | 0.678        |
|    learning_rate        | 0.0001       |
|    loss                 | 0.273        |
|    n_updates            | 1287         |
|    policy_gradient_loss | -0.00158     |
|    value_loss           | 0.572        |
------------------------------------------
-------------------------------------------
| rollout/                |               |
|    ep_len_mean          | 45.9          |
|    ep_rew_mean          | -36           |
| time/                   |               |
|    fps                  | 11            |
|    iterations           | 79            |
|    time_elapsed         | 1804          |
|    total_timesteps      | 20224         |
| train/                  |               |
|    approx_kl            | 0.00019337074 |
|    clip_fraction        | 0             |
|    clip_range           | 0.15          |
|    entropy_loss         | -4.44         |
|    explained_variance   | 0.671         |
|    learning_rate        | 0.0001        |
|    loss                 | 0.242         |
|    n_updates            | 1290          |
|    policy_gradient_loss | -0.00689      |
|    value_loss           | 0.565         |
-------------------------------------------
[PERF][GymAssaultEnv] pid=52252 decisions=50 step_avg_ms=34873.02 runner_step_avg_ms=38.89 controller_act_avg_ms=24.13 executor_avg_ms=23.61 finalize_avg_ms=0.02 catalog_avg_ms=0.01
[PERF][GymAssaultEnv] pid=52252 decisions=50 step_avg_ms=34907.13 runner_step_avg_ms=38.84 controller_act_avg_ms=26.13 executor_avg_ms=25.65 finalize_avg_ms=0.02 catalog_avg_ms=0.01
[PERF][GymAssaultEnv] pid=52252 decisions=50 step_avg_ms=34938.76 runner_step_avg_ms=38.79 controller_act_avg_ms=23.72 executor_avg_ms=23.26 finalize_avg_ms=0.01 catalog_avg_ms=0.00
[PERF][GymAssaultEnv] pid=52252 decisions=50 step_avg_ms=34970.41 runner_step_avg_ms=38.74 controller_act_avg_ms=23.64 executor_avg_ms=23.14 finalize_avg_ms=0.02 catalog_avg_ms=0.01
-------------------------------------------
| rollout/                |               |
|    ep_len_mean          | 46.3          |
|    ep_rew_mean          | -36.4         |
| time/                   |               |
|    fps                  | 11            |
|    iterations           | 80            |
|    time_elapsed         | 1814          |
|    total_timesteps      | 20480         |
| train/                  |               |
|    approx_kl            | 0.00041463273 |
|    clip_fraction        | 0             |
|    clip_range           | 0.15          |
|    entropy_loss         | -4.45         |
|    explained_variance   | 0.691         |
|    learning_rate        | 0.0001        |
|    loss                 | 0.198         |
|    n_updates            | 1293          |
|    policy_gradient_loss | -0.00982      |
|    value_loss           | 0.509         |
-------------------------------------------
-------------------------------------------
| rollout/                |               |
|    ep_len_mean          | 46.6          |
|    ep_rew_mean          | -36.5         |
| time/                   |               |
|    fps                  | 11            |
|    iterations           | 81            |
|    time_elapsed         | 1833          |
|    total_timesteps      | 20736         |
| train/                  |               |
|    approx_kl            | 0.00033873692 |
|    clip_fraction        | 0             |
|    clip_range           | 0.15          |
|    entropy_loss         | -4.51         |
|    explained_variance   | 0.772         |
|    learning_rate        | 0.0001        |
|    loss                 | 0.15          |
|    n_updates            | 1296          |
|    policy_gradient_loss | -0.00541      |
|    value_loss           | 0.404         |
-------------------------------------------
-------------------------------------------
| rollout/                |               |
|    ep_len_mean          | 46            |
|    ep_rew_mean          | -37           |
| time/                   |               |
|    fps                  | 11            |
|    iterations           | 82            |
|    time_elapsed         | 1849          |
|    total_timesteps      | 20992         |
| train/                  |               |
|    approx_kl            | 0.00044451933 |
|    clip_fraction        | 0             |
|    clip_range           | 0.15          |
|    entropy_loss         | -4.51         |
|    explained_variance   | 0.671         |
|    learning_rate        | 0.0001        |
|    loss                 | 0.151         |
|    n_updates            | 1299          |
|    policy_gradient_loss | -0.00895      |
|    value_loss           | 0.429         |
-------------------------------------------
------------------------------------------
| rollout/                |              |
|    ep_len_mean          | 45.2         |
|    ep_rew_mean          | -37.7        |
| time/                   |              |
|    fps                  | 11           |
|    iterations           | 83           |
|    time_elapsed         | 1864         |
|    total_timesteps      | 21248        |
| train/                  |              |
|    approx_kl            | 0.0001596103 |
|    clip_fraction        | 0            |
|    clip_range           | 0.15         |
|    entropy_loss         | -4.5         |
|    explained_variance   | 0.373        |
|    learning_rate        | 0.0001       |
|    loss                 | 0.378        |
|    n_updates            | 1302         |
|    policy_gradient_loss | -0.00021     |
|    value_loss           | 0.818        |
------------------------------------------
------------------------------------------
| rollout/                |              |
|    ep_len_mean          | 44.4         |
|    ep_rew_mean          | -38.5        |
| time/                   |              |
|    fps                  | 11           |
|    iterations           | 84           |
|    time_elapsed         | 1879         |
|    total_timesteps      | 21504        |
| train/                  |              |
|    approx_kl            | 0.0002916134 |
|    clip_fraction        | 0            |
|    clip_range           | 0.15         |
|    entropy_loss         | -4.5         |
|    explained_variance   | 0.355        |
|    learning_rate        | 0.0001       |
|    loss                 | 0.321        |
|    n_updates            | 1305         |
|    policy_gradient_loss | -0.00552     |
|    value_loss           | 0.765        |
------------------------------------------
-------------------------------------------
| rollout/                |               |
|    ep_len_mean          | 44            |
|    ep_rew_mean          | -39.3         |
| time/                   |               |
|    fps                  | 11            |
|    iterations           | 85            |
|    time_elapsed         | 1895          |
|    total_timesteps      | 21760         |
| train/                  |               |
|    approx_kl            | 0.00035357312 |
|    clip_fraction        | 0             |
|    clip_range           | 0.15          |
|    entropy_loss         | -4.49         |
|    explained_variance   | 0.476         |
|    learning_rate        | 0.0001        |
|    loss                 | 0.219         |
|    n_updates            | 1308          |
|    policy_gradient_loss | -0.00795      |
|    value_loss           | 0.583         |
-------------------------------------------
