[perf] torch thread config: num_threads=20 interop_threads=8 cpu_count=28
[INFO] model workspace cleanup skipped for side=US (sb3_clean_models_before_train=false).
=== TRAIN SIDE US (models_subdir='scenario_battaglia_cittadina_2_1/side_US') ===
=== TRAIN PHASE 1/2 side=US scenario=battaglia_cittadina_2_1 episodes=300 timesteps=90000 ===
Curriculum warmup: forcing CAPTURE intent for phase 1.
Using DummyVecEnv with num_envs=1
Using cpu device
Logging to C:\repos\python\assault\models\scenario_battaglia_cittadina_2_1\side_US\runs\sb3_20260626T091410Z\PPO_1
---------------------------------
| rollout/           |          |
|    ep_len_mean     | 45       |
|    ep_rew_mean     | -54      |
| time/              |          |
|    fps             | 16       |
|    iterations      | 1        |
|    time_elapsed    | 15       |
|    total_timesteps | 256      |
---------------------------------
-------------------------------------------
| rollout/                |               |
|    ep_len_mean          | 45            |
|    ep_rew_mean          | -54           |
| time/                   |               |
|    fps                  | 16            |
|    iterations           | 2             |
|    time_elapsed         | 31            |
|    total_timesteps      | 512           |
| train/                  |               |
|    approx_kl            | 0.00032479665 |
|    clip_fraction        | 0             |
|    clip_range           | 0.15          |
|    entropy_loss         | -6.33         |
|    explained_variance   | -0.0944       |
|    learning_rate        | 0.0001        |
|    loss                 | 2.62          |
|    n_updates            | 3             |
|    policy_gradient_loss | -0.00623      |
|    value_loss           | 5.39          |
-------------------------------------------
------------------------------------------
| rollout/                |              |
|    ep_len_mean          | 45           |
|    ep_rew_mean          | -54          |
| time/                   |              |
|    fps                  | 16           |
|    iterations           | 3            |
|    time_elapsed         | 47           |
|    total_timesteps      | 768          |
| train/                  |              |
|    approx_kl            | 0.0003275664 |
|    clip_fraction        | 0            |
|    clip_range           | 0.15         |
|    entropy_loss         | -6.33        |
|    explained_variance   | -0.375       |
|    learning_rate        | 0.0001       |
|    loss                 | 0.953        |
|    n_updates            | 6            |
|    policy_gradient_loss | -0.0103      |
|    value_loss           | 2.04         |
------------------------------------------
-------------------------------------------
| rollout/                |               |
|    ep_len_mean          | 45            |
|    ep_rew_mean          | -54           |
| time/                   |               |
|    fps                  | 15            |
|    iterations           | 4             |
|    time_elapsed         | 64            |
|    total_timesteps      | 1024          |
| train/                  |               |
|    approx_kl            | 0.00037719123 |
|    clip_fraction        | 0             |
|    clip_range           | 0.15          |
|    entropy_loss         | -6.33         |
|    explained_variance   | -0.034        |
|    learning_rate        | 0.0001        |
|    loss                 | 0.889         |
|    n_updates            | 9             |
|    policy_gradient_loss | -0.0117       |
|    value_loss           | 1.92          |
-------------------------------------------
-------------------------------------------
| rollout/                |               |
|    ep_len_mean          | 45            |
|    ep_rew_mean          | -54           |
| time/                   |               |
|    fps                  | 16            |
|    iterations           | 5             |
|    time_elapsed         | 79            |
|    total_timesteps      | 1280          |
| train/                  |               |
|    approx_kl            | 0.00037766248 |
|    clip_fraction        | 0             |
|    clip_range           | 0.15          |
|    entropy_loss         | -6.33         |
|    explained_variance   | 0.319         |
|    learning_rate        | 0.0001        |
|    loss                 | 0.773         |
|    n_updates            | 12            |
|    policy_gradient_loss | -0.0113       |
|    value_loss           | 1.69          |
-------------------------------------------
-------------------------------------------
| rollout/                |               |
|    ep_len_mean          | 45            |
|    ep_rew_mean          | -54           |
| time/                   |               |
|    fps                  | 16            |
|    iterations           | 6             |
|    time_elapsed         | 94            |
|    total_timesteps      | 1536          |
| train/                  |               |
|    approx_kl            | 0.00044385064 |
|    clip_fraction        | 0             |
|    clip_range           | 0.15          |
|    entropy_loss         | -6.32         |
|    explained_variance   | 0.537         |
|    learning_rate        | 0.0001        |
|    loss                 | 0.688         |
|    n_updates            | 15            |
|    policy_gradient_loss | -0.0108       |
|    value_loss           | 1.5           |
-------------------------------------------
-------------------------------------------
| rollout/                |               |
|    ep_len_mean          | 45            |
|    ep_rew_mean          | -54           |
| time/                   |               |
|    fps                  | 16            |
|    iterations           | 7             |
|    time_elapsed         | 111           |
|    total_timesteps      | 1792          |
| train/                  |               |
|    approx_kl            | 0.00047899317 |
|    clip_fraction        | 0             |
|    clip_range           | 0.15          |
|    entropy_loss         | -6.32         |
|    explained_variance   | 0.716         |
|    learning_rate        | 0.0001        |
|    loss                 | 0.648         |
|    n_updates            | 18            |
|    policy_gradient_loss | -0.0116       |
|    value_loss           | 1.41          |
-------------------------------------------
-------------------------------------------
| rollout/                |               |
|    ep_len_mean          | 45            |
|    ep_rew_mean          | -54           |
| time/                   |               |
|    fps                  | 16            |
|    iterations           | 8             |
|    time_elapsed         | 126           |
|    total_timesteps      | 2048          |
| train/                  |               |
|    approx_kl            | 0.00045421673 |
|    clip_fraction        | 0             |
|    clip_range           | 0.15          |
|    entropy_loss         | -6.32         |
|    explained_variance   | 0.736         |
|    learning_rate        | 0.0001        |
|    loss                 | 0.548         |
|    n_updates            | 21            |
|    policy_gradient_loss | -0.0089       |
|    value_loss           | 1.2           |
-------------------------------------------
-------------------------------------------
| rollout/                |               |
|    ep_len_mean          | 45            |
|    ep_rew_mean          | -54           |
| time/                   |               |
|    fps                  | 16            |
|    iterations           | 9             |
|    time_elapsed         | 142           |
|    total_timesteps      | 2304          |
| train/                  |               |
|    approx_kl            | 0.00049980916 |
|    clip_fraction        | 0             |
|    clip_range           | 0.15          |
|    entropy_loss         | -6.31         |
|    explained_variance   | 0.821         |
|    learning_rate        | 0.0001        |
|    loss                 | 0.536         |
|    n_updates            | 24            |
|    policy_gradient_loss | -0.0101       |
|    value_loss           | 1.18          |
-------------------------------------------
-------------------------------------------
| rollout/                |               |
|    ep_len_mean          | 45            |
|    ep_rew_mean          | -54           |
| time/                   |               |
|    fps                  | 16            |
|    iterations           | 10            |
|    time_elapsed         | 159           |
|    total_timesteps      | 2560          |
| train/                  |               |
|    approx_kl            | 0.00059171347 |
|    clip_fraction        | 0             |
|    clip_range           | 0.15          |
|    entropy_loss         | -6.31         |
|    explained_variance   | 0.85          |
|    learning_rate        | 0.0001        |
|    loss                 | 0.527         |
|    n_updates            | 27            |
|    policy_gradient_loss | -0.0118       |
|    value_loss           | 1.16          |
-------------------------------------------
------------------------------------------
| rollout/                |              |
|    ep_len_mean          | 45           |
|    ep_rew_mean          | -54          |
| time/                   |              |
|    fps                  | 16           |
|    iterations           | 11           |
|    time_elapsed         | 174          |
|    total_timesteps      | 2816         |
| train/                  |              |
|    approx_kl            | 0.0006251484 |
|    clip_fraction        | 0            |
|    clip_range           | 0.15         |
|    entropy_loss         | -6.31        |
|    explained_variance   | 0.85         |
|    learning_rate        | 0.0001       |
|    loss                 | 0.455        |
|    n_updates            | 30           |
|    policy_gradient_loss | -0.0112      |
|    value_loss           | 1.02         |
------------------------------------------
------------------------------------------
| rollout/                |              |
|    ep_len_mean          | 45           |
|    ep_rew_mean          | -54          |
| time/                   |              |
|    fps                  | 16           |
|    iterations           | 12           |
|    time_elapsed         | 187          |
|    total_timesteps      | 3072         |
| train/                  |              |
|    approx_kl            | 0.0007562514 |
|    clip_fraction        | 0            |
|    clip_range           | 0.15         |
|    entropy_loss         | -6.3         |
|    explained_variance   | 0.867        |
|    learning_rate        | 0.0001       |
|    loss                 | 0.452        |
|    n_updates            | 33           |
|    policy_gradient_loss | -0.0136      |
|    value_loss           | 1.02         |
------------------------------------------
-----------------------------------------
| rollout/                |             |
|    ep_len_mean          | 45          |
|    ep_rew_mean          | -53.5       |
| time/                   |             |
|    fps                  | 16          |
|    iterations           | 13          |
|    time_elapsed         | 196         |
|    total_timesteps      | 3328        |
| train/                  |             |
|    approx_kl            | 0.000889763 |
|    clip_fraction        | 0           |
|    clip_range           | 0.15        |
|    entropy_loss         | -6.29       |
|    explained_variance   | 0.882       |
|    learning_rate        | 0.0001      |
|    loss                 | 0.45        |
|    n_updates            | 36          |
|    policy_gradient_loss | -0.015      |
|    value_loss           | 1.02        |
-----------------------------------------
------------------------------------------
| rollout/                |              |
|    ep_len_mean          | 45           |
|    ep_rew_mean          | -52.9        |
| time/                   |              |
|    fps                  | 17           |
|    iterations           | 14           |
|    time_elapsed         | 207          |
|    total_timesteps      | 3584         |
| train/                  |              |
|    approx_kl            | 0.0005235204 |
|    clip_fraction        | 0            |
|    clip_range           | 0.15         |
|    entropy_loss         | -6.29        |
|    explained_variance   | 0.824        |
|    learning_rate        | 0.0001       |
|    loss                 | 0.199        |
|    n_updates            | 39           |
|    policy_gradient_loss | -0.00695     |
|    value_loss           | 0.48         |
------------------------------------------
-------------------------------------------
| rollout/                |               |
|    ep_len_mean          | 45            |
|    ep_rew_mean          | -52.4         |
| time/                   |               |
|    fps                  | 17            |
|    iterations           | 15            |
|    time_elapsed         | 220           |
|    total_timesteps      | 3840          |
| train/                  |               |
|    approx_kl            | 0.00054567493 |
|    clip_fraction        | 0             |
|    clip_range           | 0.15          |
|    entropy_loss         | -6.28         |
|    explained_variance   | 0.851         |
|    learning_rate        | 0.0001        |
|    loss                 | 0.184         |
|    n_updates            | 42            |
|    policy_gradient_loss | -0.00978      |
|    value_loss           | 0.467         |
-------------------------------------------
-------------------------------------------
| rollout/                |               |
|    ep_len_mean          | 45            |
|    ep_rew_mean          | -52           |
| time/                   |               |
|    fps                  | 17            |
|    iterations           | 16            |
|    time_elapsed         | 230           |
|    total_timesteps      | 4096          |
| train/                  |               |
|    approx_kl            | 0.00069887727 |
|    clip_fraction        | 0             |
|    clip_range           | 0.15          |
|    entropy_loss         | -6.27         |
|    explained_variance   | 0.914         |
|    learning_rate        | 0.0001        |
|    loss                 | 0.156         |
|    n_updates            | 45            |
|    policy_gradient_loss | -0.014        |
|    value_loss           | 0.428         |
-------------------------------------------
------------------------------------------
| rollout/                |              |
|    ep_len_mean          | 45           |
|    ep_rew_mean          | -51.7        |
| time/                   |              |
|    fps                  | 17           |
|    iterations           | 17           |
|    time_elapsed         | 242          |
|    total_timesteps      | 4352         |
| train/                  |              |
|    approx_kl            | 0.0008136148 |
|    clip_fraction        | 0.00781      |
|    clip_range           | 0.15         |
|    entropy_loss         | -6.27        |
|    explained_variance   | 0.938        |
|    learning_rate        | 0.0001       |
|    loss                 | 0.143        |
|    n_updates            | 48           |
|    policy_gradient_loss | -0.0164      |
|    value_loss           | 0.405        |
------------------------------------------
------------------------------------------
| rollout/                |              |
|    ep_len_mean          | 45           |
|    ep_rew_mean          | -51.3        |
| time/                   |              |
|    fps                  | 18           |
|    iterations           | 18           |
|    time_elapsed         | 255          |
|    total_timesteps      | 4608         |
| train/                  |              |
|    approx_kl            | 0.0008256489 |
|    clip_fraction        | 0            |
|    clip_range           | 0.15         |
|    entropy_loss         | -6.26        |
|    explained_variance   | 0.95         |
|    learning_rate        | 0.0001       |
|    loss                 | 0.124        |
|    n_updates            | 51           |
|    policy_gradient_loss | -0.0176      |
|    value_loss           | 0.37         |
------------------------------------------
------------------------------------------
| rollout/                |              |
|    ep_len_mean          | 45           |
|    ep_rew_mean          | -50.8        |
| time/                   |              |
|    fps                  | 18           |
|    iterations           | 19           |
|    time_elapsed         | 269          |
|    total_timesteps      | 4864         |
| train/                  |              |
|    approx_kl            | 0.0009334141 |
|    clip_fraction        | 0            |
|    clip_range           | 0.15         |
|    entropy_loss         | -6.25        |
|    explained_variance   | 0.937        |
|    learning_rate        | 0.0001       |
|    loss                 | 0.108        |
|    n_updates            | 54           |
|    policy_gradient_loss | -0.0162      |
|    value_loss           | 0.329        |
------------------------------------------
------------------------------------------
| rollout/                |              |
|    ep_len_mean          | 45           |
|    ep_rew_mean          | -50.4        |
| time/                   |              |
|    fps                  | 17           |
|    iterations           | 20           |
|    time_elapsed         | 285          |
|    total_timesteps      | 5120         |
| train/                  |              |
|    approx_kl            | 0.0010282709 |
|    clip_fraction        | 0            |
|    clip_range           | 0.15         |
|    entropy_loss         | -6.24        |
|    explained_variance   | 0.949        |
|    learning_rate        | 0.0001       |
|    loss                 | 0.103        |
|    n_updates            | 57           |
|    policy_gradient_loss | -0.018       |
|    value_loss           | 0.327        |
------------------------------------------
------------------------------------------
| rollout/                |              |
|    ep_len_mean          | 45           |
|    ep_rew_mean          | -49.9        |
| time/                   |              |
|    fps                  | 17           |
|    iterations           | 21           |
|    time_elapsed         | 300          |
|    total_timesteps      | 5376         |
| train/                  |              |
|    approx_kl            | 0.0010953757 |
|    clip_fraction        | 0            |
|    clip_range           | 0.15         |
|    entropy_loss         | -6.23        |
|    explained_variance   | 0.943        |
|    learning_rate        | 0.0001       |
|    loss                 | 0.0798       |
|    n_updates            | 60           |
|    policy_gradient_loss | -0.0172      |
|    value_loss           | 0.276        |
------------------------------------------
-----------------------------------------
| rollout/                |             |
|    ep_len_mean          | 44.8        |
|    ep_rew_mean          | -49.7       |
| time/                   |             |
|    fps                  | 17          |
|    iterations           | 22          |
|    time_elapsed         | 318         |
|    total_timesteps      | 5632        |
| train/                  |             |
|    approx_kl            | 0.001155067 |
|    clip_fraction        | 0           |
|    clip_range           | 0.15        |
|    entropy_loss         | -6.21       |
|    explained_variance   | 0.936       |
|    learning_rate        | 0.0001      |
|    loss                 | 0.0815      |
|    n_updates            | 63          |
|    policy_gradient_loss | -0.0151     |
|    value_loss           | 0.271       |
-----------------------------------------
-------------------------------------------
| rollout/                |               |
|    ep_len_mean          | 44.5          |
|    ep_rew_mean          | -49.4         |
| time/                   |               |
|    fps                  | 17            |
|    iterations           | 23            |
|    time_elapsed         | 329           |
|    total_timesteps      | 5888          |
| train/                  |               |
|    approx_kl            | 0.00047056144 |
|    clip_fraction        | 0             |
|    clip_range           | 0.15          |
|    entropy_loss         | -6.22         |
|    explained_variance   | 0.587         |
|    learning_rate        | 0.0001        |
|    loss                 | 0.387         |
|    n_updates            | 66            |
|    policy_gradient_loss | -0.00436      |
|    value_loss           | 0.864         |
-------------------------------------------
------------------------------------------
| rollout/                |              |
|    ep_len_mean          | 44.2         |
|    ep_rew_mean          | -49.1        |
| time/                   |              |
|    fps                  | 17           |
|    iterations           | 24           |
|    time_elapsed         | 346          |
|    total_timesteps      | 6144         |
| train/                  |              |
|    approx_kl            | 0.0003842942 |
|    clip_fraction        | 0            |
|    clip_range           | 0.15         |
|    entropy_loss         | -6.21        |
|    explained_variance   | 0.704        |
|    learning_rate        | 0.0001       |
|    loss                 | 0.354        |
|    n_updates            | 69           |
|    policy_gradient_loss | -0.00855     |
|    value_loss           | 0.842        |
------------------------------------------
-------------------------------------------
| rollout/                |               |
|    ep_len_mean          | 44            |
|    ep_rew_mean          | -48.9         |
| time/                   |               |
|    fps                  | 17            |
|    iterations           | 25            |
|    time_elapsed         | 362           |
|    total_timesteps      | 6400          |
| train/                  |               |
|    approx_kl            | 0.00043689157 |
|    clip_fraction        | 0             |
|    clip_range           | 0.15          |
|    entropy_loss         | -6.2          |
|    explained_variance   | 0.809         |
|    learning_rate        | 0.0001        |
|    loss                 | 0.273         |
|    n_updates            | 72            |
|    policy_gradient_loss | -0.0112       |
|    value_loss           | 0.682         |
-------------------------------------------
-------------------------------------------
| rollout/                |               |
|    ep_len_mean          | 43.8          |
|    ep_rew_mean          | -48.6         |
| time/                   |               |
|    fps                  | 17            |
|    iterations           | 26            |
|    time_elapsed         | 379           |
|    total_timesteps      | 6656          |
| train/                  |               |
|    approx_kl            | 0.00048328284 |
|    clip_fraction        | 0             |
|    clip_range           | 0.15          |
|    entropy_loss         | -6.2          |
|    explained_variance   | 0.847         |
|    learning_rate        | 0.0001        |
|    loss                 | 0.233         |
|    n_updates            | 75            |
|    policy_gradient_loss | -0.011        |
|    value_loss           | 0.592         |
-------------------------------------------
-------------------------------------------
| rollout/                |               |
|    ep_len_mean          | 43.5          |
|    ep_rew_mean          | -48.4         |
| time/                   |               |
|    fps                  | 17            |
|    iterations           | 27            |
|    time_elapsed         | 391           |
|    total_timesteps      | 6912          |
| train/                  |               |
|    approx_kl            | 0.00054210937 |
|    clip_fraction        | 0             |
|    clip_range           | 0.15          |
|    entropy_loss         | -6.19         |
|    explained_variance   | 0.878         |
|    learning_rate        | 0.0001        |
|    loss                 | 0.22          |
|    n_updates            | 78            |
|    policy_gradient_loss | -0.00991      |
|    value_loss           | 0.555         |
-------------------------------------------
------------------------------------------
| rollout/                |              |
|    ep_len_mean          | 43.2         |
|    ep_rew_mean          | -48.1        |
| time/                   |              |
|    fps                  | 17           |
|    iterations           | 28           |
|    time_elapsed         | 409          |
|    total_timesteps      | 7168         |
| train/                  |              |
|    approx_kl            | 0.0004222272 |
|    clip_fraction        | 0            |
|    clip_range           | 0.15         |
|    entropy_loss         | -6.19        |
|    explained_variance   | 0.867        |
|    learning_rate        | 0.0001       |
|    loss                 | 0.222        |
|    n_updates            | 81           |
|    policy_gradient_loss | -0.00853     |
|    value_loss           | 0.551        |
------------------------------------------
-------------------------------------------
| rollout/                |               |
|    ep_len_mean          | 43            |
|    ep_rew_mean          | -47.9         |
| time/                   |               |
|    fps                  | 17            |
|    iterations           | 29            |
|    time_elapsed         | 427           |
|    total_timesteps      | 7424          |
| train/                  |               |
|    approx_kl            | 0.00041750981 |
|    clip_fraction        | 0             |
|    clip_range           | 0.15          |
|    entropy_loss         | -6.18         |
|    explained_variance   | 0.822         |
|    learning_rate        | 0.0001        |
|    loss                 | 0.205         |
|    n_updates            | 84            |
|    policy_gradient_loss | -0.0103       |
|    value_loss           | 0.521         |
-------------------------------------------
------------------------------------------
| rollout/                |              |
|    ep_len_mean          | 42.8         |
|    ep_rew_mean          | -48.2        |
| time/                   |              |
|    fps                  | 17           |
|    iterations           | 30           |
|    time_elapsed         | 443          |
|    total_timesteps      | 7680         |
| train/                  |              |
|    approx_kl            | 0.0005802566 |
|    clip_fraction        | 0            |
|    clip_range           | 0.15         |
|    entropy_loss         | -6.18        |
|    explained_variance   | 0.784        |
|    learning_rate        | 0.0001       |
|    loss                 | 0.17         |
|    n_updates            | 87           |
|    policy_gradient_loss | -0.0121      |
|    value_loss           | 0.456        |
------------------------------------------
------------------------------------------
| rollout/                |              |
|    ep_len_mean          | 42.5         |
|    ep_rew_mean          | -48.4        |
| time/                   |              |
|    fps                  | 17           |
|    iterations           | 31           |
|    time_elapsed         | 455          |
|    total_timesteps      | 7936         |
| train/                  |              |
|    approx_kl            | 0.0007044119 |
|    clip_fraction        | 0            |
|    clip_range           | 0.15         |
|    entropy_loss         | -6.17        |
|    explained_variance   | 0.837        |
|    learning_rate        | 0.0001       |
|    loss                 | 0.146        |
|    n_updates            | 90           |
|    policy_gradient_loss | -0.0152      |
|    value_loss           | 0.42         |
------------------------------------------
-------------------------------------------
| rollout/                |               |
|    ep_len_mean          | 42.2          |
|    ep_rew_mean          | -48.7         |
| time/                   |               |
|    fps                  | 17            |
|    iterations           | 32            |
|    time_elapsed         | 467           |
|    total_timesteps      | 8192          |
| train/                  |               |
|    approx_kl            | 0.00090987375 |
|    clip_fraction        | 0             |
|    clip_range           | 0.15          |
|    entropy_loss         | -6.16         |
|    explained_variance   | 0.855         |
|    learning_rate        | 0.0001        |
|    loss                 | 0.12          |
|    n_updates            | 93            |
|    policy_gradient_loss | -0.0172       |
|    value_loss           | 0.371         |
-------------------------------------------
------------------------------------------
| rollout/                |              |
|    ep_len_mean          | 42           |
|    ep_rew_mean          | -48.9        |
| time/                   |              |
|    fps                  | 17           |
|    iterations           | 33           |
|    time_elapsed         | 478          |
|    total_timesteps      | 8448         |
| train/                  |              |
|    approx_kl            | 0.0011705803 |
|    clip_fraction        | 0            |
|    clip_range           | 0.15         |
|    entropy_loss         | -6.14        |
|    explained_variance   | 0.864        |
|    learning_rate        | 0.0001       |
|    loss                 | 0.0999       |
|    n_updates            | 96           |
|    policy_gradient_loss | -0.0187      |
|    value_loss           | 0.333        |
------------------------------------------
------------------------------------------
| rollout/                |              |
|    ep_len_mean          | 41.8         |
|    ep_rew_mean          | -49.1        |
| time/                   |              |
|    fps                  | 17           |
|    iterations           | 34           |
|    time_elapsed         | 487          |
|    total_timesteps      | 8704         |
| train/                  |              |
|    approx_kl            | 0.0014414054 |
|    clip_fraction        | 0            |
|    clip_range           | 0.15         |
|    entropy_loss         | -6.13        |
|    explained_variance   | 0.836        |
|    learning_rate        | 0.0001       |
|    loss                 | 0.0821       |
|    n_updates            | 99           |
|    policy_gradient_loss | -0.0184      |
|    value_loss           | 0.291        |
------------------------------------------
------------------------------------------
| rollout/                |              |
|    ep_len_mean          | 41.5         |
|    ep_rew_mean          | -49.4        |
| time/                   |              |
|    fps                  | 17           |
|    iterations           | 35           |
|    time_elapsed         | 497          |
|    total_timesteps      | 8960         |
| train/                  |              |
|    approx_kl            | 0.0016675934 |
|    clip_fraction        | 0            |
|    clip_range           | 0.15         |
|    entropy_loss         | -6.11        |
|    explained_variance   | 0.864        |
|    learning_rate        | 0.0001       |
|    loss                 | 0.0635       |
|    n_updates            | 102          |
|    policy_gradient_loss | -0.019       |
|    value_loss           | 0.256        |
------------------------------------------
------------------------------------------
| rollout/                |              |
|    ep_len_mean          | 41.2         |
|    ep_rew_mean          | -49.7        |
| time/                   |              |
|    fps                  | 18           |
|    iterations           | 36           |
|    time_elapsed         | 507          |
|    total_timesteps      | 9216         |
| train/                  |              |
|    approx_kl            | 0.0018849594 |
|    clip_fraction        | 0            |
|    clip_range           | 0.15         |
|    entropy_loss         | -6.08        |
|    explained_variance   | 0.888        |
|    learning_rate        | 0.0001       |
|    loss                 | 0.0594       |
|    n_updates            | 105          |
|    policy_gradient_loss | -0.021       |
|    value_loss           | 0.255        |
------------------------------------------
----------------------------------------
| rollout/                |            |
|    ep_len_mean          | 41.1       |
|    ep_rew_mean          | -50        |
| time/                   |            |
|    fps                  | 18         |
|    iterations           | 37         |
|    time_elapsed         | 516        |
|    total_timesteps      | 9472       |
| train/                  |            |
|    approx_kl            | 0.00208093 |
|    clip_fraction        | 0.00781    |
|    clip_range           | 0.15       |
|    entropy_loss         | -6.05      |
|    explained_variance   | 0.901      |
|    learning_rate        | 0.0001     |
|    loss                 | 0.0459     |
|    n_updates            | 108        |
|    policy_gradient_loss | -0.0225    |
|    value_loss           | 0.232      |
----------------------------------------
------------------------------------------
| rollout/                |              |
|    ep_len_mean          | 41.1         |
|    ep_rew_mean          | -49.7        |
| time/                   |              |
|    fps                  | 18           |
|    iterations           | 38           |
|    time_elapsed         | 524          |
|    total_timesteps      | 9728         |
| train/                  |              |
|    approx_kl            | 0.0011682347 |
|    clip_fraction        | 0            |
|    clip_range           | 0.15         |
|    entropy_loss         | -6           |
|    explained_variance   | 0.556        |
|    learning_rate        | 0.0001       |
|    loss                 | 0.318        |
|    n_updates            | 111          |
|    policy_gradient_loss | -0.00501     |
|    value_loss           | 0.724        |
------------------------------------------
-----------------------------------------
| rollout/                |             |
|    ep_len_mean          | 40.8        |
|    ep_rew_mean          | -49         |
| time/                   |             |
|    fps                  | 18          |
|    iterations           | 39          |
|    time_elapsed         | 533         |
|    total_timesteps      | 9984        |
| train/                  |             |
|    approx_kl            | 0.000709377 |
|    clip_fraction        | 0           |
|    clip_range           | 0.15        |
|    entropy_loss         | -5.99       |
|    explained_variance   | 0.0327      |
|    learning_rate        | 0.0001      |
|    loss                 | 0.356       |
|    n_updates            | 114         |
|    policy_gradient_loss | -0.00455    |
|    value_loss           | 0.792       |
-----------------------------------------
------------------------------------------
| rollout/                |              |
|    ep_len_mean          | 40.5         |
|    ep_rew_mean          | -48.2        |
| time/                   |              |
|    fps                  | 18           |
|    iterations           | 40           |
|    time_elapsed         | 541          |
|    total_timesteps      | 10240        |
| train/                  |              |
|    approx_kl            | 0.0004097377 |
|    clip_fraction        | 0            |
|    clip_range           | 0.15         |
|    entropy_loss         | -5.99        |
|    explained_variance   | 0.502        |
|    learning_rate        | 0.0001       |
|    loss                 | 0.241        |
|    n_updates            | 117          |
|    policy_gradient_loss | -0.00666     |
|    value_loss           | 0.571        |
------------------------------------------
------------------------------------------
| rollout/                |              |
|    ep_len_mean          | 40.2         |
|    ep_rew_mean          | -47.5        |
| time/                   |              |
|    fps                  | 19           |
|    iterations           | 41           |
|    time_elapsed         | 550          |
|    total_timesteps      | 10496        |
| train/                  |              |
|    approx_kl            | 0.0009036914 |
|    clip_fraction        | 0            |
|    clip_range           | 0.15         |
|    entropy_loss         | -5.99        |
|    explained_variance   | 0.542        |
|    learning_rate        | 0.0001       |
|    loss                 | 0.177        |
|    n_updates            | 120          |
|    policy_gradient_loss | -0.0151      |
|    value_loss           | 0.486        |
------------------------------------------
------------------------------------------
| rollout/                |              |
|    ep_len_mean          | 39.9         |
|    ep_rew_mean          | -47.1        |
| time/                   |              |
|    fps                  | 19           |
|    iterations           | 42           |
|    time_elapsed         | 558          |
|    total_timesteps      | 10752        |
| train/                  |              |
|    approx_kl            | 0.0013596055 |
|    clip_fraction        | 0.00911      |
|    clip_range           | 0.15         |
|    entropy_loss         | -6           |
|    explained_variance   | 0.616        |
|    learning_rate        | 0.0001       |
|    loss                 | 0.132        |
|    n_updates            | 123          |
|    policy_gradient_loss | -0.019       |
|    value_loss           | 0.414        |
------------------------------------------
------------------------------------------
| rollout/                |              |
|    ep_len_mean          | 39.7         |
|    ep_rew_mean          | -46.6        |
| time/                   |              |
|    fps                  | 19           |
|    iterations           | 43           |
|    time_elapsed         | 566          |
|    total_timesteps      | 11008        |
| train/                  |              |
|    approx_kl            | 0.0010561175 |
|    clip_fraction        | 0.00911      |
|    clip_range           | 0.15         |
|    entropy_loss         | -5.99        |
|    explained_variance   | 0.157        |
|    learning_rate        | 0.0001       |
|    loss                 | 0.322        |
|    n_updates            | 126          |
|    policy_gradient_loss | -0.0119      |
|    value_loss           | 0.8          |
------------------------------------------
-------------------------------------------
| rollout/                |               |
|    ep_len_mean          | 39.4          |
|    ep_rew_mean          | -46.2         |
| time/                   |               |
|    fps                  | 19            |
|    iterations           | 44            |
|    time_elapsed         | 574           |
|    total_timesteps      | 11264         |
| train/                  |               |
|    approx_kl            | 0.00083052204 |
|    clip_fraction        | 0             |
|    clip_range           | 0.15          |
|    entropy_loss         | -6            |
|    explained_variance   | 0.249         |
|    learning_rate        | 0.0001        |
|    loss                 | 0.25          |
|    n_updates            | 129           |
|    policy_gradient_loss | -0.0138       |
|    value_loss           | 0.664         |
-------------------------------------------
------------------------------------------
| rollout/                |              |
|    ep_len_mean          | 39.3         |
|    ep_rew_mean          | -46.1        |
| time/                   |              |
|    fps                  | 19           |
|    iterations           | 45           |
|    time_elapsed         | 583          |
|    total_timesteps      | 11520        |
| train/                  |              |
|    approx_kl            | 0.0011064641 |
|    clip_fraction        | 0            |
|    clip_range           | 0.15         |
|    entropy_loss         | -6.01        |
|    explained_variance   | 0.42         |
|    learning_rate        | 0.0001       |
|    loss                 | 0.169        |
|    n_updates            | 132          |
|    policy_gradient_loss | -0.018       |
|    value_loss           | 0.506        |
------------------------------------------
-------------------------------------------
| rollout/                |               |
|    ep_len_mean          | 39.2          |
|    ep_rew_mean          | -46           |
| time/                   |               |
|    fps                  | 19            |
|    iterations           | 46            |
|    time_elapsed         | 592           |
|    total_timesteps      | 11776         |
| train/                  |               |
|    approx_kl            | 0.00035844347 |
|    clip_fraction        | 0             |
|    clip_range           | 0.15          |
|    entropy_loss         | -5.97         |
|    explained_variance   | 0.361         |
|    learning_rate        | 0.0001        |
|    loss                 | 0.363         |
|    n_updates            | 135           |
|    policy_gradient_loss | -0.00266      |
|    value_loss           | 0.809         |
-------------------------------------------
-------------------------------------------
| rollout/                |               |
|    ep_len_mean          | 39            |
|    ep_rew_mean          | -45.9         |
| time/                   |               |
|    fps                  | 20            |
|    iterations           | 47            |
|    time_elapsed         | 601           |
|    total_timesteps      | 12032         |
| train/                  |               |
|    approx_kl            | 0.00043678517 |
|    clip_fraction        | 0             |
|    clip_range           | 0.15          |
|    entropy_loss         | -5.98         |
|    explained_variance   | 0.453         |
|    learning_rate        | 0.0001        |
|    loss                 | 0.31          |
|    n_updates            | 138           |
|    policy_gradient_loss | -0.00932      |
|    value_loss           | 0.763         |
-------------------------------------------
------------------------------------------
| rollout/                |              |
|    ep_len_mean          | 38.9         |
|    ep_rew_mean          | -45.7        |
| time/                   |              |
|    fps                  | 20           |
|    iterations           | 48           |
|    time_elapsed         | 609          |
|    total_timesteps      | 12288        |
| train/                  |              |
|    approx_kl            | 0.0006095425 |
|    clip_fraction        | 0            |
|    clip_range           | 0.15         |
|    entropy_loss         | -5.99        |
|    explained_variance   | 0.575        |
|    learning_rate        | 0.0001       |
|    loss                 | 0.202        |
|    n_updates            | 141          |
|    policy_gradient_loss | -0.0127      |
|    value_loss           | 0.547        |
------------------------------------------
------------------------------------------
| rollout/                |              |
|    ep_len_mean          | 38.8         |
|    ep_rew_mean          | -45.6        |
| time/                   |              |
|    fps                  | 20           |
|    iterations           | 49           |
|    time_elapsed         | 618          |
|    total_timesteps      | 12544        |
| train/                  |              |
|    approx_kl            | 0.0010152038 |
|    clip_fraction        | 0            |
|    clip_range           | 0.15         |
|    entropy_loss         | -5.99        |
|    explained_variance   | 0.75         |
|    learning_rate        | 0.0001       |
|    loss                 | 0.161        |
|    n_updates            | 144          |
|    policy_gradient_loss | -0.0164      |
|    value_loss           | 0.474        |
------------------------------------------
------------------------------------------
| rollout/                |              |
|    ep_len_mean          | 38.6         |
|    ep_rew_mean          | -45.5        |
| time/                   |              |
|    fps                  | 20           |
|    iterations           | 50           |
|    time_elapsed         | 629          |
|    total_timesteps      | 12800        |
| train/                  |              |
|    approx_kl            | 0.0011950354 |
|    clip_fraction        | 0            |
|    clip_range           | 0.15         |
|    entropy_loss         | -6.01        |
|    explained_variance   | 0.828        |
|    learning_rate        | 0.0001       |
|    loss                 | 0.141        |
|    n_updates            | 147          |
|    policy_gradient_loss | -0.0175      |
|    value_loss           | 0.417        |
------------------------------------------
-----------------------------------------
| rollout/                |             |
|    ep_len_mean          | 38.6        |
|    ep_rew_mean          | -45.2       |
| time/                   |             |
|    fps                  | 20          |
|    iterations           | 51          |
|    time_elapsed         | 637         |
|    total_timesteps      | 13056       |
| train/                  |             |
|    approx_kl            | 0.001427372 |
|    clip_fraction        | 0.00911     |
|    clip_range           | 0.15        |
|    entropy_loss         | -6.01       |
|    explained_variance   | 0.805       |
|    learning_rate        | 0.0001      |
|    loss                 | 0.137       |
|    n_updates            | 150         |
|    policy_gradient_loss | -0.0136     |
|    value_loss           | 0.385       |
-----------------------------------------
-------------------------------------------
| rollout/                |               |
|    ep_len_mean          | 38.4          |
|    ep_rew_mean          | -44.7         |
| time/                   |               |
|    fps                  | 20            |
|    iterations           | 52            |
|    time_elapsed         | 645           |
|    total_timesteps      | 13312         |
| train/                  |               |
|    approx_kl            | 0.00092100864 |
|    clip_fraction        | 0             |
|    clip_range           | 0.15          |
|    entropy_loss         | -6.06         |
|    explained_variance   | 0.599         |
|    learning_rate        | 0.0001        |
|    loss                 | 0.135         |
|    n_updates            | 153           |
|    policy_gradient_loss | -0.00836      |
|    value_loss           | 0.36          |
-------------------------------------------
------------------------------------------
| rollout/                |              |
|    ep_len_mean          | 38.4         |
|    ep_rew_mean          | -44.7        |
| time/                   |              |
|    fps                  | 20           |
|    iterations           | 53           |
|    time_elapsed         | 652          |
|    total_timesteps      | 13568        |
| train/                  |              |
|    approx_kl            | 0.0009496205 |
|    clip_fraction        | 0            |
|    clip_range           | 0.15         |
|    entropy_loss         | -6.05        |
|    explained_variance   | 0.655        |
|    learning_rate        | 0.0001       |
|    loss                 | 0.102        |
|    n_updates            | 156          |
|    policy_gradient_loss | -0.0137      |
|    value_loss           | 0.32         |
------------------------------------------
------------------------------------------
| rollout/                |              |
|    ep_len_mean          | 38.6         |
|    ep_rew_mean          | -45          |
| time/                   |              |
|    fps                  | 20           |
|    iterations           | 54           |
|    time_elapsed         | 660          |
|    total_timesteps      | 13824        |
| train/                  |              |
|    approx_kl            | 0.0011002715 |
|    clip_fraction        | 0            |
|    clip_range           | 0.15         |
|    entropy_loss         | -6.06        |
|    explained_variance   | 0.72         |
|    learning_rate        | 0.0001       |
|    loss                 | 0.0613       |
|    n_updates            | 159          |
|    policy_gradient_loss | -0.0179      |
|    value_loss           | 0.25         |
------------------------------------------
------------------------------------------
| rollout/                |              |
|    ep_len_mean          | 38.8         |
|    ep_rew_mean          | -45.4        |
| time/                   |              |
|    fps                  | 21           |
|    iterations           | 55           |
|    time_elapsed         | 668          |
|    total_timesteps      | 14080        |
| train/                  |              |
|    approx_kl            | 0.0012366022 |
|    clip_fraction        | 0            |
|    clip_range           | 0.15         |
|    entropy_loss         | -6.07        |
|    explained_variance   | 0.737        |
|    learning_rate        | 0.0001       |
|    loss                 | 0.0894       |
|    n_updates            | 162          |
|    policy_gradient_loss | -0.0175      |
|    value_loss           | 0.3          |
------------------------------------------
------------------------------------------
| rollout/                |              |
|    ep_len_mean          | 39           |
|    ep_rew_mean          | -45.9        |
| time/                   |              |
|    fps                  | 21           |
|    iterations           | 56           |
|    time_elapsed         | 677          |
|    total_timesteps      | 14336        |
| train/                  |              |
|    approx_kl            | 0.0013210098 |
|    clip_fraction        | 0.00911      |
|    clip_range           | 0.15         |
|    entropy_loss         | -6.06        |
|    explained_variance   | 0.832        |
|    learning_rate        | 0.0001       |
|    loss                 | 0.0168       |
|    n_updates            | 165          |
|    policy_gradient_loss | -0.0205      |
|    value_loss           | 0.165        |
------------------------------------------
-------------------------------------------
| rollout/                |               |
|    ep_len_mean          | 39.2          |
|    ep_rew_mean          | -46.3         |
| time/                   |               |
|    fps                  | 21            |
|    iterations           | 57            |
|    time_elapsed         | 686           |
|    total_timesteps      | 14592         |
| train/                  |               |
|    approx_kl            | 0.00060601113 |
|    clip_fraction        | 0             |
|    clip_range           | 0.15          |
|    entropy_loss         | -6.05         |
|    explained_variance   | 0.515         |
|    learning_rate        | 0.0001        |
|    loss                 | 0.223         |
|    n_updates            | 168           |
|    policy_gradient_loss | -0.00622      |
|    value_loss           | 0.518         |
-------------------------------------------
------------------------------------------
| rollout/                |              |
|    ep_len_mean          | 39.5         |
|    ep_rew_mean          | -46.6        |
| time/                   |              |
|    fps                  | 21           |
|    iterations           | 58           |
|    time_elapsed         | 694          |
|    total_timesteps      | 14848        |
| train/                  |              |
|    approx_kl            | 0.0005118188 |
|    clip_fraction        | 0            |
|    clip_range           | 0.15         |
|    entropy_loss         | -6.04        |
|    explained_variance   | 0.55         |
|    learning_rate        | 0.0001       |
|    loss                 | 0.22         |
|    n_updates            | 171          |
|    policy_gradient_loss | -0.00821     |
|    value_loss           | 0.544        |
------------------------------------------
-------------------------------------------
| rollout/                |               |
|    ep_len_mean          | 39.8          |
|    ep_rew_mean          | -46.9         |
| time/                   |               |
|    fps                  | 21            |
|    iterations           | 59            |
|    time_elapsed         | 703           |
|    total_timesteps      | 15104         |
| train/                  |               |
|    approx_kl            | 0.00061053317 |
|    clip_fraction        | 0             |
|    clip_range           | 0.15          |
|    entropy_loss         | -6.03         |
|    explained_variance   | 0.722         |
|    learning_rate        | 0.0001        |
|    loss                 | 0.15          |
|    n_updates            | 174           |
|    policy_gradient_loss | -0.0127       |
|    value_loss           | 0.431         |
-------------------------------------------
------------------------------------------
| rollout/                |              |
|    ep_len_mean          | 39.9         |
|    ep_rew_mean          | -47.1        |
| time/                   |              |
|    fps                  | 21           |
|    iterations           | 60           |
|    time_elapsed         | 713          |
|    total_timesteps      | 15360        |
| train/                  |              |
|    approx_kl            | 0.0008330359 |
|    clip_fraction        | 0            |
|    clip_range           | 0.15         |
|    entropy_loss         | -6.02        |
|    explained_variance   | 0.777        |
|    learning_rate        | 0.0001       |
|    loss                 | 0.102        |
|    n_updates            | 177          |
|    policy_gradient_loss | -0.0141      |
|    value_loss           | 0.331        |
------------------------------------------
-------------------------------------------
| rollout/                |               |
|    ep_len_mean          | 40            |
|    ep_rew_mean          | -47.3         |
| time/                   |               |
|    fps                  | 21            |
|    iterations           | 61            |
|    time_elapsed         | 724           |
|    total_timesteps      | 15616         |
| train/                  |               |
|    approx_kl            | 0.00081791985 |
|    clip_fraction        | 0             |
|    clip_range           | 0.15          |
|    entropy_loss         | -6.01         |
|    explained_variance   | 0.891         |
|    learning_rate        | 0.0001        |
|    loss                 | 0.108         |
|    n_updates            | 180           |
|    policy_gradient_loss | -0.0119       |
|    value_loss           | 0.32          |
-------------------------------------------
------------------------------------------
| rollout/                |              |
|    ep_len_mean          | 40.2         |
|    ep_rew_mean          | -47.4        |
| time/                   |              |
|    fps                  | 21           |
|    iterations           | 62           |
|    time_elapsed         | 735          |
|    total_timesteps      | 15872        |
| train/                  |              |
|    approx_kl            | 0.0007407549 |
|    clip_fraction        | 0            |
|    clip_range           | 0.15         |
|    entropy_loss         | -6           |
|    explained_variance   | 0.882        |
|    learning_rate        | 0.0001       |
|    loss                 | 0.0947       |
|    n_updates            | 183          |
|    policy_gradient_loss | -0.00882     |
|    value_loss           | 0.278        |
------------------------------------------
------------------------------------------
| rollout/                |              |
|    ep_len_mean          | 40.3         |
|    ep_rew_mean          | -47.5        |
| time/                   |              |
|    fps                  | 21           |
|    iterations           | 63           |
|    time_elapsed         | 745          |
|    total_timesteps      | 16128        |
| train/                  |              |
|    approx_kl            | 0.0006205782 |
|    clip_fraction        | 0            |
|    clip_range           | 0.15         |
|    entropy_loss         | -5.97        |
|    explained_variance   | 0.908        |
|    learning_rate        | 0.0001       |
|    loss                 | 0.0899       |
|    n_updates            | 186          |
|    policy_gradient_loss | -0.0103      |
|    value_loss           | 0.275        |
------------------------------------------
------------------------------------------
| rollout/                |              |
|    ep_len_mean          | 40.4         |
|    ep_rew_mean          | -47.6        |
| time/                   |              |
|    fps                  | 21           |
|    iterations           | 64           |
|    time_elapsed         | 755          |
|    total_timesteps      | 16384        |
| train/                  |              |
|    approx_kl            | 0.0006603766 |
|    clip_fraction        | 0            |
|    clip_range           | 0.15         |
|    entropy_loss         | -5.95        |
|    explained_variance   | 0.881        |
|    learning_rate        | 0.0001       |
|    loss                 | 0.0734       |
|    n_updates            | 189          |
|    policy_gradient_loss | -0.0113      |
|    value_loss           | 0.244        |
------------------------------------------
------------------------------------------
| rollout/                |              |
|    ep_len_mean          | 40.5         |
|    ep_rew_mean          | -47.6        |
| time/                   |              |
|    fps                  | 21           |
|    iterations           | 65           |
|    time_elapsed         | 765          |
|    total_timesteps      | 16640        |
| train/                  |              |
|    approx_kl            | 0.0008831008 |
|    clip_fraction        | 0            |
|    clip_range           | 0.15         |
|    entropy_loss         | -5.94        |
|    explained_variance   | 0.91         |
|    learning_rate        | 0.0001       |
|    loss                 | 0.0499       |
|    n_updates            | 192          |
|    policy_gradient_loss | -0.0158      |
|    value_loss           | 0.214        |
------------------------------------------
------------------------------------------
| rollout/                |              |
|    ep_len_mean          | 40.7         |
|    ep_rew_mean          | -47.6        |
| time/                   |              |
|    fps                  | 21           |
|    iterations           | 66           |
|    time_elapsed         | 773          |
|    total_timesteps      | 16896        |
| train/                  |              |
|    approx_kl            | 0.0010184054 |
|    clip_fraction        | 0            |
|    clip_range           | 0.15         |
|    entropy_loss         | -5.92        |
|    explained_variance   | 0.915        |
|    learning_rate        | 0.0001       |
|    loss                 | 0.0124       |
|    n_updates            | 195          |
|    policy_gradient_loss | -0.0152      |
|    value_loss           | 0.131        |
------------------------------------------
------------------------------------------
| rollout/                |              |
|    ep_len_mean          | 40.7         |
|    ep_rew_mean          | -47.8        |
| time/                   |              |
|    fps                  | 21           |
|    iterations           | 67           |
|    time_elapsed         | 782          |
|    total_timesteps      | 17152        |
| train/                  |              |
|    approx_kl            | 0.0010957869 |
|    clip_fraction        | 0            |
|    clip_range           | 0.15         |
|    entropy_loss         | -5.88        |
|    explained_variance   | 0.935        |
|    learning_rate        | 0.0001       |
|    loss                 | 0.00286      |
|    n_updates            | 198          |
|    policy_gradient_loss | -0.0163      |
|    value_loss           | 0.115        |
------------------------------------------
------------------------------------------
| rollout/                |              |
|    ep_len_mean          | 40.7         |
|    ep_rew_mean          | -47.6        |
| time/                   |              |
|    fps                  | 21           |
|    iterations           | 68           |
|    time_elapsed         | 791          |
|    total_timesteps      | 17408        |
| train/                  |              |
|    approx_kl            | 0.0012853986 |
|    clip_fraction        | 0            |
|    clip_range           | 0.15         |
|    entropy_loss         | -5.84        |
|    explained_variance   | 0.943        |
|    learning_rate        | 0.0001       |
|    loss                 | -0.0126      |
|    n_updates            | 201          |
|    policy_gradient_loss | -0.0193      |
|    value_loss           | 0.0947       |
------------------------------------------
------------------------------------------
| rollout/                |              |
|    ep_len_mean          | 40.7         |
|    ep_rew_mean          | -47.5        |
| time/                   |              |
|    fps                  | 22           |
|    iterations           | 69           |
|    time_elapsed         | 799          |
|    total_timesteps      | 17664        |
| train/                  |              |
|    approx_kl            | 0.0014204436 |
|    clip_fraction        | 0            |
|    clip_range           | 0.15         |
|    entropy_loss         | -5.84        |
|    explained_variance   | 0.915        |
|    learning_rate        | 0.0001       |
|    loss                 | -0.0039      |
|    n_updates            | 204          |
|    policy_gradient_loss | -0.0163      |
|    value_loss           | 0.097        |
------------------------------------------
------------------------------------------
| rollout/                |              |
|    ep_len_mean          | 40.7         |
|    ep_rew_mean          | -47.5        |
| time/                   |              |
|    fps                  | 22           |
|    iterations           | 70           |
|    time_elapsed         | 807          |
|    total_timesteps      | 17920        |
| train/                  |              |
|    approx_kl            | 0.0010236474 |
|    clip_fraction        | 0            |
|    clip_range           | 0.15         |
|    entropy_loss         | -5.84        |
|    explained_variance   | 0.706        |
|    learning_rate        | 0.0001       |
|    loss                 | 0.112        |
|    n_updates            | 207          |
|    policy_gradient_loss | -0.00876     |
|    value_loss           | 0.311        |
------------------------------------------
-----------------------------------------
| rollout/                |             |
|    ep_len_mean          | 40.7        |
|    ep_rew_mean          | -47.5       |
| time/                   |             |
|    fps                  | 22          |
|    iterations           | 71          |
|    time_elapsed         | 815         |
|    total_timesteps      | 18176       |
| train/                  |             |
|    approx_kl            | 0.001066485 |
|    clip_fraction        | 0           |
|    clip_range           | 0.15        |
|    entropy_loss         | -5.81       |
|    explained_variance   | 0.732       |
|    learning_rate        | 0.0001      |
|    loss                 | 0.0617      |
|    n_updates            | 210         |
|    policy_gradient_loss | -0.0132     |
|    value_loss           | 0.242       |
-----------------------------------------
------------------------------------------
| rollout/                |              |
|    ep_len_mean          | 40.6         |
|    ep_rew_mean          | -47.5        |
| time/                   |              |
|    fps                  | 22           |
|    iterations           | 72           |
|    time_elapsed         | 826          |
|    total_timesteps      | 18432        |
| train/                  |              |
|    approx_kl            | 0.0013561677 |
|    clip_fraction        | 0            |
|    clip_range           | 0.15         |
|    entropy_loss         | -5.79        |
|    explained_variance   | 0.806        |
|    learning_rate        | 0.0001       |
|    loss                 | 0.0273       |
|    n_updates            | 213          |
|    policy_gradient_loss | -0.0164      |
|    value_loss           | 0.181        |
------------------------------------------
-------------------------------------------
| rollout/                |               |
|    ep_len_mean          | 40.7          |
|    ep_rew_mean          | -47.6         |
| time/                   |               |
|    fps                  | 22            |
|    iterations           | 73            |
|    time_elapsed         | 836           |
|    total_timesteps      | 18688         |
| train/                  |               |
|    approx_kl            | 0.00091919047 |
|    clip_fraction        | 0             |
|    clip_range           | 0.15          |
|    entropy_loss         | -5.69         |
|    explained_variance   | 0.876         |
|    learning_rate        | 0.0001        |
|    loss                 | 0.0629        |
|    n_updates            | 216           |
|    policy_gradient_loss | -0.00964      |
|    value_loss           | 0.221         |
-------------------------------------------
-------------------------------------------
| rollout/                |               |
|    ep_len_mean          | 40.8          |
|    ep_rew_mean          | -47.8         |
| time/                   |               |
|    fps                  | 22            |
|    iterations           | 74            |
|    time_elapsed         | 846           |
|    total_timesteps      | 18944         |
| train/                  |               |
|    approx_kl            | 0.00039067352 |
|    clip_fraction        | 0             |
|    clip_range           | 0.15          |
|    entropy_loss         | -5.78         |
|    explained_variance   | 0.626         |
|    learning_rate        | 0.0001        |
|    loss                 | 0.376         |
|    n_updates            | 219           |
|    policy_gradient_loss | -0.00457      |
|    value_loss           | 0.831         |
-------------------------------------------
-------------------------------------------
| rollout/                |               |
|    ep_len_mean          | 40.9          |
|    ep_rew_mean          | -48.1         |
| time/                   |               |
|    fps                  | 22            |
|    iterations           | 75            |
|    time_elapsed         | 855           |
|    total_timesteps      | 19200         |
| train/                  |               |
|    approx_kl            | 0.00039878627 |
|    clip_fraction        | 0             |
|    clip_range           | 0.15          |
|    entropy_loss         | -5.76         |
|    explained_variance   | 0.711         |
|    learning_rate        | 0.0001        |
|    loss                 | 0.298         |
|    n_updates            | 222           |
|    policy_gradient_loss | -0.00817      |
|    value_loss           | 0.72          |
-------------------------------------------
-------------------------------------------
| rollout/                |               |
|    ep_len_mean          | 41            |
|    ep_rew_mean          | -48.2         |
| time/                   |               |
|    fps                  | 22            |
|    iterations           | 76            |
|    time_elapsed         | 865           |
|    total_timesteps      | 19456         |
| train/                  |               |
|    approx_kl            | 0.00064168195 |
|    clip_fraction        | 0             |
|    clip_range           | 0.15          |
|    entropy_loss         | -5.75         |
|    explained_variance   | 0.811         |
|    learning_rate        | 0.0001        |
|    loss                 | 0.206         |
|    n_updates            | 225           |
|    policy_gradient_loss | -0.0124       |
|    value_loss           | 0.555         |
-------------------------------------------
-----------------------------------------
| rollout/                |             |
|    ep_len_mean          | 41          |
|    ep_rew_mean          | -48.1       |
| time/                   |             |
|    fps                  | 22          |
|    iterations           | 77          |
|    time_elapsed         | 876         |
|    total_timesteps      | 19712       |
| train/                  |             |
|    approx_kl            | 0.000885868 |
|    clip_fraction        | 0           |
|    clip_range           | 0.15        |
|    entropy_loss         | -5.76       |
|    explained_variance   | 0.893       |
|    learning_rate        | 0.0001      |
|    loss                 | 0.153       |
|    n_updates            | 228         |
|    policy_gradient_loss | -0.0134     |
|    value_loss           | 0.432       |
-----------------------------------------
------------------------------------------
| rollout/                |              |
|    ep_len_mean          | 40.8         |
|    ep_rew_mean          | -48          |
| time/                   |              |
|    fps                  | 22           |
|    iterations           | 78           |
|    time_elapsed         | 888          |
|    total_timesteps      | 19968        |
| train/                  |              |
|    approx_kl            | 0.0004837301 |
|    clip_fraction        | 0            |
|    clip_range           | 0.15         |
|    entropy_loss         | -5.7         |
|    explained_variance   | 0.828        |
|    learning_rate        | 0.0001       |
|    loss                 | 0.152        |
|    n_updates            | 231          |
|    policy_gradient_loss | -0.00212     |
|    value_loss           | 0.345        |
------------------------------------------
-------------------------------------------
| rollout/                |               |
|    ep_len_mean          | 40.7          |
|    ep_rew_mean          | -47.9         |
| time/                   |               |
|    fps                  | 22            |
|    iterations           | 79            |
|    time_elapsed         | 900           |
|    total_timesteps      | 20224         |
| train/                  |               |
|    approx_kl            | 0.00070658326 |
|    clip_fraction        | 0             |
|    clip_range           | 0.15          |
|    entropy_loss         | -5.67         |
|    explained_variance   | 0.831         |
|    learning_rate        | 0.0001        |
|    loss                 | 0.0869        |
|    n_updates            | 234           |
|    policy_gradient_loss | -0.00953      |
|    value_loss           | 0.264         |
-------------------------------------------
------------------------------------------
| rollout/                |              |
|    ep_len_mean          | 40.7         |
|    ep_rew_mean          | -47.8        |
| time/                   |              |
|    fps                  | 22           |
|    iterations           | 80           |
|    time_elapsed         | 908          |
|    total_timesteps      | 20480        |
| train/                  |              |
|    approx_kl            | 0.0009507814 |
|    clip_fraction        | 0            |
|    clip_range           | 0.15         |
|    entropy_loss         | -5.71        |
|    explained_variance   | 0.847        |
|    learning_rate        | 0.0001       |
|    loss                 | 0.0455       |
|    n_updates            | 237          |
|    policy_gradient_loss | -0.0134      |
|    value_loss           | 0.201        |
------------------------------------------
-------------------------------------------
| rollout/                |               |
|    ep_len_mean          | 40.7          |
|    ep_rew_mean          | -47.9         |
| time/                   |               |
|    fps                  | 22            |
|    iterations           | 81            |
|    time_elapsed         | 917           |
|    total_timesteps      | 20736         |
| train/                  |               |
|    approx_kl            | 0.00084643695 |
|    clip_fraction        | 0             |
|    clip_range           | 0.15          |
|    entropy_loss         | -5.78         |
|    explained_variance   | 0.84          |
|    learning_rate        | 0.0001        |
|    loss                 | 0.0991        |
|    n_updates            | 240           |
|    policy_gradient_loss | -0.00568      |
|    value_loss           | 0.273         |
-------------------------------------------
-------------------------------------------
| rollout/                |               |
|    ep_len_mean          | 40.7          |
|    ep_rew_mean          | -48           |
| time/                   |               |
|    fps                  | 22            |
|    iterations           | 82            |
|    time_elapsed         | 926           |
|    total_timesteps      | 20992         |
| train/                  |               |
|    approx_kl            | 0.00074332044 |
|    clip_fraction        | 0             |
|    clip_range           | 0.15          |
|    entropy_loss         | -5.79         |
|    explained_variance   | 0.877         |
|    learning_rate        | 0.0001        |
|    loss                 | 0.055         |
|    n_updates            | 243           |
|    policy_gradient_loss | -0.00999      |
|    value_loss           | 0.212         |
-------------------------------------------
-------------------------------------------
| rollout/                |               |
|    ep_len_mean          | 40.7          |
|    ep_rew_mean          | -48.1         |
| time/                   |               |
|    fps                  | 22            |
|    iterations           | 83            |
|    time_elapsed         | 935           |
|    total_timesteps      | 21248         |
| train/                  |               |
|    approx_kl            | 0.00071899756 |
|    clip_fraction        | 0             |
|    clip_range           | 0.15          |
|    entropy_loss         | -5.81         |
|    explained_variance   | 0.884         |
|    learning_rate        | 0.0001        |
|    loss                 | 0.0289        |
|    n_updates            | 246           |
|    policy_gradient_loss | -0.00944      |
|    value_loss           | 0.155         |
-------------------------------------------
------------------------------------------
| rollout/                |              |
|    ep_len_mean          | 40.8         |
|    ep_rew_mean          | -48.7        |
| time/                   |              |
|    fps                  | 22           |
|    iterations           | 84           |
|    time_elapsed         | 944          |
|    total_timesteps      | 21504        |
| train/                  |              |
|    approx_kl            | 0.0008608424 |
|    clip_fraction        | 0            |
|    clip_range           | 0.15         |
|    entropy_loss         | -5.81        |
|    explained_variance   | 0.938        |
|    learning_rate        | 0.0001       |
|    loss                 | 0.00177      |
|    n_updates            | 249          |
|    policy_gradient_loss | -0.0152      |
|    value_loss           | 0.119        |
------------------------------------------
-----------------------------------------
| rollout/                |             |
|    ep_len_mean          | 40.8        |
|    ep_rew_mean          | -48.9       |
| time/                   |             |
|    fps                  | 22          |
|    iterations           | 85          |
|    time_elapsed         | 953         |
|    total_timesteps      | 21760       |
| train/                  |             |
|    approx_kl            | 0.001015113 |
|    clip_fraction        | 0           |
|    clip_range           | 0.15        |
|    entropy_loss         | -5.79       |
|    explained_variance   | 0.951       |
|    learning_rate        | 0.0001      |
|    loss                 | -0.00947    |
|    n_updates            | 252         |
|    policy_gradient_loss | -0.0165     |
|    value_loss           | 0.0933      |
-----------------------------------------
------------------------------------------
| rollout/                |              |
|    ep_len_mean          | 40.9         |
|    ep_rew_mean          | -49.2        |
| time/                   |              |
|    fps                  | 22           |
|    iterations           | 86           |
|    time_elapsed         | 961          |
|    total_timesteps      | 22016        |
| train/                  |              |
|    approx_kl            | 0.0012966043 |
|    clip_fraction        | 0            |
|    clip_range           | 0.15         |
|    entropy_loss         | -5.77        |
|    explained_variance   | 0.953        |
|    learning_rate        | 0.0001       |
|    loss                 | -0.0187      |
|    n_updates            | 255          |
|    policy_gradient_loss | -0.0191      |
|    value_loss           | 0.083        |
------------------------------------------
------------------------------------------
| rollout/                |              |
|    ep_len_mean          | 41           |
|    ep_rew_mean          | -49.5        |
| time/                   |              |
|    fps                  | 22           |
|    iterations           | 87           |
|    time_elapsed         | 970          |
|    total_timesteps      | 22272        |
| train/                  |              |
|    approx_kl            | 0.0016496878 |
|    clip_fraction        | 0            |
|    clip_range           | 0.15         |
|    entropy_loss         | -5.76        |
|    explained_variance   | 0.954        |
|    learning_rate        | 0.0001       |
|    loss                 | -0.0286      |
|    n_updates            | 258          |
|    policy_gradient_loss | -0.0212      |
|    value_loss           | 0.0683       |
------------------------------------------
-----------------------------------------
| rollout/                |             |
|    ep_len_mean          | 41.1        |
|    ep_rew_mean          | -49.6       |
| time/                   |             |
|    fps                  | 22          |
|    iterations           | 88          |
|    time_elapsed         | 979         |
|    total_timesteps      | 22528       |
| train/                  |             |
|    approx_kl            | 0.002119536 |
|    clip_fraction        | 0.00781     |
|    clip_range           | 0.15        |
|    entropy_loss         | -5.73       |
|    explained_variance   | 0.96        |
|    learning_rate        | 0.0001      |
|    loss                 | -0.0357     |
|    n_updates            | 261         |
|    policy_gradient_loss | -0.0228     |
|    value_loss           | 0.0571      |
-----------------------------------------
------------------------------------------
| rollout/                |              |
|    ep_len_mean          | 41           |
|    ep_rew_mean          | -49.6        |
| time/                   |              |
|    fps                  | 22           |
|    iterations           | 89           |
|    time_elapsed         | 990          |
|    total_timesteps      | 22784        |
| train/                  |              |
|    approx_kl            | 0.0024669108 |
|    clip_fraction        | 0.0169       |
|    clip_range           | 0.15         |
|    entropy_loss         | -5.7         |
|    explained_variance   | 0.965        |
|    learning_rate        | 0.0001       |
|    loss                 | -0.0392      |
|    n_updates            | 264          |
|    policy_gradient_loss | -0.0244      |
|    value_loss           | 0.0538       |
------------------------------------------
------------------------------------------
| rollout/                |              |
|    ep_len_mean          | 40.9         |
|    ep_rew_mean          | -49.5        |
| time/                   |              |
|    fps                  | 22           |
|    iterations           | 90           |
|    time_elapsed         | 1002         |
|    total_timesteps      | 23040        |
| train/                  |              |
|    approx_kl            | 0.0013424384 |
|    clip_fraction        | 0            |
|    clip_range           | 0.15         |
|    entropy_loss         | -5.63        |
|    explained_variance   | 0.729        |
|    learning_rate        | 0.0001       |
|    loss                 | 0.148        |
|    n_updates            | 267          |
|    policy_gradient_loss | -0.00576     |
|    value_loss           | 0.376        |
------------------------------------------
------------------------------------------
| rollout/                |              |
|    ep_len_mean          | 40.8         |
|    ep_rew_mean          | -49.4        |
| time/                   |              |
|    fps                  | 22           |
|    iterations           | 91           |
|    time_elapsed         | 1014         |
|    total_timesteps      | 23296        |
| train/                  |              |
|    approx_kl            | 0.0011393065 |
|    clip_fraction        | 0            |
|    clip_range           | 0.15         |
|    entropy_loss         | -5.6         |
|    explained_variance   | 0.715        |
|    learning_rate        | 0.0001       |
|    loss                 | 0.112        |
|    n_updates            | 270          |
|    policy_gradient_loss | -0.00867     |
|    value_loss           | 0.344        |
------------------------------------------
------------------------------------------
| rollout/                |              |
|    ep_len_mean          | 40.6         |
|    ep_rew_mean          | -49.3        |
| time/                   |              |
|    fps                  | 22           |
|    iterations           | 92           |
|    time_elapsed         | 1026         |
|    total_timesteps      | 23552        |
| train/                  |              |
|    approx_kl            | 0.0010034416 |
|    clip_fraction        | 0            |
|    clip_range           | 0.15         |
|    entropy_loss         | -5.57        |
|    explained_variance   | 0.858        |
|    learning_rate        | 0.0001       |
|    loss                 | 0.0487       |
|    n_updates            | 273          |
|    policy_gradient_loss | -0.0109      |
|    value_loss           | 0.218        |
------------------------------------------
-------------------------------------------
| rollout/                |               |
|    ep_len_mean          | 40.7          |
|    ep_rew_mean          | -49.4         |
| time/                   |               |
|    fps                  | 22            |
|    iterations           | 93            |
|    time_elapsed         | 1038          |
|    total_timesteps      | 23808         |
| train/                  |               |
|    approx_kl            | 0.00084438245 |
|    clip_fraction        | 0             |
|    clip_range           | 0.15          |
|    entropy_loss         | -5.55         |
|    explained_variance   | 0.945         |
|    learning_rate        | 0.0001        |
|    loss                 | 0.0427        |
|    n_updates            | 276           |
|    policy_gradient_loss | -0.00935      |
|    value_loss           | 0.171         |
-------------------------------------------
-------------------------------------------
| rollout/                |               |
|    ep_len_mean          | 40.9          |
|    ep_rew_mean          | -49.6         |
| time/                   |               |
|    fps                  | 22            |
|    iterations           | 94            |
|    time_elapsed         | 1050          |
|    total_timesteps      | 24064         |
| train/                  |               |
|    approx_kl            | 0.00065158354 |
|    clip_fraction        | 0             |
|    clip_range           | 0.15          |
|    entropy_loss         | -5.5          |
|    explained_variance   | 0.929         |
|    learning_rate        | 0.0001        |
|    loss                 | 0.0535        |
|    n_updates            | 279           |
|    policy_gradient_loss | -0.00597      |
|    value_loss           | 0.168         |
-------------------------------------------
-------------------------------------------
| rollout/                |               |
|    ep_len_mean          | 41            |
|    ep_rew_mean          | -49.7         |
| time/                   |               |
|    fps                  | 22            |
|    iterations           | 95            |
|    time_elapsed         | 1063          |
|    total_timesteps      | 24320         |
| train/                  |               |
|    approx_kl            | 0.00058419467 |
|    clip_fraction        | 0             |
|    clip_range           | 0.15          |
|    entropy_loss         | -5.51         |
|    explained_variance   | 0.905         |
|    learning_rate        | 0.0001        |
|    loss                 | 0.0483        |
|    n_updates            | 282           |
|    policy_gradient_loss | -0.00839      |
|    value_loss           | 0.174         |
-------------------------------------------
-------------------------------------------
| rollout/                |               |
|    ep_len_mean          | 41            |
|    ep_rew_mean          | -49.7         |
| time/                   |               |
|    fps                  | 22            |
|    iterations           | 96            |
|    time_elapsed         | 1071          |
|    total_timesteps      | 24576         |
| train/                  |               |
|    approx_kl            | 0.00073252665 |
|    clip_fraction        | 0             |
|    clip_range           | 0.15          |
|    entropy_loss         | -5.5          |
|    explained_variance   | 0.905         |
|    learning_rate        | 0.0001        |
|    loss                 | 0.0279        |
|    n_updates            | 285           |
|    policy_gradient_loss | -0.0123       |
|    value_loss           | 0.154         |
-------------------------------------------
-------------------------------------------
| rollout/                |               |
|    ep_len_mean          | 41            |
|    ep_rew_mean          | -49.6         |
| time/                   |               |
|    fps                  | 22            |
|    iterations           | 97            |
|    time_elapsed         | 1079          |
|    total_timesteps      | 24832         |
| train/                  |               |
|    approx_kl            | 0.00025722221 |
|    clip_fraction        | 0             |
|    clip_range           | 0.15          |
|    entropy_loss         | -5.45         |
|    explained_variance   | 0.884         |
|    learning_rate        | 0.0001        |
|    loss                 | 0.0536        |
|    n_updates            | 288           |
|    policy_gradient_loss | -0.00354      |
|    value_loss           | 0.159         |
-------------------------------------------
------------------------------------------
| rollout/                |              |
|    ep_len_mean          | 41           |
|    ep_rew_mean          | -49.5        |
| time/                   |              |
|    fps                  | 23           |
|    iterations           | 98           |
|    time_elapsed         | 1089         |
|    total_timesteps      | 25088        |
| train/                  |              |
|    approx_kl            | 0.0004188842 |
|    clip_fraction        | 0            |
|    clip_range           | 0.15         |
|    entropy_loss         | -5.42        |
|    explained_variance   | 0.896        |
|    learning_rate        | 0.0001       |
|    loss                 | 0.0336       |
|    n_updates            | 291          |
|    policy_gradient_loss | -0.00986     |
|    value_loss           | 0.15         |
------------------------------------------
------------------------------------------
| rollout/                |              |
|    ep_len_mean          | 40.9         |
|    ep_rew_mean          | -49.5        |
| time/                   |              |
|    fps                  | 23           |
|    iterations           | 99           |
|    time_elapsed         | 1099         |
|    total_timesteps      | 25344        |
| train/                  |              |
|    approx_kl            | 0.0004619332 |
|    clip_fraction        | 0            |
|    clip_range           | 0.15         |
|    entropy_loss         | -5.53        |
|    explained_variance   | 0.924        |
|    learning_rate        | 0.0001       |
|    loss                 | 0.00562      |
|    n_updates            | 294          |
|    policy_gradient_loss | -0.00923     |
|    value_loss           | 0.0886       |
------------------------------------------
------------------------------------------
| rollout/                |              |
|    ep_len_mean          | 41           |
|    ep_rew_mean          | -49.7        |
| time/                   |              |
|    fps                  | 23           |
|    iterations           | 100          |
|    time_elapsed         | 1107         |
|    total_timesteps      | 25600        |
| train/                  |              |
|    approx_kl            | 0.0004045104 |
|    clip_fraction        | 0            |
|    clip_range           | 0.15         |
|    entropy_loss         | -5.59        |
|    explained_variance   | 0.961        |
|    learning_rate        | 0.0001       |
|    loss                 | -0.00902     |
|    n_updates            | 297          |
|    policy_gradient_loss | -0.00937     |
|    value_loss           | 0.0585       |
------------------------------------------
------------------------------------------
| rollout/                |              |
|    ep_len_mean          | 41.1         |
|    ep_rew_mean          | -49.9        |
| time/                   |              |
|    fps                  | 23           |
|    iterations           | 101          |
|    time_elapsed         | 1115         |
|    total_timesteps      | 25856        |
| train/                  |              |
|    approx_kl            | 0.0004955025 |
|    clip_fraction        | 0            |
|    clip_range           | 0.15         |
|    entropy_loss         | -5.35        |
|    explained_variance   | 0.794        |
|    learning_rate        | 0.0001       |
|    loss                 | 0.135        |
|    n_updates            | 300          |
|    policy_gradient_loss | -0.00702     |
|    value_loss           | 0.349        |
------------------------------------------
-------------------------------------------
| rollout/                |               |
|    ep_len_mean          | 41.2          |
|    ep_rew_mean          | -50           |
| time/                   |               |
|    fps                  | 23            |
|    iterations           | 102           |
|    time_elapsed         | 1123          |
|    total_timesteps      | 26112         |
| train/                  |               |
|    approx_kl            | 0.00076749315 |
|    clip_fraction        | 0             |
|    clip_range           | 0.15          |
|    entropy_loss         | -5.34         |
|    explained_variance   | 0.822         |
|    learning_rate        | 0.0001        |
|    loss                 | 0.0855        |
|    n_updates            | 303           |
|    policy_gradient_loss | -0.0142       |
|    value_loss           | 0.29          |
-------------------------------------------
-----------------------------------------
| rollout/                |             |
|    ep_len_mean          | 41.4        |
|    ep_rew_mean          | -50.2       |
| time/                   |             |
|    fps                  | 23          |
|    iterations           | 103         |
|    time_elapsed         | 1131        |
|    total_timesteps      | 26368       |
| train/                  |             |
|    approx_kl            | 0.001092227 |
|    clip_fraction        | 0.00781     |
|    clip_range           | 0.15        |
|    entropy_loss         | -5.32       |
|    explained_variance   | 0.865       |
|    learning_rate        | 0.0001      |
|    loss                 | 0.0442      |
|    n_updates            | 306         |
|    policy_gradient_loss | -0.0157     |
|    value_loss           | 0.206       |
-----------------------------------------
------------------------------------------
| rollout/                |              |
|    ep_len_mean          | 41.5         |
|    ep_rew_mean          | -50.4        |
| time/                   |              |
|    fps                  | 23           |
|    iterations           | 104          |
|    time_elapsed         | 1138         |
|    total_timesteps      | 26624        |
| train/                  |              |
|    approx_kl            | 0.0013250045 |
|    clip_fraction        | 0.00781      |
|    clip_range           | 0.15         |
|    entropy_loss         | -5.31        |
|    explained_variance   | 0.913        |
|    learning_rate        | 0.0001       |
|    loss                 | 0.0197       |
|    n_updates            | 309          |
|    policy_gradient_loss | -0.019       |
|    value_loss           | 0.167        |
------------------------------------------
------------------------------------------
| rollout/                |              |
|    ep_len_mean          | 41.6         |
|    ep_rew_mean          | -50.6        |
| time/                   |              |
|    fps                  | 23           |
|    iterations           | 105          |
|    time_elapsed         | 1146         |
|    total_timesteps      | 26880        |
| train/                  |              |
|    approx_kl            | 0.0013598925 |
|    clip_fraction        | 0.00781      |
|    clip_range           | 0.15         |
|    entropy_loss         | -5.29        |
|    explained_variance   | 0.936        |
|    learning_rate        | 0.0001       |
|    loss                 | 0.00577      |
|    n_updates            | 312          |
|    policy_gradient_loss | -0.0177      |
|    value_loss           | 0.129        |
------------------------------------------
------------------------------------------
| rollout/                |              |
|    ep_len_mean          | 41.7         |
|    ep_rew_mean          | -50.8        |
| time/                   |              |
|    fps                  | 23           |
|    iterations           | 106          |
|    time_elapsed         | 1154         |
|    total_timesteps      | 27136        |
| train/                  |              |
|    approx_kl            | 0.0014357567 |
|    clip_fraction        | 0.00781      |
|    clip_range           | 0.15         |
|    entropy_loss         | -5.28        |
|    explained_variance   | 0.949        |
|    learning_rate        | 0.0001       |
|    loss                 | -0.00516     |
|    n_updates            | 315          |
|    policy_gradient_loss | -0.0164      |
|    value_loss           | 0.1          |
------------------------------------------
------------------------------------------
| rollout/                |              |
|    ep_len_mean          | 41.8         |
|    ep_rew_mean          | -50.9        |
| time/                   |              |
|    fps                  | 23           |
|    iterations           | 107          |
|    time_elapsed         | 1161         |
|    total_timesteps      | 27392        |
| train/                  |              |
|    approx_kl            | 0.0012831187 |
|    clip_fraction        | 0            |
|    clip_range           | 0.15         |
|    entropy_loss         | -5.32        |
|    explained_variance   | 0.931        |
|    learning_rate        | 0.0001       |
|    loss                 | 0.00659      |
|    n_updates            | 318          |
|    policy_gradient_loss | -0.0127      |
|    value_loss           | 0.107        |
------------------------------------------
------------------------------------------
| rollout/                |              |
|    ep_len_mean          | 42           |
|    ep_rew_mean          | -51.1        |
| time/                   |              |
|    fps                  | 23           |
|    iterations           | 108          |
|    time_elapsed         | 1168         |
|    total_timesteps      | 27648        |
| train/                  |              |
|    approx_kl            | 0.0015300997 |
|    clip_fraction        | 0            |
|    clip_range           | 0.15         |
|    entropy_loss         | -5.33        |
|    explained_variance   | 0.954        |
|    learning_rate        | 0.0001       |
|    loss                 | -0.0135      |
|    n_updates            | 321          |
|    policy_gradient_loss | -0.0174      |
|    value_loss           | 0.0855       |
------------------------------------------
-----------------------------------------
| rollout/                |             |
|    ep_len_mean          | 42.1        |
|    ep_rew_mean          | -51.2       |
| time/                   |             |
|    fps                  | 23          |
|    iterations           | 109         |
|    time_elapsed         | 1176        |
|    total_timesteps      | 27904       |
| train/                  |             |
|    approx_kl            | 0.001683587 |
|    clip_fraction        | 0.00781     |
|    clip_range           | 0.15        |
|    entropy_loss         | -5.35       |
|    explained_variance   | 0.954       |
|    learning_rate        | 0.0001      |
|    loss                 | -0.0245     |
|    n_updates            | 324         |
|    policy_gradient_loss | -0.0185     |
|    value_loss           | 0.0643      |
-----------------------------------------
------------------------------------------
| rollout/                |              |
|    ep_len_mean          | 42.2         |
|    ep_rew_mean          | -51.4        |
| time/                   |              |
|    fps                  | 23           |
|    iterations           | 110          |
|    time_elapsed         | 1184         |
|    total_timesteps      | 28160        |
| train/                  |              |
|    approx_kl            | 0.0015080469 |
|    clip_fraction        | 0            |
|    clip_range           | 0.15         |
|    entropy_loss         | -5.37        |
|    explained_variance   | 0.97         |
|    learning_rate        | 0.0001       |
|    loss                 | -0.0272      |
|    n_updates            | 327          |
|    policy_gradient_loss | -0.0157      |
|    value_loss           | 0.045        |
------------------------------------------
------------------------------------------
| rollout/                |              |
|    ep_len_mean          | 42.3         |
|    ep_rew_mean          | -51.6        |
| time/                   |              |
|    fps                  | 23           |
|    iterations           | 111          |
|    time_elapsed         | 1191         |
|    total_timesteps      | 28416        |
| train/                  |              |
|    approx_kl            | 0.0013312427 |
|    clip_fraction        | 0            |
|    clip_range           | 0.15         |
|    entropy_loss         | -5.37        |
|    explained_variance   | 0.972        |
|    learning_rate        | 0.0001       |
|    loss                 | -0.0326      |
|    n_updates            | 330          |
|    policy_gradient_loss | -0.0171      |
|    value_loss           | 0.0391       |
------------------------------------------
------------------------------------------
| rollout/                |              |
|    ep_len_mean          | 42.4         |
|    ep_rew_mean          | -51.8        |
| time/                   |              |
|    fps                  | 23           |
|    iterations           | 112          |
|    time_elapsed         | 1199         |
|    total_timesteps      | 28672        |
| train/                  |              |
|    approx_kl            | 0.0014243957 |
|    clip_fraction        | 0            |
|    clip_range           | 0.15         |
|    entropy_loss         | -5.36        |
|    explained_variance   | 0.975        |
|    learning_rate        | 0.0001       |
|    loss                 | -0.039       |
|    n_updates            | 333          |
|    policy_gradient_loss | -0.0191      |
|    value_loss           | 0.0333       |
------------------------------------------
------------------------------------------
| rollout/                |              |
|    ep_len_mean          | 42.6         |
|    ep_rew_mean          | -52.1        |
| time/                   |              |
|    fps                  | 23           |
|    iterations           | 113          |
|    time_elapsed         | 1207         |
|    total_timesteps      | 28928        |
| train/                  |              |
|    approx_kl            | 0.0014172045 |
|    clip_fraction        | 0            |
|    clip_range           | 0.15         |
|    entropy_loss         | -5.33        |
|    explained_variance   | 0.978        |
|    learning_rate        | 0.0001       |
|    loss                 | -0.0379      |
|    n_updates            | 336          |
|    policy_gradient_loss | -0.0177      |
|    value_loss           | 0.0295       |
------------------------------------------
------------------------------------------
| rollout/                |              |
|    ep_len_mean          | 42.7         |
|    ep_rew_mean          | -52.4        |
| time/                   |              |
|    fps                  | 24           |
|    iterations           | 114          |
|    time_elapsed         | 1214         |
|    total_timesteps      | 29184        |
| train/                  |              |
|    approx_kl            | 0.0017068309 |
|    clip_fraction        | 0.00781      |
|    clip_range           | 0.15         |
|    entropy_loss         | -5.25        |
|    explained_variance   | 0.976        |
|    learning_rate        | 0.0001       |
|    loss                 | -0.0389      |
|    n_updates            | 339          |
|    policy_gradient_loss | -0.0189      |
|    value_loss           | 0.0309       |
------------------------------------------
------------------------------------------
| rollout/                |              |
|    ep_len_mean          | 43           |
|    ep_rew_mean          | -52.4        |
| time/                   |              |
|    fps                  | 24           |
|    iterations           | 115          |
|    time_elapsed         | 1222         |
|    total_timesteps      | 29440        |
| train/                  |              |
|    approx_kl            | 0.0020168815 |
|    clip_fraction        | 0.00781      |
|    clip_range           | 0.15         |
|    entropy_loss         | -5.22        |
|    explained_variance   | 0.981        |
|    learning_rate        | 0.0001       |
|    loss                 | -0.0446      |
|    n_updates            | 342          |
|    policy_gradient_loss | -0.0204      |
|    value_loss           | 0.0256       |
------------------------------------------
------------------------------------------
| rollout/                |              |
|    ep_len_mean          | 43.2         |
|    ep_rew_mean          | -52.3        |
| time/                   |              |
|    fps                  | 24           |
|    iterations           | 116          |
|    time_elapsed         | 1230         |
|    total_timesteps      | 29696        |
| train/                  |              |
|    approx_kl            | 0.0016339633 |
|    clip_fraction        | 0            |
|    clip_range           | 0.15         |
|    entropy_loss         | -5.3         |
|    explained_variance   | 0.484        |
|    learning_rate        | 0.0001       |
|    loss                 | 0.302        |
|    n_updates            | 345          |
|    policy_gradient_loss | -0.00786     |
|    value_loss           | 0.703        |
------------------------------------------
------------------------------------------
| rollout/                |              |
|    ep_len_mean          | 43.3         |
|    ep_rew_mean          | -51.9        |
| time/                   |              |
|    fps                  | 24           |
|    iterations           | 117          |
|    time_elapsed         | 1237         |
|    total_timesteps      | 29952        |
| train/                  |              |
|    approx_kl            | 0.0012998187 |
|    clip_fraction        | 0            |
|    clip_range           | 0.15         |
|    entropy_loss         | -5.24        |
|    explained_variance   | 0.534        |
|    learning_rate        | 0.0001       |
|    loss                 | 0.201        |
|    n_updates            | 348          |
|    policy_gradient_loss | -0.0118      |
|    value_loss           | 0.554        |
------------------------------------------
------------------------------------------
| rollout/                |              |
|    ep_len_mean          | 43.4         |
|    ep_rew_mean          | -51.4        |
| time/                   |              |
|    fps                  | 24           |
|    iterations           | 118          |
|    time_elapsed         | 1251         |
|    total_timesteps      | 30208        |
| train/                  |              |
|    approx_kl            | 0.0013515032 |
|    clip_fraction        | 0            |
|    clip_range           | 0.15         |
|    entropy_loss         | -5.18        |
|    explained_variance   | 0.677        |
|    learning_rate        | 0.0001       |
|    loss                 | 0.101        |
|    n_updates            | 351          |
|    policy_gradient_loss | -0.0146      |
|    value_loss           | 0.375        |
------------------------------------------
------------------------------------------
| rollout/                |              |
|    ep_len_mean          | 43.4         |
|    ep_rew_mean          | -50.9        |
| time/                   |              |
|    fps                  | 24           |
|    iterations           | 119          |
|    time_elapsed         | 1266         |
|    total_timesteps      | 30464        |
| train/                  |              |
|    approx_kl            | 0.0013382833 |
|    clip_fraction        | 0            |
|    clip_range           | 0.15         |
|    entropy_loss         | -5.15        |
|    explained_variance   | 0.943        |
|    learning_rate        | 0.0001       |
|    loss                 | -0.0187      |
|    n_updates            | 354          |
|    policy_gradient_loss | -0.0145      |
|    value_loss           | 0.0644       |
------------------------------------------
-----------------------------------------
| rollout/                |             |
|    ep_len_mean          | 43.5        |
|    ep_rew_mean          | -50.4       |
| time/                   |             |
|    fps                  | 23          |
|    iterations           | 120         |
|    time_elapsed         | 1280        |
|    total_timesteps      | 30720       |
| train/                  |             |
|    approx_kl            | 0.002131171 |
|    clip_fraction        | 0.00781     |
|    clip_range           | 0.15        |
|    entropy_loss         | -5.13       |
|    explained_variance   | 0.962       |
|    learning_rate        | 0.0001      |
|    loss                 | -0.0325     |
|    n_updates            | 357         |
|    policy_gradient_loss | -0.0186     |
|    value_loss           | 0.0436      |
-----------------------------------------
------------------------------------------
| rollout/                |              |
|    ep_len_mean          | 43.5         |
|    ep_rew_mean          | -49.9        |
| time/                   |              |
|    fps                  | 23           |
|    iterations           | 121          |
|    time_elapsed         | 1293         |
|    total_timesteps      | 30976        |
| train/                  |              |
|    approx_kl            | 0.0021970128 |
|    clip_fraction        | 0.0143       |
|    clip_range           | 0.15         |
|    entropy_loss         | -5.07        |
|    explained_variance   | 0.965        |
|    learning_rate        | 0.0001       |
|    loss                 | -0.0277      |
|    n_updates            | 360          |
|    policy_gradient_loss | -0.0157      |
|    value_loss           | 0.0388       |
------------------------------------------
------------------------------------------
| rollout/                |              |
|    ep_len_mean          | 43.6         |
|    ep_rew_mean          | -49.3        |
| time/                   |              |
|    fps                  | 23           |
|    iterations           | 122          |
|    time_elapsed         | 1307         |
|    total_timesteps      | 31232        |
| train/                  |              |
|    approx_kl            | 0.0021690442 |
|    clip_fraction        | 0.00781      |
|    clip_range           | 0.15         |
|    entropy_loss         | -5.03        |
|    explained_variance   | 0.965        |
|    learning_rate        | 0.0001       |
|    loss                 | -0.0306      |
|    n_updates            | 363          |
|    policy_gradient_loss | -0.0168      |
|    value_loss           | 0.0384       |
------------------------------------------
-----------------------------------------
| rollout/                |             |
|    ep_len_mean          | 43.7        |
|    ep_rew_mean          | -49.4       |
| time/                   |             |
|    fps                  | 23          |
|    iterations           | 123         |
|    time_elapsed         | 1317        |
|    total_timesteps      | 31488       |
| train/                  |             |
|    approx_kl            | 0.001909619 |
|    clip_fraction        | 0           |
|    clip_range           | 0.15        |
|    entropy_loss         | -5.05       |
|    explained_variance   | 0.971       |
|    learning_rate        | 0.0001      |
|    loss                 | -0.0387     |
|    n_updates            | 366         |
|    policy_gradient_loss | -0.0185     |
|    value_loss           | 0.0301      |
-----------------------------------------
------------------------------------------
| rollout/                |              |
|    ep_len_mean          | 43.8         |
|    ep_rew_mean          | -49.5        |
| time/                   |              |
|    fps                  | 23           |
|    iterations           | 124          |
|    time_elapsed         | 1326         |
|    total_timesteps      | 31744        |
| train/                  |              |
|    approx_kl            | 0.0012135652 |
|    clip_fraction        | 0.0013       |
|    clip_range           | 0.15         |
|    entropy_loss         | -4.92        |
|    explained_variance   | 0.75         |
|    learning_rate        | 0.0001       |
|    loss                 | 0.148        |
|    n_updates            | 369          |
|    policy_gradient_loss | -0.00923     |
|    value_loss           | 0.377        |
------------------------------------------
------------------------------------------
| rollout/                |              |
|    ep_len_mean          | 43.9         |
|    ep_rew_mean          | -49.7        |
| time/                   |              |
|    fps                  | 23           |
|    iterations           | 125          |
|    time_elapsed         | 1335         |
|    total_timesteps      | 32000        |
| train/                  |              |
|    approx_kl            | 0.0010124277 |
|    clip_fraction        | 0            |
|    clip_range           | 0.15         |
|    entropy_loss         | -4.94        |
|    explained_variance   | 0.718        |
|    learning_rate        | 0.0001       |
|    loss                 | 0.168        |
|    n_updates            | 372          |
|    policy_gradient_loss | -0.0105      |
|    value_loss           | 0.439        |
------------------------------------------
------------------------------------------
| rollout/                |              |
|    ep_len_mean          | 44.1         |
|    ep_rew_mean          | -49.9        |
| time/                   |              |
|    fps                  | 23           |
|    iterations           | 126          |
|    time_elapsed         | 1344         |
|    total_timesteps      | 32256        |
| train/                  |              |
|    approx_kl            | 0.0010954873 |
|    clip_fraction        | 0.0026       |
|    clip_range           | 0.15         |
|    entropy_loss         | -4.91        |
|    explained_variance   | 0.822        |
|    learning_rate        | 0.0001       |
|    loss                 | 0.0649       |
|    n_updates            | 375          |
|    policy_gradient_loss | -0.0143      |
|    value_loss           | 0.246        |
------------------------------------------
------------------------------------------
| rollout/                |              |
|    ep_len_mean          | 44.2         |
|    ep_rew_mean          | -49.9        |
| time/                   |              |
|    fps                  | 24           |
|    iterations           | 127          |
|    time_elapsed         | 1353         |
|    total_timesteps      | 32512        |
| train/                  |              |
|    approx_kl            | 0.0013963217 |
|    clip_fraction        | 0.00781      |
|    clip_range           | 0.15         |
|    entropy_loss         | -4.94        |
|    explained_variance   | 0.886        |
|    learning_rate        | 0.0001       |
|    loss                 | 0.0252       |
|    n_updates            | 378          |
|    policy_gradient_loss | -0.0177      |
|    value_loss           | 0.173        |
------------------------------------------
------------------------------------------
| rollout/                |              |
|    ep_len_mean          | 44.3         |
|    ep_rew_mean          | -50.1        |
| time/                   |              |
|    fps                  | 24           |
|    iterations           | 128          |
|    time_elapsed         | 1364         |
|    total_timesteps      | 32768        |
| train/                  |              |
|    approx_kl            | 0.0012420353 |
|    clip_fraction        | 0.00781      |
|    clip_range           | 0.15         |
|    entropy_loss         | -5.01        |
|    explained_variance   | 0.923        |
|    learning_rate        | 0.0001       |
|    loss                 | -0.000375    |
|    n_updates            | 381          |
|    policy_gradient_loss | -0.017       |
|    value_loss           | 0.107        |
------------------------------------------
------------------------------------------
| rollout/                |              |
|    ep_len_mean          | 44.3         |
|    ep_rew_mean          | -50.2        |
| time/                   |              |
|    fps                  | 24           |
|    iterations           | 129          |
|    time_elapsed         | 1374         |
|    total_timesteps      | 33024        |
| train/                  |              |
|    approx_kl            | 0.0009797979 |
|    clip_fraction        | 0.00781      |
|    clip_range           | 0.15         |
|    entropy_loss         | -4.94        |
|    explained_variance   | 0.905        |
|    learning_rate        | 0.0001       |
|    loss                 | 0.0301       |
|    n_updates            | 384          |
|    policy_gradient_loss | -0.0103      |
|    value_loss           | 0.137        |
------------------------------------------
------------------------------------------
| rollout/                |              |
|    ep_len_mean          | 44.4         |
|    ep_rew_mean          | -50.3        |
| time/                   |              |
|    fps                  | 24           |
|    iterations           | 130          |
|    time_elapsed         | 1385         |
|    total_timesteps      | 33280        |
| train/                  |              |
|    approx_kl            | 0.0010846974 |
|    clip_fraction        | 0.00781      |
|    clip_range           | 0.15         |
|    entropy_loss         | -4.94        |
|    explained_variance   | 0.946        |
|    learning_rate        | 0.0001       |
|    loss                 | -0.00414     |
|    n_updates            | 387          |
|    policy_gradient_loss | -0.0148      |
|    value_loss           | 0.0883       |
------------------------------------------
------------------------------------------
| rollout/                |              |
|    ep_len_mean          | 44.3         |
|    ep_rew_mean          | -50.1        |
| time/                   |              |
|    fps                  | 24           |
|    iterations           | 131          |
|    time_elapsed         | 1394         |
|    total_timesteps      | 33536        |
| train/                  |              |
|    approx_kl            | 0.0009939121 |
|    clip_fraction        | 0            |
|    clip_range           | 0.15         |
|    entropy_loss         | -4.93        |
|    explained_variance   | 0.961        |
|    learning_rate        | 0.0001       |
|    loss                 | -0.0185      |
|    n_updates            | 390          |
|    policy_gradient_loss | -0.0145      |
|    value_loss           | 0.0582       |
------------------------------------------
-------------------------------------------
| rollout/                |               |
|    ep_len_mean          | 44.1          |
|    ep_rew_mean          | -50.1         |
| time/                   |               |
|    fps                  | 24            |
|    iterations           | 132           |
|    time_elapsed         | 1403          |
|    total_timesteps      | 33792         |
| train/                  |               |
|    approx_kl            | 0.00049809157 |
|    clip_fraction        | 0             |
|    clip_range           | 0.15          |
|    entropy_loss         | -5.24         |
|    explained_variance   | 0.898         |
|    learning_rate        | 0.0001        |
|    loss                 | 0.0292        |
|    n_updates            | 393           |
|    policy_gradient_loss | -0.00464      |
|    value_loss           | 0.117         |
-------------------------------------------
-------------------------------------------
| rollout/                |               |
|    ep_len_mean          | 43.9          |
|    ep_rew_mean          | -50.3         |
| time/                   |               |
|    fps                  | 24            |
|    iterations           | 133           |
|    time_elapsed         | 1411          |
|    total_timesteps      | 34048         |
| train/                  |               |
|    approx_kl            | 0.00049711694 |
|    clip_fraction        | 0             |
|    clip_range           | 0.15          |
|    entropy_loss         | -5.25         |
|    explained_variance   | 0.918         |
|    learning_rate        | 0.0001        |
|    loss                 | 0.0101        |
|    n_updates            | 396           |
|    policy_gradient_loss | -0.00817      |
|    value_loss           | 0.0935        |
-------------------------------------------
-------------------------------------------
| rollout/                |               |
|    ep_len_mean          | 43.6          |
|    ep_rew_mean          | -50.5         |
| time/                   |               |
|    fps                  | 24            |
|    iterations           | 134           |
|    time_elapsed         | 1418          |
|    total_timesteps      | 34304         |
| train/                  |               |
|    approx_kl            | 0.00073970784 |
|    clip_fraction        | 0             |
|    clip_range           | 0.15          |
|    entropy_loss         | -5.24         |
|    explained_variance   | 0.951         |
|    learning_rate        | 0.0001        |
|    loss                 | -0.0162       |
|    n_updates            | 399           |
|    policy_gradient_loss | -0.0128       |
|    value_loss           | 0.0565        |
-------------------------------------------
------------------------------------------
| rollout/                |              |
|    ep_len_mean          | 43.6         |
|    ep_rew_mean          | -51.2        |
| time/                   |              |
|    fps                  | 24           |
|    iterations           | 135          |
|    time_elapsed         | 1427         |
|    total_timesteps      | 34560        |
| train/                  |              |
|    approx_kl            | 0.0008603169 |
|    clip_fraction        | 0            |
|    clip_range           | 0.15         |
|    entropy_loss         | -5.25        |
|    explained_variance   | 0.96         |
|    learning_rate        | 0.0001       |
|    loss                 | -0.0184      |
|    n_updates            | 402          |
|    policy_gradient_loss | -0.0131      |
|    value_loss           | 0.0509       |
------------------------------------------
------------------------------------------
| rollout/                |              |
|    ep_len_mean          | 43.7         |
|    ep_rew_mean          | -51.8        |
| time/                   |              |
|    fps                  | 24           |
|    iterations           | 136          |
|    time_elapsed         | 1437         |
|    total_timesteps      | 34816        |
| train/                  |              |
|    approx_kl            | 0.0005555751 |
|    clip_fraction        | 0            |
|    clip_range           | 0.15         |
|    entropy_loss         | -4.92        |
|    explained_variance   | 0.936        |
|    learning_rate        | 0.0001       |
|    loss                 | 0.0277       |
|    n_updates            | 405          |
|    policy_gradient_loss | -0.00604     |
|    value_loss           | 0.115        |
------------------------------------------
-------------------------------------------
| rollout/                |               |
|    ep_len_mean          | 43.8          |
|    ep_rew_mean          | -52.5         |
| time/                   |               |
|    fps                  | 24            |
|    iterations           | 137           |
|    time_elapsed         | 1445          |
|    total_timesteps      | 35072         |
| train/                  |               |
|    approx_kl            | 0.00063774385 |
|    clip_fraction        | 0             |
|    clip_range           | 0.15          |
|    entropy_loss         | -4.86         |
|    explained_variance   | 0.938         |
|    learning_rate        | 0.0001        |
|    loss                 | 0.00562       |
|    n_updates            | 408           |
|    policy_gradient_loss | -0.0108       |
|    value_loss           | 0.0964        |
-------------------------------------------
------------------------------------------
| rollout/                |              |
|    ep_len_mean          | 43.8         |
|    ep_rew_mean          | -53.3        |
| time/                   |              |
|    fps                  | 24           |
|    iterations           | 138          |
|    time_elapsed         | 1454         |
|    total_timesteps      | 35328        |
| train/                  |              |
|    approx_kl            | 0.0010134589 |
|    clip_fraction        | 0            |
|    clip_range           | 0.15         |
|    entropy_loss         | -4.85        |
|    explained_variance   | 0.966        |
|    learning_rate        | 0.0001       |
|    loss                 | -0.00926     |
|    n_updates            | 411          |
|    policy_gradient_loss | -0.0145      |
|    value_loss           | 0.079        |
------------------------------------------
------------------------------------------
| rollout/                |              |
|    ep_len_mean          | 43.9         |
|    ep_rew_mean          | -53.9        |
| time/                   |              |
|    fps                  | 24           |
|    iterations           | 139          |
|    time_elapsed         | 1464         |
|    total_timesteps      | 35584        |
| train/                  |              |
|    approx_kl            | 0.0010675252 |
|    clip_fraction        | 0            |
|    clip_range           | 0.15         |
|    entropy_loss         | -4.87        |
|    explained_variance   | 0.974        |
|    learning_rate        | 0.0001       |
|    loss                 | -0.015       |
|    n_updates            | 414          |
|    policy_gradient_loss | -0.0136      |
|    value_loss           | 0.0605       |
------------------------------------------
------------------------------------------
| rollout/                |              |
|    ep_len_mean          | 43.9         |
|    ep_rew_mean          | -54.1        |
| time/                   |              |
|    fps                  | 24           |
|    iterations           | 140          |
|    time_elapsed         | 1472         |
|    total_timesteps      | 35840        |
| train/                  |              |
|    approx_kl            | 0.0009027878 |
|    clip_fraction        | 0            |
|    clip_range           | 0.15         |
|    entropy_loss         | -4.84        |
|    explained_variance   | 0.975        |
|    learning_rate        | 0.0001       |
|    loss                 | -0.012       |
|    n_updates            | 417          |
|    policy_gradient_loss | -0.0124      |
|    value_loss           | 0.0584       |
------------------------------------------
-----------------------------------------
| rollout/                |             |
|    ep_len_mean          | 43.9        |
|    ep_rew_mean          | -54.1       |
| time/                   |             |
|    fps                  | 24          |
|    iterations           | 141         |
|    time_elapsed         | 1481        |
|    total_timesteps      | 36096       |
| train/                  |             |
|    approx_kl            | 0.000950841 |
|    clip_fraction        | 0           |
|    clip_range           | 0.15        |
|    entropy_loss         | -4.87       |
|    explained_variance   | 0.968       |
|    learning_rate        | 0.0001      |
|    loss                 | -0.0112     |
|    n_updates            | 420         |
|    policy_gradient_loss | -0.0138     |
|    value_loss           | 0.0653      |
-----------------------------------------
------------------------------------------
| rollout/                |              |
|    ep_len_mean          | 43.9         |
|    ep_rew_mean          | -54.1        |
| time/                   |              |
|    fps                  | 24           |
|    iterations           | 142          |
|    time_elapsed         | 1490         |
|    total_timesteps      | 36352        |
| train/                  |              |
|    approx_kl            | 0.0011659886 |
|    clip_fraction        | 0            |
|    clip_range           | 0.15         |
|    entropy_loss         | -4.85        |
|    explained_variance   | 0.963        |
|    learning_rate        | 0.0001       |
|    loss                 | -0.0208      |
|    n_updates            | 423          |
|    policy_gradient_loss | -0.0168      |
|    value_loss           | 0.0591       |
------------------------------------------
------------------------------------------
| rollout/                |              |
|    ep_len_mean          | 43.9         |
|    ep_rew_mean          | -54          |
| time/                   |              |
|    fps                  | 24           |
|    iterations           | 143          |
|    time_elapsed         | 1497         |
|    total_timesteps      | 36608        |
| train/                  |              |
|    approx_kl            | 0.0012928215 |
|    clip_fraction        | 0            |
|    clip_range           | 0.15         |
|    entropy_loss         | -4.82        |
|    explained_variance   | 0.965        |
|    learning_rate        | 0.0001       |
|    loss                 | -0.0222      |
|    n_updates            | 426          |
|    policy_gradient_loss | -0.017       |
|    value_loss           | 0.0577       |
------------------------------------------
------------------------------------------
| rollout/                |              |
|    ep_len_mean          | 43.9         |
|    ep_rew_mean          | -54.1        |
| time/                   |              |
|    fps                  | 24           |
|    iterations           | 144          |
|    time_elapsed         | 1505         |
|    total_timesteps      | 36864        |
| train/                  |              |
|    approx_kl            | 0.0011130937 |
|    clip_fraction        | 0            |
|    clip_range           | 0.15         |
|    entropy_loss         | -4.88        |
|    explained_variance   | 0.882        |
|    learning_rate        | 0.0001       |
|    loss                 | 0.0462       |
|    n_updates            | 429          |
|    policy_gradient_loss | -0.00974     |
|    value_loss           | 0.168        |
------------------------------------------
------------------------------------------
| rollout/                |              |
|    ep_len_mean          | 42.9         |
|    ep_rew_mean          | -51.1        |
| time/                   |              |
|    fps                  | 24           |
|    iterations           | 145          |
|    time_elapsed         | 1512         |
|    total_timesteps      | 37120        |
| train/                  |              |
|    approx_kl            | 0.0014104438 |
|    clip_fraction        | 0.00781      |
|    clip_range           | 0.15         |
|    entropy_loss         | -4.9         |
|    explained_variance   | 0.9          |
|    learning_rate        | 0.0001       |
|    loss                 | 0.0196       |
|    n_updates            | 432          |
|    policy_gradient_loss | -0.0164      |
|    value_loss           | 0.147        |
------------------------------------------
-------------------------------------------
| rollout/                |               |
|    ep_len_mean          | 42.6          |
|    ep_rew_mean          | -49.2         |
| time/                   |               |
|    fps                  | 24            |
|    iterations           | 146           |
|    time_elapsed         | 1518          |
|    total_timesteps      | 37376         |
| train/                  |               |
|    approx_kl            | 0.00091448706 |
|    clip_fraction        | 0             |
|    clip_range           | 0.15          |
|    entropy_loss         | -5.42         |
|    explained_variance   | 0.177         |
|    learning_rate        | 0.0001        |
|    loss                 | 1.15          |
|    n_updates            | 435           |
|    policy_gradient_loss | -0.00421      |
|    value_loss           | 2.44          |
-------------------------------------------
------------------------------------------
| rollout/                |              |
|    ep_len_mean          | 41.8         |
|    ep_rew_mean          | -46.8        |
| time/                   |              |
|    fps                  | 24           |
|    iterations           | 147          |
|    time_elapsed         | 1523         |
|    total_timesteps      | 37632        |
| train/                  |              |
|    approx_kl            | 0.0005122891 |
|    clip_fraction        | 0            |
|    clip_range           | 0.15         |
|    entropy_loss         | -5.65        |
|    explained_variance   | -0.625       |
|    learning_rate        | 0.0001       |
|    loss                 | 0.6          |
|    n_updates            | 438          |
|    policy_gradient_loss | -0.00416     |
|    value_loss           | 1.39         |
------------------------------------------
------------------------------------------
| rollout/                |              |
|    ep_len_mean          | 41.2         |
|    ep_rew_mean          | -44.8        |
| time/                   |              |
|    fps                  | 24           |
|    iterations           | 148          |
|    time_elapsed         | 1528         |
|    total_timesteps      | 37888        |
| train/                  |              |
|    approx_kl            | 0.0003897315 |
|    clip_fraction        | 0            |
|    clip_range           | 0.15         |
|    entropy_loss         | -5.06        |
|    explained_variance   | 0.123        |
|    learning_rate        | 0.0001       |
|    loss                 | 0.631        |
|    n_updates            | 441          |
|    policy_gradient_loss | -0.00633     |
|    value_loss           | 1.4          |
------------------------------------------
------------------------------------------
| rollout/                |              |
|    ep_len_mean          | 40.5         |
|    ep_rew_mean          | -42.6        |
| time/                   |              |
|    fps                  | 24           |
|    iterations           | 149          |
|    time_elapsed         | 1534         |
|    total_timesteps      | 38144        |
| train/                  |              |
|    approx_kl            | 0.0006552886 |
|    clip_fraction        | 0            |
|    clip_range           | 0.15         |
|    entropy_loss         | -5.08        |
|    explained_variance   | 0.209        |
|    learning_rate        | 0.0001       |
|    loss                 | 0.482        |
|    n_updates            | 444          |
|    policy_gradient_loss | -0.013       |
|    value_loss           | 1.14         |
------------------------------------------
------------------------------------------
| rollout/                |              |
|    ep_len_mean          | 40.1         |
|    ep_rew_mean          | -41.3        |
| time/                   |              |
|    fps                  | 24           |
|    iterations           | 150          |
|    time_elapsed         | 1539         |
|    total_timesteps      | 38400        |
| train/                  |              |
|    approx_kl            | 0.0012154086 |
|    clip_fraction        | 0.0104       |
|    clip_range           | 0.15         |
|    entropy_loss         | -5.04        |
|    explained_variance   | 0.378        |
|    learning_rate        | 0.0001       |
|    loss                 | 0.351        |
|    n_updates            | 447          |
|    policy_gradient_loss | -0.0187      |
|    value_loss           | 0.895        |
------------------------------------------
------------------------------------------
| rollout/                |              |
|    ep_len_mean          | 39.5         |
|    ep_rew_mean          | -39.7        |
| time/                   |              |
|    fps                  | 25           |
|    iterations           | 151          |
|    time_elapsed         | 1545         |
|    total_timesteps      | 38656        |
| train/                  |              |
|    approx_kl            | 0.0005241139 |
|    clip_fraction        | 0            |
|    clip_range           | 0.15         |
|    entropy_loss         | -5.07        |
|    explained_variance   | 0.114        |
|    learning_rate        | 0.0001       |
|    loss                 | 0.182        |
|    n_updates            | 450          |
|    policy_gradient_loss | -0.0101      |
|    value_loss           | 0.499        |
------------------------------------------
------------------------------------------
| rollout/                |              |
|    ep_len_mean          | 38.8         |
|    ep_rew_mean          | -37.9        |
| time/                   |              |
|    fps                  | 25           |
|    iterations           | 152          |
|    time_elapsed         | 1551         |
|    total_timesteps      | 38912        |
| train/                  |              |
|    approx_kl            | 0.0014739437 |
|    clip_fraction        | 0            |
|    clip_range           | 0.15         |
|    entropy_loss         | -5.07        |
|    explained_variance   | 0.361        |
|    learning_rate        | 0.0001       |
|    loss                 | 0.0896       |
|    n_updates            | 453          |
|    policy_gradient_loss | -0.0193      |
|    value_loss           | 0.327        |
------------------------------------------
-----------------------------------------
| rollout/                |             |
|    ep_len_mean          | 38.1        |
|    ep_rew_mean          | -36.2       |
| time/                   |             |
|    fps                  | 25          |
|    iterations           | 153         |
|    time_elapsed         | 1557        |
|    total_timesteps      | 39168       |
| train/                  |             |
|    approx_kl            | 0.001639589 |
|    clip_fraction        | 0           |
|    clip_range           | 0.15        |
|    entropy_loss         | -4.99       |
|    explained_variance   | 0.478       |
|    learning_rate        | 0.0001      |
|    loss                 | 0.0825      |
|    n_updates            | 456         |
|    policy_gradient_loss | -0.0165     |
|    value_loss           | 0.272       |
-----------------------------------------
------------------------------------------
| rollout/                |              |
|    ep_len_mean          | 37.3         |
|    ep_rew_mean          | -34.3        |
| time/                   |              |
|    fps                  | 25           |
|    iterations           | 154          |
|    time_elapsed         | 1562         |
|    total_timesteps      | 39424        |
| train/                  |              |
|    approx_kl            | 0.0018818681 |
|    clip_fraction        | 0            |
|    clip_range           | 0.15         |
|    entropy_loss         | -5.03        |
|    explained_variance   | 0.433        |
|    learning_rate        | 0.0001       |
|    loss                 | 0.083        |
|    n_updates            | 459          |
|    policy_gradient_loss | -0.0162      |
|    value_loss           | 0.275        |
------------------------------------------
------------------------------------------
| rollout/                |              |
|    ep_len_mean          | 36.6         |
|    ep_rew_mean          | -32.5        |
| time/                   |              |
|    fps                  | 25           |
|    iterations           | 155          |
|    time_elapsed         | 1568         |
|    total_timesteps      | 39680        |
| train/                  |              |
|    approx_kl            | 0.0016775047 |
|    clip_fraction        | 0.0104       |
|    clip_range           | 0.15         |
|    entropy_loss         | -4.99        |
|    explained_variance   | 0.64         |
|    learning_rate        | 0.0001       |
|    loss                 | 0.0287       |
|    n_updates            | 462          |
|    policy_gradient_loss | -0.0187      |
|    value_loss           | 0.183        |
------------------------------------------
------------------------------------------
| rollout/                |              |
|    ep_len_mean          | 35.9         |
|    ep_rew_mean          | -30.8        |
| time/                   |              |
|    fps                  | 25           |
|    iterations           | 156          |
|    time_elapsed         | 1574         |
|    total_timesteps      | 39936        |
| train/                  |              |
|    approx_kl            | 0.0017756496 |
|    clip_fraction        | 0.0182       |
|    clip_range           | 0.15         |
|    entropy_loss         | -5.01        |
|    explained_variance   | 0.728        |
|    learning_rate        | 0.0001       |
|    loss                 | 0.0074       |
|    n_updates            | 465          |
|    policy_gradient_loss | -0.0173      |
|    value_loss           | 0.134        |
------------------------------------------
-----------------------------------------
| rollout/                |             |
|    ep_len_mean          | 35          |
|    ep_rew_mean          | -28.7       |
| time/                   |             |
|    fps                  | 25          |
|    iterations           | 157         |
|    time_elapsed         | 1580        |
|    total_timesteps      | 40192       |
| train/                  |             |
|    approx_kl            | 0.001931905 |
|    clip_fraction        | 0.0104      |
|    clip_range           | 0.15        |
|    entropy_loss         | -5.05       |
|    explained_variance   | 0.828       |
|    learning_rate        | 0.0001      |
|    loss                 | -0.0212     |
|    n_updates            | 468         |
|    policy_gradient_loss | -0.0198     |
|    value_loss           | 0.0781      |
-----------------------------------------
------------------------------------------
| rollout/                |              |
|    ep_len_mean          | 34.5         |
|    ep_rew_mean          | -27.5        |
| time/                   |              |
|    fps                  | 25           |
|    iterations           | 158          |
|    time_elapsed         | 1585         |
|    total_timesteps      | 40448        |
| train/                  |              |
|    approx_kl            | 0.0014058629 |
|    clip_fraction        | 0            |
|    clip_range           | 0.15         |
|    entropy_loss         | -4.99        |
|    explained_variance   | 0.811        |
|    learning_rate        | 0.0001       |
|    loss                 | 0.0451       |
|    n_updates            | 471          |
|    policy_gradient_loss | -0.011       |
|    value_loss           | 0.168        |
------------------------------------------
------------------------------------------
| rollout/                |              |
|    ep_len_mean          | 34.4         |
|    ep_rew_mean          | -27.9        |
| time/                   |              |
|    fps                  | 25           |
|    iterations           | 159          |
|    time_elapsed         | 1591         |
|    total_timesteps      | 40704        |
| train/                  |              |
|    approx_kl            | 0.0011030948 |
|    clip_fraction        | 0            |
|    clip_range           | 0.15         |
|    entropy_loss         | -4.98        |
|    explained_variance   | 0.784        |
|    learning_rate        | 0.0001       |
|    loss                 | 0.114        |
|    n_updates            | 474          |
|    policy_gradient_loss | -0.0173      |
|    value_loss           | 0.34         |
------------------------------------------
------------------------------------------
| rollout/                |              |
|    ep_len_mean          | 34.2         |
|    ep_rew_mean          | -27.9        |
| time/                   |              |
|    fps                  | 25           |
|    iterations           | 160          |
|    time_elapsed         | 1596         |
|    total_timesteps      | 40960        |
| train/                  |              |
|    approx_kl            | 0.0016955333 |
|    clip_fraction        | 0.0208       |
|    clip_range           | 0.15         |
|    entropy_loss         | -5.01        |
|    explained_variance   | 0.636        |
|    learning_rate        | 0.0001       |
|    loss                 | 0.0988       |
|    n_updates            | 477          |
|    policy_gradient_loss | -0.0179      |
|    value_loss           | 0.315        |
------------------------------------------
------------------------------------------
| rollout/                |              |
|    ep_len_mean          | 34.4         |
|    ep_rew_mean          | -28.5        |
| time/                   |              |
|    fps                  | 25           |
|    iterations           | 161          |
|    time_elapsed         | 1602         |
|    total_timesteps      | 41216        |
| train/                  |              |
|    approx_kl            | 0.0016887202 |
|    clip_fraction        | 0.00911      |
|    clip_range           | 0.15         |
|    entropy_loss         | -4.95        |
|    explained_variance   | 0.777        |
|    learning_rate        | 0.0001       |
|    loss                 | 0.0632       |
|    n_updates            | 480          |
|    policy_gradient_loss | -0.022       |
|    value_loss           | 0.266        |
------------------------------------------
------------------------------------------
| rollout/                |              |
|    ep_len_mean          | 34.5         |
|    ep_rew_mean          | -29.1        |
| time/                   |              |
|    fps                  | 25           |
|    iterations           | 162          |
|    time_elapsed         | 1607         |
|    total_timesteps      | 41472        |
| train/                  |              |
|    approx_kl            | 0.0007575888 |
|    clip_fraction        | 0.0013       |
|    clip_range           | 0.15         |
|    entropy_loss         | -5.02        |
|    explained_variance   | 0.912        |
|    learning_rate        | 0.0001       |
|    loss                 | -0.0186      |
|    n_updates            | 483          |
|    policy_gradient_loss | -0.0119      |
|    value_loss           | 0.0408       |
------------------------------------------
------------------------------------------
| rollout/                |              |
|    ep_len_mean          | 34.6         |
|    ep_rew_mean          | -29.4        |
| time/                   |              |
|    fps                  | 25           |
|    iterations           | 163          |
|    time_elapsed         | 1613         |
|    total_timesteps      | 41728        |
| train/                  |              |
|    approx_kl            | 0.0010796285 |
|    clip_fraction        | 0.0104       |
|    clip_range           | 0.15         |
|    entropy_loss         | -4.99        |
|    explained_variance   | 0.919        |
|    learning_rate        | 0.0001       |
|    loss                 | -0.029       |
|    n_updates            | 486          |
|    policy_gradient_loss | -0.0162      |
|    value_loss           | 0.0367       |
------------------------------------------
-------------------------------------------
| rollout/                |               |
|    ep_len_mean          | 34.6          |
|    ep_rew_mean          | -29.4         |
| time/                   |               |
|    fps                  | 25            |
|    iterations           | 164           |
|    time_elapsed         | 1619          |
|    total_timesteps      | 41984         |
| train/                  |               |
|    approx_kl            | 0.00094767706 |
|    clip_fraction        | 0             |
|    clip_range           | 0.15          |
|    entropy_loss         | -5            |
|    explained_variance   | 0.898         |
|    learning_rate        | 0.0001        |
|    loss                 | -0.0227       |
|    n_updates            | 489           |
|    policy_gradient_loss | -0.0143       |
|    value_loss           | 0.0442        |
-------------------------------------------
-----------------------------------------
| rollout/                |             |
|    ep_len_mean          | 35.1        |
|    ep_rew_mean          | -30.5       |
| time/                   |             |
|    fps                  | 25          |
|    iterations           | 165         |
|    time_elapsed         | 1627        |
|    total_timesteps      | 42240       |
| train/                  |             |
|    approx_kl            | 0.001292845 |
|    clip_fraction        | 0           |
|    clip_range           | 0.15        |
|    entropy_loss         | -5.01       |
|    explained_variance   | 0.912       |
|    learning_rate        | 0.0001      |
|    loss                 | -0.0351     |
|    n_updates            | 492         |
|    policy_gradient_loss | -0.0186     |
|    value_loss           | 0.0377      |
-----------------------------------------
------------------------------------------
| rollout/                |              |
|    ep_len_mean          | 35.7         |
|    ep_rew_mean          | -31.8        |
| time/                   |              |
|    fps                  | 25           |
|    iterations           | 166          |
|    time_elapsed         | 1634         |
|    total_timesteps      | 42496        |
| train/                  |              |
|    approx_kl            | 0.0003602684 |
|    clip_fraction        | 0            |
|    clip_range           | 0.15         |
|    entropy_loss         | -4.84        |
|    explained_variance   | -0.0936      |
|    learning_rate        | 0.0001       |
|    loss                 | 0.568        |
|    n_updates            | 495          |
|    policy_gradient_loss | -0.00443     |
|    value_loss           | 1.24         |
------------------------------------------
-------------------------------------------
| rollout/                |               |
|    ep_len_mean          | 36.2          |
|    ep_rew_mean          | -32.9         |
| time/                   |               |
|    fps                  | 26            |
|    iterations           | 167           |
|    time_elapsed         | 1642          |
|    total_timesteps      | 42752         |
| train/                  |               |
|    approx_kl            | 0.00026105624 |
|    clip_fraction        | 0             |
|    clip_range           | 0.15          |
|    entropy_loss         | -4.84         |
|    explained_variance   | -0.0654       |
|    learning_rate        | 0.0001        |
|    loss                 | 0.477         |
|    n_updates            | 498           |
|    policy_gradient_loss | -0.00732      |
|    value_loss           | 1.12          |
-------------------------------------------
-------------------------------------------
| rollout/                |               |
|    ep_len_mean          | 36.8          |
|    ep_rew_mean          | -34.2         |
| time/                   |               |
|    fps                  | 26            |
|    iterations           | 168           |
|    time_elapsed         | 1650          |
|    total_timesteps      | 43008         |
| train/                  |               |
|    approx_kl            | 0.00033266447 |
|    clip_fraction        | 0             |
|    clip_range           | 0.15          |
|    entropy_loss         | -4.82         |
|    explained_variance   | 0.27          |
|    learning_rate        | 0.0001        |
|    loss                 | 0.334         |
|    n_updates            | 501           |
|    policy_gradient_loss | -0.00927      |
|    value_loss           | 0.847         |
-------------------------------------------
-------------------------------------------
| rollout/                |               |
|    ep_len_mean          | 37.2          |
|    ep_rew_mean          | -35.3         |
| time/                   |               |
|    fps                  | 26            |
|    iterations           | 169           |
|    time_elapsed         | 1658          |
|    total_timesteps      | 43264         |
| train/                  |               |
|    approx_kl            | 0.00041093281 |
|    clip_fraction        | 0             |
|    clip_range           | 0.15          |
|    entropy_loss         | -4.83         |
|    explained_variance   | 0.623         |
|    learning_rate        | 0.0001        |
|    loss                 | 0.134         |
|    n_updates            | 504           |
|    policy_gradient_loss | -0.011        |
|    value_loss           | 0.42          |
-------------------------------------------
------------------------------------------
| rollout/                |              |
|    ep_len_mean          | 37.6         |
|    ep_rew_mean          | -36.3        |
| time/                   |              |
|    fps                  | 26           |
|    iterations           | 170          |
|    time_elapsed         | 1667         |
|    total_timesteps      | 43520        |
| train/                  |              |
|    approx_kl            | 0.0003618556 |
|    clip_fraction        | 0            |
|    clip_range           | 0.15         |
|    entropy_loss         | -4.89        |
|    explained_variance   | 0.742        |
|    learning_rate        | 0.0001       |
|    loss                 | 0.0869       |
|    n_updates            | 507          |
|    policy_gradient_loss | -0.00544     |
|    value_loss           | 0.269        |
------------------------------------------
------------------------------------------
| rollout/                |              |
|    ep_len_mean          | 38           |
|    ep_rew_mean          | -37.6        |
| time/                   |              |
|    fps                  | 26           |
|    iterations           | 171          |
|    time_elapsed         | 1675         |
|    total_timesteps      | 43776        |
| train/                  |              |
|    approx_kl            | 0.0005125953 |
|    clip_fraction        | 0            |
|    clip_range           | 0.15         |
|    entropy_loss         | -4.93        |
|    explained_variance   | 0.83         |
|    learning_rate        | 0.0001       |
|    loss                 | 0.0439       |
|    n_updates            | 510          |
|    policy_gradient_loss | -0.0106      |
|    value_loss           | 0.179        |
------------------------------------------
------------------------------------------
| rollout/                |              |
|    ep_len_mean          | 38.4         |
|    ep_rew_mean          | -38.8        |
| time/                   |              |
|    fps                  | 26           |
|    iterations           | 172          |
|    time_elapsed         | 1683         |
|    total_timesteps      | 44032        |
| train/                  |              |
|    approx_kl            | 0.0013456766 |
|    clip_fraction        | 0.0156       |
|    clip_range           | 0.15         |
|    entropy_loss         | -5.11        |
|    explained_variance   | 0.869        |
|    learning_rate        | 0.0001       |
|    loss                 | 0.039        |
|    n_updates            | 513          |
|    policy_gradient_loss | -0.0148      |
|    value_loss           | 0.17         |
------------------------------------------
------------------------------------------
| rollout/                |              |
|    ep_len_mean          | 38.9         |
|    ep_rew_mean          | -40.4        |
| time/                   |              |
|    fps                  | 26           |
|    iterations           | 173          |
|    time_elapsed         | 1692         |
|    total_timesteps      | 44288        |
| train/                  |              |
|    approx_kl            | 0.0032817796 |
|    clip_fraction        | 0.0352       |
|    clip_range           | 0.15         |
|    entropy_loss         | -5.12        |
|    explained_variance   | 0.875        |
|    learning_rate        | 0.0001       |
|    loss                 | 0.0195       |
|    n_updates            | 516          |
|    policy_gradient_loss | -0.0196      |
|    value_loss           | 0.151        |
------------------------------------------
------------------------------------------
| rollout/                |              |
|    ep_len_mean          | 39.4         |
|    ep_rew_mean          | -41.9        |
| time/                   |              |
|    fps                  | 26           |
|    iterations           | 174          |
|    time_elapsed         | 1701         |
|    total_timesteps      | 44544        |
| train/                  |              |
|    approx_kl            | 0.0037324177 |
|    clip_fraction        | 0.0312       |
|    clip_range           | 0.15         |
|    entropy_loss         | -5.12        |
|    explained_variance   | 0.89         |
|    learning_rate        | 0.0001       |
|    loss                 | -0.000745    |
|    n_updates            | 519          |
|    policy_gradient_loss | -0.0216      |
|    value_loss           | 0.122        |
------------------------------------------
------------------------------------------
| rollout/                |              |
|    ep_len_mean          | 40           |
|    ep_rew_mean          | -43.7        |
| time/                   |              |
|    fps                  | 26           |
|    iterations           | 175          |
|    time_elapsed         | 1708         |
|    total_timesteps      | 44800        |
| train/                  |              |
|    approx_kl            | 0.0038115233 |
|    clip_fraction        | 0.0312       |
|    clip_range           | 0.15         |
|    entropy_loss         | -5.14        |
|    explained_variance   | 0.913        |
|    learning_rate        | 0.0001       |
|    loss                 | -0.0173      |
|    n_updates            | 522          |
|    policy_gradient_loss | -0.0225      |
|    value_loss           | 0.0943       |
------------------------------------------
------------------------------------------
| rollout/                |              |
|    ep_len_mean          | 40.8         |
|    ep_rew_mean          | -45.5        |
| time/                   |              |
|    fps                  | 26           |
|    iterations           | 176          |
|    time_elapsed         | 1716         |
|    total_timesteps      | 45056        |
| train/                  |              |
|    approx_kl            | 0.0011874593 |
|    clip_fraction        | 0.00781      |
|    clip_range           | 0.15         |
|    entropy_loss         | -4.87        |
|    explained_variance   | 0.897        |
|    learning_rate        | 0.0001       |
|    loss                 | 0.0658       |
|    n_updates            | 525          |
|    policy_gradient_loss | -0.00188     |
|    value_loss           | 0.178        |
------------------------------------------
-------------------------------------------
| rollout/                |               |
|    ep_len_mean          | 41.3          |
|    ep_rew_mean          | -46.6         |
| time/                   |               |
|    fps                  | 26            |
|    iterations           | 177           |
|    time_elapsed         | 1724          |
|    total_timesteps      | 45312         |
| train/                  |               |
|    approx_kl            | 0.00069786934 |
|    clip_fraction        | 0             |
|    clip_range           | 0.15          |
|    entropy_loss         | -4.89         |
|    explained_variance   | 0.926         |
|    learning_rate        | 0.0001        |
|    loss                 | 0.027         |
|    n_updates            | 528           |
|    policy_gradient_loss | -0.0114       |
|    value_loss           | 0.144         |
-------------------------------------------
------------------------------------------
| rollout/                |              |
|    ep_len_mean          | 41.9         |
|    ep_rew_mean          | -47.9        |
| time/                   |              |
|    fps                  | 26           |
|    iterations           | 178          |
|    time_elapsed         | 1732         |
|    total_timesteps      | 45568        |
| train/                  |              |
|    approx_kl            | 0.0011160001 |
|    clip_fraction        | 0            |
|    clip_range           | 0.15         |
|    entropy_loss         | -4.89        |
|    explained_variance   | 0.95         |
|    learning_rate        | 0.0001       |
|    loss                 | 0.000744     |
|    n_updates            | 531          |
|    policy_gradient_loss | -0.0172      |
|    value_loss           | 0.111        |
------------------------------------------
-----------------------------------------
| rollout/                |             |
|    ep_len_mean          | 42.4        |
|    ep_rew_mean          | -49.2       |
| time/                   |             |
|    fps                  | 26          |
|    iterations           | 179         |
|    time_elapsed         | 1740        |
|    total_timesteps      | 45824       |
| train/                  |             |
|    approx_kl            | 0.001803604 |
|    clip_fraction        | 0.00781     |
|    clip_range           | 0.15        |
|    entropy_loss         | -4.86       |
|    explained_variance   | 0.964       |
|    learning_rate        | 0.0001      |
|    loss                 | -0.0106     |
|    n_updates            | 534         |
|    policy_gradient_loss | -0.0184     |
|    value_loss           | 0.0867      |
-----------------------------------------
------------------------------------------
| rollout/                |              |
|    ep_len_mean          | 42.9         |
|    ep_rew_mean          | -50.3        |
| time/                   |              |
|    fps                  | 26           |
|    iterations           | 180          |
|    time_elapsed         | 1748         |
|    total_timesteps      | 46080        |
| train/                  |              |
|    approx_kl            | 0.0022630957 |
|    clip_fraction        | 0.0156       |
|    clip_range           | 0.15         |
|    entropy_loss         | -4.89        |
|    explained_variance   | 0.971        |
|    learning_rate        | 0.0001       |
|    loss                 | -0.0138      |
|    n_updates            | 537          |
|    policy_gradient_loss | -0.0169      |
|    value_loss           | 0.0724       |
------------------------------------------
------------------------------------------
| rollout/                |              |
|    ep_len_mean          | 43.4         |
|    ep_rew_mean          | -51.6        |
| time/                   |              |
|    fps                  | 26           |
|    iterations           | 181          |
|    time_elapsed         | 1755         |
|    total_timesteps      | 46336        |
| train/                  |              |
|    approx_kl            | 0.0017011743 |
|    clip_fraction        | 0.00651      |
|    clip_range           | 0.15         |
|    entropy_loss         | -4.89        |
|    explained_variance   | 0.974        |
|    learning_rate        | 0.0001       |
|    loss                 | -0.0235      |
|    n_updates            | 540          |
|    policy_gradient_loss | -0.0172      |
|    value_loss           | 0.0566       |
------------------------------------------
------------------------------------------
| rollout/                |              |
|    ep_len_mean          | 43.5         |
|    ep_rew_mean          | -51.9        |
| time/                   |              |
|    fps                  | 26           |
|    iterations           | 182          |
|    time_elapsed         | 1763         |
|    total_timesteps      | 46592        |
| train/                  |              |
|    approx_kl            | 0.0016927456 |
|    clip_fraction        | 0.00651      |
|    clip_range           | 0.15         |
|    entropy_loss         | -4.86        |
|    explained_variance   | 0.977        |
|    learning_rate        | 0.0001       |
|    loss                 | -0.0245      |
|    n_updates            | 543          |
|    policy_gradient_loss | -0.0186      |
|    value_loss           | 0.0617       |
------------------------------------------
----------------------------------------
| rollout/                |            |
|    ep_len_mean          | 43.5       |
|    ep_rew_mean          | -51.9      |
| time/                   |            |
|    fps                  | 26         |
|    iterations           | 183        |
|    time_elapsed         | 1771       |
|    total_timesteps      | 46848      |
| train/                  |            |
|    approx_kl            | 0.00281421 |
|    clip_fraction        | 0.00781    |
|    clip_range           | 0.15       |
|    entropy_loss         | -4.88      |
|    explained_variance   | 0.979      |
|    learning_rate        | 0.0001     |
|    loss                 | -0.0316    |
|    n_updates            | 546        |
|    policy_gradient_loss | -0.0219    |
|    value_loss           | 0.0505     |
----------------------------------------
-----------------------------------------
| rollout/                |             |
|    ep_len_mean          | 43.5        |
|    ep_rew_mean          | -52         |
| time/                   |             |
|    fps                  | 26          |
|    iterations           | 184         |
|    time_elapsed         | 1778        |
|    total_timesteps      | 47104       |
| train/                  |             |
|    approx_kl            | 0.003713727 |
|    clip_fraction        | 0.0156      |
|    clip_range           | 0.15        |
|    entropy_loss         | -4.86       |
|    explained_variance   | 0.981       |
|    learning_rate        | 0.0001      |
|    loss                 | -0.0367     |
|    n_updates            | 549         |
|    policy_gradient_loss | -0.0228     |
|    value_loss           | 0.0429      |
-----------------------------------------
------------------------------------------
| rollout/                |              |
|    ep_len_mean          | 43.5         |
|    ep_rew_mean          | -52          |
| time/                   |              |
|    fps                  | 26           |
|    iterations           | 185          |
|    time_elapsed         | 1786         |
|    total_timesteps      | 47360        |
| train/                  |              |
|    approx_kl            | 0.0016934334 |
|    clip_fraction        | 0.00651      |
|    clip_range           | 0.15         |
|    entropy_loss         | -4.8         |
|    explained_variance   | 0.984        |
|    learning_rate        | 0.0001       |
|    loss                 | -0.0351      |
|    n_updates            | 552          |
|    policy_gradient_loss | -0.018       |
|    value_loss           | 0.0322       |
------------------------------------------
------------------------------------------
| rollout/                |              |
|    ep_len_mean          | 43.7         |
|    ep_rew_mean          | -52.3        |
| time/                   |              |
|    fps                  | 26           |
|    iterations           | 186          |
|    time_elapsed         | 1794         |
|    total_timesteps      | 47616        |
| train/                  |              |
|    approx_kl            | 0.0013331948 |
|    clip_fraction        | 0            |
|    clip_range           | 0.15         |
|    entropy_loss         | -4.78        |
|    explained_variance   | 0.987        |
|    learning_rate        | 0.0001       |
|    loss                 | -0.0378      |
|    n_updates            | 555          |
|    policy_gradient_loss | -0.0175      |
|    value_loss           | 0.0269       |
------------------------------------------
-----------------------------------------
| rollout/                |             |
|    ep_len_mean          | 43.9        |
|    ep_rew_mean          | -52.6       |
| time/                   |             |
|    fps                  | 26          |
|    iterations           | 187         |
|    time_elapsed         | 1802        |
|    total_timesteps      | 47872       |
| train/                  |             |
|    approx_kl            | 0.001171408 |
|    clip_fraction        | 0           |
|    clip_range           | 0.15        |
|    entropy_loss         | -4.77       |
|    explained_variance   | 0.989       |
|    learning_rate        | 0.0001      |
|    loss                 | -0.0336     |
|    n_updates            | 558         |
|    policy_gradient_loss | -0.014      |
|    value_loss           | 0.0209      |
-----------------------------------------
------------------------------------------
| rollout/                |              |
|    ep_len_mean          | 43.3         |
|    ep_rew_mean          | -51.4        |
| time/                   |              |
|    fps                  | 26           |
|    iterations           | 188          |
|    time_elapsed         | 1808         |
|    total_timesteps      | 48128        |
| train/                  |              |
|    approx_kl            | 0.0010353385 |
|    clip_fraction        | 0            |
|    clip_range           | 0.15         |
|    entropy_loss         | -4.78        |
|    explained_variance   | 0.978        |
|    learning_rate        | 0.0001       |
|    loss                 | -0.0185      |
|    n_updates            | 561          |
|    policy_gradient_loss | -0.00953     |
|    value_loss           | 0.0323       |
------------------------------------------
-------------------------------------------
| rollout/                |               |
|    ep_len_mean          | 43.4          |
|    ep_rew_mean          | -51.5         |
| time/                   |               |
|    fps                  | 26            |
|    iterations           | 189           |
|    time_elapsed         | 1816          |
|    total_timesteps      | 48384         |
| train/                  |               |
|    approx_kl            | 0.00049949274 |
|    clip_fraction        | 0             |
|    clip_range           | 0.15          |
|    entropy_loss         | -4.73         |
|    explained_variance   | -0.592        |
|    learning_rate        | 0.0001        |
|    loss                 | 0.79          |
|    n_updates            | 564           |
|    policy_gradient_loss | -0.00673      |
|    value_loss           | 1.7           |
-------------------------------------------
------------------------------------------
| rollout/                |              |
|    ep_len_mean          | 43.7         |
|    ep_rew_mean          | -51.8        |
| time/                   |              |
|    fps                  | 26           |
|    iterations           | 190          |
|    time_elapsed         | 1823         |
|    total_timesteps      | 48640        |
| train/                  |              |
|    approx_kl            | 0.0006047294 |
|    clip_fraction        | 0            |
|    clip_range           | 0.15         |
|    entropy_loss         | -4.72        |
|    explained_variance   | 0.966        |
|    learning_rate        | 0.0001       |
|    loss                 | -0.00208     |
|    n_updates            | 567          |
|    policy_gradient_loss | -0.00965     |
|    value_loss           | 0.0649       |
------------------------------------------
-------------------------------------------
| rollout/                |               |
|    ep_len_mean          | 43.9          |
|    ep_rew_mean          | -52.1         |
| time/                   |               |
|    fps                  | 26            |
|    iterations           | 191           |
|    time_elapsed         | 1832          |
|    total_timesteps      | 48896         |
| train/                  |               |
|    approx_kl            | 0.00073174504 |
|    clip_fraction        | 0             |
|    clip_range           | 0.15          |
|    entropy_loss         | -4.71         |
|    explained_variance   | 0.982         |
|    learning_rate        | 0.0001        |
|    loss                 | -0.0178       |
|    n_updates            | 570           |
|    policy_gradient_loss | -0.0108       |
|    value_loss           | 0.0364        |
-------------------------------------------
------------------------------------------
| rollout/                |              |
|    ep_len_mean          | 43.7         |
|    ep_rew_mean          | -51.9        |
| time/                   |              |
|    fps                  | 26           |
|    iterations           | 192          |
|    time_elapsed         | 1840         |
|    total_timesteps      | 49152        |
| train/                  |              |
|    approx_kl            | 0.0009543421 |
|    clip_fraction        | 0.00651      |
|    clip_range           | 0.15         |
|    entropy_loss         | -4.72        |
|    explained_variance   | 0.978        |
|    learning_rate        | 0.0001       |
|    loss                 | -0.0232      |
|    n_updates            | 573          |
|    policy_gradient_loss | -0.0142      |
|    value_loss           | 0.041        |
------------------------------------------
-------------------------------------------
| rollout/                |               |
|    ep_len_mean          | 43.5          |
|    ep_rew_mean          | -51.6         |
| time/                   |               |
|    fps                  | 26            |
|    iterations           | 193           |
|    time_elapsed         | 1848          |
|    total_timesteps      | 49408         |
| train/                  |               |
|    approx_kl            | 0.00034985295 |
|    clip_fraction        | 0             |
|    clip_range           | 0.15          |
|    entropy_loss         | -4.98         |
|    explained_variance   | 0.9           |
|    learning_rate        | 0.0001        |
|    loss                 | 0.0449        |
|    n_updates            | 576           |
|    policy_gradient_loss | -0.00456      |
|    value_loss           | 0.146         |
-------------------------------------------
------------------------------------------
| rollout/                |              |
|    ep_len_mean          | 43.2         |
|    ep_rew_mean          | -51.4        |
| time/                   |              |
|    fps                  | 26           |
|    iterations           | 194          |
|    time_elapsed         | 1856         |
|    total_timesteps      | 49664        |
| train/                  |              |
|    approx_kl            | 0.0010692631 |
|    clip_fraction        | 0.00911      |
|    clip_range           | 0.15         |
|    entropy_loss         | -4.98        |
|    explained_variance   | 0.896        |
|    learning_rate        | 0.0001       |
|    loss                 | 0.0164       |
|    n_updates            | 579          |
|    policy_gradient_loss | -0.0133      |
|    value_loss           | 0.135        |
------------------------------------------
------------------------------------------
| rollout/                |              |
|    ep_len_mean          | 43           |
|    ep_rew_mean          | -51.1        |
| time/                   |              |
|    fps                  | 26           |
|    iterations           | 195          |
|    time_elapsed         | 1865         |
|    total_timesteps      | 49920        |
| train/                  |              |
|    approx_kl            | 0.0018218427 |
|    clip_fraction        | 0.0234       |
|    clip_range           | 0.15         |
|    entropy_loss         | -4.99        |
|    explained_variance   | 0.939        |
|    learning_rate        | 0.0001       |
|    loss                 | -0.0199      |
|    n_updates            | 582          |
|    policy_gradient_loss | -0.0169      |
|    value_loss           | 0.0692       |
------------------------------------------
------------------------------------------
| rollout/                |              |
|    ep_len_mean          | 42.7         |
|    ep_rew_mean          | -50.7        |
| time/                   |              |
|    fps                  | 26           |
|    iterations           | 196          |
|    time_elapsed         | 1873         |
|    total_timesteps      | 50176        |
| train/                  |              |
|    approx_kl            | 0.0021831316 |
|    clip_fraction        | 0.00781      |
|    clip_range           | 0.15         |
|    entropy_loss         | -5.01        |
|    explained_variance   | 0.966        |
|    learning_rate        | 0.0001       |
|    loss                 | -0.0329      |
|    n_updates            | 585          |
|    policy_gradient_loss | -0.0184      |
|    value_loss           | 0.0422       |
------------------------------------------
------------------------------------------
| rollout/                |              |
|    ep_len_mean          | 42.5         |
|    ep_rew_mean          | -50.4        |
| time/                   |              |
|    fps                  | 26           |
|    iterations           | 197          |
|    time_elapsed         | 1881         |
|    total_timesteps      | 50432        |
| train/                  |              |
|    approx_kl            | 0.0024648616 |
|    clip_fraction        | 0.0156       |
|    clip_range           | 0.15         |
|    entropy_loss         | -5.01        |
|    explained_variance   | 0.973        |
|    learning_rate        | 0.0001       |
|    loss                 | -0.0339      |
|    n_updates            | 588          |
|    policy_gradient_loss | -0.0179      |
|    value_loss           | 0.0368       |
------------------------------------------
------------------------------------------
| rollout/                |              |
|    ep_len_mean          | 42.2         |
|    ep_rew_mean          | -50.1        |
| time/                   |              |
|    fps                  | 26           |
|    iterations           | 198          |
|    time_elapsed         | 1889         |
|    total_timesteps      | 50688        |
| train/                  |              |
|    approx_kl            | 0.0015799955 |
|    clip_fraction        | 0            |
|    clip_range           | 0.15         |
|    entropy_loss         | -4.85        |
|    explained_variance   | 0.968        |
|    learning_rate        | 0.0001       |
|    loss                 | -0.0231      |
|    n_updates            | 591          |
|    policy_gradient_loss | -0.0124      |
|    value_loss           | 0.0381       |
------------------------------------------
-----------------------------------------
| rollout/                |             |
|    ep_len_mean          | 42          |
|    ep_rew_mean          | -49.8       |
| time/                   |             |
|    fps                  | 26          |
|    iterations           | 199         |
|    time_elapsed         | 1898        |
|    total_timesteps      | 50944       |
| train/                  |             |
|    approx_kl            | 0.001686217 |
|    clip_fraction        | 0.00781     |
|    clip_range           | 0.15        |
|    entropy_loss         | -4.86       |
|    explained_variance   | 0.978       |
|    learning_rate        | 0.0001      |
|    loss                 | -0.0365     |
|    n_updates            | 594         |
|    policy_gradient_loss | -0.0162     |
|    value_loss           | 0.0248      |
-----------------------------------------
------------------------------------------
| rollout/                |              |
|    ep_len_mean          | 42           |
|    ep_rew_mean          | -49.7        |
| time/                   |              |
|    fps                  | 26           |
|    iterations           | 200          |
|    time_elapsed         | 1906         |
|    total_timesteps      | 51200        |
| train/                  |              |
|    approx_kl            | 0.0017004423 |
|    clip_fraction        | 0.00781      |
|    clip_range           | 0.15         |
|    entropy_loss         | -4.89        |
|    explained_variance   | 0.982        |
|    learning_rate        | 0.0001       |
|    loss                 | -0.036       |
|    n_updates            | 597          |
|    policy_gradient_loss | -0.0157      |
|    value_loss           | 0.0214       |
------------------------------------------
------------------------------------------
| rollout/                |              |
|    ep_len_mean          | 42           |
|    ep_rew_mean          | -49.8        |
| time/                   |              |
|    fps                  | 26           |
|    iterations           | 201          |
|    time_elapsed         | 1915         |
|    total_timesteps      | 51456        |
| train/                  |              |
|    approx_kl            | 0.0007164362 |
|    clip_fraction        | 0            |
|    clip_range           | 0.15         |
|    entropy_loss         | -4.74        |
|    explained_variance   | 0.943        |
|    learning_rate        | 0.0001       |
|    loss                 | 0.0232       |
|    n_updates            | 600          |
|    policy_gradient_loss | -0.00121     |
|    value_loss           | 0.0847       |
------------------------------------------
-------------------------------------------
| rollout/                |               |
|    ep_len_mean          | 42            |
|    ep_rew_mean          | -49.8         |
| time/                   |               |
|    fps                  | 26            |
|    iterations           | 202           |
|    time_elapsed         | 1924          |
|    total_timesteps      | 51712         |
| train/                  |               |
|    approx_kl            | 0.00025789463 |
|    clip_fraction        | 0             |
|    clip_range           | 0.15          |
|    entropy_loss         | -4.52         |
|    explained_variance   | 0.949         |
|    learning_rate        | 0.0001        |
|    loss                 | 0.0178        |
|    n_updates            | 603           |
|    policy_gradient_loss | -0.00352      |
|    value_loss           | 0.0814        |
-------------------------------------------
-------------------------------------------
| rollout/                |               |
|    ep_len_mean          | 42            |
|    ep_rew_mean          | -49.8         |
| time/                   |               |
|    fps                  | 26            |
|    iterations           | 203           |
|    time_elapsed         | 1933          |
|    total_timesteps      | 51968         |
| train/                  |               |
|    approx_kl            | 0.00058230804 |
|    clip_fraction        | 0             |
|    clip_range           | 0.15          |
|    entropy_loss         | -4.52         |
|    explained_variance   | 0.95          |
|    learning_rate        | 0.0001        |
|    loss                 | -0.00375      |
|    n_updates            | 606           |
|    policy_gradient_loss | -0.0119       |
|    value_loss           | 0.0744        |
-------------------------------------------
------------------------------------------
| rollout/                |              |
|    ep_len_mean          | 42.4         |
|    ep_rew_mean          | -50.6        |
| time/                   |              |
|    fps                  | 26           |
|    iterations           | 204          |
|    time_elapsed         | 1942         |
|    total_timesteps      | 52224        |
| train/                  |              |
|    approx_kl            | 0.0011445021 |
|    clip_fraction        | 0.00781      |
|    clip_range           | 0.15         |
|    entropy_loss         | -4.48        |
|    explained_variance   | 0.962        |
|    learning_rate        | 0.0001       |
|    loss                 | -0.0239      |
|    n_updates            | 609          |
|    policy_gradient_loss | -0.018       |
|    value_loss           | 0.0578       |
------------------------------------------
------------------------------------------
| rollout/                |              |
|    ep_len_mean          | 43           |
|    ep_rew_mean          | -51.8        |
| time/                   |              |
|    fps                  | 26           |
|    iterations           | 205          |
|    time_elapsed         | 1951         |
|    total_timesteps      | 52480        |
| train/                  |              |
|    approx_kl            | 0.0016358127 |
|    clip_fraction        | 0.0156       |
|    clip_range           | 0.15         |
|    entropy_loss         | -4.49        |
|    explained_variance   | 0.972        |
|    learning_rate        | 0.0001       |
|    loss                 | -0.0357      |
|    n_updates            | 612          |
|    policy_gradient_loss | -0.0212      |
|    value_loss           | 0.0444       |
------------------------------------------
------------------------------------------
| rollout/                |              |
|    ep_len_mean          | 43           |
|    ep_rew_mean          | -51.9        |
| time/                   |              |
|    fps                  | 26           |
|    iterations           | 206          |
|    time_elapsed         | 1959         |
|    total_timesteps      | 52736        |
| train/                  |              |
|    approx_kl            | 0.0014867224 |
|    clip_fraction        | 0.013        |
|    clip_range           | 0.15         |
|    entropy_loss         | -4.47        |
|    explained_variance   | 0.969        |
|    learning_rate        | 0.0001       |
|    loss                 | -0.0242      |
|    n_updates            | 615          |
|    policy_gradient_loss | -0.0156      |
|    value_loss           | 0.0422       |
------------------------------------------
------------------------------------------
| rollout/                |              |
|    ep_len_mean          | 43           |
|    ep_rew_mean          | -51.7        |
| time/                   |              |
|    fps                  | 26           |
|    iterations           | 207          |
|    time_elapsed         | 1967         |
|    total_timesteps      | 52992        |
| train/                  |              |
|    approx_kl            | 0.0016309083 |
|    clip_fraction        | 0.0156       |
|    clip_range           | 0.15         |
|    entropy_loss         | -4.44        |
|    explained_variance   | 0.982        |
|    learning_rate        | 0.0001       |
|    loss                 | -0.0289      |
|    n_updates            | 618          |
|    policy_gradient_loss | -0.0161      |
|    value_loss           | 0.0342       |
------------------------------------------
------------------------------------------
| rollout/                |              |
|    ep_len_mean          | 43           |
|    ep_rew_mean          | -51.7        |
| time/                   |              |
|    fps                  | 26           |
|    iterations           | 208          |
|    time_elapsed         | 1975         |
|    total_timesteps      | 53248        |
| train/                  |              |
|    approx_kl            | 0.0008798053 |
|    clip_fraction        | 0.0013       |
|    clip_range           | 0.15         |
|    entropy_loss         | -4.59        |
|    explained_variance   | 0.969        |
|    learning_rate        | 0.0001       |
|    loss                 | 0.00155      |
|    n_updates            | 621          |
|    policy_gradient_loss | -0.00293     |
|    value_loss           | 0.0451       |
------------------------------------------
------------------------------------------
| rollout/                |              |
|    ep_len_mean          | 43.2         |
|    ep_rew_mean          | -52          |
| time/                   |              |
|    fps                  | 26           |
|    iterations           | 209          |
|    time_elapsed         | 1982         |
|    total_timesteps      | 53504        |
| train/                  |              |
|    approx_kl            | 0.0016268238 |
|    clip_fraction        | 0.00781      |
|    clip_range           | 0.15         |
|    entropy_loss         | -4.63        |
|    explained_variance   | 0.956        |
|    learning_rate        | 0.0001       |
|    loss                 | -0.0111      |
|    n_updates            | 624          |
|    policy_gradient_loss | -0.0134      |
|    value_loss           | 0.0693       |
------------------------------------------
------------------------------------------
| rollout/                |              |
|    ep_len_mean          | 43.5         |
|    ep_rew_mean          | -52.4        |
| time/                   |              |
|    fps                  | 26           |
|    iterations           | 210          |
|    time_elapsed         | 1991         |
|    total_timesteps      | 53760        |
| train/                  |              |
|    approx_kl            | 0.0029118974 |
|    clip_fraction        | 0.0143       |
|    clip_range           | 0.15         |
|    entropy_loss         | -4.59        |
|    explained_variance   | 0.967        |
|    learning_rate        | 0.0001       |
|    loss                 | -0.031       |
|    n_updates            | 627          |
|    policy_gradient_loss | -0.0185      |
|    value_loss           | 0.0442       |
------------------------------------------
-------------------------------------------
| rollout/                |               |
|    ep_len_mean          | 43.7          |
|    ep_rew_mean          | -52.8         |
| time/                   |               |
|    fps                  | 27            |
|    iterations           | 211           |
|    time_elapsed         | 2000          |
|    total_timesteps      | 54016         |
| train/                  |               |
|    approx_kl            | 0.00076881377 |
|    clip_fraction        | 0.00651       |
|    clip_range           | 0.15          |
|    entropy_loss         | -4.38         |
|    explained_variance   | 0.975         |
|    learning_rate        | 0.0001        |
|    loss                 | 0.00372       |
|    n_updates            | 630           |
|    policy_gradient_loss | -0.0037       |
|    value_loss           | 0.0482        |
-------------------------------------------
------------------------------------------
| rollout/                |              |
|    ep_len_mean          | 43.8         |
|    ep_rew_mean          | -53          |
| time/                   |              |
|    fps                  | 27           |
|    iterations           | 212          |
|    time_elapsed         | 2008         |
|    total_timesteps      | 54272        |
| train/                  |              |
|    approx_kl            | 0.0007330221 |
|    clip_fraction        | 0            |
|    clip_range           | 0.15         |
|    entropy_loss         | -4.41        |
|    explained_variance   | 0.969        |
|    learning_rate        | 0.0001       |
|    loss                 | -0.0089      |
|    n_updates            | 633          |
|    policy_gradient_loss | -0.00833     |
|    value_loss           | 0.0458       |
------------------------------------------
------------------------------------------
| rollout/                |              |
|    ep_len_mean          | 44           |
|    ep_rew_mean          | -53.2        |
| time/                   |              |
|    fps                  | 27           |
|    iterations           | 213          |
|    time_elapsed         | 2016         |
|    total_timesteps      | 54528        |
| train/                  |              |
|    approx_kl            | 0.0007986149 |
|    clip_fraction        | 0            |
|    clip_range           | 0.15         |
|    entropy_loss         | -4.53        |
|    explained_variance   | 0.979        |
|    learning_rate        | 0.0001       |
|    loss                 | -0.0179      |
|    n_updates            | 636          |
|    policy_gradient_loss | -0.00829     |
|    value_loss           | 0.0264       |
------------------------------------------
------------------------------------------
| rollout/                |              |
|    ep_len_mean          | 44.1         |
|    ep_rew_mean          | -53.4        |
| time/                   |              |
|    fps                  | 27           |
|    iterations           | 214          |
|    time_elapsed         | 2024         |
|    total_timesteps      | 54784        |
| train/                  |              |
|    approx_kl            | 0.0012232242 |
|    clip_fraction        | 0            |
|    clip_range           | 0.15         |
|    entropy_loss         | -4.54        |
|    explained_variance   | 0.987        |
|    learning_rate        | 0.0001       |
|    loss                 | -0.0331      |
|    n_updates            | 639          |
|    policy_gradient_loss | -0.0138      |
|    value_loss           | 0.0178       |
------------------------------------------
------------------------------------------
| rollout/                |              |
|    ep_len_mean          | 44.2         |
|    ep_rew_mean          | -53.2        |
| time/                   |              |
|    fps                  | 27           |
|    iterations           | 215          |
|    time_elapsed         | 2036         |
|    total_timesteps      | 55040        |
| train/                  |              |
|    approx_kl            | 0.0018100578 |
|    clip_fraction        | 0.0156       |
|    clip_range           | 0.15         |
|    entropy_loss         | -4.52        |
|    explained_variance   | 0.987        |
|    learning_rate        | 0.0001       |
|    loss                 | -0.0377      |
|    n_updates            | 642          |
|    policy_gradient_loss | -0.0157      |
|    value_loss           | 0.016        |
------------------------------------------
-----------------------------------------
| rollout/                |             |
|    ep_len_mean          | 44.4        |
|    ep_rew_mean          | -52.9       |
| time/                   |             |
|    fps                  | 26          |
|    iterations           | 216         |
|    time_elapsed         | 2049        |
|    total_timesteps      | 55296       |
| train/                  |             |
|    approx_kl            | 0.001035393 |
|    clip_fraction        | 0.00781     |
|    clip_range           | 0.15        |
|    entropy_loss         | -4.58       |
|    explained_variance   | 0.833       |
|    learning_rate        | 0.0001      |
|    loss                 | 0.125       |
|    n_updates            | 645         |
|    policy_gradient_loss | -0.00321    |
|    value_loss           | 0.306       |
-----------------------------------------
-----------------------------------------
| rollout/                |             |
|    ep_len_mean          | 44.5        |
|    ep_rew_mean          | -52.3       |
| time/                   |             |
|    fps                  | 26          |
|    iterations           | 217         |
|    time_elapsed         | 2062        |
|    total_timesteps      | 55552       |
| train/                  |             |
|    approx_kl            | 0.000731718 |
|    clip_fraction        | 0           |
|    clip_range           | 0.15        |
|    entropy_loss         | -4.56       |
|    explained_variance   | 0.852       |
|    learning_rate        | 0.0001      |
|    loss                 | 0.0828      |
|    n_updates            | 648         |
|    policy_gradient_loss | -0.0103     |
|    value_loss           | 0.268       |
-----------------------------------------
-------------------------------------------
| rollout/                |               |
|    ep_len_mean          | 44.4          |
|    ep_rew_mean          | -51.6         |
| time/                   |               |
|    fps                  | 26            |
|    iterations           | 218           |
|    time_elapsed         | 2075          |
|    total_timesteps      | 55808         |
| train/                  |               |
|    approx_kl            | 0.00096857105 |
|    clip_fraction        | 0             |
|    clip_range           | 0.15          |
|    entropy_loss         | -4.58         |
|    explained_variance   | 0.902         |
|    learning_rate        | 0.0001        |
|    loss                 | 0.0339        |
|    n_updates            | 651           |
|    policy_gradient_loss | -0.0142       |
|    value_loss           | 0.183         |
-------------------------------------------
------------------------------------------
| rollout/                |              |
|    ep_len_mean          | 44.4         |
|    ep_rew_mean          | -51          |
| time/                   |              |
|    fps                  | 26           |
|    iterations           | 219          |
|    time_elapsed         | 2088         |
|    total_timesteps      | 56064        |
| train/                  |              |
|    approx_kl            | 0.0009460361 |
|    clip_fraction        | 0            |
|    clip_range           | 0.15         |
|    entropy_loss         | -4.57        |
|    explained_variance   | 0.939        |
|    learning_rate        | 0.0001       |
|    loss                 | 0.0099       |
|    n_updates            | 654          |
|    policy_gradient_loss | -0.0148      |
|    value_loss           | 0.126        |
------------------------------------------
------------------------------------------
| rollout/                |              |
|    ep_len_mean          | 44.3         |
|    ep_rew_mean          | -50.3        |
| time/                   |              |
|    fps                  | 26           |
|    iterations           | 220          |
|    time_elapsed         | 2100         |
|    total_timesteps      | 56320        |
| train/                  |              |
|    approx_kl            | 0.0009831034 |
|    clip_fraction        | 0            |
|    clip_range           | 0.15         |
|    entropy_loss         | -4.57        |
|    explained_variance   | 0.954        |
|    learning_rate        | 0.0001       |
|    loss                 | 0.00287      |
|    n_updates            | 657          |
|    policy_gradient_loss | -0.0139      |
|    value_loss           | 0.1          |
------------------------------------------
------------------------------------------
| rollout/                |              |
|    ep_len_mean          | 44.3         |
|    ep_rew_mean          | -49.6        |
| time/                   |              |
|    fps                  | 26           |
|    iterations           | 221          |
|    time_elapsed         | 2112         |
|    total_timesteps      | 56576        |
| train/                  |              |
|    approx_kl            | 0.0009694295 |
|    clip_fraction        | 0            |
|    clip_range           | 0.15         |
|    entropy_loss         | -4.55        |
|    explained_variance   | 0.961        |
|    learning_rate        | 0.0001       |
|    loss                 | -0.0048      |
|    n_updates            | 660          |
|    policy_gradient_loss | -0.0132      |
|    value_loss           | 0.0814       |
------------------------------------------
------------------------------------------
| rollout/                |              |
|    ep_len_mean          | 44.2         |
|    ep_rew_mean          | -48.9        |
| time/                   |              |
|    fps                  | 26           |
|    iterations           | 222          |
|    time_elapsed         | 2125         |
|    total_timesteps      | 56832        |
| train/                  |              |
|    approx_kl            | 0.0009793965 |
|    clip_fraction        | 0            |
|    clip_range           | 0.15         |
|    entropy_loss         | -4.5         |
|    explained_variance   | 0.968        |
|    learning_rate        | 0.0001       |
|    loss                 | -0.0184      |
|    n_updates            | 663          |
|    policy_gradient_loss | -0.0132      |
|    value_loss           | 0.0519       |
------------------------------------------
-------------------------------------------
| rollout/                |               |
|    ep_len_mean          | 43.9          |
|    ep_rew_mean          | -47.9         |
| time/                   |               |
|    fps                  | 26            |
|    iterations           | 223           |
|    time_elapsed         | 2133          |
|    total_timesteps      | 57088         |
| train/                  |               |
|    approx_kl            | 0.00096678245 |
|    clip_fraction        | 0             |
|    clip_range           | 0.15          |
|    entropy_loss         | -4.5          |
|    explained_variance   | 0.976         |
|    learning_rate        | 0.0001        |
|    loss                 | -0.0174       |
|    n_updates            | 666           |
|    policy_gradient_loss | -0.0114       |
|    value_loss           | 0.0417        |
-------------------------------------------
-------------------------------------------
| rollout/                |               |
|    ep_len_mean          | 43.6          |
|    ep_rew_mean          | -46.8         |
| time/                   |               |
|    fps                  | 26            |
|    iterations           | 224           |
|    time_elapsed         | 2141          |
|    total_timesteps      | 57344         |
| train/                  |               |
|    approx_kl            | 0.00046935142 |
|    clip_fraction        | 0             |
|    clip_range           | 0.15          |
|    entropy_loss         | -4.92         |
|    explained_variance   | 0.781         |
|    learning_rate        | 0.0001        |
|    loss                 | 0.15          |
|    n_updates            | 669           |
|    policy_gradient_loss | -0.00193      |
|    value_loss           | 0.347         |
-------------------------------------------
-------------------------------------------
| rollout/                |               |
|    ep_len_mean          | 43.3          |
|    ep_rew_mean          | -45.7         |
| time/                   |               |
|    fps                  | 26            |
|    iterations           | 225           |
|    time_elapsed         | 2149          |
|    total_timesteps      | 57600         |
| train/                  |               |
|    approx_kl            | 0.00061521283 |
|    clip_fraction        | 0             |
|    clip_range           | 0.15          |
|    entropy_loss         | -4.92         |
|    explained_variance   | 0.864         |
|    learning_rate        | 0.0001        |
|    loss                 | 0.112         |
|    n_updates            | 672           |
|    policy_gradient_loss | -0.00927      |
|    value_loss           | 0.321         |
-------------------------------------------
------------------------------------------
| rollout/                |              |
|    ep_len_mean          | 42.9         |
|    ep_rew_mean          | -44.4        |
| time/                   |              |
|    fps                  | 26           |
|    iterations           | 226          |
|    time_elapsed         | 2157         |
|    total_timesteps      | 57856        |
| train/                  |              |
|    approx_kl            | 0.0010841757 |
|    clip_fraction        | 0.00781      |
|    clip_range           | 0.15         |
|    entropy_loss         | -4.93        |
|    explained_variance   | 0.896        |
|    learning_rate        | 0.0001       |
|    loss                 | 0.059        |
|    n_updates            | 675          |
|    policy_gradient_loss | -0.0144      |
|    value_loss           | 0.232        |
------------------------------------------
------------------------------------------
| rollout/                |              |
|    ep_len_mean          | 42.6         |
|    ep_rew_mean          | -43.3        |
| time/                   |              |
|    fps                  | 26           |
|    iterations           | 227          |
|    time_elapsed         | 2164         |
|    total_timesteps      | 58112        |
| train/                  |              |
|    approx_kl            | 0.0022106236 |
|    clip_fraction        | 0.0182       |
|    clip_range           | 0.15         |
|    entropy_loss         | -4.96        |
|    explained_variance   | 0.945        |
|    learning_rate        | 0.0001       |
|    loss                 | 0.0347       |
|    n_updates            | 678          |
|    policy_gradient_loss | -0.0216      |
|    value_loss           | 0.201        |
------------------------------------------
-----------------------------------------
| rollout/                |             |
|    ep_len_mean          | 42.4        |
|    ep_rew_mean          | -42.1       |
| time/                   |             |
|    fps                  | 26          |
|    iterations           | 228         |
|    time_elapsed         | 2173        |
|    total_timesteps      | 58368       |
| train/                  |             |
|    approx_kl            | 0.002160448 |
|    clip_fraction        | 0.0156      |
|    clip_range           | 0.15        |
|    entropy_loss         | -4.94       |
|    explained_variance   | 0.957       |
|    learning_rate        | 0.0001      |
|    loss                 | 0.0304      |
|    n_updates            | 681         |
|    policy_gradient_loss | -0.0185     |
|    value_loss           | 0.17        |
-----------------------------------------
------------------------------------------
| rollout/                |              |
|    ep_len_mean          | 41.7         |
|    ep_rew_mean          | -39.8        |
| time/                   |              |
|    fps                  | 26           |
|    iterations           | 229          |
|    time_elapsed         | 2180         |
|    total_timesteps      | 58624        |
| train/                  |              |
|    approx_kl            | 0.0022906621 |
|    clip_fraction        | 0.0156       |
|    clip_range           | 0.15         |
|    entropy_loss         | -4.97        |
|    explained_variance   | 0.946        |
|    learning_rate        | 0.0001       |
|    loss                 | 0.0321       |
|    n_updates            | 684          |
|    policy_gradient_loss | -0.0175      |
|    value_loss           | 0.172        |
------------------------------------------
------------------------------------------
| rollout/                |              |
|    ep_len_mean          | 41.1         |
|    ep_rew_mean          | -38.1        |
| time/                   |              |
|    fps                  | 26           |
|    iterations           | 230          |
|    time_elapsed         | 2187         |
|    total_timesteps      | 58880        |
| train/                  |              |
|    approx_kl            | 0.0005731641 |
|    clip_fraction        | 0.0026       |
|    clip_range           | 0.15         |
|    entropy_loss         | -4.89        |
|    explained_variance   | -1.22        |
|    learning_rate        | 0.0001       |
|    loss                 | 1            |
|    n_updates            | 687          |
|    policy_gradient_loss | -0.00477     |
|    value_loss           | 2.16         |
------------------------------------------
------------------------------------------
| rollout/                |              |
|    ep_len_mean          | 40.5         |
|    ep_rew_mean          | -37.1        |
| time/                   |              |
|    fps                  | 26           |
|    iterations           | 231          |
|    time_elapsed         | 2195         |
|    total_timesteps      | 59136        |
| train/                  |              |
|    approx_kl            | 0.0004551732 |
|    clip_fraction        | 0            |
|    clip_range           | 0.15         |
|    entropy_loss         | -4.61        |
|    explained_variance   | 0.0774       |
|    learning_rate        | 0.0001       |
|    loss                 | 0.309        |
|    n_updates            | 690          |
|    policy_gradient_loss | -0.00697     |
|    value_loss           | 0.762        |
------------------------------------------
------------------------------------------
| rollout/                |              |
|    ep_len_mean          | 39.8         |
|    ep_rew_mean          | -35.9        |
| time/                   |              |
|    fps                  | 26           |
|    iterations           | 232          |
|    time_elapsed         | 2203         |
|    total_timesteps      | 59392        |
| train/                  |              |
|    approx_kl            | 0.0012676746 |
|    clip_fraction        | 0.0104       |
|    clip_range           | 0.15         |
|    entropy_loss         | -4.6         |
|    explained_variance   | 0.241        |
|    learning_rate        | 0.0001       |
|    loss                 | 0.161        |
|    n_updates            | 693          |
|    policy_gradient_loss | -0.0158      |
|    value_loss           | 0.489        |
------------------------------------------
------------------------------------------
| rollout/                |              |
|    ep_len_mean          | 39.2         |
|    ep_rew_mean          | -35          |
| time/                   |              |
|    fps                  | 26           |
|    iterations           | 233          |
|    time_elapsed         | 2212         |
|    total_timesteps      | 59648        |
| train/                  |              |
|    approx_kl            | 0.0018958836 |
|    clip_fraction        | 0.0182       |
|    clip_range           | 0.15         |
|    entropy_loss         | -4.59        |
|    explained_variance   | 0.506        |
|    learning_rate        | 0.0001       |
|    loss                 | 0.0839       |
|    n_updates            | 696          |
|    policy_gradient_loss | -0.0188      |
|    value_loss           | 0.323        |
------------------------------------------
------------------------------------------
| rollout/                |              |
|    ep_len_mean          | 38.5         |
|    ep_rew_mean          | -34.1        |
| time/                   |              |
|    fps                  | 26           |
|    iterations           | 234          |
|    time_elapsed         | 2221         |
|    total_timesteps      | 59904        |
| train/                  |              |
|    approx_kl            | 0.0023014012 |
|    clip_fraction        | 0.0182       |
|    clip_range           | 0.15         |
|    entropy_loss         | -4.64        |
|    explained_variance   | 0.592        |
|    learning_rate        | 0.0001       |
|    loss                 | 0.0455       |
|    n_updates            | 699          |
|    policy_gradient_loss | -0.0174      |
|    value_loss           | 0.201        |
------------------------------------------
------------------------------------------
| rollout/                |              |
|    ep_len_mean          | 38.2         |
|    ep_rew_mean          | -33.6        |
| time/                   |              |
|    fps                  | 26           |
|    iterations           | 235          |
|    time_elapsed         | 2234         |
|    total_timesteps      | 60160        |
| train/                  |              |
|    approx_kl            | 0.0031130328 |
|    clip_fraction        | 0.0104       |
|    clip_range           | 0.15         |
|    entropy_loss         | -4.63        |
|    explained_variance   | 0.551        |
|    learning_rate        | 0.0001       |
|    loss                 | 0.0353       |
|    n_updates            | 702          |
|    policy_gradient_loss | -0.0221      |
|    value_loss           | 0.184        |
------------------------------------------
------------------------------------------
| rollout/                |              |
|    ep_len_mean          | 38           |
|    ep_rew_mean          | -33.1        |
| time/                   |              |
|    fps                  | 26           |
|    iterations           | 236          |
|    time_elapsed         | 2248         |
|    total_timesteps      | 60416        |
| train/                  |              |
|    approx_kl            | 0.0006072875 |
|    clip_fraction        | 0            |
|    clip_range           | 0.15         |
|    entropy_loss         | -4.89        |
|    explained_variance   | 0.512        |
|    learning_rate        | 0.0001       |
|    loss                 | 0.206        |
|    n_updates            | 705          |
|    policy_gradient_loss | -0.00313     |
|    value_loss           | 0.45         |
------------------------------------------
------------------------------------------
| rollout/                |              |
|    ep_len_mean          | 37.7         |
|    ep_rew_mean          | -32.6        |
| time/                   |              |
|    fps                  | 26           |
|    iterations           | 237          |
|    time_elapsed         | 2261         |
|    total_timesteps      | 60672        |
| train/                  |              |
|    approx_kl            | 0.0005442747 |
|    clip_fraction        | 0            |
|    clip_range           | 0.15         |
|    entropy_loss         | -4.89        |
|    explained_variance   | 0.473        |
|    learning_rate        | 0.0001       |
|    loss                 | 0.176        |
|    n_updates            | 708          |
|    policy_gradient_loss | -0.00852     |
|    value_loss           | 0.456        |
------------------------------------------
------------------------------------------
| rollout/                |              |
|    ep_len_mean          | 37.7         |
|    ep_rew_mean          | -32.6        |
| time/                   |              |
|    fps                  | 26           |
|    iterations           | 238          |
|    time_elapsed         | 2275         |
|    total_timesteps      | 60928        |
| train/                  |              |
|    approx_kl            | 0.0008744539 |
|    clip_fraction        | 0.00911      |
|    clip_range           | 0.15         |
|    entropy_loss         | -4.91        |
|    explained_variance   | 0.642        |
|    learning_rate        | 0.0001       |
|    loss                 | 0.0748       |
|    n_updates            | 711          |
|    policy_gradient_loss | -0.0138      |
|    value_loss           | 0.288        |
------------------------------------------
-----------------------------------------
| rollout/                |             |
|    ep_len_mean          | 37.7        |
|    ep_rew_mean          | -32.6       |
| time/                   |             |
|    fps                  | 26          |
|    iterations           | 239         |
|    time_elapsed         | 2289        |
|    total_timesteps      | 61184       |
| train/                  |             |
|    approx_kl            | 0.001132594 |
|    clip_fraction        | 0.00781     |
|    clip_range           | 0.15        |
|    entropy_loss         | -4.9        |
|    explained_variance   | 0.819       |
|    learning_rate        | 0.0001      |
|    loss                 | -0.00218    |
|    n_updates            | 714         |
|    policy_gradient_loss | -0.0172     |
|    value_loss           | 0.13        |
-----------------------------------------
-----------------------------------------
| rollout/                |             |
|    ep_len_mean          | 37.7        |
|    ep_rew_mean          | -32.8       |
| time/                   |             |
|    fps                  | 26          |
|    iterations           | 240         |
|    time_elapsed         | 2303        |
|    total_timesteps      | 61440       |
| train/                  |             |
|    approx_kl            | 0.001488491 |
|    clip_fraction        | 0.00781     |
|    clip_range           | 0.15        |
|    entropy_loss         | -4.93       |
|    explained_variance   | 0.878       |
|    learning_rate        | 0.0001      |
|    loss                 | 0.00707     |
|    n_updates            | 717         |
|    policy_gradient_loss | -0.0149     |
|    value_loss           | 0.111       |
-----------------------------------------
------------------------------------------
| rollout/                |              |
|    ep_len_mean          | 37.7         |
|    ep_rew_mean          | -33          |
| time/                   |              |
|    fps                  | 26           |
|    iterations           | 241          |
|    time_elapsed         | 2317         |
|    total_timesteps      | 61696        |
| train/                  |              |
|    approx_kl            | 0.0015453822 |
|    clip_fraction        | 0.00911      |
|    clip_range           | 0.15         |
|    entropy_loss         | -4.9         |
|    explained_variance   | 0.964        |
|    learning_rate        | 0.0001       |
|    loss                 | -0.0193      |
|    n_updates            | 720          |
|    policy_gradient_loss | -0.0148      |
|    value_loss           | 0.0411       |
------------------------------------------
------------------------------------------
| rollout/                |              |
|    ep_len_mean          | 37.7         |
|    ep_rew_mean          | -33.2        |
| time/                   |              |
|    fps                  | 26           |
|    iterations           | 242          |
|    time_elapsed         | 2332         |
|    total_timesteps      | 61952        |
| train/                  |              |
|    approx_kl            | 0.0013012246 |
|    clip_fraction        | 0.00781      |
|    clip_range           | 0.15         |
|    entropy_loss         | -4.9         |
|    explained_variance   | 0.952        |
|    learning_rate        | 0.0001       |
|    loss                 | -0.00835     |
|    n_updates            | 723          |
|    policy_gradient_loss | -0.0106      |
|    value_loss           | 0.0516       |
------------------------------------------
------------------------------------------
| rollout/                |              |
|    ep_len_mean          | 37.8         |
|    ep_rew_mean          | -33.5        |
| time/                   |              |
|    fps                  | 26           |
|    iterations           | 243          |
|    time_elapsed         | 2346         |
|    total_timesteps      | 62208        |
| train/                  |              |
|    approx_kl            | 0.0014753863 |
|    clip_fraction        | 0.00911      |
|    clip_range           | 0.15         |
|    entropy_loss         | -4.9         |
|    explained_variance   | 0.953        |
|    learning_rate        | 0.0001       |
|    loss                 | -0.0225      |
|    n_updates            | 726          |
|    policy_gradient_loss | -0.0156      |
|    value_loss           | 0.0502       |
------------------------------------------
------------------------------------------
| rollout/                |              |
|    ep_len_mean          | 38           |
|    ep_rew_mean          | -34.7        |
| time/                   |              |
|    fps                  | 26           |
|    iterations           | 244          |
|    time_elapsed         | 2358         |
|    total_timesteps      | 62464        |
| train/                  |              |
|    approx_kl            | 0.0017386002 |
|    clip_fraction        | 0.00781      |
|    clip_range           | 0.15         |
|    entropy_loss         | -4.87        |
|    explained_variance   | 0.962        |
|    learning_rate        | 0.0001       |
|    loss                 | -0.0395      |
|    n_updates            | 729          |
|    policy_gradient_loss | -0.0202      |
|    value_loss           | 0.0363       |
------------------------------------------
------------------------------------------
| rollout/                |              |
|    ep_len_mean          | 38           |
|    ep_rew_mean          | -35.5        |
| time/                   |              |
|    fps                  | 26           |
|    iterations           | 245          |
|    time_elapsed         | 2369         |
|    total_timesteps      | 62720        |
| train/                  |              |
|    approx_kl            | 0.0006531668 |
|    clip_fraction        | 0            |
|    clip_range           | 0.15         |
|    entropy_loss         | -4.81        |
|    explained_variance   | 0.715        |
|    learning_rate        | 0.0001       |
|    loss                 | 0.0836       |
|    n_updates            | 732          |
|    policy_gradient_loss | -0.00565     |
|    value_loss           | 0.246        |
------------------------------------------
------------------------------------------
| rollout/                |              |
|    ep_len_mean          | 38.1         |
|    ep_rew_mean          | -36.3        |
| time/                   |              |
|    fps                  | 26           |
|    iterations           | 246          |
|    time_elapsed         | 2380         |
|    total_timesteps      | 62976        |
| train/                  |              |
|    approx_kl            | 0.0011590107 |
|    clip_fraction        | 0            |
|    clip_range           | 0.15         |
|    entropy_loss         | -4.83        |
|    explained_variance   | 0.585        |
|    learning_rate        | 0.0001       |
|    loss                 | 0.0842       |
|    n_updates            | 735          |
|    policy_gradient_loss | -0.0141      |
|    value_loss           | 0.298        |
------------------------------------------
-----------------------------------------
| rollout/                |             |
|    ep_len_mean          | 38.4        |
|    ep_rew_mean          | -37.1       |
| time/                   |             |
|    fps                  | 26          |
|    iterations           | 247         |
|    time_elapsed         | 2394        |
|    total_timesteps      | 63232       |
| train/                  |             |
|    approx_kl            | 0.001953922 |
|    clip_fraction        | 0.0104      |
|    clip_range           | 0.15        |
|    entropy_loss         | -4.82       |
|    explained_variance   | 0.818       |
|    learning_rate        | 0.0001      |
|    loss                 | 0.00753     |
|    n_updates            | 738         |
|    policy_gradient_loss | -0.0191     |
|    value_loss           | 0.141       |
-----------------------------------------
------------------------------------------
| rollout/                |              |
|    ep_len_mean          | 38.7         |
|    ep_rew_mean          | -37.5        |
| time/                   |              |
|    fps                  | 26           |
|    iterations           | 248          |
|    time_elapsed         | 2408         |
|    total_timesteps      | 63488        |
| train/                  |              |
|    approx_kl            | 0.0004199124 |
|    clip_fraction        | 0            |
|    clip_range           | 0.15         |
|    entropy_loss         | -4.82        |
|    explained_variance   | 0.922        |
|    learning_rate        | 0.0001       |
|    loss                 | 0.0416       |
|    n_updates            | 741          |
|    policy_gradient_loss | 0.00187      |
|    value_loss           | 0.0971       |
------------------------------------------
------------------------------------------
| rollout/                |              |
|    ep_len_mean          | 39           |
|    ep_rew_mean          | -37.9        |
| time/                   |              |
|    fps                  | 26           |
|    iterations           | 249          |
|    time_elapsed         | 2422         |
|    total_timesteps      | 63744        |
| train/                  |              |
|    approx_kl            | 0.0002831698 |
|    clip_fraction        | 0            |
|    clip_range           | 0.15         |
|    entropy_loss         | -4.8         |
|    explained_variance   | 0.861        |
|    learning_rate        | 0.0001       |
|    loss                 | 0.0402       |
|    n_updates            | 744          |
|    policy_gradient_loss | -0.00543     |
|    value_loss           | 0.14         |
------------------------------------------
-------------------------------------------
| rollout/                |               |
|    ep_len_mean          | 38.9          |
|    ep_rew_mean          | -38.4         |
| time/                   |               |
|    fps                  | 26            |
|    iterations           | 250           |
|    time_elapsed         | 2433          |
|    total_timesteps      | 64000         |
| train/                  |               |
|    approx_kl            | 0.00068839686 |
|    clip_fraction        | 0             |
|    clip_range           | 0.15          |
|    entropy_loss         | -4.81         |
|    explained_variance   | 0.891         |
|    learning_rate        | 0.0001        |
|    loss                 | 0.00814       |
|    n_updates            | 747           |
|    policy_gradient_loss | -0.0129       |
|    value_loss           | 0.115         |
-------------------------------------------
-------------------------------------------
| rollout/                |               |
|    ep_len_mean          | 38.6          |
|    ep_rew_mean          | -38.7         |
| time/                   |               |
|    fps                  | 26            |
|    iterations           | 251           |
|    time_elapsed         | 2444          |
|    total_timesteps      | 64256         |
| train/                  |               |
|    approx_kl            | 0.00087336334 |
|    clip_fraction        | 0             |
|    clip_range           | 0.15          |
|    entropy_loss         | -4.78         |
|    explained_variance   | 0.887         |
|    learning_rate        | 0.0001        |
|    loss                 | 0.013         |
|    n_updates            | 750           |
|    policy_gradient_loss | -0.00957      |
|    value_loss           | 0.101         |
-------------------------------------------
------------------------------------------
| rollout/                |              |
|    ep_len_mean          | 38.3         |
|    ep_rew_mean          | -39          |
| time/                   |              |
|    fps                  | 26           |
|    iterations           | 252          |
|    time_elapsed         | 2455         |
|    total_timesteps      | 64512        |
| train/                  |              |
|    approx_kl            | 0.0016370157 |
|    clip_fraction        | 0.0182       |
|    clip_range           | 0.15         |
|    entropy_loss         | -4.78        |
|    explained_variance   | 0.903        |
|    learning_rate        | 0.0001       |
|    loss                 | -0.0102      |
|    n_updates            | 753          |
|    policy_gradient_loss | -0.017       |
|    value_loss           | 0.0825       |
------------------------------------------
------------------------------------------
| rollout/                |              |
|    ep_len_mean          | 38           |
|    ep_rew_mean          | -39.3        |
| time/                   |              |
|    fps                  | 26           |
|    iterations           | 253          |
|    time_elapsed         | 2466         |
|    total_timesteps      | 64768        |
| train/                  |              |
|    approx_kl            | 0.0013529744 |
|    clip_fraction        | 0.00911      |
|    clip_range           | 0.15         |
|    entropy_loss         | -4.78        |
|    explained_variance   | 0.922        |
|    learning_rate        | 0.0001       |
|    loss                 | -0.0149      |
|    n_updates            | 756          |
|    policy_gradient_loss | -0.0148      |
|    value_loss           | 0.0639       |
------------------------------------------
------------------------------------------
| rollout/                |              |
|    ep_len_mean          | 37.8         |
|    ep_rew_mean          | -39.5        |
| time/                   |              |
|    fps                  | 26           |
|    iterations           | 254          |
|    time_elapsed         | 2478         |
|    total_timesteps      | 65024        |
| train/                  |              |
|    approx_kl            | 0.0012166237 |
|    clip_fraction        | 0            |
|    clip_range           | 0.15         |
|    entropy_loss         | -4.77        |
|    explained_variance   | 0.94         |
|    learning_rate        | 0.0001       |
|    loss                 | -0.03        |
|    n_updates            | 759          |
|    policy_gradient_loss | -0.0184      |
|    value_loss           | 0.0479       |
------------------------------------------
------------------------------------------
| rollout/                |              |
|    ep_len_mean          | 37.5         |
|    ep_rew_mean          | -39.8        |
| time/                   |              |
|    fps                  | 26           |
|    iterations           | 255          |
|    time_elapsed         | 2490         |
|    total_timesteps      | 65280        |
| train/                  |              |
|    approx_kl            | 0.0011515513 |
|    clip_fraction        | 0            |
|    clip_range           | 0.15         |
|    entropy_loss         | -4.75        |
|    explained_variance   | 0.958        |
|    learning_rate        | 0.0001       |
|    loss                 | -0.0322      |
|    n_updates            | 762          |
|    policy_gradient_loss | -0.0173      |
|    value_loss           | 0.0383       |
------------------------------------------
-------------------------------------------
| rollout/                |               |
|    ep_len_mean          | 37.2          |
|    ep_rew_mean          | -40           |
| time/                   |               |
|    fps                  | 26            |
|    iterations           | 256           |
|    time_elapsed         | 2502          |
|    total_timesteps      | 65536         |
| train/                  |               |
|    approx_kl            | 0.00084433286 |
|    clip_fraction        | 0.00781       |
|    clip_range           | 0.15          |
|    entropy_loss         | -4.51         |
|    explained_variance   | 0.917         |
|    learning_rate        | 0.0001        |
|    loss                 | 0.00843       |
|    n_updates            | 765           |
|    policy_gradient_loss | -0.00862      |
|    value_loss           | 0.0851        |
-------------------------------------------
------------------------------------------
| rollout/                |              |
|    ep_len_mean          | 36.9         |
|    ep_rew_mean          | -40.3        |
| time/                   |              |
|    fps                  | 26           |
|    iterations           | 257          |
|    time_elapsed         | 2515         |
|    total_timesteps      | 65792        |
| train/                  |              |
|    approx_kl            | 0.0016482335 |
|    clip_fraction        | 0.00911      |
|    clip_range           | 0.15         |
|    entropy_loss         | -4.46        |
|    explained_variance   | 0.918        |
|    learning_rate        | 0.0001       |
|    loss                 | -0.0134      |
|    n_updates            | 768          |
|    policy_gradient_loss | -0.0173      |
|    value_loss           | 0.0759       |
------------------------------------------
------------------------------------------
| rollout/                |              |
|    ep_len_mean          | 37.2         |
|    ep_rew_mean          | -41.1        |
| time/                   |              |
|    fps                  | 26           |
|    iterations           | 258          |
|    time_elapsed         | 2536         |
|    total_timesteps      | 66048        |
| train/                  |              |
|    approx_kl            | 0.0024660982 |
|    clip_fraction        | 0.0182       |
|    clip_range           | 0.15         |
|    entropy_loss         | -4.49        |
|    explained_variance   | 0.952        |
|    learning_rate        | 0.0001       |
|    loss                 | -0.0403      |
|    n_updates            | 771          |
|    policy_gradient_loss | -0.024       |
|    value_loss           | 0.0427       |
------------------------------------------
------------------------------------------
| rollout/                |              |
|    ep_len_mean          | 37.8         |
|    ep_rew_mean          | -41.9        |
| time/                   |              |
|    fps                  | 25           |
|    iterations           | 259          |
|    time_elapsed         | 2559         |
|    total_timesteps      | 66304        |
| train/                  |              |
|    approx_kl            | 0.0015058096 |
|    clip_fraction        | 0.0143       |
|    clip_range           | 0.15         |
|    entropy_loss         | -4.7         |
|    explained_variance   | 0.891        |
|    learning_rate        | 0.0001       |
|    loss                 | 0.0951       |
|    n_updates            | 774          |
|    policy_gradient_loss | -0.0119      |
|    value_loss           | 0.277        |
------------------------------------------
------------------------------------------
| rollout/                |              |
|    ep_len_mean          | 38.2         |
|    ep_rew_mean          | -42.5        |
| time/                   |              |
|    fps                  | 25           |
|    iterations           | 260          |
|    time_elapsed         | 2582         |
|    total_timesteps      | 66560        |
| train/                  |              |
|    approx_kl            | 0.0024600225 |
|    clip_fraction        | 0.0156       |
|    clip_range           | 0.15         |
|    entropy_loss         | -4.72        |
|    explained_variance   | 0.891        |
|    learning_rate        | 0.0001       |
|    loss                 | 0.0758       |
|    n_updates            | 777          |
|    policy_gradient_loss | -0.0185      |
|    value_loss           | 0.266        |
------------------------------------------
------------------------------------------
| rollout/                |              |
|    ep_len_mean          | 38.9         |
|    ep_rew_mean          | -43.6        |
| time/                   |              |
|    fps                  | 25           |
|    iterations           | 261          |
|    time_elapsed         | 2639         |
|    total_timesteps      | 66816        |
| train/                  |              |
|    approx_kl            | 0.0030653726 |
|    clip_fraction        | 0.0234       |
|    clip_range           | 0.15         |
|    entropy_loss         | -4.76        |
|    explained_variance   | 0.896        |
|    learning_rate        | 0.0001       |
|    loss                 | 0.0593       |
|    n_updates            | 780          |
|    policy_gradient_loss | -0.0227      |
|    value_loss           | 0.255        |
------------------------------------------
[PERF][GymAssaultEnv] pid=29552 decisions=50 step_avg_ms=50061.95 runner_step_avg_ms=16.06 controller_act_avg_ms=209.81 executor_avg_ms=209.39 finalize_avg_ms=0.02 catalog_avg_ms=0.00
[PERF][GymAssaultEnv] pid=29552 decisions=50 step_avg_ms=50275.40 runner_step_avg_ms=16.11 controller_act_avg_ms=209.35 executor_avg_ms=208.92 finalize_avg_ms=0.02 catalog_avg_ms=0.01
[PERF][GymAssaultEnv] pid=29552 decisions=50 step_avg_ms=50491.78 runner_step_avg_ms=16.17 controller_act_avg_ms=212.17 executor_avg_ms=211.73 finalize_avg_ms=0.03 catalog_avg_ms=0.01
[PERF][GymAssaultEnv] pid=29552 decisions=50 step_avg_ms=50705.54 runner_step_avg_ms=16.23 controller_act_avg_ms=209.52 executor_avg_ms=209.10 finalize_avg_ms=0.02 catalog_avg_ms=0.00
[PERF][GymAssaultEnv] pid=29552 decisions=50 step_avg_ms=50916.11 runner_step_avg_ms=16.29 controller_act_avg_ms=206.31 executor_avg_ms=205.88 finalize_avg_ms=0.02 catalog_avg_ms=0.00
-----------------------------------------
| rollout/                |             |
|    ep_len_mean          | 39.5        |
|    ep_rew_mean          | -44.6       |
| time/                   |             |
|    fps                  | 24          |
|    iterations           | 262         |
|    time_elapsed         | 2694        |
|    total_timesteps      | 67072       |
| train/                  |             |
|    approx_kl            | 0.000999677 |
|    clip_fraction        | 0           |
|    clip_range           | 0.15        |
|    entropy_loss         | -4.64       |
|    explained_variance   | 0.869       |
|    learning_rate        | 0.0001      |
|    loss                 | 0.0931      |
|    n_updates            | 783         |
|    policy_gradient_loss | -0.00923    |
|    value_loss           | 0.27        |
-----------------------------------------
[PERF][GymAssaultEnv] pid=29552 decisions=50 step_avg_ms=51130.53 runner_step_avg_ms=16.34 controller_act_avg_ms=210.22 executor_avg_ms=209.79 finalize_avg_ms=0.02 catalog_avg_ms=0.00
[PERF][GymAssaultEnv] pid=29552 decisions=50 step_avg_ms=51344.47 runner_step_avg_ms=16.40 controller_act_avg_ms=209.61 executor_avg_ms=209.17 finalize_avg_ms=0.02 catalog_avg_ms=0.00
[PERF][GymAssaultEnv] pid=29552 decisions=50 step_avg_ms=51556.10 runner_step_avg_ms=16.46 controller_act_avg_ms=207.43 executor_avg_ms=206.99 finalize_avg_ms=0.02 catalog_avg_ms=0.00
[PERF][GymAssaultEnv] pid=29552 decisions=50 step_avg_ms=51768.22 runner_step_avg_ms=16.52 controller_act_avg_ms=207.85 executor_avg_ms=207.42 finalize_avg_ms=0.02 catalog_avg_ms=0.00
[PERF][GymAssaultEnv] pid=29552 decisions=50 step_avg_ms=51980.68 runner_step_avg_ms=16.57 controller_act_avg_ms=208.20 executor_avg_ms=207.78 finalize_avg_ms=0.02 catalog_avg_ms=0.01
------------------------------------------
| rollout/                |              |
|    ep_len_mean          | 40           |
|    ep_rew_mean          | -45.7        |
| time/                   |              |
|    fps                  | 24           |
|    iterations           | 263          |
|    time_elapsed         | 2748         |
|    total_timesteps      | 67328        |
| train/                  |              |
|    approx_kl            | 0.0012077296 |
|    clip_fraction        | 0            |
|    clip_range           | 0.15         |
|    entropy_loss         | -4.64        |
|    explained_variance   | 0.902        |
|    learning_rate        | 0.0001       |
|    loss                 | 0.0684       |
|    n_updates            | 786          |
|    policy_gradient_loss | -0.00835     |
|    value_loss           | 0.227        |
------------------------------------------
[PERF][GymAssaultEnv] pid=29552 decisions=50 step_avg_ms=52190.41 runner_step_avg_ms=16.63 controller_act_avg_ms=205.36 executor_avg_ms=204.92 finalize_avg_ms=0.02 catalog_avg_ms=0.01
[PERF][GymAssaultEnv] pid=29552 decisions=50 step_avg_ms=52404.27 runner_step_avg_ms=16.68 controller_act_avg_ms=209.74 executor_avg_ms=209.32 finalize_avg_ms=0.02 catalog_avg_ms=0.00
[PERF][GymAssaultEnv] pid=29552 decisions=50 step_avg_ms=52617.28 runner_step_avg_ms=16.74 controller_act_avg_ms=208.68 executor_avg_ms=208.26 finalize_avg_ms=0.02 catalog_avg_ms=0.01
[PERF][GymAssaultEnv] pid=29552 decisions=50 step_avg_ms=52829.67 runner_step_avg_ms=16.80 controller_act_avg_ms=208.07 executor_avg_ms=207.63 finalize_avg_ms=0.02 catalog_avg_ms=0.00
[PERF][GymAssaultEnv] pid=29552 decisions=50 step_avg_ms=53049.70 runner_step_avg_ms=16.86 controller_act_avg_ms=215.31 executor_avg_ms=214.88 finalize_avg_ms=0.02 catalog_avg_ms=0.01
------------------------------------------
| rollout/                |              |
|    ep_len_mean          | 40.5         |
|    ep_rew_mean          | -46.9        |
| time/                   |              |
|    fps                  | 24           |
|    iterations           | 264          |
|    time_elapsed         | 2803         |
|    total_timesteps      | 67584        |
| train/                  |              |
|    approx_kl            | 0.0012664685 |
|    clip_fraction        | 0            |
|    clip_range           | 0.15         |
|    entropy_loss         | -4.65        |
|    explained_variance   | 0.92         |
|    learning_rate        | 0.0001       |
|    loss                 | 0.0312       |
|    n_updates            | 789          |
|    policy_gradient_loss | -0.0139      |
|    value_loss           | 0.172        |
------------------------------------------
[PERF][GymAssaultEnv] pid=29552 decisions=50 step_avg_ms=53271.99 runner_step_avg_ms=16.92 controller_act_avg_ms=218.31 executor_avg_ms=217.88 finalize_avg_ms=0.02 catalog_avg_ms=0.00
[PERF][GymAssaultEnv] pid=29552 decisions=50 step_avg_ms=53498.26 runner_step_avg_ms=16.98 controller_act_avg_ms=219.71 executor_avg_ms=219.27 finalize_avg_ms=0.02 catalog_avg_ms=0.00
[PERF][GymAssaultEnv] pid=29552 decisions=50 step_avg_ms=53724.75 runner_step_avg_ms=17.04 controller_act_avg_ms=222.30 executor_avg_ms=221.85 finalize_avg_ms=0.02 catalog_avg_ms=0.00
[PERF][GymAssaultEnv] pid=29552 decisions=50 step_avg_ms=53951.76 runner_step_avg_ms=17.10 controller_act_avg_ms=222.94 executor_avg_ms=222.50 finalize_avg_ms=0.02 catalog_avg_ms=0.01
[PERF][GymAssaultEnv] pid=29552 decisions=50 step_avg_ms=54181.54 runner_step_avg_ms=17.16 controller_act_avg_ms=222.87 executor_avg_ms=222.44 finalize_avg_ms=0.02 catalog_avg_ms=0.00
------------------------------------------
| rollout/                |              |
|    ep_len_mean          | 41           |
|    ep_rew_mean          | -48.1        |
| time/                   |              |
|    fps                  | 23           |
|    iterations           | 265          |
|    time_elapsed         | 2861         |
|    total_timesteps      | 67840        |
| train/                  |              |
|    approx_kl            | 0.0016435694 |
|    clip_fraction        | 0.00651      |
|    clip_range           | 0.15         |
|    entropy_loss         | -4.66        |
|    explained_variance   | 0.936        |
|    learning_rate        | 0.0001       |
|    loss                 | 0.011        |
|    n_updates            | 792          |
|    policy_gradient_loss | -0.0167      |
|    value_loss           | 0.138        |
------------------------------------------
[PERF][GymAssaultEnv] pid=29552 decisions=50 step_avg_ms=54406.26 runner_step_avg_ms=17.22 controller_act_avg_ms=220.75 executor_avg_ms=220.33 finalize_avg_ms=0.02 catalog_avg_ms=0.00
[PERF][GymAssaultEnv] pid=29552 decisions=50 step_avg_ms=54634.88 runner_step_avg_ms=17.28 controller_act_avg_ms=224.67 executor_avg_ms=224.22 finalize_avg_ms=0.02 catalog_avg_ms=0.01
[PERF][GymAssaultEnv] pid=29552 decisions=50 step_avg_ms=54863.49 runner_step_avg_ms=17.34 controller_act_avg_ms=224.54 executor_avg_ms=224.09 finalize_avg_ms=0.02 catalog_avg_ms=0.00
[PERF][GymAssaultEnv] pid=29552 decisions=50 step_avg_ms=55091.72 runner_step_avg_ms=17.40 controller_act_avg_ms=221.26 executor_avg_ms=220.84 finalize_avg_ms=0.02 catalog_avg_ms=0.00
[PERF][GymAssaultEnv] pid=29552 decisions=50 step_avg_ms=55318.35 runner_step_avg_ms=17.46 controller_act_avg_ms=222.71 executor_avg_ms=222.29 finalize_avg_ms=0.02 catalog_avg_ms=0.00
------------------------------------------
| rollout/                |              |
|    ep_len_mean          | 41.6         |
|    ep_rew_mean          | -49.2        |
| time/                   |              |
|    fps                  | 23           |
|    iterations           | 266          |
|    time_elapsed         | 2921         |
|    total_timesteps      | 68096        |
| train/                  |              |
|    approx_kl            | 0.0017914213 |
|    clip_fraction        | 0.00651      |
|    clip_range           | 0.15         |
|    entropy_loss         | -4.67        |
|    explained_variance   | 0.95         |
|    learning_rate        | 0.0001       |
|    loss                 | -0.0102      |
|    n_updates            | 795          |
|    policy_gradient_loss | -0.0181      |
|    value_loss           | 0.0933       |
------------------------------------------
[PERF][GymAssaultEnv] pid=29552 decisions=50 step_avg_ms=55545.03 runner_step_avg_ms=17.52 controller_act_avg_ms=222.70 executor_avg_ms=222.28 finalize_avg_ms=0.02 catalog_avg_ms=0.00
------------------------------------------
| rollout/                |              |
|    ep_len_mean          | 42.1         |
|    ep_rew_mean          | -49.9        |
| time/                   |              |
|    fps                  | 23           |
|    iterations           | 267          |
|    time_elapsed         | 2942         |
|    total_timesteps      | 68352        |
| train/                  |              |
|    approx_kl            | 0.0024578467 |
|    clip_fraction        | 0.0208       |
|    clip_range           | 0.15         |
|    entropy_loss         | -4.68        |
|    explained_variance   | 0.961        |
|    learning_rate        | 0.0001       |
|    loss                 | -0.0262      |
|    n_updates            | 798          |
|    policy_gradient_loss | -0.0223      |
|    value_loss           | 0.0719       |
------------------------------------------
------------------------------------------
| rollout/                |              |
|    ep_len_mean          | 42.5         |
|    ep_rew_mean          | -50.6        |
| time/                   |              |
|    fps                  | 23           |
|    iterations           | 268          |
|    time_elapsed         | 2957         |
|    total_timesteps      | 68608        |
| train/                  |              |
|    approx_kl            | 0.0005433373 |
|    clip_fraction        | 0            |
|    clip_range           | 0.15         |
|    entropy_loss         | -4.97        |
|    explained_variance   | 0.0431       |
|    learning_rate        | 0.0001       |
|    loss                 | 0.627        |
|    n_updates            | 801          |
|    policy_gradient_loss | -0.0026      |
|    value_loss           | 1.29         |
------------------------------------------
-------------------------------------------
| rollout/                |               |
|    ep_len_mean          | 42.9          |
|    ep_rew_mean          | -51.2         |
| time/                   |               |
|    fps                  | 23            |
|    iterations           | 269           |
|    time_elapsed         | 2971          |
|    total_timesteps      | 68864         |
| train/                  |               |
|    approx_kl            | 0.00040818797 |
|    clip_fraction        | 0             |
|    clip_range           | 0.15          |
|    entropy_loss         | -4.96         |
|    explained_variance   | -0.0613       |
|    learning_rate        | 0.0001        |
|    loss                 | 0.536         |
|    n_updates            | 804           |
|    policy_gradient_loss | -0.00416      |
|    value_loss           | 1.22          |
-------------------------------------------
-------------------------------------------
| rollout/                |               |
|    ep_len_mean          | 43.2          |
|    ep_rew_mean          | -51.7         |
| time/                   |               |
|    fps                  | 23            |
|    iterations           | 270           |
|    time_elapsed         | 2987          |
|    total_timesteps      | 69120         |
| train/                  |               |
|    approx_kl            | 0.00038666953 |
|    clip_fraction        | 0             |
|    clip_range           | 0.15          |
|    entropy_loss         | -4.95         |
|    explained_variance   | 0.205         |
|    learning_rate        | 0.0001        |
|    loss                 | 0.338         |
|    n_updates            | 807           |
|    policy_gradient_loss | -0.00616      |
|    value_loss           | 0.868         |
-------------------------------------------
-------------------------------------------
| rollout/                |               |
|    ep_len_mean          | 43.5          |
|    ep_rew_mean          | -52.3         |
| time/                   |               |
|    fps                  | 23            |
|    iterations           | 271           |
|    time_elapsed         | 3002          |
|    total_timesteps      | 69376         |
| train/                  |               |
|    approx_kl            | 0.00026323972 |
|    clip_fraction        | 0             |
|    clip_range           | 0.15          |
|    entropy_loss         | -4.82         |
|    explained_variance   | 0.611         |
|    learning_rate        | 0.0001        |
|    loss                 | 0.158         |
|    n_updates            | 810           |
|    policy_gradient_loss | -0.00494      |
|    value_loss           | 0.44          |
-------------------------------------------
------------------------------------------
| rollout/                |              |
|    ep_len_mean          | 43.8         |
|    ep_rew_mean          | -52.8        |
| time/                   |              |
|    fps                  | 23           |
|    iterations           | 272          |
|    time_elapsed         | 3018         |
|    total_timesteps      | 69632        |
| train/                  |              |
|    approx_kl            | 0.0003687623 |
|    clip_fraction        | 0            |
|    clip_range           | 0.15         |
|    entropy_loss         | -4.81        |
|    explained_variance   | 0.727        |
|    learning_rate        | 0.0001       |
|    loss                 | 0.0758       |
|    n_updates            | 813          |
|    policy_gradient_loss | -0.00887     |
|    value_loss           | 0.27         |
------------------------------------------
------------------------------------------
| rollout/                |              |
|    ep_len_mean          | 44.1         |
|    ep_rew_mean          | -53.3        |
| time/                   |              |
|    fps                  | 23           |
|    iterations           | 273          |
|    time_elapsed         | 3034         |
|    total_timesteps      | 69888        |
| train/                  |              |
|    approx_kl            | 0.0007132641 |
|    clip_fraction        | 0            |
|    clip_range           | 0.15         |
|    entropy_loss         | -4.83        |
|    explained_variance   | 0.872        |
|    learning_rate        | 0.0001       |
|    loss                 | 0.0331       |
|    n_updates            | 816          |
|    policy_gradient_loss | -0.0132      |
|    value_loss           | 0.172        |
------------------------------------------
------------------------------------------
| rollout/                |              |
|    ep_len_mean          | 44.4         |
|    ep_rew_mean          | -53.7        |
| time/                   |              |
|    fps                  | 23           |
|    iterations           | 274          |
|    time_elapsed         | 3047         |
|    total_timesteps      | 70144        |
| train/                  |              |
|    approx_kl            | 0.0010772694 |
|    clip_fraction        | 0.00781      |
|    clip_range           | 0.15         |
|    entropy_loss         | -4.81        |
|    explained_variance   | 0.912        |
|    learning_rate        | 0.0001       |
|    loss                 | 0.0324       |
|    n_updates            | 819          |
|    policy_gradient_loss | -0.0162      |
|    value_loss           | 0.165        |
------------------------------------------
-------------------------------------------
| rollout/                |               |
|    ep_len_mean          | 44.4          |
|    ep_rew_mean          | -53.8         |
| time/                   |               |
|    fps                  | 22            |
|    iterations           | 275           |
|    time_elapsed         | 3061          |
|    total_timesteps      | 70400         |
| train/                  |               |
|    approx_kl            | 0.00089204544 |
|    clip_fraction        | 0             |
|    clip_range           | 0.15          |
|    entropy_loss         | -4.81         |
|    explained_variance   | 0.914         |
|    learning_rate        | 0.0001        |
|    loss                 | 0.042         |
|    n_updates            | 822           |
|    policy_gradient_loss | -0.0115       |
|    value_loss           | 0.165         |
-------------------------------------------
------------------------------------------
| rollout/                |              |
|    ep_len_mean          | 44.2         |
|    ep_rew_mean          | -53.6        |
| time/                   |              |
|    fps                  | 22           |
|    iterations           | 276          |
|    time_elapsed         | 3075         |
|    total_timesteps      | 70656        |
| train/                  |              |
|    approx_kl            | 0.0011689719 |
|    clip_fraction        | 0            |
|    clip_range           | 0.15         |
|    entropy_loss         | -4.83        |
|    explained_variance   | 0.892        |
|    learning_rate        | 0.0001       |
|    loss                 | 0.0383       |
|    n_updates            | 825          |
|    policy_gradient_loss | -0.0147      |
|    value_loss           | 0.176        |
------------------------------------------
------------------------------------------
| rollout/                |              |
|    ep_len_mean          | 43.9         |
|    ep_rew_mean          | -53.3        |
| time/                   |              |
|    fps                  | 22           |
|    iterations           | 277          |
|    time_elapsed         | 3088         |
|    total_timesteps      | 70912        |
| train/                  |              |
|    approx_kl            | 0.0013740882 |
|    clip_fraction        | 0            |
|    clip_range           | 0.15         |
|    entropy_loss         | -4.84        |
|    explained_variance   | 0.906        |
|    learning_rate        | 0.0001       |
|    loss                 | 0.00563      |
|    n_updates            | 828          |
|    policy_gradient_loss | -0.0169      |
|    value_loss           | 0.122        |
------------------------------------------
------------------------------------------
| rollout/                |              |
|    ep_len_mean          | 43.5         |
|    ep_rew_mean          | -52.9        |
| time/                   |              |
|    fps                  | 22           |
|    iterations           | 278          |
|    time_elapsed         | 3102         |
|    total_timesteps      | 71168        |
| train/                  |              |
|    approx_kl            | 0.0015398138 |
|    clip_fraction        | 0            |
|    clip_range           | 0.15         |
|    entropy_loss         | -4.83        |
|    explained_variance   | 0.942        |
|    learning_rate        | 0.0001       |
|    loss                 | -0.0115      |
|    n_updates            | 831          |
|    policy_gradient_loss | -0.0171      |
|    value_loss           | 0.0872       |
------------------------------------------
------------------------------------------
| rollout/                |              |
|    ep_len_mean          | 42.6         |
|    ep_rew_mean          | -51.7        |
| time/                   |              |
|    fps                  | 22           |
|    iterations           | 279          |
|    time_elapsed         | 3114         |
|    total_timesteps      | 71424        |
| train/                  |              |
|    approx_kl            | 0.0016295055 |
|    clip_fraction        | 0            |
|    clip_range           | 0.15         |
|    entropy_loss         | -4.82        |
|    explained_variance   | 0.96         |
|    learning_rate        | 0.0001       |
|    loss                 | -0.0218      |
|    n_updates            | 834          |
|    policy_gradient_loss | -0.016       |
|    value_loss           | 0.0565       |
------------------------------------------
------------------------------------------
| rollout/                |              |
|    ep_len_mean          | 41.6         |
|    ep_rew_mean          | -50.5        |
| time/                   |              |
|    fps                  | 22           |
|    iterations           | 280          |
|    time_elapsed         | 3126         |
|    total_timesteps      | 71680        |
| train/                  |              |
|    approx_kl            | 0.0011985057 |
|    clip_fraction        | 0            |
|    clip_range           | 0.15         |
|    entropy_loss         | -4.6         |
|    explained_variance   | 0.943        |
|    learning_rate        | 0.0001       |
|    loss                 | 0.012        |
|    n_updates            | 837          |
|    policy_gradient_loss | -0.00497     |
|    value_loss           | 0.0703       |
------------------------------------------
-------------------------------------------
| rollout/                |               |
|    ep_len_mean          | 40.6          |
|    ep_rew_mean          | -49.3         |
| time/                   |               |
|    fps                  | 22            |
|    iterations           | 281           |
|    time_elapsed         | 3138          |
|    total_timesteps      | 71936         |
| train/                  |               |
|    approx_kl            | 0.00097327586 |
|    clip_fraction        | 0             |
|    clip_range           | 0.15          |
|    entropy_loss         | -4.56         |
|    explained_variance   | 0.943         |
|    learning_rate        | 0.0001        |
|    loss                 | -0.0068       |
|    n_updates            | 840           |
|    policy_gradient_loss | -0.0142       |
|    value_loss           | 0.0735        |
-------------------------------------------
-----------------------------------------
| rollout/                |             |
|    ep_len_mean          | 39.6        |
|    ep_rew_mean          | -48         |
| time/                   |             |
|    fps                  | 22          |
|    iterations           | 282         |
|    time_elapsed         | 3155        |
|    total_timesteps      | 72192       |
| train/                  |             |
|    approx_kl            | 0.001632825 |
|    clip_fraction        | 0.00911     |
|    clip_range           | 0.15        |
|    entropy_loss         | -4.56       |
|    explained_variance   | 0.947       |
|    learning_rate        | 0.0001      |
|    loss                 | -0.0257     |
|    n_updates            | 843         |
|    policy_gradient_loss | -0.0214     |
|    value_loss           | 0.0659      |
-----------------------------------------
------------------------------------------
| rollout/                |              |
|    ep_len_mean          | 39.2         |
|    ep_rew_mean          | -47.6        |
| time/                   |              |
|    fps                  | 22           |
|    iterations           | 283          |
|    time_elapsed         | 3168         |
|    total_timesteps      | 72448        |
| train/                  |              |
|    approx_kl            | 0.0012145138 |
|    clip_fraction        | 0.0104       |
|    clip_range           | 0.15         |
|    entropy_loss         | -4.82        |
|    explained_variance   | 0.807        |
|    learning_rate        | 0.0001       |
|    loss                 | 0.0392       |
|    n_updates            | 846          |
|    policy_gradient_loss | -0.0129      |
|    value_loss           | 0.173        |
------------------------------------------
------------------------------------------
| rollout/                |              |
|    ep_len_mean          | 38.8         |
|    ep_rew_mean          | -47.1        |
| time/                   |              |
|    fps                  | 22           |
|    iterations           | 284          |
|    time_elapsed         | 3180         |
|    total_timesteps      | 72704        |
| train/                  |              |
|    approx_kl            | 0.0013968914 |
|    clip_fraction        | 0            |
|    clip_range           | 0.15         |
|    entropy_loss         | -4.62        |
|    explained_variance   | 0.935        |
|    learning_rate        | 0.0001       |
|    loss                 | -0.0119      |
|    n_updates            | 849          |
|    policy_gradient_loss | -0.0136      |
|    value_loss           | 0.0639       |
------------------------------------------
------------------------------------------
| rollout/                |              |
|    ep_len_mean          | 38.8         |
|    ep_rew_mean          | -47          |
| time/                   |              |
|    fps                  | 22           |
|    iterations           | 285          |
|    time_elapsed         | 3204         |
|    total_timesteps      | 72960        |
| train/                  |              |
|    approx_kl            | 0.0020099145 |
|    clip_fraction        | 0.00911      |
|    clip_range           | 0.15         |
|    entropy_loss         | -4.56        |
|    explained_variance   | 0.963        |
|    learning_rate        | 0.0001       |
|    loss                 | -0.042       |
|    n_updates            | 852          |
|    policy_gradient_loss | -0.0233      |
|    value_loss           | 0.0398       |
------------------------------------------
------------------------------------------
| rollout/                |              |
|    ep_len_mean          | 38.8         |
|    ep_rew_mean          | -47          |
| time/                   |              |
|    fps                  | 22           |
|    iterations           | 286          |
|    time_elapsed         | 3219         |
|    total_timesteps      | 73216        |
| train/                  |              |
|    approx_kl            | 0.0013245812 |
|    clip_fraction        | 0            |
|    clip_range           | 0.15         |
|    entropy_loss         | -4.56        |
|    explained_variance   | 0.865        |
|    learning_rate        | 0.0001       |
|    loss                 | 0.0453       |
|    n_updates            | 855          |
|    policy_gradient_loss | -0.0105      |
|    value_loss           | 0.169        |
------------------------------------------
------------------------------------------
| rollout/                |              |
|    ep_len_mean          | 38.6         |
|    ep_rew_mean          | -46.8        |
| time/                   |              |
|    fps                  | 22           |
|    iterations           | 287          |
|    time_elapsed         | 3243         |
|    total_timesteps      | 73472        |
| train/                  |              |
|    approx_kl            | 0.0006939764 |
|    clip_fraction        | 0            |
|    clip_range           | 0.15         |
|    entropy_loss         | -4.91        |
|    explained_variance   | 0.925        |
|    learning_rate        | 0.0001       |
|    loss                 | 0.0168       |
|    n_updates            | 858          |
|    policy_gradient_loss | -0.00677     |
|    value_loss           | 0.102        |
------------------------------------------
-------------------------------------------
| rollout/                |               |
|    ep_len_mean          | 38.5          |
|    ep_rew_mean          | -46.7         |
| time/                   |               |
|    fps                  | 22            |
|    iterations           | 288           |
|    time_elapsed         | 3266          |
|    total_timesteps      | 73728         |
| train/                  |               |
|    approx_kl            | 0.00075874454 |
|    clip_fraction        | 0             |
|    clip_range           | 0.15          |
|    entropy_loss         | -4.91         |
|    explained_variance   | 0.956         |
|    learning_rate        | 0.0001        |
|    loss                 | 0.00741       |
|    n_updates            | 861           |
|    policy_gradient_loss | -0.00623      |
|    value_loss           | 0.0739        |
-------------------------------------------
------------------------------------------
| rollout/                |              |
|    ep_len_mean          | 38.4         |
|    ep_rew_mean          | -46.6        |
| time/                   |              |
|    fps                  | 22           |
|    iterations           | 289          |
|    time_elapsed         | 3282         |
|    total_timesteps      | 73984        |
| train/                  |              |
|    approx_kl            | 0.0012382194 |
|    clip_fraction        | 0            |
|    clip_range           | 0.15         |
|    entropy_loss         | -4.97        |
|    explained_variance   | 0.927        |
|    learning_rate        | 0.0001       |
|    loss                 | -0.00406     |
|    n_updates            | 864          |
|    policy_gradient_loss | -0.014       |
|    value_loss           | 0.0814       |
------------------------------------------
------------------------------------------
| rollout/                |              |
|    ep_len_mean          | 38.5         |
|    ep_rew_mean          | -46.5        |
| time/                   |              |
|    fps                  | 22           |
|    iterations           | 290          |
|    time_elapsed         | 3302         |
|    total_timesteps      | 74240        |
| train/                  |              |
|    approx_kl            | 0.0017073222 |
|    clip_fraction        | 0.00781      |
|    clip_range           | 0.15         |
|    entropy_loss         | -4.91        |
|    explained_variance   | 0.95         |
|    learning_rate        | 0.0001       |
|    loss                 | -0.0191      |
|    n_updates            | 867          |
|    policy_gradient_loss | -0.0177      |
|    value_loss           | 0.0681       |
------------------------------------------
------------------------------------------
| rollout/                |              |
|    ep_len_mean          | 38.2         |
|    ep_rew_mean          | -46          |
| time/                   |              |
|    fps                  | 22           |
|    iterations           | 291          |
|    time_elapsed         | 3319         |
|    total_timesteps      | 74496        |
| train/                  |              |
|    approx_kl            | 0.0007515757 |
|    clip_fraction        | 0            |
|    clip_range           | 0.15         |
|    entropy_loss         | -4.85        |
|    explained_variance   | 0.842        |
|    learning_rate        | 0.0001       |
|    loss                 | 0.06         |
|    n_updates            | 870          |
|    policy_gradient_loss | -0.00531     |
|    value_loss           | 0.182        |
------------------------------------------
-------------------------------------------
| rollout/                |               |
|    ep_len_mean          | 37.8          |
|    ep_rew_mean          | -45.4         |
| time/                   |               |
|    fps                  | 22            |
|    iterations           | 292           |
|    time_elapsed         | 3335          |
|    total_timesteps      | 74752         |
| train/                  |               |
|    approx_kl            | 0.00060118316 |
|    clip_fraction        | 0             |
|    clip_range           | 0.15          |
|    entropy_loss         | -5.07         |
|    explained_variance   | 0.834         |
|    learning_rate        | 0.0001        |
|    loss                 | 0.0445        |
|    n_updates            | 873           |
|    policy_gradient_loss | -0.00903      |
|    value_loss           | 0.167         |
-------------------------------------------
------------------------------------------
| rollout/                |              |
|    ep_len_mean          | 37.5         |
|    ep_rew_mean          | -44.8        |
| time/                   |              |
|    fps                  | 22           |
|    iterations           | 293          |
|    time_elapsed         | 3352         |
|    total_timesteps      | 75008        |
| train/                  |              |
|    approx_kl            | 0.0015907171 |
|    clip_fraction        | 0.00911      |
|    clip_range           | 0.15         |
|    entropy_loss         | -5.13        |
|    explained_variance   | 0.879        |
|    learning_rate        | 0.0001       |
|    loss                 | -0.00246     |
|    n_updates            | 876          |
|    policy_gradient_loss | -0.0198      |
|    value_loss           | 0.115        |
------------------------------------------
------------------------------------------
| rollout/                |              |
|    ep_len_mean          | 37.5         |
|    ep_rew_mean          | -44.7        |
| time/                   |              |
|    fps                  | 22           |
|    iterations           | 294          |
|    time_elapsed         | 3369         |
|    total_timesteps      | 75264        |
| train/                  |              |
|    approx_kl            | 0.0025316672 |
|    clip_fraction        | 0            |
|    clip_range           | 0.15         |
|    entropy_loss         | -5.13        |
|    explained_variance   | 0.9          |
|    learning_rate        | 0.0001       |
|    loss                 | -0.0191      |
|    n_updates            | 879          |
|    policy_gradient_loss | -0.0233      |
|    value_loss           | 0.0951       |
------------------------------------------
------------------------------------------
| rollout/                |              |
|    ep_len_mean          | 37.8         |
|    ep_rew_mean          | -45          |
| time/                   |              |
|    fps                  | 22           |
|    iterations           | 295          |
|    time_elapsed         | 3389         |
|    total_timesteps      | 75520        |
| train/                  |              |
|    approx_kl            | 0.0032965336 |
|    clip_fraction        | 0.0273       |
|    clip_range           | 0.15         |
|    entropy_loss         | -5.14        |
|    explained_variance   | 0.917        |
|    learning_rate        | 0.0001       |
|    loss                 | -0.0333      |
|    n_updates            | 882          |
|    policy_gradient_loss | -0.0264      |
|    value_loss           | 0.0755       |
------------------------------------------
------------------------------------------
| rollout/                |              |
|    ep_len_mean          | 37.9         |
|    ep_rew_mean          | -45          |
| time/                   |              |
|    fps                  | 22           |
|    iterations           | 296          |
|    time_elapsed         | 3405         |
|    total_timesteps      | 75776        |
| train/                  |              |
|    approx_kl            | 0.0006306558 |
|    clip_fraction        | 0            |
|    clip_range           | 0.15         |
|    entropy_loss         | -4.84        |
|    explained_variance   | 0.91         |
|    learning_rate        | 0.0001       |
|    loss                 | 0.0299       |
|    n_updates            | 885          |
|    policy_gradient_loss | -0.00607     |
|    value_loss           | 0.121        |
------------------------------------------
------------------------------------------
| rollout/                |              |
|    ep_len_mean          | 38           |
|    ep_rew_mean          | -44.9        |
| time/                   |              |
|    fps                  | 22           |
|    iterations           | 297          |
|    time_elapsed         | 3422         |
|    total_timesteps      | 76032        |
| train/                  |              |
|    approx_kl            | 0.0017965629 |
|    clip_fraction        | 0.00911      |
|    clip_range           | 0.15         |
|    entropy_loss         | -5.12        |
|    explained_variance   | 0.948        |
|    learning_rate        | 0.0001       |
|    loss                 | -0.0305      |
|    n_updates            | 888          |
|    policy_gradient_loss | -0.0193      |
|    value_loss           | 0.0498       |
------------------------------------------
------------------------------------------
| rollout/                |              |
|    ep_len_mean          | 38           |
|    ep_rew_mean          | -44.8        |
| time/                   |              |
|    fps                  | 22           |
|    iterations           | 298          |
|    time_elapsed         | 3438         |
|    total_timesteps      | 76288        |
| train/                  |              |
|    approx_kl            | 0.0014846553 |
|    clip_fraction        | 0.00911      |
|    clip_range           | 0.15         |
|    entropy_loss         | -5.12        |
|    explained_variance   | 0.957        |
|    learning_rate        | 0.0001       |
|    loss                 | -0.0382      |
|    n_updates            | 891          |
|    policy_gradient_loss | -0.021       |
|    value_loss           | 0.0409       |
------------------------------------------
------------------------------------------
| rollout/                |              |
|    ep_len_mean          | 37.9         |
|    ep_rew_mean          | -44.7        |
| time/                   |              |
|    fps                  | 22           |
|    iterations           | 299          |
|    time_elapsed         | 3455         |
|    total_timesteps      | 76544        |
| train/                  |              |
|    approx_kl            | 0.0017095522 |
|    clip_fraction        | 0            |
|    clip_range           | 0.15         |
|    entropy_loss         | -5.11        |
|    explained_variance   | 0.954        |
|    learning_rate        | 0.0001       |
|    loss                 | -0.0452      |
|    n_updates            | 894          |
|    policy_gradient_loss | -0.0248      |
|    value_loss           | 0.0425       |
------------------------------------------
------------------------------------------
| rollout/                |              |
|    ep_len_mean          | 37.6         |
|    ep_rew_mean          | -44.1        |
| time/                   |              |
|    fps                  | 22           |
|    iterations           | 300          |
|    time_elapsed         | 3472         |
|    total_timesteps      | 76800        |
| train/                  |              |
|    approx_kl            | 0.0020491946 |
|    clip_fraction        | 0.00911      |
|    clip_range           | 0.15         |
|    entropy_loss         | -5.11        |
|    explained_variance   | 0.962        |
|    learning_rate        | 0.0001       |
|    loss                 | -0.0555      |
|    n_updates            | 897          |
|    policy_gradient_loss | -0.028       |
|    value_loss           | 0.0342       |
------------------------------------------
------------------------------------------
| rollout/                |              |
|    ep_len_mean          | 37.3         |
|    ep_rew_mean          | -43.7        |
| time/                   |              |
|    fps                  | 22           |
|    iterations           | 301          |
|    time_elapsed         | 3488         |
|    total_timesteps      | 77056        |
| train/                  |              |
|    approx_kl            | 0.0018780793 |
|    clip_fraction        | 0.00911      |
|    clip_range           | 0.15         |
|    entropy_loss         | -5.08        |
|    explained_variance   | 0.967        |
|    learning_rate        | 0.0001       |
|    loss                 | -0.0517      |
|    n_updates            | 900          |
|    policy_gradient_loss | -0.025       |
|    value_loss           | 0.0296       |
------------------------------------------
-----------------------------------------
| rollout/                |             |
|    ep_len_mean          | 37.1        |
|    ep_rew_mean          | -43.3       |
| time/                   |             |
|    fps                  | 22          |
|    iterations           | 302         |
|    time_elapsed         | 3505        |
|    total_timesteps      | 77312       |
| train/                  |             |
|    approx_kl            | 0.002146304 |
|    clip_fraction        | 0.0195      |
|    clip_range           | 0.15        |
|    entropy_loss         | -5.07       |
|    explained_variance   | 0.974       |
|    learning_rate        | 0.0001      |
|    loss                 | -0.0573     |
|    n_updates            | 903         |
|    policy_gradient_loss | -0.0264     |
|    value_loss           | 0.0231      |
-----------------------------------------
------------------------------------------
| rollout/                |              |
|    ep_len_mean          | 36.9         |
|    ep_rew_mean          | -42.8        |
| time/                   |              |
|    fps                  | 22           |
|    iterations           | 303          |
|    time_elapsed         | 3521         |
|    total_timesteps      | 77568        |
| train/                  |              |
|    approx_kl            | 0.0022429954 |
|    clip_fraction        | 0.00911      |
|    clip_range           | 0.15         |
|    entropy_loss         | -5.05        |
|    explained_variance   | 0.978        |
|    learning_rate        | 0.0001       |
|    loss                 | -0.0613      |
|    n_updates            | 906          |
|    policy_gradient_loss | -0.0277      |
|    value_loss           | 0.0201       |
------------------------------------------
-----------------------------------------
| rollout/                |             |
|    ep_len_mean          | 36.5        |
|    ep_rew_mean          | -42.3       |
| time/                   |             |
|    fps                  | 21          |
|    iterations           | 304         |
|    time_elapsed         | 3538        |
|    total_timesteps      | 77824       |
| train/                  |             |
|    approx_kl            | 0.001969633 |
|    clip_fraction        | 0           |
|    clip_range           | 0.15        |
|    entropy_loss         | -5.09       |
|    explained_variance   | 0.977       |
|    learning_rate        | 0.0001      |
|    loss                 | -0.0446     |
|    n_updates            | 909         |
|    policy_gradient_loss | -0.0194     |
|    value_loss           | 0.0216      |
-----------------------------------------
-----------------------------------------
| rollout/                |             |
|    ep_len_mean          | 36.4        |
|    ep_rew_mean          | -42.1       |
| time/                   |             |
|    fps                  | 21          |
|    iterations           | 305         |
|    time_elapsed         | 3554        |
|    total_timesteps      | 78080       |
| train/                  |             |
|    approx_kl            | 0.002100351 |
|    clip_fraction        | 0           |
|    clip_range           | 0.15        |
|    entropy_loss         | -5.07       |
|    explained_variance   | 0.978       |
|    learning_rate        | 0.0001      |
|    loss                 | -0.0559     |
|    n_updates            | 912         |
|    policy_gradient_loss | -0.0249     |
|    value_loss           | 0.0204      |
-----------------------------------------
------------------------------------------
| rollout/                |              |
|    ep_len_mean          | 36.4         |
|    ep_rew_mean          | -42.2        |
| time/                   |              |
|    fps                  | 21           |
|    iterations           | 306          |
|    time_elapsed         | 3571         |
|    total_timesteps      | 78336        |
| train/                  |              |
|    approx_kl            | 0.0025266488 |
|    clip_fraction        | 0            |
|    clip_range           | 0.15         |
|    entropy_loss         | -5.03        |
|    explained_variance   | 0.981        |
|    learning_rate        | 0.0001       |
|    loss                 | -0.0667      |
|    n_updates            | 915          |
|    policy_gradient_loss | -0.0298      |
|    value_loss           | 0.0178       |
------------------------------------------
------------------------------------------
| rollout/                |              |
|    ep_len_mean          | 36.4         |
|    ep_rew_mean          | -42.2        |
| time/                   |              |
|    fps                  | 21           |
|    iterations           | 307          |
|    time_elapsed         | 3587         |
|    total_timesteps      | 78592        |
| train/                  |              |
|    approx_kl            | 0.0029398908 |
|    clip_fraction        | 0.00911      |
|    clip_range           | 0.15         |
|    entropy_loss         | -5           |
|    explained_variance   | 0.982        |
|    learning_rate        | 0.0001       |
|    loss                 | -0.0689      |
|    n_updates            | 918          |
|    policy_gradient_loss | -0.0309      |
|    value_loss           | 0.0165       |
------------------------------------------
------------------------------------------
| rollout/                |              |
|    ep_len_mean          | 36.4         |
|    ep_rew_mean          | -42.3        |
| time/                   |              |
|    fps                  | 21           |
|    iterations           | 308          |
|    time_elapsed         | 3603         |
|    total_timesteps      | 78848        |
| train/                  |              |
|    approx_kl            | 0.0031961806 |
|    clip_fraction        | 0            |
|    clip_range           | 0.15         |
|    entropy_loss         | -4.96        |
|    explained_variance   | 0.984        |
|    learning_rate        | 0.0001       |
|    loss                 | -0.0735      |
|    n_updates            | 921          |
|    policy_gradient_loss | -0.0328      |
|    value_loss           | 0.0147       |
------------------------------------------
------------------------------------------
| rollout/                |              |
|    ep_len_mean          | 36.1         |
|    ep_rew_mean          | -41.9        |
| time/                   |              |
|    fps                  | 21           |
|    iterations           | 309          |
|    time_elapsed         | 3620         |
|    total_timesteps      | 79104        |
| train/                  |              |
|    approx_kl            | 0.0030416865 |
|    clip_fraction        | 0.0273       |
|    clip_range           | 0.15         |
|    entropy_loss         | -4.94        |
|    explained_variance   | 0.985        |
|    learning_rate        | 0.0001       |
|    loss                 | -0.0688      |
|    n_updates            | 924          |
|    policy_gradient_loss | -0.0302      |
|    value_loss           | 0.0132       |
------------------------------------------
-----------------------------------------
| rollout/                |             |
|    ep_len_mean          | 36          |
|    ep_rew_mean          | -41.9       |
| time/                   |             |
|    fps                  | 21          |
|    iterations           | 310         |
|    time_elapsed         | 3636        |
|    total_timesteps      | 79360       |
| train/                  |             |
|    approx_kl            | 0.002692518 |
|    clip_fraction        | 0.0182      |
|    clip_range           | 0.15        |
|    entropy_loss         | -4.9        |
|    explained_variance   | 0.986       |
|    learning_rate        | 0.0001      |
|    loss                 | -0.0643     |
|    n_updates            | 927         |
|    policy_gradient_loss | -0.028      |
|    value_loss           | 0.0134      |
-----------------------------------------
------------------------------------------
| rollout/                |              |
|    ep_len_mean          | 36.2         |
|    ep_rew_mean          | -42.1        |
| time/                   |              |
|    fps                  | 21           |
|    iterations           | 311          |
|    time_elapsed         | 3650         |
|    total_timesteps      | 79616        |
| train/                  |              |
|    approx_kl            | 0.0024593822 |
|    clip_fraction        | 0.0195       |
|    clip_range           | 0.15         |
|    entropy_loss         | -4.86        |
|    explained_variance   | 0.988        |
|    learning_rate        | 0.0001       |
|    loss                 | -0.0656      |
|    n_updates            | 930          |
|    policy_gradient_loss | -0.0282      |
|    value_loss           | 0.0111       |
------------------------------------------
------------------------------------------
| rollout/                |              |
|    ep_len_mean          | 36.4         |
|    ep_rew_mean          | -42.2        |
| time/                   |              |
|    fps                  | 21           |
|    iterations           | 312          |
|    time_elapsed         | 3664         |
|    total_timesteps      | 79872        |
| train/                  |              |
|    approx_kl            | 0.0020863444 |
|    clip_fraction        | 0.00911      |
|    clip_range           | 0.15         |
|    entropy_loss         | -4.91        |
|    explained_variance   | 0.943        |
|    learning_rate        | 0.0001       |
|    loss                 | -0.0131      |
|    n_updates            | 933          |
|    policy_gradient_loss | -0.0122      |
|    value_loss           | 0.0583       |
------------------------------------------
------------------------------------------
| rollout/                |              |
|    ep_len_mean          | 36.7         |
|    ep_rew_mean          | -42.7        |
| time/                   |              |
|    fps                  | 21           |
|    iterations           | 313          |
|    time_elapsed         | 3679         |
|    total_timesteps      | 80128        |
| train/                  |              |
|    approx_kl            | 0.0022614119 |
|    clip_fraction        | 0.0156       |
|    clip_range           | 0.15         |
|    entropy_loss         | -4.83        |
|    explained_variance   | 0.956        |
|    learning_rate        | 0.0001       |
|    loss                 | -0.0362      |
|    n_updates            | 936          |
|    policy_gradient_loss | -0.0193      |
|    value_loss           | 0.0398       |
------------------------------------------
-------------------------------------------
| rollout/                |               |
|    ep_len_mean          | 37            |
|    ep_rew_mean          | -43.3         |
| time/                   |               |
|    fps                  | 21            |
|    iterations           | 314           |
|    time_elapsed         | 3693          |
|    total_timesteps      | 80384         |
| train/                  |               |
|    approx_kl            | 0.00089520146 |
|    clip_fraction        | 0.0013        |
|    clip_range           | 0.15          |
|    entropy_loss         | -4.56         |
|    explained_variance   | 0.939         |
|    learning_rate        | 0.0001        |
|    loss                 | 0.0194        |
|    n_updates            | 939           |
|    policy_gradient_loss | -0.00562      |
|    value_loss           | 0.0971        |
-------------------------------------------
------------------------------------------
| rollout/                |              |
|    ep_len_mean          | 37.2         |
|    ep_rew_mean          | -43.4        |
| time/                   |              |
|    fps                  | 21           |
|    iterations           | 315          |
|    time_elapsed         | 3707         |
|    total_timesteps      | 80640        |
| train/                  |              |
|    approx_kl            | 0.0010044649 |
|    clip_fraction        | 0            |
|    clip_range           | 0.15         |
|    entropy_loss         | -4.5         |
|    explained_variance   | 0.958        |
|    learning_rate        | 0.0001       |
|    loss                 | -0.00867     |
|    n_updates            | 942          |
|    policy_gradient_loss | -0.0123      |
|    value_loss           | 0.0682       |
------------------------------------------
------------------------------------------
| rollout/                |              |
|    ep_len_mean          | 37.4         |
|    ep_rew_mean          | -43.6        |
| time/                   |              |
|    fps                  | 21           |
|    iterations           | 316          |
|    time_elapsed         | 3719         |
|    total_timesteps      | 80896        |
| train/                  |              |
|    approx_kl            | 0.0010363313 |
|    clip_fraction        | 0.00651      |
|    clip_range           | 0.15         |
|    entropy_loss         | -4.81        |
|    explained_variance   | 0.973        |
|    learning_rate        | 0.0001       |
|    loss                 | -0.0145      |
|    n_updates            | 945          |
|    policy_gradient_loss | -0.00639     |
|    value_loss           | 0.0267       |
------------------------------------------
------------------------------------------
| rollout/                |              |
|    ep_len_mean          | 37.5         |
|    ep_rew_mean          | -43.8        |
| time/                   |              |
|    fps                  | 21           |
|    iterations           | 317          |
|    time_elapsed         | 3732         |
|    total_timesteps      | 81152        |
| train/                  |              |
|    approx_kl            | 0.0012648767 |
|    clip_fraction        | 0            |
|    clip_range           | 0.15         |
|    entropy_loss         | -4.77        |
|    explained_variance   | 0.982        |
|    learning_rate        | 0.0001       |
|    loss                 | -0.0287      |
|    n_updates            | 948          |
|    policy_gradient_loss | -0.0109      |
|    value_loss           | 0.0176       |
------------------------------------------
------------------------------------------
| rollout/                |              |
|    ep_len_mean          | 37.8         |
|    ep_rew_mean          | -44          |
| time/                   |              |
|    fps                  | 21           |
|    iterations           | 318          |
|    time_elapsed         | 3746         |
|    total_timesteps      | 81408        |
| train/                  |              |
|    approx_kl            | 0.0014298984 |
|    clip_fraction        | 0.00911      |
|    clip_range           | 0.15         |
|    entropy_loss         | -4.81        |
|    explained_variance   | 0.985        |
|    learning_rate        | 0.0001       |
|    loss                 | -0.0396      |
|    n_updates            | 951          |
|    policy_gradient_loss | -0.0155      |
|    value_loss           | 0.0138       |
------------------------------------------
------------------------------------------
| rollout/                |              |
|    ep_len_mean          | 38           |
|    ep_rew_mean          | -44.2        |
| time/                   |              |
|    fps                  | 21           |
|    iterations           | 319          |
|    time_elapsed         | 3758         |
|    total_timesteps      | 81664        |
| train/                  |              |
|    approx_kl            | 0.0013966591 |
|    clip_fraction        | 0            |
|    clip_range           | 0.15         |
|    entropy_loss         | -4.73        |
|    explained_variance   | 0.983        |
|    learning_rate        | 0.0001       |
|    loss                 | -0.0332      |
|    n_updates            | 954          |
|    policy_gradient_loss | -0.0132      |
|    value_loss           | 0.0165       |
------------------------------------------
[PERF][GymAssaultEnv] pid=29552 decisions=50 step_avg_ms=71385.52 runner_step_avg_ms=18.62 controller_act_avg_ms=106.78 executor_avg_ms=106.36 finalize_avg_ms=0.02 catalog_avg_ms=0.00
[PERF][GymAssaultEnv] pid=29552 decisions=50 step_avg_ms=71560.16 runner_step_avg_ms=18.65 controller_act_avg_ms=106.01 executor_avg_ms=105.58 finalize_avg_ms=0.02 catalog_avg_ms=0.00
[PERF][GymAssaultEnv] pid=29552 decisions=50 step_avg_ms=71734.95 runner_step_avg_ms=18.69 controller_act_avg_ms=104.27 executor_avg_ms=103.84 finalize_avg_ms=0.02 catalog_avg_ms=0.00
[PERF][GymAssaultEnv] pid=29552 decisions=50 step_avg_ms=71910.63 runner_step_avg_ms=18.73 controller_act_avg_ms=104.32 executor_avg_ms=103.89 finalize_avg_ms=0.02 catalog_avg_ms=0.00
------------------------------------------
| rollout/                |              |
|    ep_len_mean          | 38.7         |
|    ep_rew_mean          | -44.7        |
| time/                   |              |
|    fps                  | 21           |
|    iterations           | 320          |
|    time_elapsed         | 3796         |
|    total_timesteps      | 81920        |
| train/                  |              |
|    approx_kl            | 0.0017978018 |
|    clip_fraction        | 0.00911      |
|    clip_range           | 0.15         |
|    entropy_loss         | -4.78        |
|    explained_variance   | 0.99         |
|    learning_rate        | 0.0001       |
|    loss                 | -0.0434      |
|    n_updates            | 957          |
|    policy_gradient_loss | -0.0167      |
|    value_loss           | 0.0101       |
------------------------------------------
[PERF][GymAssaultEnv] pid=29552 decisions=50 step_avg_ms=72086.43 runner_step_avg_ms=18.76 controller_act_avg_ms=104.71 executor_avg_ms=104.29 finalize_avg_ms=0.02 catalog_avg_ms=0.00
------------------------------------------
| rollout/                |              |
|    ep_len_mean          | 39.4         |
|    ep_rew_mean          | -44.7        |
| time/                   |              |
|    fps                  | 21           |
|    iterations           | 321          |
|    time_elapsed         | 3855         |
|    total_timesteps      | 82176        |
| train/                  |              |
|    approx_kl            | 0.0008646662 |
|    clip_fraction        | 0.00651      |
|    clip_range           | 0.15         |
|    entropy_loss         | -4.66        |
|    explained_variance   | 0.34         |
|    learning_rate        | 0.0001       |
|    loss                 | 0.252        |
|    n_updates            | 960          |
|    policy_gradient_loss | -0.00945     |
|    value_loss           | 0.601        |
------------------------------------------
[PERF][GymAssaultEnv] pid=29552 decisions=50 step_avg_ms=73339.99 runner_step_avg_ms=19.02 controller_act_avg_ms=158.63 executor_avg_ms=158.25 finalize_avg_ms=0.02 catalog_avg_ms=0.00
[PERF][GymAssaultEnv] pid=29552 decisions=50 step_avg_ms=73506.57 runner_step_avg_ms=19.06 controller_act_avg_ms=161.21 executor_avg_ms=160.84 finalize_avg_ms=0.02 catalog_avg_ms=0.01
[PERF][GymAssaultEnv] pid=29552 decisions=50 step_avg_ms=73673.04 runner_step_avg_ms=19.09 controller_act_avg_ms=158.45 executor_avg_ms=158.08 finalize_avg_ms=0.02 catalog_avg_ms=0.00
[PERF][GymAssaultEnv] pid=29552 decisions=50 step_avg_ms=73840.20 runner_step_avg_ms=19.12 controller_act_avg_ms=161.95 executor_avg_ms=161.58 finalize_avg_ms=0.02 catalog_avg_ms=0.00
[PERF][GymAssaultEnv] pid=29552 decisions=50 step_avg_ms=74010.31 runner_step_avg_ms=19.16 controller_act_avg_ms=164.85 executor_avg_ms=164.49 finalize_avg_ms=0.02 catalog_avg_ms=0.00
-------------------------------------------
| rollout/                |               |
|    ep_len_mean          | 40.2          |
|    ep_rew_mean          | -45.5         |
| time/                   |               |
|    fps                  | 21            |
|    iterations           | 322           |
|    time_elapsed         | 3897          |
|    total_timesteps      | 82432         |
| train/                  |               |
|    approx_kl            | 0.00038051675 |
|    clip_fraction        | 0             |
|    clip_range           | 0.15          |
|    entropy_loss         | -4.67         |
|    explained_variance   | 0.88          |
|    learning_rate        | 0.0001        |
|    loss                 | 0.108         |
|    n_updates            | 963           |
|    policy_gradient_loss | -0.00496      |
|    value_loss           | 0.28          |
-------------------------------------------
[PERF][GymAssaultEnv] pid=29552 decisions=50 step_avg_ms=74180.43 runner_step_avg_ms=19.19 controller_act_avg_ms=161.81 executor_avg_ms=161.43 finalize_avg_ms=0.02 catalog_avg_ms=0.01
[PERF][GymAssaultEnv] pid=29552 decisions=50 step_avg_ms=74347.37 runner_step_avg_ms=19.22 controller_act_avg_ms=161.62 executor_avg_ms=161.23 finalize_avg_ms=0.02 catalog_avg_ms=0.01
[PERF][GymAssaultEnv] pid=29552 decisions=50 step_avg_ms=74517.13 runner_step_avg_ms=19.26 controller_act_avg_ms=164.62 executor_avg_ms=164.26 finalize_avg_ms=0.02 catalog_avg_ms=0.00
[PERF][GymAssaultEnv] pid=29552 decisions=50 step_avg_ms=74684.42 runner_step_avg_ms=19.29 controller_act_avg_ms=161.78 executor_avg_ms=161.41 finalize_avg_ms=0.02 catalog_avg_ms=0.00
[PERF][GymAssaultEnv] pid=29552 decisions=50 step_avg_ms=74852.41 runner_step_avg_ms=19.32 controller_act_avg_ms=159.81 executor_avg_ms=159.43 finalize_avg_ms=0.02 catalog_avg_ms=0.00
-------------------------------------------
| rollout/                |               |
|    ep_len_mean          | 40.9          |
|    ep_rew_mean          | -46.4         |
| time/                   |               |
|    fps                  | 20            |
|    iterations           | 323           |
|    time_elapsed         | 3940          |
|    total_timesteps      | 82688         |
| train/                  |               |
|    approx_kl            | 0.00045625074 |
|    clip_fraction        | 0             |
|    clip_range           | 0.15          |
|    entropy_loss         | -4.44         |
|    explained_variance   | 0.905         |
|    learning_rate        | 0.0001        |
|    loss                 | 0.0545        |
|    n_updates            | 966           |
|    policy_gradient_loss | -0.00635      |
|    value_loss           | 0.186         |
-------------------------------------------
[PERF][GymAssaultEnv] pid=29552 decisions=50 step_avg_ms=75019.64 runner_step_avg_ms=19.36 controller_act_avg_ms=161.80 executor_avg_ms=161.42 finalize_avg_ms=0.02 catalog_avg_ms=0.00
[PERF][GymAssaultEnv] pid=29552 decisions=50 step_avg_ms=75190.09 runner_step_avg_ms=19.39 controller_act_avg_ms=165.24 executor_avg_ms=164.87 finalize_avg_ms=0.02 catalog_avg_ms=0.00
[PERF][GymAssaultEnv] pid=29552 decisions=50 step_avg_ms=75359.73 runner_step_avg_ms=19.42 controller_act_avg_ms=161.67 executor_avg_ms=161.30 finalize_avg_ms=0.02 catalog_avg_ms=0.00
[PERF][GymAssaultEnv] pid=29552 decisions=50 step_avg_ms=75527.22 runner_step_avg_ms=19.45 controller_act_avg_ms=162.26 executor_avg_ms=161.87 finalize_avg_ms=0.02 catalog_avg_ms=0.01
[PERF][GymAssaultEnv] pid=29552 decisions=50 step_avg_ms=75696.67 runner_step_avg_ms=19.49 controller_act_avg_ms=164.16 executor_avg_ms=163.78 finalize_avg_ms=0.02 catalog_avg_ms=0.01
------------------------------------------
| rollout/                |              |
|    ep_len_mean          | 41.6         |
|    ep_rew_mean          | -47.2        |
| time/                   |              |
|    fps                  | 20           |
|    iterations           | 324          |
|    time_elapsed         | 3984         |
|    total_timesteps      | 82944        |
| train/                  |              |
|    approx_kl            | 0.0010812674 |
|    clip_fraction        | 0            |
|    clip_range           | 0.15         |
|    entropy_loss         | -4.44        |
|    explained_variance   | 0.933        |
|    learning_rate        | 0.0001       |
|    loss                 | 0.011        |
|    n_updates            | 969          |
|    policy_gradient_loss | -0.0131      |
|    value_loss           | 0.124        |
------------------------------------------
[PERF][GymAssaultEnv] pid=29552 decisions=50 step_avg_ms=75863.45 runner_step_avg_ms=19.52 controller_act_avg_ms=161.41 executor_avg_ms=161.04 finalize_avg_ms=0.02 catalog_avg_ms=0.00
[PERF][GymAssaultEnv] pid=29552 decisions=50 step_avg_ms=76032.14 runner_step_avg_ms=19.55 controller_act_avg_ms=160.51 executor_avg_ms=160.15 finalize_avg_ms=0.02 catalog_avg_ms=0.00
[PERF][GymAssaultEnv] pid=29552 decisions=50 step_avg_ms=76201.37 runner_step_avg_ms=19.59 controller_act_avg_ms=163.86 executor_avg_ms=163.48 finalize_avg_ms=0.02 catalog_avg_ms=0.00
[PERF][GymAssaultEnv] pid=29552 decisions=50 step_avg_ms=76368.60 runner_step_avg_ms=19.62 controller_act_avg_ms=161.90 executor_avg_ms=161.53 finalize_avg_ms=0.02 catalog_avg_ms=0.00
[PERF][GymAssaultEnv] pid=29552 decisions=50 step_avg_ms=76535.30 runner_step_avg_ms=19.65 controller_act_avg_ms=158.69 executor_avg_ms=158.33 finalize_avg_ms=0.02 catalog_avg_ms=0.01
-----------------------------------------
| rollout/                |             |
|    ep_len_mean          | 42.3        |
|    ep_rew_mean          | -48         |
| time/                   |             |
|    fps                  | 20          |
|    iterations           | 325         |
|    time_elapsed         | 4027        |
|    total_timesteps      | 83200       |
| train/                  |             |
|    approx_kl            | 0.001800536 |
|    clip_fraction        | 0.013       |
|    clip_range           | 0.15        |
|    entropy_loss         | -4.44       |
|    explained_variance   | 0.958       |
|    learning_rate        | 0.0001      |
|    loss                 | -0.015      |
|    n_updates            | 972         |
|    policy_gradient_loss | -0.0179     |
|    value_loss           | 0.0824      |
-----------------------------------------
[PERF][GymAssaultEnv] pid=29552 decisions=50 step_avg_ms=76706.73 runner_step_avg_ms=19.68 controller_act_avg_ms=166.19 executor_avg_ms=165.83 finalize_avg_ms=0.02 catalog_avg_ms=0.00
[PERF][GymAssaultEnv] pid=29552 decisions=50 step_avg_ms=76876.71 runner_step_avg_ms=19.72 controller_act_avg_ms=164.88 executor_avg_ms=164.51 finalize_avg_ms=0.02 catalog_avg_ms=0.00
[PERF][GymAssaultEnv] pid=29552 decisions=50 step_avg_ms=77043.21 runner_step_avg_ms=19.75 controller_act_avg_ms=161.02 executor_avg_ms=160.64 finalize_avg_ms=0.02 catalog_avg_ms=0.00
[PERF][GymAssaultEnv] pid=29552 decisions=50 step_avg_ms=77209.58 runner_step_avg_ms=19.78 controller_act_avg_ms=160.92 executor_avg_ms=160.55 finalize_avg_ms=0.02 catalog_avg_ms=0.01
[PERF][GymAssaultEnv] pid=29552 decisions=50 step_avg_ms=77375.80 runner_step_avg_ms=19.81 controller_act_avg_ms=160.95 executor_avg_ms=160.59 finalize_avg_ms=0.02 catalog_avg_ms=0.00
------------------------------------------
| rollout/                |              |
|    ep_len_mean          | 43           |
|    ep_rew_mean          | -48.8        |
| time/                   |              |
|    fps                  | 20           |
|    iterations           | 326          |
|    time_elapsed         | 4070         |
|    total_timesteps      | 83456        |
| train/                  |              |
|    approx_kl            | 0.0020731727 |
|    clip_fraction        | 0.0195       |
|    clip_range           | 0.15         |
|    entropy_loss         | -4.45        |
|    explained_variance   | 0.963        |
|    learning_rate        | 0.0001       |
|    loss                 | -0.0149      |
|    n_updates            | 975          |
|    policy_gradient_loss | -0.0166      |
|    value_loss           | 0.0653       |
------------------------------------------
[PERF][GymAssaultEnv] pid=29552 decisions=50 step_avg_ms=77542.60 runner_step_avg_ms=19.84 controller_act_avg_ms=161.57 executor_avg_ms=161.21 finalize_avg_ms=0.02 catalog_avg_ms=0.00
------------------------------------------
| rollout/                |              |
|    ep_len_mean          | 43.1         |
|    ep_rew_mean          | -49          |
| time/                   |              |
|    fps                  | 20           |
|    iterations           | 327          |
|    time_elapsed         | 4091         |
|    total_timesteps      | 83712        |
| train/                  |              |
|    approx_kl            | 0.0023187764 |
|    clip_fraction        | 0.00651      |
|    clip_range           | 0.15         |
|    entropy_loss         | -4.46        |
|    explained_variance   | 0.963        |
|    learning_rate        | 0.0001       |
|    loss                 | -0.0193      |
|    n_updates            | 978          |
|    policy_gradient_loss | -0.0186      |
|    value_loss           | 0.0627       |
------------------------------------------
------------------------------------------
| rollout/                |              |
|    ep_len_mean          | 42.9         |
|    ep_rew_mean          | -48.8        |
| time/                   |              |
|    fps                  | 20           |
|    iterations           | 328          |
|    time_elapsed         | 4107         |
|    total_timesteps      | 83968        |
| train/                  |              |
|    approx_kl            | 0.0010427015 |
|    clip_fraction        | 0.0013       |
|    clip_range           | 0.15         |
|    entropy_loss         | -4.64        |
|    explained_variance   | 0.785        |
|    learning_rate        | 0.0001       |
|    loss                 | 0.0925       |
|    n_updates            | 981          |
|    policy_gradient_loss | -0.0133      |
|    value_loss           | 0.272        |
------------------------------------------
------------------------------------------
| rollout/                |              |
|    ep_len_mean          | 42.7         |
|    ep_rew_mean          | -48.5        |
| time/                   |              |
|    fps                  | 20           |
|    iterations           | 329          |
|    time_elapsed         | 4123         |
|    total_timesteps      | 84224        |
| train/                  |              |
|    approx_kl            | 0.0019770048 |
|    clip_fraction        | 0.00911      |
|    clip_range           | 0.15         |
|    entropy_loss         | -4.66        |
|    explained_variance   | 0.774        |
|    learning_rate        | 0.0001       |
|    loss                 | 0.0657       |
|    n_updates            | 984          |
|    policy_gradient_loss | -0.0186      |
|    value_loss           | 0.257        |
------------------------------------------
------------------------------------------
| rollout/                |              |
|    ep_len_mean          | 42.3         |
|    ep_rew_mean          | -47.9        |
| time/                   |              |
|    fps                  | 20           |
|    iterations           | 330          |
|    time_elapsed         | 4138         |
|    total_timesteps      | 84480        |
| train/                  |              |
|    approx_kl            | 0.0029380913 |
|    clip_fraction        | 0.0182       |
|    clip_range           | 0.15         |
|    entropy_loss         | -4.65        |
|    explained_variance   | 0.845        |
|    learning_rate        | 0.0001       |
|    loss                 | 0.00773      |
|    n_updates            | 987          |
|    policy_gradient_loss | -0.0231      |
|    value_loss           | 0.159        |
------------------------------------------
-----------------------------------------
| rollout/                |             |
|    ep_len_mean          | 42.1        |
|    ep_rew_mean          | -47.5       |
| time/                   |             |
|    fps                  | 20          |
|    iterations           | 331         |
|    time_elapsed         | 4153        |
|    total_timesteps      | 84736       |
| train/                  |             |
|    approx_kl            | 0.003902204 |
|    clip_fraction        | 0.0273      |
|    clip_range           | 0.15        |
|    entropy_loss         | -4.62       |
|    explained_variance   | 0.911       |
|    learning_rate        | 0.0001      |
|    loss                 | -0.0243     |
|    n_updates            | 990         |
|    policy_gradient_loss | -0.0247     |
|    value_loss           | 0.0889      |
-----------------------------------------
----------------------------------------
| rollout/                |            |
|    ep_len_mean          | 41.9       |
|    ep_rew_mean          | -47.3      |
| time/                   |            |
|    fps                  | 20         |
|    iterations           | 332        |
|    time_elapsed         | 4169       |
|    total_timesteps      | 84992      |
| train/                  |            |
|    approx_kl            | 0.00273553 |
|    clip_fraction        | 0.00911    |
|    clip_range           | 0.15       |
|    entropy_loss         | -4.58      |
|    explained_variance   | 0.943      |
|    learning_rate        | 0.0001     |
|    loss                 | -0.0192    |
|    n_updates            | 993        |
|    policy_gradient_loss | -0.0176    |
|    value_loss           | 0.0634     |
----------------------------------------
-----------------------------------------
| rollout/                |             |
|    ep_len_mean          | 41.6        |
|    ep_rew_mean          | -47.1       |
| time/                   |             |
|    fps                  | 20          |
|    iterations           | 333         |
|    time_elapsed         | 4184        |
|    total_timesteps      | 85248       |
| train/                  |             |
|    approx_kl            | 0.001518474 |
|    clip_fraction        | 0           |
|    clip_range           | 0.15        |
|    entropy_loss         | -4.55       |
|    explained_variance   | 0.952       |
|    learning_rate        | 0.0001      |
|    loss                 | -0.0204     |
|    n_updates            | 996         |
|    policy_gradient_loss | -0.0151     |
|    value_loss           | 0.0483      |
-----------------------------------------
------------------------------------------
| rollout/                |              |
|    ep_len_mean          | 41.4         |
|    ep_rew_mean          | -46.9        |
| time/                   |              |
|    fps                  | 20           |
|    iterations           | 334          |
|    time_elapsed         | 4199         |
|    total_timesteps      | 85504        |
| train/                  |              |
|    approx_kl            | 0.0016541798 |
|    clip_fraction        | 0            |
|    clip_range           | 0.15         |
|    entropy_loss         | -4.51        |
|    explained_variance   | 0.948        |
|    learning_rate        | 0.0001       |
|    loss                 | -0.0274      |
|    n_updates            | 999          |
|    policy_gradient_loss | -0.0178      |
|    value_loss           | 0.046        |
------------------------------------------
------------------------------------------
| rollout/                |              |
|    ep_len_mean          | 41.2         |
|    ep_rew_mean          | -46.6        |
| time/                   |              |
|    fps                  | 20           |
|    iterations           | 335          |
|    time_elapsed         | 4215         |
|    total_timesteps      | 85760        |
| train/                  |              |
|    approx_kl            | 0.0018733868 |
|    clip_fraction        | 0            |
|    clip_range           | 0.15         |
|    entropy_loss         | -4.52        |
|    explained_variance   | 0.957        |
|    learning_rate        | 0.0001       |
|    loss                 | -0.0375      |
|    n_updates            | 1002         |
|    policy_gradient_loss | -0.0205      |
|    value_loss           | 0.0378       |
------------------------------------------
------------------------------------------
| rollout/                |              |
|    ep_len_mean          | 40.2         |
|    ep_rew_mean          | -46          |
| time/                   |              |
|    fps                  | 20           |
|    iterations           | 336          |
|    time_elapsed         | 4231         |
|    total_timesteps      | 86016        |
| train/                  |              |
|    approx_kl            | 0.0018081535 |
|    clip_fraction        | 0.0104       |
|    clip_range           | 0.15         |
|    entropy_loss         | -4.5         |
|    explained_variance   | 0.966        |
|    learning_rate        | 0.0001       |
|    loss                 | -0.0363      |
|    n_updates            | 1005         |
|    policy_gradient_loss | -0.0179      |
|    value_loss           | 0.0294       |
------------------------------------------
-----------------------------------------
| rollout/                |             |
|    ep_len_mean          | 39.9        |
|    ep_rew_mean          | -45.8       |
| time/                   |             |
|    fps                  | 20          |
|    iterations           | 337         |
|    time_elapsed         | 4252        |
|    total_timesteps      | 86272       |
| train/                  |             |
|    approx_kl            | 0.001291232 |
|    clip_fraction        | 0           |
|    clip_range           | 0.15        |
|    entropy_loss         | -4.5        |
|    explained_variance   | 0.971       |
|    learning_rate        | 0.0001      |
|    loss                 | -0.0305     |
|    n_updates            | 1008        |
|    policy_gradient_loss | -0.0144     |
|    value_loss           | 0.0264      |
-----------------------------------------
-------------------------------------------
| rollout/                |               |
|    ep_len_mean          | 39.8          |
|    ep_rew_mean          | -44.9         |
| time/                   |               |
|    fps                  | 20            |
|    iterations           | 338           |
|    time_elapsed         | 4274          |
|    total_timesteps      | 86528         |
| train/                  |               |
|    approx_kl            | 0.00048788055 |
|    clip_fraction        | 0             |
|    clip_range           | 0.15          |
|    entropy_loss         | -4.34         |
|    explained_variance   | 0.74          |
|    learning_rate        | 0.0001        |
|    loss                 | 0.0688        |
|    n_updates            | 1011          |
|    policy_gradient_loss | -0.00563      |
|    value_loss           | 0.201         |
-------------------------------------------
-----------------------------------------
| rollout/                |             |
|    ep_len_mean          | 39.6        |
|    ep_rew_mean          | -44.1       |
| time/                   |             |
|    fps                  | 20          |
|    iterations           | 339         |
|    time_elapsed         | 4296        |
|    total_timesteps      | 86784       |
| train/                  |             |
|    approx_kl            | 0.000914952 |
|    clip_fraction        | 0           |
|    clip_range           | 0.15        |
|    entropy_loss         | -4.31       |
|    explained_variance   | 0.755       |
|    learning_rate        | 0.0001      |
|    loss                 | 0.0349      |
|    n_updates            | 1014        |
|    policy_gradient_loss | -0.0147     |
|    value_loss           | 0.176       |
-----------------------------------------
----------------------------------------
| rollout/                |            |
|    ep_len_mean          | 39.4       |
|    ep_rew_mean          | -43.1      |
| time/                   |            |
|    fps                  | 20         |
|    iterations           | 340        |
|    time_elapsed         | 4317       |
|    total_timesteps      | 87040      |
| train/                  |            |
|    approx_kl            | 0.00166665 |
|    clip_fraction        | 0.00781    |
|    clip_range           | 0.15       |
|    entropy_loss         | -4.29      |
|    explained_variance   | 0.817      |
|    learning_rate        | 0.0001     |
|    loss                 | 0.00605    |
|    n_updates            | 1017       |
|    policy_gradient_loss | -0.0195    |
|    value_loss           | 0.127      |
----------------------------------------
------------------------------------------
| rollout/                |              |
|    ep_len_mean          | 39.3         |
|    ep_rew_mean          | -42.1        |
| time/                   |              |
|    fps                  | 20           |
|    iterations           | 341          |
|    time_elapsed         | 4361         |
|    total_timesteps      | 87296        |
| train/                  |              |
|    approx_kl            | 0.0016524687 |
|    clip_fraction        | 0.00651      |
|    clip_range           | 0.15         |
|    entropy_loss         | -4.27        |
|    explained_variance   | 0.882        |
|    learning_rate        | 0.0001       |
|    loss                 | -0.0142      |
|    n_updates            | 1020         |
|    policy_gradient_loss | -0.0207      |
|    value_loss           | 0.0907       |
------------------------------------------
------------------------------------------
| rollout/                |              |
|    ep_len_mean          | 39.5         |
|    ep_rew_mean          | -41.3        |
| time/                   |              |
|    fps                  | 19           |
|    iterations           | 342          |
|    time_elapsed         | 4401         |
|    total_timesteps      | 87552        |
| train/                  |              |
|    approx_kl            | 0.0017751253 |
|    clip_fraction        | 0            |
|    clip_range           | 0.15         |
|    entropy_loss         | -4.52        |
|    explained_variance   | 0.747        |
|    learning_rate        | 0.0001       |
|    loss                 | 0.0487       |
|    n_updates            | 1023         |
|    policy_gradient_loss | -0.0133      |
|    value_loss           | 0.199        |
------------------------------------------
------------------------------------------
| rollout/                |              |
|    ep_len_mean          | 40           |
|    ep_rew_mean          | -40.7        |
| time/                   |              |
|    fps                  | 19           |
|    iterations           | 343          |
|    time_elapsed         | 4423         |
|    total_timesteps      | 87808        |
| train/                  |              |
|    approx_kl            | 0.0016757092 |
|    clip_fraction        | 0            |
|    clip_range           | 0.15         |
|    entropy_loss         | -4.42        |
|    explained_variance   | 0.828        |
|    learning_rate        | 0.0001       |
|    loss                 | 0.0197       |
|    n_updates            | 1026         |
|    policy_gradient_loss | -0.0143      |
|    value_loss           | 0.139        |
------------------------------------------
------------------------------------------
| rollout/                |              |
|    ep_len_mean          | 40.5         |
|    ep_rew_mean          | -39.7        |
| time/                   |              |
|    fps                  | 19           |
|    iterations           | 344          |
|    time_elapsed         | 4441         |
|    total_timesteps      | 88064        |
| train/                  |              |
|    approx_kl            | 0.0009828915 |
|    clip_fraction        | 0            |
|    clip_range           | 0.15         |
|    entropy_loss         | -4.33        |
|    explained_variance   | 0.621        |
|    learning_rate        | 0.0001       |
|    loss                 | 0.113        |
|    n_updates            | 1029         |
|    policy_gradient_loss | -0.00774     |
|    value_loss           | 0.328        |
------------------------------------------
-------------------------------------------
| rollout/                |               |
|    ep_len_mean          | 41.1          |
|    ep_rew_mean          | -38.8         |
| time/                   |               |
|    fps                  | 19            |
|    iterations           | 345           |
|    time_elapsed         | 4458          |
|    total_timesteps      | 88320         |
| train/                  |               |
|    approx_kl            | 0.00084230886 |
|    clip_fraction        | 0             |
|    clip_range           | 0.15          |
|    entropy_loss         | -4.29         |
|    explained_variance   | 0.706         |
|    learning_rate        | 0.0001        |
|    loss                 | 0.0805        |
|    n_updates            | 1032          |
|    policy_gradient_loss | -0.00822      |
|    value_loss           | 0.258         |
-------------------------------------------
------------------------------------------
| rollout/                |              |
|    ep_len_mean          | 41.6         |
|    ep_rew_mean          | -38.7        |
| time/                   |              |
|    fps                  | 19           |
|    iterations           | 346          |
|    time_elapsed         | 4476         |
|    total_timesteps      | 88576        |
| train/                  |              |
|    approx_kl            | 0.0006076433 |
|    clip_fraction        | 0            |
|    clip_range           | 0.15         |
|    entropy_loss         | -4.22        |
|    explained_variance   | 0.636        |
|    learning_rate        | 0.0001       |
|    loss                 | 0.0756       |
|    n_updates            | 1035         |
|    policy_gradient_loss | -0.00892     |
|    value_loss           | 0.222        |
------------------------------------------
-------------------------------------------
| rollout/                |               |
|    ep_len_mean          | 42.2          |
|    ep_rew_mean          | -38.7         |
| time/                   |               |
|    fps                  | 19            |
|    iterations           | 347           |
|    time_elapsed         | 4493          |
|    total_timesteps      | 88832         |
| train/                  |               |
|    approx_kl            | 0.00054554734 |
|    clip_fraction        | 0             |
|    clip_range           | 0.15          |
|    entropy_loss         | -4.44         |
|    explained_variance   | -0.0747       |
|    learning_rate        | 0.0001        |
|    loss                 | 0.259         |
|    n_updates            | 1038          |
|    policy_gradient_loss | -0.00624      |
|    value_loss           | 0.579         |
-------------------------------------------
------------------------------------------
| rollout/                |              |
|    ep_len_mean          | 42.7         |
|    ep_rew_mean          | -38.2        |
| time/                   |              |
|    fps                  | 19           |
|    iterations           | 348          |
|    time_elapsed         | 4516         |
|    total_timesteps      | 89088        |
| train/                  |              |
|    approx_kl            | 0.0005803404 |
|    clip_fraction        | 0            |
|    clip_range           | 0.15         |
|    entropy_loss         | -4.41        |
|    explained_variance   | -0.186       |
|    learning_rate        | 0.0001       |
|    loss                 | 0.212        |
|    n_updates            | 1041         |
|    policy_gradient_loss | -0.00976     |
|    value_loss           | 0.566        |
------------------------------------------
-------------------------------------------
| rollout/                |               |
|    ep_len_mean          | 42.9          |
|    ep_rew_mean          | -38.5         |
| time/                   |               |
|    fps                  | 19            |
|    iterations           | 349           |
|    time_elapsed         | 4537          |
|    total_timesteps      | 89344         |
| train/                  |               |
|    approx_kl            | 0.00081122806 |
|    clip_fraction        | 0             |
|    clip_range           | 0.15          |
|    entropy_loss         | -4.36         |
|    explained_variance   | 0.369         |
|    learning_rate        | 0.0001        |
|    loss                 | 0.0692        |
|    n_updates            | 1044          |
|    policy_gradient_loss | -0.00969      |
|    value_loss           | 0.241         |
-------------------------------------------
------------------------------------------
| rollout/                |              |
|    ep_len_mean          | 43.1         |
|    ep_rew_mean          | -38.8        |
| time/                   |              |
|    fps                  | 19           |
|    iterations           | 350          |
|    time_elapsed         | 4556         |
|    total_timesteps      | 89600        |
| train/                  |              |
|    approx_kl            | 0.0005195944 |
|    clip_fraction        | 0            |
|    clip_range           | 0.15         |
|    entropy_loss         | -4.28        |
|    explained_variance   | 0.381        |
|    learning_rate        | 0.0001       |
|    loss                 | 0.227        |
|    n_updates            | 1047         |
|    policy_gradient_loss | -0.0047      |
|    value_loss           | 0.592        |
------------------------------------------
-------------------------------------------
| rollout/                |               |
|    ep_len_mean          | 43.3          |
|    ep_rew_mean          | -39.1         |
| time/                   |               |
|    fps                  | 19            |
|    iterations           | 351           |
|    time_elapsed         | 4577          |
|    total_timesteps      | 89856         |
| train/                  |               |
|    approx_kl            | 0.00051330775 |
|    clip_fraction        | 0             |
|    clip_range           | 0.15          |
|    entropy_loss         | -4.2          |
|    explained_variance   | 0.631         |
|    learning_rate        | 0.0001        |
|    loss                 | 0.117         |
|    n_updates            | 1050          |
|    policy_gradient_loss | -0.00732      |
|    value_loss           | 0.353         |
-------------------------------------------
-------------------------------------------
| rollout/                |               |
|    ep_len_mean          | 43.5          |
|    ep_rew_mean          | -39.3         |
| time/                   |               |
|    fps                  | 19            |
|    iterations           | 352           |
|    time_elapsed         | 4596          |
|    total_timesteps      | 90112         |
| train/                  |               |
|    approx_kl            | 0.00074282405 |
|    clip_fraction        | 0             |
|    clip_range           | 0.15          |
|    entropy_loss         | -4.28         |
|    explained_variance   | 0.764         |
|    learning_rate        | 0.0001        |
|    loss                 | 0.0659        |
|    n_updates            | 1053          |
|    policy_gradient_loss | -0.0102       |
|    value_loss           | 0.228         |
-------------------------------------------
=== TRAIN PHASE 2/2 side=US scenario=battaglia_cittadina_2_1 episodes=700 timesteps=210000 ===
Using DummyVecEnv with num_envs=1
Logging to C:\repos\python\assault\models\scenario_battaglia_cittadina_2_1\side_US\runs\sb3_20260626T091410Z\PPO_2
---------------------------------
| rollout/           |          |
|    ep_len_mean     | 40       |
|    ep_rew_mean     | -21.1    |
| time/              |          |
|    fps             | 15       |
|    iterations      | 1        |
|    time_elapsed    | 16       |
|    total_timesteps | 256      |
---------------------------------
-------------------------------------------
| rollout/                |               |
|    ep_len_mean          | 40.5          |
|    ep_rew_mean          | -22.8         |
| time/                   |               |
|    fps                  | 15            |
|    iterations           | 2             |
|    time_elapsed         | 32            |
|    total_timesteps      | 512           |
| train/                  |               |
|    approx_kl            | 0.00036247238 |
|    clip_fraction        | 0             |
|    clip_range           | 0.15          |
|    entropy_loss         | -4.44         |
|    explained_variance   | 0.33          |
|    learning_rate        | 0.0001        |
|    loss                 | 1.31          |
|    n_updates            | 1059          |
|    policy_gradient_loss | -0.00218      |
|    value_loss           | 2.71          |
-------------------------------------------
-------------------------------------------
| rollout/                |               |
|    ep_len_mean          | 41.7          |
|    ep_rew_mean          | -34.2         |
| time/                   |               |
|    fps                  | 8             |
|    iterations           | 3             |
|    time_elapsed         | 90            |
|    total_timesteps      | 768           |
| train/                  |               |
|    approx_kl            | 0.00065640593 |
|    clip_fraction        | 0             |
|    clip_range           | 0.15          |
|    entropy_loss         | -4.43         |
|    explained_variance   | 0.765         |
|    learning_rate        | 0.0001        |
|    loss                 | 0.265         |
|    n_updates            | 1062          |
|    policy_gradient_loss | -0.00658      |
|    value_loss           | 0.645         |
-------------------------------------------
-------------------------------------------
| rollout/                |               |
|    ep_len_mean          | 42.2          |
|    ep_rew_mean          | -35.6         |
| time/                   |               |
|    fps                  | 10            |
|    iterations           | 4             |
|    time_elapsed         | 100           |
|    total_timesteps      | 1024          |
| train/                  |               |
|    approx_kl            | 0.00028472487 |
|    clip_fraction        | 0             |
|    clip_range           | 0.15          |
|    entropy_loss         | -4.51         |
|    explained_variance   | 0.593         |
|    learning_rate        | 0.0001        |
|    loss                 | 0.545         |
|    n_updates            | 1065          |
|    policy_gradient_loss | 0.000139      |
|    value_loss           | 1.11          |
-------------------------------------------
-------------------------------------------
| rollout/                |               |
|    ep_len_mean          | 42.6          |
|    ep_rew_mean          | -36.5         |
| time/                   |               |
|    fps                  | 10            |
|    iterations           | 5             |
|    time_elapsed         | 117           |
|    total_timesteps      | 1280          |
| train/                  |               |
|    approx_kl            | 0.00023291563 |
|    clip_fraction        | 0             |
|    clip_range           | 0.15          |
|    entropy_loss         | -4.54         |
|    explained_variance   | 0.583         |
|    learning_rate        | 0.0001        |
|    loss                 | 0.233         |
|    n_updates            | 1068          |
|    policy_gradient_loss | -0.00434      |
|    value_loss           | 0.514         |
-------------------------------------------
-------------------------------------------
| rollout/                |               |
|    ep_len_mean          | 43.3          |
|    ep_rew_mean          | -37.7         |
| time/                   |               |
|    fps                  | 12            |
|    iterations           | 6             |
|    time_elapsed         | 127           |
|    total_timesteps      | 1536          |
| train/                  |               |
|    approx_kl            | 0.00032973383 |
|    clip_fraction        | 0             |
|    clip_range           | 0.15          |
|    entropy_loss         | -4.48         |
|    explained_variance   | 0.59          |
|    learning_rate        | 0.0001        |
|    loss                 | 0.227         |
|    n_updates            | 1071          |
|    policy_gradient_loss | -0.00525      |
|    value_loss           | 0.532         |
-------------------------------------------
------------------------------------------
| rollout/                |              |
|    ep_len_mean          | 43.7         |
|    ep_rew_mean          | -38.6        |
| time/                   |              |
|    fps                  | 13           |
|    iterations           | 7            |
|    time_elapsed         | 137          |
|    total_timesteps      | 1792         |
| train/                  |              |
|    approx_kl            | 0.0009789353 |
|    clip_fraction        | 0.00651      |
|    clip_range           | 0.15         |
|    entropy_loss         | -4.52        |
|    explained_variance   | 0.799        |
|    learning_rate        | 0.0001       |
|    loss                 | 0.0663       |
|    n_updates            | 1074         |
|    policy_gradient_loss | -0.0151      |
|    value_loss           | 0.251        |
------------------------------------------
------------------------------------------
| rollout/                |              |
|    ep_len_mean          | 43.9         |
|    ep_rew_mean          | -39.3        |
| time/                   |              |
|    fps                  | 13           |
|    iterations           | 8            |
|    time_elapsed         | 147          |
|    total_timesteps      | 2048         |
| train/                  |              |
|    approx_kl            | 0.0022214279 |
|    clip_fraction        | 0.0143       |
|    clip_range           | 0.15         |
|    entropy_loss         | -4.59        |
|    explained_variance   | 0.862        |
|    learning_rate        | 0.0001       |
|    loss                 | 0.0289       |
|    n_updates            | 1077         |
|    policy_gradient_loss | -0.0208      |
|    value_loss           | 0.185        |
------------------------------------------
------------------------------------------
| rollout/                |              |
|    ep_len_mean          | 44.2         |
|    ep_rew_mean          | -39.8        |
| time/                   |              |
|    fps                  | 14           |
|    iterations           | 9            |
|    time_elapsed         | 159          |
|    total_timesteps      | 2304         |
| train/                  |              |
|    approx_kl            | 0.0033745547 |
|    clip_fraction        | 0.0286       |
|    clip_range           | 0.15         |
|    entropy_loss         | -4.56        |
|    explained_variance   | 0.898        |
|    learning_rate        | 0.0001       |
|    loss                 | 0.0164       |
|    n_updates            | 1080         |
|    policy_gradient_loss | -0.024       |
|    value_loss           | 0.157        |
------------------------------------------
------------------------------------------
| rollout/                |              |
|    ep_len_mean          | 44           |
|    ep_rew_mean          | -39.7        |
| time/                   |              |
|    fps                  | 14           |
|    iterations           | 10           |
|    time_elapsed         | 172          |
|    total_timesteps      | 2560         |
| train/                  |              |
|    approx_kl            | 0.0022523855 |
|    clip_fraction        | 0.0208       |
|    clip_range           | 0.15         |
|    entropy_loss         | -4.52        |
|    explained_variance   | 0.903        |
|    learning_rate        | 0.0001       |
|    loss                 | 0.0193       |
|    n_updates            | 1083         |
|    policy_gradient_loss | -0.0205      |
|    value_loss           | 0.152        |
------------------------------------------
-------------------------------------------
| rollout/                |               |
|    ep_len_mean          | 43.9          |
|    ep_rew_mean          | -40.1         |
| time/                   |               |
|    fps                  | 14            |
|    iterations           | 11            |
|    time_elapsed         | 192           |
|    total_timesteps      | 2816          |
| train/                  |               |
|    approx_kl            | 0.00094269984 |
|    clip_fraction        | 0.0013        |
|    clip_range           | 0.15          |
|    entropy_loss         | -4.65         |
|    explained_variance   | 0.732         |
|    learning_rate        | 0.0001        |
|    loss                 | 0.107         |
|    n_updates            | 1086          |
|    policy_gradient_loss | -0.00622      |
|    value_loss           | 0.281         |
-------------------------------------------
------------------------------------------
| rollout/                |              |
|    ep_len_mean          | 43.6         |
|    ep_rew_mean          | -40.1        |
| time/                   |              |
|    fps                  | 14           |
|    iterations           | 12           |
|    time_elapsed         | 209          |
|    total_timesteps      | 3072         |
| train/                  |              |
|    approx_kl            | 0.0007258216 |
|    clip_fraction        | 0            |
|    clip_range           | 0.15         |
|    entropy_loss         | -4.68        |
|    explained_variance   | 0.736        |
|    learning_rate        | 0.0001       |
|    loss                 | 0.107        |
|    n_updates            | 1089         |
|    policy_gradient_loss | -0.0101      |
|    value_loss           | 0.321        |
------------------------------------------
------------------------------------------
| rollout/                |              |
|    ep_len_mean          | 43           |
|    ep_rew_mean          | -39.7        |
| time/                   |              |
|    fps                  | 15           |
|    iterations           | 13           |
|    time_elapsed         | 221          |
|    total_timesteps      | 3328         |
| train/                  |              |
|    approx_kl            | 0.0009591393 |
|    clip_fraction        | 0            |
|    clip_range           | 0.15         |
|    entropy_loss         | -4.63        |
|    explained_variance   | 0.778        |
|    learning_rate        | 0.0001       |
|    loss                 | 0.056        |
|    n_updates            | 1092         |
|    policy_gradient_loss | -0.0145      |
|    value_loss           | 0.224        |
------------------------------------------
------------------------------------------
| rollout/                |              |
|    ep_len_mean          | 42.5         |
|    ep_rew_mean          | -39.4        |
| time/                   |              |
|    fps                  | 15           |
|    iterations           | 14           |
|    time_elapsed         | 233          |
|    total_timesteps      | 3584         |
| train/                  |              |
|    approx_kl            | 0.0015436031 |
|    clip_fraction        | 0.00911      |
|    clip_range           | 0.15         |
|    entropy_loss         | -4.59        |
|    explained_variance   | 0.832        |
|    learning_rate        | 0.0001       |
|    loss                 | 0.0201       |
|    n_updates            | 1095         |
|    policy_gradient_loss | -0.0199      |
|    value_loss           | 0.158        |
------------------------------------------
------------------------------------------
| rollout/                |              |
|    ep_len_mean          | 42.1         |
|    ep_rew_mean          | -39.1        |
| time/                   |              |
|    fps                  | 15           |
|    iterations           | 15           |
|    time_elapsed         | 248          |
|    total_timesteps      | 3840         |
| train/                  |              |
|    approx_kl            | 0.0029299583 |
|    clip_fraction        | 0.026        |
|    clip_range           | 0.15         |
|    entropy_loss         | -4.59        |
|    explained_variance   | 0.864        |
|    learning_rate        | 0.0001       |
|    loss                 | -0.00516     |
|    n_updates            | 1098         |
|    policy_gradient_loss | -0.025       |
|    value_loss           | 0.123        |
------------------------------------------
------------------------------------------
| rollout/                |              |
|    ep_len_mean          | 41.7         |
|    ep_rew_mean          | -38.8        |
| time/                   |              |
|    fps                  | 14           |
|    iterations           | 16           |
|    time_elapsed         | 281          |
|    total_timesteps      | 4096         |
| train/                  |              |
|    approx_kl            | 0.0018755833 |
|    clip_fraction        | 0            |
|    clip_range           | 0.15         |
|    entropy_loss         | -4.58        |
|    explained_variance   | 0.881        |
|    learning_rate        | 0.0001       |
|    loss                 | -0.000827    |
|    n_updates            | 1101         |
|    policy_gradient_loss | -0.0188      |
|    value_loss           | 0.111        |
------------------------------------------
------------------------------------------
| rollout/                |              |
|    ep_len_mean          | 41.5         |
|    ep_rew_mean          | -39.3        |
| time/                   |              |
|    fps                  | 13           |
|    iterations           | 17           |
|    time_elapsed         | 314          |
|    total_timesteps      | 4352         |
| train/                  |              |
|    approx_kl            | 0.0025858972 |
|    clip_fraction        | 0.0273       |
|    clip_range           | 0.15         |
|    entropy_loss         | -4.48        |
|    explained_variance   | 0.809        |
|    learning_rate        | 0.0001       |
|    loss                 | 0.0205       |
|    n_updates            | 1104         |
|    policy_gradient_loss | -0.02        |
|    value_loss           | 0.149        |
------------------------------------------
-----------------------------------------
| rollout/                |             |
|    ep_len_mean          | 41.3        |
|    ep_rew_mean          | -39.6       |
| time/                   |             |
|    fps                  | 14          |
|    iterations           | 18          |
|    time_elapsed         | 325         |
|    total_timesteps      | 4608        |
| train/                  |             |
|    approx_kl            | 0.004505021 |
|    clip_fraction        | 0.0391      |
|    clip_range           | 0.15        |
|    entropy_loss         | -4.48       |
|    explained_variance   | 0.826       |
|    learning_rate        | 0.0001      |
|    loss                 | 0.00584     |
|    n_updates            | 1107        |
|    policy_gradient_loss | -0.0246     |
|    value_loss           | 0.133       |
-----------------------------------------
-----------------------------------------
| rollout/                |             |
|    ep_len_mean          | 41.2        |
|    ep_rew_mean          | -39.1       |
| time/                   |             |
|    fps                  | 14          |
|    iterations           | 19          |
|    time_elapsed         | 341         |
|    total_timesteps      | 4864        |
| train/                  |             |
|    approx_kl            | 0.002103872 |
|    clip_fraction        | 0.0273      |
|    clip_range           | 0.15        |
|    entropy_loss         | -4.47       |
|    explained_variance   | 0.774       |
|    learning_rate        | 0.0001      |
|    loss                 | 0.133       |
|    n_updates            | 1110        |
|    policy_gradient_loss | -0.0125     |
|    value_loss           | 0.353       |
-----------------------------------------
-------------------------------------------
| rollout/                |               |
|    ep_len_mean          | 40.9          |
|    ep_rew_mean          | -38.8         |
| time/                   |               |
|    fps                  | 14            |
|    iterations           | 20            |
|    time_elapsed         | 351           |
|    total_timesteps      | 5120          |
| train/                  |               |
|    approx_kl            | 0.00060299295 |
|    clip_fraction        | 0             |
|    clip_range           | 0.15          |
|    entropy_loss         | -4.59         |
|    explained_variance   | 0.775         |
|    learning_rate        | 0.0001        |
|    loss                 | 0.133         |
|    n_updates            | 1113          |
|    policy_gradient_loss | -0.00524      |
|    value_loss           | 0.324         |
-------------------------------------------
-------------------------------------------
| rollout/                |               |
|    ep_len_mean          | 40.4          |
|    ep_rew_mean          | -38.6         |
| time/                   |               |
|    fps                  | 14            |
|    iterations           | 21            |
|    time_elapsed         | 360           |
|    total_timesteps      | 5376          |
| train/                  |               |
|    approx_kl            | 0.00048072217 |
|    clip_fraction        | 0             |
|    clip_range           | 0.15          |
|    entropy_loss         | -4.6          |
|    explained_variance   | 0.916         |
|    learning_rate        | 0.0001        |
|    loss                 | 0.0129        |
|    n_updates            | 1116          |
|    policy_gradient_loss | -0.00788      |
|    value_loss           | 0.0913        |
-------------------------------------------
------------------------------------------
| rollout/                |              |
|    ep_len_mean          | 40           |
|    ep_rew_mean          | -38          |
| time/                   |              |
|    fps                  | 15           |
|    iterations           | 22           |
|    time_elapsed         | 374          |
|    total_timesteps      | 5632         |
| train/                  |              |
|    approx_kl            | 0.0011532207 |
|    clip_fraction        | 0            |
|    clip_range           | 0.15         |
|    entropy_loss         | -4.67        |
|    explained_variance   | 0.932        |
|    learning_rate        | 0.0001       |
|    loss                 | -0.0133      |
|    n_updates            | 1119         |
|    policy_gradient_loss | -0.0176      |
|    value_loss           | 0.0789       |
------------------------------------------
------------------------------------------
| rollout/                |              |
|    ep_len_mean          | 39.7         |
|    ep_rew_mean          | -37          |
| time/                   |              |
|    fps                  | 15           |
|    iterations           | 23           |
|    time_elapsed         | 388          |
|    total_timesteps      | 5888         |
| train/                  |              |
|    approx_kl            | 0.0010421078 |
|    clip_fraction        | 0.00521      |
|    clip_range           | 0.15         |
|    entropy_loss         | -4.55        |
|    explained_variance   | 0.887        |
|    learning_rate        | 0.0001       |
|    loss                 | 0.0283       |
|    n_updates            | 1122         |
|    policy_gradient_loss | -0.0108      |
|    value_loss           | 0.133        |
------------------------------------------
------------------------------------------
| rollout/                |              |
|    ep_len_mean          | 39.5         |
|    ep_rew_mean          | -35.9        |
| time/                   |              |
|    fps                  | 15           |
|    iterations           | 24           |
|    time_elapsed         | 402          |
|    total_timesteps      | 6144         |
| train/                  |              |
|    approx_kl            | 0.0004905625 |
|    clip_fraction        | 0            |
|    clip_range           | 0.15         |
|    entropy_loss         | -4.48        |
|    explained_variance   | 0.769        |
|    learning_rate        | 0.0001       |
|    loss                 | 0.142        |
|    n_updates            | 1125         |
|    policy_gradient_loss | -0.00402     |
|    value_loss           | 0.346        |
------------------------------------------
-------------------------------------------
| rollout/                |               |
|    ep_len_mean          | 39.3          |
|    ep_rew_mean          | -34.6         |
| time/                   |               |
|    fps                  | 15            |
|    iterations           | 25            |
|    time_elapsed         | 415           |
|    total_timesteps      | 6400          |
| train/                  |               |
|    approx_kl            | 0.00043966481 |
|    clip_fraction        | 0             |
|    clip_range           | 0.15          |
|    entropy_loss         | -4.45         |
|    explained_variance   | 0.713         |
|    learning_rate        | 0.0001        |
|    loss                 | 0.132         |
|    n_updates            | 1128          |
|    policy_gradient_loss | -0.00764      |
|    value_loss           | 0.351         |
-------------------------------------------
------------------------------------------
| rollout/                |              |
|    ep_len_mean          | 39.3         |
|    ep_rew_mean          | -33.5        |
| time/                   |              |
|    fps                  | 15           |
|    iterations           | 26           |
|    time_elapsed         | 427          |
|    total_timesteps      | 6656         |
| train/                  |              |
|    approx_kl            | 0.0007819424 |
|    clip_fraction        | 0            |
|    clip_range           | 0.15         |
|    entropy_loss         | -4.45        |
|    explained_variance   | 0.789        |
|    learning_rate        | 0.0001       |
|    loss                 | 0.0982       |
|    n_updates            | 1131         |
|    policy_gradient_loss | -0.0133      |
|    value_loss           | 0.301        |
------------------------------------------
-----------------------------------------
| rollout/                |             |
|    ep_len_mean          | 39.3        |
|    ep_rew_mean          | -32.4       |
| time/                   |             |
|    fps                  | 15          |
|    iterations           | 27          |
|    time_elapsed         | 440         |
|    total_timesteps      | 6912        |
| train/                  |             |
|    approx_kl            | 0.001210693 |
|    clip_fraction        | 0           |
|    clip_range           | 0.15        |
|    entropy_loss         | -4.44       |
|    explained_variance   | 0.828       |
|    learning_rate        | 0.0001      |
|    loss                 | 0.0647      |
|    n_updates            | 1134        |
|    policy_gradient_loss | -0.0167     |
|    value_loss           | 0.241       |
-----------------------------------------
------------------------------------------
| rollout/                |              |
|    ep_len_mean          | 39.5         |
|    ep_rew_mean          | -31.7        |
| time/                   |              |
|    fps                  | 15           |
|    iterations           | 28           |
|    time_elapsed         | 450          |
|    total_timesteps      | 7168         |
| train/                  |              |
|    approx_kl            | 0.0015082231 |
|    clip_fraction        | 0            |
|    clip_range           | 0.15         |
|    entropy_loss         | -4.43        |
|    explained_variance   | 0.828        |
|    learning_rate        | 0.0001       |
|    loss                 | 0.0437       |
|    n_updates            | 1137         |
|    policy_gradient_loss | -0.0193      |
|    value_loss           | 0.205        |
------------------------------------------
------------------------------------------
| rollout/                |              |
|    ep_len_mean          | 39.7         |
|    ep_rew_mean          | -31.2        |
| time/                   |              |
|    fps                  | 16           |
|    iterations           | 29           |
|    time_elapsed         | 462          |
|    total_timesteps      | 7424         |
| train/                  |              |
|    approx_kl            | 0.0020783623 |
|    clip_fraction        | 0.00651      |
|    clip_range           | 0.15         |
|    entropy_loss         | -4.44        |
|    explained_variance   | 0.787        |
|    learning_rate        | 0.0001       |
|    loss                 | 0.0187       |
|    n_updates            | 1140         |
|    policy_gradient_loss | -0.0191      |
|    value_loss           | 0.149        |
------------------------------------------
-----------------------------------------
| rollout/                |             |
|    ep_len_mean          | 40.1        |
|    ep_rew_mean          | -31.4       |
| time/                   |             |
|    fps                  | 16          |
|    iterations           | 30          |
|    time_elapsed         | 476         |
|    total_timesteps      | 7680        |
| train/                  |             |
|    approx_kl            | 0.002310715 |
|    clip_fraction        | 0.00781     |
|    clip_range           | 0.15        |
|    entropy_loss         | -4.44       |
|    explained_variance   | 0.809       |
|    learning_rate        | 0.0001      |
|    loss                 | 0.00219     |
|    n_updates            | 1143        |
|    policy_gradient_loss | -0.0205     |
|    value_loss           | 0.123       |
-----------------------------------------
------------------------------------------
| rollout/                |              |
|    ep_len_mean          | 40.4         |
|    ep_rew_mean          | -31.7        |
| time/                   |              |
|    fps                  | 16           |
|    iterations           | 31           |
|    time_elapsed         | 490          |
|    total_timesteps      | 7936         |
| train/                  |              |
|    approx_kl            | 0.0017020092 |
|    clip_fraction        | 0.00911      |
|    clip_range           | 0.15         |
|    entropy_loss         | -4.37        |
|    explained_variance   | 0.503        |
|    learning_rate        | 0.0001       |
|    loss                 | 0.3          |
|    n_updates            | 1146         |
|    policy_gradient_loss | -0.00997     |
|    value_loss           | 0.701        |
------------------------------------------
-----------------------------------------
| rollout/                |             |
|    ep_len_mean          | 40.9        |
|    ep_rew_mean          | -32         |
| time/                   |             |
|    fps                  | 16          |
|    iterations           | 32          |
|    time_elapsed         | 499         |
|    total_timesteps      | 8192        |
| train/                  |             |
|    approx_kl            | 0.001374298 |
|    clip_fraction        | 0           |
|    clip_range           | 0.15        |
|    entropy_loss         | -4.34       |
|    explained_variance   | 0.568       |
|    learning_rate        | 0.0001      |
|    loss                 | 0.246       |
|    n_updates            | 1149        |
|    policy_gradient_loss | -0.0107     |
|    value_loss           | 0.609       |
-----------------------------------------
------------------------------------------
| rollout/                |              |
|    ep_len_mean          | 41.3         |
|    ep_rew_mean          | -32.2        |
| time/                   |              |
|    fps                  | 16           |
|    iterations           | 33           |
|    time_elapsed         | 507          |
|    total_timesteps      | 8448         |
| train/                  |              |
|    approx_kl            | 0.0005311805 |
|    clip_fraction        | 0            |
|    clip_range           | 0.15         |
|    entropy_loss         | -4.56        |
|    explained_variance   | 0.77         |
|    learning_rate        | 0.0001       |
|    loss                 | 0.201        |
|    n_updates            | 1152         |
|    policy_gradient_loss | -0.00396     |
|    value_loss           | 0.452        |
------------------------------------------
-------------------------------------------
| rollout/                |               |
|    ep_len_mean          | 41.6          |
|    ep_rew_mean          | -32.4         |
| time/                   |               |
|    fps                  | 16            |
|    iterations           | 34            |
|    time_elapsed         | 516           |
|    total_timesteps      | 8704          |
| train/                  |               |
|    approx_kl            | 0.00066491496 |
|    clip_fraction        | 0             |
|    clip_range           | 0.15          |
|    entropy_loss         | -4.62         |
|    explained_variance   | 0.782         |
|    learning_rate        | 0.0001        |
|    loss                 | 0.127         |
|    n_updates            | 1155          |
|    policy_gradient_loss | -0.0111       |
|    value_loss           | 0.363         |
-------------------------------------------
-------------------------------------------
| rollout/                |               |
|    ep_len_mean          | 41.6          |
|    ep_rew_mean          | -31.9         |
| time/                   |               |
|    fps                  | 17            |
|    iterations           | 35            |
|    time_elapsed         | 525           |
|    total_timesteps      | 8960          |
| train/                  |               |
|    approx_kl            | 0.00035031582 |
|    clip_fraction        | 0             |
|    clip_range           | 0.15          |
|    entropy_loss         | -4.21         |
|    explained_variance   | 0.805         |
|    learning_rate        | 0.0001        |
|    loss                 | 0.148         |
|    n_updates            | 1158          |
|    policy_gradient_loss | -0.00246      |
|    value_loss           | 0.367         |
-------------------------------------------
-------------------------------------------
| rollout/                |               |
|    ep_len_mean          | 41.8          |
|    ep_rew_mean          | -31.5         |
| time/                   |               |
|    fps                  | 17            |
|    iterations           | 36            |
|    time_elapsed         | 535           |
|    total_timesteps      | 9216          |
| train/                  |               |
|    approx_kl            | 0.00037665688 |
|    clip_fraction        | 0             |
|    clip_range           | 0.15          |
|    entropy_loss         | -4.22         |
|    explained_variance   | 0.857         |
|    learning_rate        | 0.0001        |
|    loss                 | 0.081         |
|    n_updates            | 1161          |
|    policy_gradient_loss | -0.00882      |
|    value_loss           | 0.265         |
-------------------------------------------
-------------------------------------------
| rollout/                |               |
|    ep_len_mean          | 42            |
|    ep_rew_mean          | -31.2         |
| time/                   |               |
|    fps                  | 17            |
|    iterations           | 37            |
|    time_elapsed         | 545           |
|    total_timesteps      | 9472          |
| train/                  |               |
|    approx_kl            | 0.00071990583 |
|    clip_fraction        | 0             |
|    clip_range           | 0.15          |
|    entropy_loss         | -4.24         |
|    explained_variance   | 0.909         |
|    learning_rate        | 0.0001        |
|    loss                 | 0.0405        |
|    n_updates            | 1164          |
|    policy_gradient_loss | -0.0125       |
|    value_loss           | 0.186         |
-------------------------------------------
------------------------------------------
| rollout/                |              |
|    ep_len_mean          | 42           |
|    ep_rew_mean          | -31.3        |
| time/                   |              |
|    fps                  | 17           |
|    iterations           | 38           |
|    time_elapsed         | 558          |
|    total_timesteps      | 9728         |
| train/                  |              |
|    approx_kl            | 0.0012468696 |
|    clip_fraction        | 0.00781      |
|    clip_range           | 0.15         |
|    entropy_loss         | -4.26        |
|    explained_variance   | 0.936        |
|    learning_rate        | 0.0001       |
|    loss                 | 0.0298       |
|    n_updates            | 1167         |
|    policy_gradient_loss | -0.0146      |
|    value_loss           | 0.157        |
------------------------------------------
------------------------------------------
| rollout/                |              |
|    ep_len_mean          | 41.9         |
|    ep_rew_mean          | -31.6        |
| time/                   |              |
|    fps                  | 17           |
|    iterations           | 39           |
|    time_elapsed         | 572          |
|    total_timesteps      | 9984         |
| train/                  |              |
|    approx_kl            | 0.0010733553 |
|    clip_fraction        | 0.00911      |
|    clip_range           | 0.15         |
|    entropy_loss         | -4.33        |
|    explained_variance   | 0.938        |
|    learning_rate        | 0.0001       |
|    loss                 | 0.0278       |
|    n_updates            | 1170         |
|    policy_gradient_loss | -0.0115      |
|    value_loss           | 0.125        |
------------------------------------------
------------------------------------------
| rollout/                |              |
|    ep_len_mean          | 41.9         |
|    ep_rew_mean          | -31.8        |
| time/                   |              |
|    fps                  | 17           |
|    iterations           | 40           |
|    time_elapsed         | 584          |
|    total_timesteps      | 10240        |
| train/                  |              |
|    approx_kl            | 0.0019744008 |
|    clip_fraction        | 0.0182       |
|    clip_range           | 0.15         |
|    entropy_loss         | -4.32        |
|    explained_variance   | 0.923        |
|    learning_rate        | 0.0001       |
|    loss                 | 0.0114       |
|    n_updates            | 1173         |
|    policy_gradient_loss | -0.0174      |
|    value_loss           | 0.129        |
------------------------------------------
[PERF][GymAssaultEnv] pid=29552 decisions=50 step_avg_ms=11097.39 runner_step_avg_ms=23.55 controller_act_avg_ms=56.36 executor_avg_ms=55.91 finalize_avg_ms=0.02 catalog_avg_ms=0.01
[PERF][GymAssaultEnv] pid=29552 decisions=50 step_avg_ms=11160.39 runner_step_avg_ms=23.58 controller_act_avg_ms=55.43 executor_avg_ms=54.99 finalize_avg_ms=0.02 catalog_avg_ms=0.00
[PERF][GymAssaultEnv] pid=29552 decisions=50 step_avg_ms=11220.74 runner_step_avg_ms=23.60 controller_act_avg_ms=52.67 executor_avg_ms=52.23 finalize_avg_ms=0.02 catalog_avg_ms=0.00
[PERF][GymAssaultEnv] pid=29552 decisions=50 step_avg_ms=11284.27 runner_step_avg_ms=23.63 controller_act_avg_ms=50.25 executor_avg_ms=49.81 finalize_avg_ms=0.02 catalog_avg_ms=0.01
-----------------------------------------
| rollout/                |             |
|    ep_len_mean          | 42.3        |
|    ep_rew_mean          | -33.1       |
| time/                   |             |
|    fps                  | 17          |
|    iterations           | 41          |
|    time_elapsed         | 600         |
|    total_timesteps      | 10496       |
| train/                  |             |
|    approx_kl            | 0.001595615 |
|    clip_fraction        | 0.0156      |
|    clip_range           | 0.15        |
|    entropy_loss         | -4.4        |
|    explained_variance   | 0.927       |
|    learning_rate        | 0.0001      |
|    loss                 | 0.0945      |
|    n_updates            | 1176        |
|    policy_gradient_loss | -0.00812    |
|    value_loss           | 0.259       |
-----------------------------------------
[PERF][GymAssaultEnv] pid=29552 decisions=50 step_avg_ms=11350.62 runner_step_avg_ms=23.67 controller_act_avg_ms=58.68 executor_avg_ms=58.22 finalize_avg_ms=0.02 catalog_avg_ms=0.01
[PERF][GymAssaultEnv] pid=29552 decisions=50 step_avg_ms=11432.17 runner_step_avg_ms=23.74 controller_act_avg_ms=72.30 executor_avg_ms=69.19 finalize_avg_ms=0.02 catalog_avg_ms=0.01
[PERF][GymAssaultEnv] pid=29552 decisions=50 step_avg_ms=11528.24 runner_step_avg_ms=23.83 controller_act_avg_ms=74.92 executor_avg_ms=74.51 finalize_avg_ms=0.02 catalog_avg_ms=0.01
[PERF][GymAssaultEnv] pid=29552 decisions=50 step_avg_ms=11624.92 runner_step_avg_ms=23.92 controller_act_avg_ms=75.44 executor_avg_ms=75.02 finalize_avg_ms=0.02 catalog_avg_ms=0.00
[PERF][GymAssaultEnv] pid=29552 decisions=50 step_avg_ms=11718.85 runner_step_avg_ms=24.01 controller_act_avg_ms=72.63 executor_avg_ms=72.21 finalize_avg_ms=0.02 catalog_avg_ms=0.00
------------------------------------------
| rollout/                |              |
|    ep_len_mean          | 42.8         |
|    ep_rew_mean          | -34.9        |
| time/                   |              |
|    fps                  | 17           |
|    iterations           | 42           |
|    time_elapsed         | 622          |
|    total_timesteps      | 10752        |
| train/                  |              |
|    approx_kl            | 0.0007516304 |
|    clip_fraction        | 0.00651      |
|    clip_range           | 0.15         |
|    entropy_loss         | -4.36        |
|    explained_variance   | 0.836        |
|    learning_rate        | 0.0001       |
|    loss                 | 0.363        |
|    n_updates            | 1179         |
|    policy_gradient_loss | -0.00217     |
|    value_loss           | 0.776        |
------------------------------------------
[PERF][GymAssaultEnv] pid=29552 decisions=50 step_avg_ms=11793.42 runner_step_avg_ms=24.05 controller_act_avg_ms=55.29 executor_avg_ms=54.84 finalize_avg_ms=0.02 catalog_avg_ms=0.01
[PERF][GymAssaultEnv] pid=29552 decisions=50 step_avg_ms=11871.25 runner_step_avg_ms=24.11 controller_act_avg_ms=68.86 executor_avg_ms=68.42 finalize_avg_ms=0.02 catalog_avg_ms=0.01
[PERF][GymAssaultEnv] pid=29552 decisions=50 step_avg_ms=11950.24 runner_step_avg_ms=24.16 controller_act_avg_ms=68.40 executor_avg_ms=67.82 finalize_avg_ms=0.02 catalog_avg_ms=0.01
[PERF][GymAssaultEnv] pid=29552 decisions=50 step_avg_ms=12030.46 runner_step_avg_ms=24.22 controller_act_avg_ms=70.98 executor_avg_ms=67.81 finalize_avg_ms=0.02 catalog_avg_ms=0.01
[PERF][GymAssaultEnv] pid=29552 decisions=50 step_avg_ms=12107.93 runner_step_avg_ms=24.28 controller_act_avg_ms=68.21 executor_avg_ms=67.78 finalize_avg_ms=0.02 catalog_avg_ms=0.00
------------------------------------------
| rollout/                |              |
|    ep_len_mean          | 43.3         |
|    ep_rew_mean          | -36          |
| time/                   |              |
|    fps                  | 17           |
|    iterations           | 43           |
|    time_elapsed         | 642          |
|    total_timesteps      | 11008        |
| train/                  |              |
|    approx_kl            | 0.0004168856 |
|    clip_fraction        | 0            |
|    clip_range           | 0.15         |
|    entropy_loss         | -4.44        |
|    explained_variance   | 0.834        |
|    learning_rate        | 0.0001       |
|    loss                 | 0.417        |
|    n_updates            | 1182         |
|    policy_gradient_loss | -0.00393     |
|    value_loss           | 0.956        |
------------------------------------------
[PERF][GymAssaultEnv] pid=29552 decisions=50 step_avg_ms=12186.19 runner_step_avg_ms=24.33 controller_act_avg_ms=69.11 executor_avg_ms=68.66 finalize_avg_ms=0.02 catalog_avg_ms=0.01
-------------------------------------------
| rollout/                |               |
|    ep_len_mean          | 43.5          |
|    ep_rew_mean          | -36.6         |
| time/                   |               |
|    fps                  | 16            |
|    iterations           | 44            |
|    time_elapsed         | 665           |
|    total_timesteps      | 11264         |
| train/                  |               |
|    approx_kl            | 0.00029638596 |
|    clip_fraction        | 0             |
|    clip_range           | 0.15          |
|    entropy_loss         | -4.39         |
|    explained_variance   | 0.841         |
|    learning_rate        | 0.0001        |
|    loss                 | 0.137         |
|    n_updates            | 1185          |
|    policy_gradient_loss | -0.00449      |
|    value_loss           | 0.334         |
-------------------------------------------
------------------------------------------
| rollout/                |              |
|    ep_len_mean          | 43.7         |
|    ep_rew_mean          | -36.9        |
| time/                   |              |
|    fps                  | 16           |
|    iterations           | 45           |
|    time_elapsed         | 689          |
|    total_timesteps      | 11520        |
| train/                  |              |
|    approx_kl            | 0.0002377883 |
|    clip_fraction        | 0            |
|    clip_range           | 0.15         |
|    entropy_loss         | -4.32        |
|    explained_variance   | 0.78         |
|    learning_rate        | 0.0001       |
|    loss                 | 0.262        |
|    n_updates            | 1188         |
|    policy_gradient_loss | -0.00465     |
|    value_loss           | 0.564        |
------------------------------------------
------------------------------------------
| rollout/                |              |
|    ep_len_mean          | 43.9         |
|    ep_rew_mean          | -37.1        |
| time/                   |              |
|    fps                  | 16           |
|    iterations           | 46           |
|    time_elapsed         | 710          |
|    total_timesteps      | 11776        |
| train/                  |              |
|    approx_kl            | 0.0008764658 |
|    clip_fraction        | 0            |
|    clip_range           | 0.15         |
|    entropy_loss         | -4.34        |
|    explained_variance   | 0.793        |
|    learning_rate        | 0.0001       |
|    loss                 | 0.23         |
|    n_updates            | 1191         |
|    policy_gradient_loss | -0.0142      |
|    value_loss           | 0.577        |
------------------------------------------
------------------------------------------
| rollout/                |              |
|    ep_len_mean          | 44           |
|    ep_rew_mean          | -37.2        |
| time/                   |              |
|    fps                  | 16           |
|    iterations           | 47           |
|    time_elapsed         | 745          |
|    total_timesteps      | 12032        |
| train/                  |              |
|    approx_kl            | 0.0015349449 |
|    clip_fraction        | 0.0195       |
|    clip_range           | 0.15         |
|    entropy_loss         | -4.3         |
|    explained_variance   | 0.808        |
|    learning_rate        | 0.0001       |
|    loss                 | 0.17         |
|    n_updates            | 1194         |
|    policy_gradient_loss | -0.0163      |
|    value_loss           | 0.475        |
------------------------------------------
------------------------------------------
| rollout/                |              |
|    ep_len_mean          | 44.2         |
|    ep_rew_mean          | -37.3        |
| time/                   |              |
|    fps                  | 16           |
|    iterations           | 48           |
|    time_elapsed         | 758          |
|    total_timesteps      | 12288        |
| train/                  |              |
|    approx_kl            | 0.0011111745 |
|    clip_fraction        | 0.0104       |
|    clip_range           | 0.15         |
|    entropy_loss         | -4.35        |
|    explained_variance   | 0.799        |
|    learning_rate        | 0.0001       |
|    loss                 | 0.147        |
|    n_updates            | 1197         |
|    policy_gradient_loss | -0.0123      |
|    value_loss           | 0.402        |
------------------------------------------
-------------------------------------------
| rollout/                |               |
|    ep_len_mean          | 44.5          |
|    ep_rew_mean          | -37.6         |
| time/                   |               |
|    fps                  | 16            |
|    iterations           | 49            |
|    time_elapsed         | 765           |
|    total_timesteps      | 12544         |
| train/                  |               |
|    approx_kl            | 0.00097564654 |
|    clip_fraction        | 0.0013        |
|    clip_range           | 0.15          |
|    entropy_loss         | -4.52         |
|    explained_variance   | 0.714         |
|    learning_rate        | 0.0001        |
|    loss                 | 0.234         |
|    n_updates            | 1200          |
|    policy_gradient_loss | -0.00383      |
|    value_loss           | 0.517         |
-------------------------------------------
[PERF][GymAssaultEnv] pid=29552 decisions=50 step_avg_ms=14524.69 runner_step_avg_ms=25.55 controller_act_avg_ms=18.37 executor_avg_ms=17.92 finalize_avg_ms=0.02 catalog_avg_ms=0.01
[PERF][GymAssaultEnv] pid=29552 decisions=50 step_avg_ms=14548.45 runner_step_avg_ms=25.50 controller_act_avg_ms=15.37 executor_avg_ms=14.97 finalize_avg_ms=0.02 catalog_avg_ms=0.01
[PERF][GymAssaultEnv] pid=29552 decisions=50 step_avg_ms=14575.10 runner_step_avg_ms=25.46 controller_act_avg_ms=15.38 executor_avg_ms=14.97 finalize_avg_ms=0.02 catalog_avg_ms=0.01
[PERF][GymAssaultEnv] pid=29552 decisions=50 step_avg_ms=14602.13 runner_step_avg_ms=25.42 controller_act_avg_ms=18.41 executor_avg_ms=18.00 finalize_avg_ms=0.02 catalog_avg_ms=0.01
[PERF][GymAssaultEnv] pid=29552 decisions=50 step_avg_ms=14626.23 runner_step_avg_ms=25.37 controller_act_avg_ms=15.57 executor_avg_ms=15.16 finalize_avg_ms=0.02 catalog_avg_ms=0.00
-------------------------------------------
| rollout/                |               |
|    ep_len_mean          | 44.8          |
|    ep_rew_mean          | -37.7         |
| time/                   |               |
|    fps                  | 16            |
|    iterations           | 50            |
|    time_elapsed         | 772           |
|    total_timesteps      | 12800         |
| train/                  |               |
|    approx_kl            | 0.00055525475 |
|    clip_fraction        | 0             |
|    clip_range           | 0.15          |
|    entropy_loss         | -4.49         |
|    explained_variance   | 0.753         |
|    learning_rate        | 0.0001        |
|    loss                 | 0.175         |
|    n_updates            | 1203          |
|    policy_gradient_loss | -0.00828      |
|    value_loss           | 0.449         |
-------------------------------------------
[PERF][GymAssaultEnv] pid=29552 decisions=50 step_avg_ms=14653.01 runner_step_avg_ms=25.33 controller_act_avg_ms=18.36 executor_avg_ms=17.95 finalize_avg_ms=0.02 catalog_avg_ms=0.00
[PERF][GymAssaultEnv] pid=29552 decisions=50 step_avg_ms=14677.16 runner_step_avg_ms=25.28 controller_act_avg_ms=15.69 executor_avg_ms=15.29 finalize_avg_ms=0.02 catalog_avg_ms=0.00
[PERF][GymAssaultEnv] pid=29552 decisions=50 step_avg_ms=14701.20 runner_step_avg_ms=25.24 controller_act_avg_ms=15.56 executor_avg_ms=15.15 finalize_avg_ms=0.02 catalog_avg_ms=0.00
[PERF][GymAssaultEnv] pid=29552 decisions=50 step_avg_ms=14727.93 runner_step_avg_ms=25.19 controller_act_avg_ms=18.27 executor_avg_ms=17.86 finalize_avg_ms=0.02 catalog_avg_ms=0.00
[PERF][GymAssaultEnv] pid=29552 decisions=50 step_avg_ms=14754.84 runner_step_avg_ms=25.15 controller_act_avg_ms=15.58 executor_avg_ms=15.17 finalize_avg_ms=0.02 catalog_avg_ms=0.00
------------------------------------------
| rollout/                |              |
|    ep_len_mean          | 45.1         |
|    ep_rew_mean          | -37.8        |
| time/                   |              |
|    fps                  | 16           |
|    iterations           | 51           |
|    time_elapsed         | 780          |
|    total_timesteps      | 13056        |
| train/                  |              |
|    approx_kl            | 0.0007200914 |
|    clip_fraction        | 0            |
|    clip_range           | 0.15         |
|    entropy_loss         | -4.72        |
|    explained_variance   | 0.703        |
|    learning_rate        | 0.0001       |
|    loss                 | 0.14         |
|    n_updates            | 1206         |
|    policy_gradient_loss | -0.012       |
|    value_loss           | 0.416        |
------------------------------------------
------------------------------------------
| rollout/                |              |
|    ep_len_mean          | 45.3         |
|    ep_rew_mean          | -38.6        |
| time/                   |              |
|    fps                  | 16           |
|    iterations           | 52           |
|    time_elapsed         | 794          |
|    total_timesteps      | 13312        |
| train/                  |              |
|    approx_kl            | 0.0018761661 |
|    clip_fraction        | 0.013        |
|    clip_range           | 0.15         |
|    entropy_loss         | -4.7         |
|    explained_variance   | 0.806        |
|    learning_rate        | 0.0001       |
|    loss                 | 0.0478       |
|    n_updates            | 1209         |
|    policy_gradient_loss | -0.0193      |
|    value_loss           | 0.254        |
------------------------------------------
-------------------------------------------
| rollout/                |               |
|    ep_len_mean          | 45.6          |
|    ep_rew_mean          | -39.6         |
| time/                   |               |
|    fps                  | 16            |
|    iterations           | 53            |
|    time_elapsed         | 808           |
|    total_timesteps      | 13568         |
| train/                  |               |
|    approx_kl            | 0.00053343596 |
|    clip_fraction        | 0             |
|    clip_range           | 0.15          |
|    entropy_loss         | -4.39         |
|    explained_variance   | 0.906         |
|    learning_rate        | 0.0001        |
|    loss                 | 0.196         |
|    n_updates            | 1212          |
|    policy_gradient_loss | 8.49e-05      |
|    value_loss           | 0.412         |
-------------------------------------------
-------------------------------------------
| rollout/                |               |
|    ep_len_mean          | 45.8          |
|    ep_rew_mean          | -40.7         |
| time/                   |               |
|    fps                  | 16            |
|    iterations           | 54            |
|    time_elapsed         | 822           |
|    total_timesteps      | 13824         |
| train/                  |               |
|    approx_kl            | 0.00059878896 |
|    clip_fraction        | 0             |
|    clip_range           | 0.15          |
|    entropy_loss         | -4.33         |
|    explained_variance   | 0.868         |
|    learning_rate        | 0.0001        |
|    loss                 | 0.134         |
|    n_updates            | 1215          |
|    policy_gradient_loss | -0.00774      |
|    value_loss           | 0.346         |
-------------------------------------------
-----------------------------------------
| rollout/                |             |
|    ep_len_mean          | 45.9        |
|    ep_rew_mean          | -41.3       |
| time/                   |             |
|    fps                  | 16          |
|    iterations           | 55          |
|    time_elapsed         | 862         |
|    total_timesteps      | 14080       |
| train/                  |             |
|    approx_kl            | 0.000953106 |
|    clip_fraction        | 0.00781     |
|    clip_range           | 0.15        |
|    entropy_loss         | -4.36       |
|    explained_variance   | 0.899       |
|    learning_rate        | 0.0001      |
|    loss                 | 0.101       |
|    n_updates            | 1218        |
|    policy_gradient_loss | -0.0146     |
|    value_loss           | 0.32        |
-----------------------------------------
------------------------------------------
| rollout/                |              |
|    ep_len_mean          | 46.1         |
|    ep_rew_mean          | -41.8        |
| time/                   |              |
|    fps                  | 15           |
|    iterations           | 56           |
|    time_elapsed         | 899          |
|    total_timesteps      | 14336        |
| train/                  |              |
|    approx_kl            | 0.0006384619 |
|    clip_fraction        | 0            |
|    clip_range           | 0.15         |
|    entropy_loss         | -4.36        |
|    explained_variance   | 0.856        |
|    learning_rate        | 0.0001       |
|    loss                 | 0.107        |
|    n_updates            | 1221         |
|    policy_gradient_loss | -0.0018      |
|    value_loss           | 0.259        |
------------------------------------------
-------------------------------------------
| rollout/                |               |
|    ep_len_mean          | 46.3          |
|    ep_rew_mean          | -42.3         |
| time/                   |               |
|    fps                  | 15            |
|    iterations           | 57            |
|    time_elapsed         | 938           |
|    total_timesteps      | 14592         |
| train/                  |               |
|    approx_kl            | 0.00040279957 |
|    clip_fraction        | 0             |
|    clip_range           | 0.15          |
|    entropy_loss         | -4.35         |
|    explained_variance   | 0.853         |
|    learning_rate        | 0.0001        |
|    loss                 | 0.0858        |
|    n_updates            | 1224          |
|    policy_gradient_loss | -0.00764      |
|    value_loss           | 0.243         |
-------------------------------------------
------------------------------------------
| rollout/                |              |
|    ep_len_mean          | 46.4         |
|    ep_rew_mean          | -43.1        |
| time/                   |              |
|    fps                  | 15           |
|    iterations           | 58           |
|    time_elapsed         | 976          |
|    total_timesteps      | 14848        |
| train/                  |              |
|    approx_kl            | 0.0011188183 |
|    clip_fraction        | 0            |
|    clip_range           | 0.15         |
|    entropy_loss         | -4.34        |
|    explained_variance   | 0.85         |
|    learning_rate        | 0.0001       |
|    loss                 | 0.0652       |
|    n_updates            | 1227         |
|    policy_gradient_loss | -0.0147      |
|    value_loss           | 0.232        |
------------------------------------------
------------------------------------------
| rollout/                |              |
|    ep_len_mean          | 46.1         |
|    ep_rew_mean          | -43          |
| time/                   |              |
|    fps                  | 14           |
|    iterations           | 59           |
|    time_elapsed         | 1014         |
|    total_timesteps      | 15104        |
| train/                  |              |
|    approx_kl            | 0.0015119142 |
|    clip_fraction        | 0.00781      |
|    clip_range           | 0.15         |
|    entropy_loss         | -4.33        |
|    explained_variance   | 0.878        |
|    learning_rate        | 0.0001       |
|    loss                 | 0.0424       |
|    n_updates            | 1230         |
|    policy_gradient_loss | -0.0174      |
|    value_loss           | 0.195        |
------------------------------------------
------------------------------------------
| rollout/                |              |
|    ep_len_mean          | 45.5         |
|    ep_rew_mean          | -42.3        |
| time/                   |              |
|    fps                  | 14           |
|    iterations           | 60           |
|    time_elapsed         | 1053         |
|    total_timesteps      | 15360        |
| train/                  |              |
|    approx_kl            | 0.0018723293 |
|    clip_fraction        | 0.00781      |
|    clip_range           | 0.15         |
|    entropy_loss         | -4.31        |
|    explained_variance   | 0.937        |
|    learning_rate        | 0.0001       |
|    loss                 | 0.0201       |
|    n_updates            | 1233         |
|    policy_gradient_loss | -0.02        |
|    value_loss           | 0.157        |
------------------------------------------
------------------------------------------
| rollout/                |              |
|    ep_len_mean          | 45.1         |
|    ep_rew_mean          | -42.4        |
| time/                   |              |
|    fps                  | 14           |
|    iterations           | 61           |
|    time_elapsed         | 1093         |
|    total_timesteps      | 15616        |
| train/                  |              |
|    approx_kl            | 0.0019163713 |
|    clip_fraction        | 0.00781      |
|    clip_range           | 0.15         |
|    entropy_loss         | -4.3         |
|    explained_variance   | 0.938        |
|    learning_rate        | 0.0001       |
|    loss                 | 0.0116       |
|    n_updates            | 1236         |
|    policy_gradient_loss | -0.0194      |
|    value_loss           | 0.135        |
------------------------------------------
------------------------------------------
| rollout/                |              |
|    ep_len_mean          | 45           |
|    ep_rew_mean          | -43          |
| time/                   |              |
|    fps                  | 14           |
|    iterations           | 62           |
|    time_elapsed         | 1107         |
|    total_timesteps      | 15872        |
| train/                  |              |
|    approx_kl            | 0.0020097652 |
|    clip_fraction        | 0.00781      |
|    clip_range           | 0.15         |
|    entropy_loss         | -4.28        |
|    explained_variance   | 0.945        |
|    learning_rate        | 0.0001       |
|    loss                 | 0.00511      |
|    n_updates            | 1239         |
|    policy_gradient_loss | -0.0194      |
|    value_loss           | 0.122        |
------------------------------------------
------------------------------------------
| rollout/                |              |
|    ep_len_mean          | 44.9         |
|    ep_rew_mean          | -43.5        |
| time/                   |              |
|    fps                  | 14           |
|    iterations           | 63           |
|    time_elapsed         | 1116         |
|    total_timesteps      | 16128        |
| train/                  |              |
|    approx_kl            | 0.0019331945 |
|    clip_fraction        | 0.00911      |
|    clip_range           | 0.15         |
|    entropy_loss         | -4.34        |
|    explained_variance   | 0.931        |
|    learning_rate        | 0.0001       |
|    loss                 | -0.02        |
|    n_updates            | 1242         |
|    policy_gradient_loss | -0.0203      |
|    value_loss           | 0.0728       |
------------------------------------------
------------------------------------------
| rollout/                |              |
|    ep_len_mean          | 44.9         |
|    ep_rew_mean          | -44          |
| time/                   |              |
|    fps                  | 14           |
|    iterations           | 64           |
|    time_elapsed         | 1128         |
|    total_timesteps      | 16384        |
| train/                  |              |
|    approx_kl            | 0.0028035694 |
|    clip_fraction        | 0.0156       |
|    clip_range           | 0.15         |
|    entropy_loss         | -4.32        |
|    explained_variance   | 0.939        |
|    learning_rate        | 0.0001       |
|    loss                 | -0.0271      |
|    n_updates            | 1245         |
|    policy_gradient_loss | -0.0224      |
|    value_loss           | 0.0649       |
------------------------------------------
------------------------------------------
| rollout/                |              |
|    ep_len_mean          | 45           |
|    ep_rew_mean          | -44.1        |
| time/                   |              |
|    fps                  | 14           |
|    iterations           | 65           |
|    time_elapsed         | 1141         |
|    total_timesteps      | 16640        |
| train/                  |              |
|    approx_kl            | 0.0030877972 |
|    clip_fraction        | 0.0234       |
|    clip_range           | 0.15         |
|    entropy_loss         | -4.42        |
|    explained_variance   | 0.926        |
|    learning_rate        | 0.0001       |
|    loss                 | -0.0147      |
|    n_updates            | 1248         |
|    policy_gradient_loss | -0.021       |
|    value_loss           | 0.0848       |
------------------------------------------
-----------------------------------------
| rollout/                |             |
|    ep_len_mean          | 44.8        |
|    ep_rew_mean          | -43.9       |
| time/                   |             |
|    fps                  | 14          |
|    iterations           | 66          |
|    time_elapsed         | 1153        |
|    total_timesteps      | 16896       |
| train/                  |             |
|    approx_kl            | 0.003230778 |
|    clip_fraction        | 0.0234      |
|    clip_range           | 0.15        |
|    entropy_loss         | -4.39       |
|    explained_variance   | 0.921       |
|    learning_rate        | 0.0001      |
|    loss                 | -0.00225    |
|    n_updates            | 1251        |
|    policy_gradient_loss | -0.0176     |
|    value_loss           | 0.0957      |
-----------------------------------------
------------------------------------------
| rollout/                |              |
|    ep_len_mean          | 44.5         |
|    ep_rew_mean          | -43.9        |
| time/                   |              |
|    fps                  | 14           |
|    iterations           | 67           |
|    time_elapsed         | 1166         |
|    total_timesteps      | 17152        |
| train/                  |              |
|    approx_kl            | 0.0027353067 |
|    clip_fraction        | 0.0195       |
|    clip_range           | 0.15         |
|    entropy_loss         | -4.32        |
|    explained_variance   | 0.933        |
|    learning_rate        | 0.0001       |
|    loss                 | -0.00989     |
|    n_updates            | 1254         |
|    policy_gradient_loss | -0.0173      |
|    value_loss           | 0.0762       |
------------------------------------------
------------------------------------------
| rollout/                |              |
|    ep_len_mean          | 44.1         |
|    ep_rew_mean          | -43.8        |
| time/                   |              |
|    fps                  | 14           |
|    iterations           | 68           |
|    time_elapsed         | 1174         |
|    total_timesteps      | 17408        |
| train/                  |              |
|    approx_kl            | 0.0014095632 |
|    clip_fraction        | 0            |
|    clip_range           | 0.15         |
|    entropy_loss         | -4.2         |
|    explained_variance   | 0.915        |
|    learning_rate        | 0.0001       |
|    loss                 | 0.00636      |
|    n_updates            | 1257         |
|    policy_gradient_loss | -0.0134      |
|    value_loss           | 0.101        |
------------------------------------------
-------------------------------------------
| rollout/                |               |
|    ep_len_mean          | 44.2          |
|    ep_rew_mean          | -44.4         |
| time/                   |               |
|    fps                  | 14            |
|    iterations           | 69            |
|    time_elapsed         | 1210          |
|    total_timesteps      | 17664         |
| train/                  |               |
|    approx_kl            | 0.00084318477 |
|    clip_fraction        | 0             |
|    clip_range           | 0.15          |
|    entropy_loss         | -4.21         |
|    explained_variance   | 0.862         |
|    learning_rate        | 0.0001        |
|    loss                 | 0.0409        |
|    n_updates            | 1260          |
|    policy_gradient_loss | -0.0116       |
|    value_loss           | 0.158         |
-------------------------------------------
------------------------------------------
| rollout/                |              |
|    ep_len_mean          | 44.3         |
|    ep_rew_mean          | -45          |
| time/                   |              |
|    fps                  | 14           |
|    iterations           | 70           |
|    time_elapsed         | 1247         |
|    total_timesteps      | 17920        |
| train/                  |              |
|    approx_kl            | 0.0007890486 |
|    clip_fraction        | 0            |
|    clip_range           | 0.15         |
|    entropy_loss         | -4.17        |
|    explained_variance   | 0.825        |
|    learning_rate        | 0.0001       |
|    loss                 | 0.475        |
|    n_updates            | 1263         |
|    policy_gradient_loss | -0.0053      |
|    value_loss           | 1.04         |
------------------------------------------
------------------------------------------
| rollout/                |              |
|    ep_len_mean          | 44.4         |
|    ep_rew_mean          | -45.6        |
| time/                   |              |
|    fps                  | 14           |
|    iterations           | 71           |
|    time_elapsed         | 1287         |
|    total_timesteps      | 18176        |
| train/                  |              |
|    approx_kl            | 0.0007343467 |
|    clip_fraction        | 0            |
|    clip_range           | 0.15         |
|    entropy_loss         | -4.19        |
|    explained_variance   | 0.84         |
|    learning_rate        | 0.0001       |
|    loss                 | 0.339        |
|    n_updates            | 1266         |
|    policy_gradient_loss | -0.00644     |
|    value_loss           | 0.808        |
------------------------------------------
------------------------------------------
| rollout/                |              |
|    ep_len_mean          | 44.4         |
|    ep_rew_mean          | -44.9        |
| time/                   |              |
|    fps                  | 13           |
|    iterations           | 72           |
|    time_elapsed         | 1331         |
|    total_timesteps      | 18432        |
| train/                  |              |
|    approx_kl            | 0.0004783671 |
|    clip_fraction        | 0            |
|    clip_range           | 0.15         |
|    entropy_loss         | -4.22        |
|    explained_variance   | 0.879        |
|    learning_rate        | 0.0001       |
|    loss                 | 0.283        |
|    n_updates            | 1269         |
|    policy_gradient_loss | -0.00825     |
|    value_loss           | 0.701        |
------------------------------------------
------------------------------------------
| rollout/                |              |
|    ep_len_mean          | 44.4         |
|    ep_rew_mean          | -44.3        |
| time/                   |              |
|    fps                  | 13           |
|    iterations           | 73           |
|    time_elapsed         | 1373         |
|    total_timesteps      | 18688        |
| train/                  |              |
|    approx_kl            | 0.0002401832 |
|    clip_fraction        | 0            |
|    clip_range           | 0.15         |
|    entropy_loss         | -4.38        |
|    explained_variance   | 0.712        |
|    learning_rate        | 0.0001       |
|    loss                 | 0.197        |
|    n_updates            | 1272         |
|    policy_gradient_loss | -0.00329     |
|    value_loss           | 0.408        |
------------------------------------------
-------------------------------------------
| rollout/                |               |
|    ep_len_mean          | 44.7          |
|    ep_rew_mean          | -44.9         |
| time/                   |               |
|    fps                  | 13            |
|    iterations           | 74            |
|    time_elapsed         | 1412          |
|    total_timesteps      | 18944         |
| train/                  |               |
|    approx_kl            | 0.00035432214 |
|    clip_fraction        | 0             |
|    clip_range           | 0.15          |
|    entropy_loss         | -4.36         |
|    explained_variance   | 0.682         |
|    learning_rate        | 0.0001        |
|    loss                 | 0.183         |
|    n_updates            | 1275          |
|    policy_gradient_loss | -0.00741      |
|    value_loss           | 0.432         |
-------------------------------------------
-------------------------------------------
| rollout/                |               |
|    ep_len_mean          | 45            |
|    ep_rew_mean          | -45.6         |
| time/                   |               |
|    fps                  | 13            |
|    iterations           | 75            |
|    time_elapsed         | 1450          |
|    total_timesteps      | 19200         |
| train/                  |               |
|    approx_kl            | 0.00032922556 |
|    clip_fraction        | 0             |
|    clip_range           | 0.15          |
|    entropy_loss         | -4.2          |
|    explained_variance   | 0.879         |
|    learning_rate        | 0.0001        |
|    loss                 | 0.26          |
|    n_updates            | 1278          |
|    policy_gradient_loss | -0.00646      |
|    value_loss           | 0.591         |
-------------------------------------------
------------------------------------------
| rollout/                |              |
|    ep_len_mean          | 45.2         |
|    ep_rew_mean          | -46.3        |
| time/                   |              |
|    fps                  | 13           |
|    iterations           | 76           |
|    time_elapsed         | 1490         |
|    total_timesteps      | 19456        |
| train/                  |              |
|    approx_kl            | 0.0004961188 |
|    clip_fraction        | 0            |
|    clip_range           | 0.15         |
|    entropy_loss         | -4.2         |
|    explained_variance   | 0.906        |
|    learning_rate        | 0.0001       |
|    loss                 | 0.189        |
|    n_updates            | 1281         |
|    policy_gradient_loss | -0.0113      |
|    value_loss           | 0.484        |
------------------------------------------
-------------------------------------------
| rollout/                |               |
|    ep_len_mean          | 45.4          |
|    ep_rew_mean          | -46           |
| time/                   |               |
|    fps                  | 12            |
|    iterations           | 77            |
|    time_elapsed         | 1534          |
|    total_timesteps      | 19712         |
| train/                  |               |
|    approx_kl            | 0.00058894744 |
|    clip_fraction        | 0             |
|    clip_range           | 0.15          |
|    entropy_loss         | -4.15         |
|    explained_variance   | 0.939         |
|    learning_rate        | 0.0001        |
|    loss                 | 0.149         |
|    n_updates            | 1284          |
|    policy_gradient_loss | -0.0107       |
|    value_loss           | 0.398         |
-------------------------------------------
