experiment_id,episode_id,turn,unit_id,l3_strategy,l2_option,attack_mode,confidence,value_estimate,enemy_distance,terrain,hp
exp_hrl_v1,0,1,US_1,HOLD_VP,ADVANCE,,0.2209296077489853,31.995033264160156,,,4
exp_hrl_v1,0,1,US_2,HOLD_VP,ADVANCE,,0.2209296077489853,31.995033264160156,,,4
exp_hrl_v1,0,1,US_3,HOLD_VP,ADVANCE,,0.2209296077489853,31.995033264160156,,,4
exp_hrl_v1,0,1,US_4,HOLD_VP,ADVANCE,,0.2209296077489853,31.995033264160156,,,4
exp_hrl_v1,0,1,US_5,HOLD_VP,ADVANCE,,0.2209296077489853,31.995033264160156,,,2
exp_hrl_v1,0,1,US_6,HOLD_VP,ADVANCE,,0.2209296077489853,31.995033264160156,,,4
exp_hrl_v1,0,1,US_7,HOLD_VP,ADVANCE,,0.19832457602024078,38.966827392578125,,,2
exp_hrl_v1,0,2,US_1,HOLD_VP,ADVANCE,,0.19832457602024078,38.966827392578125,,,4
exp_hrl_v1,0,2,US_2,HOLD_VP,ADVANCE,,0.19832457602024078,38.966827392578125,,,4
exp_hrl_v1,0,2,US_3,HOLD_VP,ADVANCE,,0.19832457602024078,38.966827392578125,,,4
exp_hrl_v1,0,2,US_4,HOLD_VP,ADVANCE,,0.19832457602024078,38.966827392578125,,,4
exp_hrl_v1,0,2,US_5,HOLD_VP,ADVANCE,,0.19832457602024078,38.966827392578125,,,2
exp_hrl_v1,0,2,US_6,HOLD_VP,ADVANCE,,0.1971135288476944,43.13095474243164,,,4
exp_hrl_v1,0,2,US_7,HOLD_VP,ADVANCE,,0.1971135288476944,43.13095474243164,,,2
exp_hrl_v1,0,3,US_1,HOLD_VP,ADVANCE,,0.1971135288476944,43.13095474243164,,,4
exp_hrl_v1,0,3,US_2,HOLD_VP,ADVANCE,,0.1971135288476944,43.13095474243164,,,4
exp_hrl_v1,0,3,US_3,HOLD_VP,ADVANCE,,0.1971135288476944,43.13095474243164,,,4
exp_hrl_v1,0,3,US_4,HOLD_VP,ADVANCE,,0.1971135288476944,43.13095474243164,,,4
exp_hrl_v1,0,3,US_5,HOLD_VP,ADVANCE,,0.17456643283367157,51.56973648071289,,,2
exp_hrl_v1,0,3,US_6,HOLD_VP,ADVANCE,,0.17456643283367157,51.56973648071289,,,4
exp_hrl_v1,0,3,US_7,HOLD_VP,ADVANCE,,0.17456643283367157,51.56973648071289,,,2
exp_hrl_v1,0,4,US_1,HOLD_VP,ADVANCE,,0.17456643283367157,51.56973648071289,,,4
exp_hrl_v1,0,4,US_2,HOLD_VP,ADVANCE,,0.17456643283367157,51.56973648071289,,,4
exp_hrl_v1,0,4,US_3,HOLD_VP,ADVANCE,,0.17456643283367157,51.56973648071289,,,4
exp_hrl_v1,0,4,US_4,HOLD_VP,ADVANCE,,0.20836415886878967,56.64994812011719,,,4
exp_hrl_v1,0,4,US_5,HOLD_VP,ADVANCE,,0.20836415886878967,56.64994812011719,,,2
exp_hrl_v1,0,4,US_6,HOLD_VP,ADVANCE,,0.20836415886878967,56.64994812011719,,,4
exp_hrl_v1,0,4,US_7,HOLD_VP,ADVANCE,,0.20836415886878967,56.64994812011719,,,2
exp_hrl_v1,0,5,US_1,HOLD_VP,ADVANCE,,0.20836415886878967,56.64994812011719,,,4
exp_hrl_v1,0,5,US_2,HOLD_VP,ADVANCE,,0.20836415886878967,56.64994812011719,,,4
exp_hrl_v1,0,5,US_3,HOLD_VP,ADVANCE,,0.18875157833099365,59.8690185546875,,,4
exp_hrl_v1,0,5,US_4,HOLD_VP,ADVANCE,,0.18875157833099365,59.8690185546875,,,4
exp_hrl_v1,0,5,US_5,HOLD_VP,ADVANCE,,0.18875157833099365,59.8690185546875,,,2
exp_hrl_v1,0,5,US_6,HOLD_VP,ADVANCE,,0.18875157833099365,59.8690185546875,,,4
exp_hrl_v1,0,5,US_7,HOLD_VP,ADVANCE,,0.18875157833099365,59.8690185546875,,,2
exp_hrl_v1,0,6,US_1,HOLD_VP,ADVANCE,,0.18875157833099365,59.8690185546875,,,4
exp_hrl_v1,0,6,US_2,HOLD_VP,ATTACK,DIRECT,0.15177582204341888,63.512123107910156,,,4
exp_hrl_v1,0,6,US_3,HOLD_VP,ATTACK,DIRECT,0.15177582204341888,63.512123107910156,,,4
exp_hrl_v1,0,6,US_4,HOLD_VP,ATTACK,DIRECT,0.15177582204341888,63.512123107910156,,,4
exp_hrl_v1,0,6,US_5,HOLD_VP,ATTACK,DIRECT,0.15177582204341888,63.512123107910156,,,2
exp_hrl_v1,0,6,US_6,HOLD_VP,ATTACK,DIRECT,0.15177582204341888,63.512123107910156,,,4
exp_hrl_v1,0,6,US_7,HOLD_VP,ATTACK,DIRECT,0.15177582204341888,63.512123107910156,,,2
exp_hrl_v1,0,7,US_1,HOLD_VP,ATTACK,DIRECT,0.15177582204341888,63.512123107910156,,,4
exp_hrl_v1,0,7,US_2,HOLD_VP,ATTACK,DIRECT,0.15177582204341888,63.512123107910156,,,4
exp_hrl_v1,0,7,US_3,HOLD_VP,ATTACK,DIRECT,0.15177582204341888,63.512123107910156,,,4
exp_hrl_v1,0,7,US_4,HOLD_VP,ATTACK,DIRECT,0.15177582204341888,63.512123107910156,,,4
exp_hrl_v1,1,1,US_1,ATTACK,ADVANCE,,0.2209296077489853,31.995033264160156,,,4
exp_hrl_v1,1,1,US_2,ATTACK,ADVANCE,,0.2209296077489853,31.995033264160156,,,4
exp_hrl_v1,1,1,US_3,ATTACK,ADVANCE,,0.2209296077489853,31.995033264160156,,,4
exp_hrl_v1,1,1,US_4,ATTACK,ADVANCE,,0.2209296077489853,31.995033264160156,,,4
exp_hrl_v1,1,1,US_5,ATTACK,ADVANCE,,0.2209296077489853,31.995033264160156,,,2
exp_hrl_v1,1,1,US_6,ATTACK,ADVANCE,,0.2209296077489853,31.995033264160156,,,4
exp_hrl_v1,1,1,US_7,ATTACK,ADVANCE,,0.19140321016311646,38.966827392578125,,,2
exp_hrl_v1,1,2,US_1,ATTACK,ADVANCE,,0.19140321016311646,38.966827392578125,,,4
exp_hrl_v1,1,2,US_2,ATTACK,ADVANCE,,0.19140321016311646,38.966827392578125,,,4
exp_hrl_v1,1,2,US_3,ATTACK,ADVANCE,,0.19140321016311646,38.966827392578125,,,4
exp_hrl_v1,1,2,US_4,ATTACK,ADVANCE,,0.19140321016311646,38.966827392578125,,,4
exp_hrl_v1,1,2,US_5,ATTACK,ADVANCE,,0.19140321016311646,38.966827392578125,,,2
exp_hrl_v1,1,2,US_6,ATTACK,ATTACK,INDIRECT,0.21960562467575073,43.13095474243164,,,4
exp_hrl_v1,1,2,US_7,ATTACK,ATTACK,INDIRECT,0.21960562467575073,43.13095474243164,,,2
exp_hrl_v1,1,3,US_1,ATTACK,ATTACK,INDIRECT,0.21960562467575073,43.13095474243164,,,4
exp_hrl_v1,1,3,US_2,ATTACK,ATTACK,INDIRECT,0.21960562467575073,43.13095474243164,,,4
exp_hrl_v1,1,3,US_3,ATTACK,ATTACK,INDIRECT,0.21960562467575073,43.13095474243164,,,4
exp_hrl_v1,1,3,US_4,ATTACK,ATTACK,INDIRECT,0.21960562467575073,43.13095474243164,,,4
exp_hrl_v1,1,3,US_5,ATTACK,ATTACK,INDIRECT,0.21960562467575073,43.13095474243164,,,2
exp_hrl_v1,1,3,US_6,ATTACK,ATTACK,INDIRECT,0.21960562467575073,43.13095474243164,,,4
exp_hrl_v1,1,3,US_7,ATTACK,ATTACK,INDIRECT,0.21960562467575073,43.13095474243164,,,2
exp_hrl_v1,1,4,US_1,ATTACK,ATTACK,INDIRECT,0.21960562467575073,43.13095474243164,,,4
exp_hrl_v1,2,1,US_1,ATTACK,ADVANCE,,0.2209296077489853,31.995033264160156,,,4
exp_hrl_v1,2,1,US_2,ATTACK,ADVANCE,,0.2209296077489853,31.995033264160156,,,4
exp_hrl_v1,2,1,US_3,ATTACK,ADVANCE,,0.2209296077489853,31.995033264160156,,,4
exp_hrl_v1,2,1,US_4,ATTACK,ADVANCE,,0.2209296077489853,31.995033264160156,,,4
exp_hrl_v1,2,1,US_5,ATTACK,ADVANCE,,0.2209296077489853,31.995033264160156,,,2
exp_hrl_v1,2,1,US_6,ATTACK,ADVANCE,,0.2209296077489853,31.995033264160156,,,4
exp_hrl_v1,2,1,US_7,ATTACK,ATTACK,DIRECT,0.21747517585754395,38.966827392578125,,,2
exp_hrl_v1,2,2,US_1,ATTACK,ATTACK,DIRECT,0.21747517585754395,38.966827392578125,,,4
exp_hrl_v1,2,2,US_2,ATTACK,ATTACK,DIRECT,0.21747517585754395,38.966827392578125,,,4
exp_hrl_v1,2,2,US_3,ATTACK,ATTACK,DIRECT,0.21747517585754395,38.966827392578125,,,4
exp_hrl_v1,2,2,US_4,ATTACK,ATTACK,DIRECT,0.21747517585754395,38.966827392578125,,,4
exp_hrl_v1,2,2,US_5,ATTACK,ATTACK,DIRECT,0.21747517585754395,38.966827392578125,,,2
exp_hrl_v1,2,2,US_6,ATTACK,ATTACK,DIRECT,0.21747517585754395,38.966827392578125,,,4
exp_hrl_v1,2,2,US_7,ATTACK,ATTACK,DIRECT,0.21747517585754395,38.966827392578125,,,2
exp_hrl_v1,2,3,US_1,ATTACK,ATTACK,DIRECT,0.21747517585754395,38.966827392578125,,,4
exp_hrl_v1,2,3,US_2,ATTACK,ATTACK,DIRECT,0.21747517585754395,38.966827392578125,,,4
exp_hrl_v1,2,3,US_3,ATTACK,ATTACK,DIRECT,0.16705431044101715,53.49028778076172,,,4
exp_hrl_v1,2,3,US_4,ATTACK,ATTACK,DIRECT,0.16705431044101715,53.49028778076172,,,4
exp_hrl_v1,2,3,US_5,ATTACK,ATTACK,DIRECT,0.16705431044101715,53.49028778076172,,,2
exp_hrl_v1,2,3,US_6,ATTACK,ATTACK,DIRECT,0.16705431044101715,53.49028778076172,,,4
exp_hrl_v1,2,3,US_7,ATTACK,ATTACK,DIRECT,0.16705431044101715,53.49028778076172,,,2
exp_hrl_v1,3,1,US_1,ATTACK,ATTACK,DIRECT,0.1957722306251526,31.995033264160156,,,4
exp_hrl_v1,3,1,US_2,ATTACK,ATTACK,DIRECT,0.1957722306251526,31.995033264160156,,,4
exp_hrl_v1,3,1,US_3,ATTACK,ATTACK,DIRECT,0.1957722306251526,31.995033264160156,,,4
exp_hrl_v1,3,1,US_4,ATTACK,ATTACK,DIRECT,0.1957722306251526,31.995033264160156,,,4
exp_hrl_v1,3,1,US_5,ATTACK,ATTACK,DIRECT,0.1957722306251526,31.995033264160156,,,2
exp_hrl_v1,3,1,US_6,ATTACK,ATTACK,DIRECT,0.1957722306251526,31.995033264160156,,,4
exp_hrl_v1,3,1,US_7,ATTACK,ATTACK,DIRECT,0.1957722306251526,31.995033264160156,,,2
exp_hrl_v1,3,2,US_1,ATTACK,ATTACK,DIRECT,0.1957722306251526,31.995033264160156,,,4
exp_hrl_v1,3,2,US_2,ATTACK,ATTACK,DIRECT,0.1957722306251526,31.995033264160156,,,4
exp_hrl_v1,3,2,US_3,ATTACK,ATTACK,DIRECT,0.1957722306251526,31.995033264160156,,,4
exp_hrl_v1,3,2,US_4,ATTACK,ATTACK,DIRECT,0.3770473599433899,53.34583282470703,,,4
exp_hrl_v1,3,2,US_5,ATTACK,ATTACK,DIRECT,0.3770473599433899,53.34583282470703,,,2
exp_hrl_v1,3,2,US_6,ATTACK,ATTACK,DIRECT,0.3770473599433899,53.34583282470703,,,4
exp_hrl_v1,3,2,US_7,ATTACK,ATTACK,DIRECT,0.3770473599433899,53.34583282470703,,,2
exp_hrl_v1,3,3,US_1,ATTACK,ATTACK,DIRECT,0.3770473599433899,53.34583282470703,,,4
exp_hrl_v1,3,3,US_2,ATTACK,ATTACK,DIRECT,0.3770473599433899,53.34583282470703,,,4
exp_hrl_v1,3,3,US_3,ATTACK,ATTACK,DIRECT,0.3770473599433899,53.34583282470703,,,4
exp_hrl_v1,4,1,US_1,PUSH_VP,ADVANCE,,0.1899789720773697,31.995033264160156,,,4
exp_hrl_v1,4,1,US_2,PUSH_VP,ADVANCE,,0.1899789720773697,31.995033264160156,,,4
exp_hrl_v1,4,1,US_3,PUSH_VP,ADVANCE,,0.1899789720773697,31.995033264160156,,,4
exp_hrl_v1,4,1,US_4,PUSH_VP,ADVANCE,,0.1899789720773697,31.995033264160156,,,4
exp_hrl_v1,4,1,US_5,PUSH_VP,ADVANCE,,0.1899789720773697,31.995033264160156,,,2
exp_hrl_v1,4,1,US_6,PUSH_VP,ADVANCE,,0.1899789720773697,31.995033264160156,,,4
exp_hrl_v1,4,1,US_7,PUSH_VP,ADVANCE,,0.21747517585754395,38.966827392578125,,,2
exp_hrl_v1,4,2,US_1,PUSH_VP,ADVANCE,,0.21747517585754395,38.966827392578125,,,4
exp_hrl_v1,4,2,US_2,PUSH_VP,ADVANCE,,0.21747517585754395,38.966827392578125,,,4
exp_hrl_v1,4,2,US_3,PUSH_VP,ADVANCE,,0.21747517585754395,38.966827392578125,,,4
exp_hrl_v1,4,2,US_4,PUSH_VP,ADVANCE,,0.21747517585754395,38.966827392578125,,,4
exp_hrl_v1,4,2,US_5,PUSH_VP,ADVANCE,,0.21747517585754395,38.966827392578125,,,2
exp_hrl_v1,4,2,US_6,PUSH_VP,ADVANCE,,0.21960562467575073,43.13095474243164,,,4
exp_hrl_v1,4,2,US_7,PUSH_VP,ADVANCE,,0.21960562467575073,43.13095474243164,,,2
exp_hrl_v1,4,3,US_1,PUSH_VP,ADVANCE,,0.21960562467575073,43.13095474243164,,,4
exp_hrl_v1,4,3,US_2,PUSH_VP,ADVANCE,,0.21960562467575073,43.13095474243164,,,4
exp_hrl_v1,4,3,US_3,PUSH_VP,ADVANCE,,0.21960562467575073,43.13095474243164,,,4
exp_hrl_v1,4,3,US_4,PUSH_VP,ADVANCE,,0.21960562467575073,43.13095474243164,,,4
exp_hrl_v1,4,3,US_5,PUSH_VP,RETREAT,,0.17456643283367157,51.56973648071289,,,2
exp_hrl_v1,4,3,US_6,PUSH_VP,RETREAT,,0.17456643283367157,51.56973648071289,,,4
exp_hrl_v1,4,3,US_7,PUSH_VP,FLANK,,0.18078774213790894,54.07414627075195,,,2
exp_hrl_v1,4,4,US_1,PUSH_VP,FLANK,,0.18078774213790894,54.07414627075195,,,4
exp_hrl_v1,4,4,US_2,PUSH_VP,FLANK,,0.18078774213790894,54.07414627075195,,,4
exp_hrl_v1,4,4,US_3,PUSH_VP,FLANK,,0.18078774213790894,54.07414627075195,,,4
exp_hrl_v1,4,4,US_4,PUSH_VP,FLANK,,0.18078774213790894,54.07414627075195,,,4
exp_hrl_v1,4,4,US_5,PUSH_VP,ADVANCE,,0.13928329944610596,58.02866744995117,,,2
exp_hrl_v1,4,4,US_6,PUSH_VP,ADVANCE,,0.13928329944610596,58.02866744995117,,,4
exp_hrl_v1,4,4,US_7,PUSH_VP,ADVANCE,,0.13928329944610596,58.02866744995117,,,2
exp_hrl_v1,4,5,US_1,PUSH_VP,ADVANCE,,0.13928329944610596,58.02866744995117,,,4
exp_hrl_v1,4,5,US_2,PUSH_VP,ADVANCE,,0.13928329944610596,58.02866744995117,,,4
exp_hrl_v1,4,5,US_3,PUSH_VP,ADVANCE,,0.13928329944610596,58.02866744995117,,,4
exp_hrl_v1,4,5,US_4,HOLD_VP,ADVANCE,,0.16155202686786652,61.27526092529297,,,4
exp_hrl_v1,4,5,US_5,HOLD_VP,ADVANCE,,0.16155202686786652,61.27526092529297,,,2
exp_hrl_v1,4,5,US_6,HOLD_VP,ADVANCE,,0.16155202686786652,61.27526092529297,,,4
exp_hrl_v1,4,5,US_7,HOLD_VP,ADVANCE,,0.16155202686786652,61.27526092529297,,,2
exp_hrl_v1,4,6,US_1,HOLD_VP,ADVANCE,,0.16155202686786652,61.27526092529297,,,4
exp_hrl_v1,4,6,US_2,HOLD_VP,ADVANCE,,0.16155202686786652,61.27526092529297,,,4
exp_hrl_v1,4,6,US_3,HOLD_VP,ATTACK,DIRECT,0.14830002188682556,62.957454681396484,,,4
exp_hrl_v1,4,6,US_4,HOLD_VP,ATTACK,DIRECT,0.14830002188682556,62.957454681396484,,,4
exp_hrl_v1,4,6,US_5,HOLD_VP,ATTACK,DIRECT,0.14830002188682556,62.957454681396484,,,2
exp_hrl_v1,4,6,US_6,HOLD_VP,ATTACK,DIRECT,0.14830002188682556,62.957454681396484,,,4
exp_hrl_v1,4,6,US_7,HOLD_VP,ATTACK,DIRECT,0.14830002188682556,62.957454681396484,,,2
exp_hrl_v1,4,7,US_1,HOLD_VP,ATTACK,DIRECT,0.14830002188682556,62.957454681396484,,,4
exp_hrl_v1,4,7,US_2,HOLD_VP,ATTACK,DIRECT,0.14830002188682556,62.957454681396484,,,4
exp_hrl_v1,4,7,US_3,HOLD_VP,ATTACK,DIRECT,0.14830002188682556,62.957454681396484,,,4
exp_hrl_v1,5,1,US_1,PUSH_VP,FLANK,,0.1957722306251526,31.995033264160156,,,4
exp_hrl_v1,5,1,US_2,PUSH_VP,FLANK,,0.1957722306251526,31.995033264160156,,,4
exp_hrl_v1,5,1,US_3,PUSH_VP,FLANK,,0.1957722306251526,31.995033264160156,,,4
exp_hrl_v1,5,1,US_4,PUSH_VP,FLANK,,0.1957722306251526,31.995033264160156,,,4
exp_hrl_v1,5,1,US_5,PUSH_VP,FLANK,,0.1957722306251526,31.995033264160156,,,2
exp_hrl_v1,5,1,US_6,PUSH_VP,ADVANCE,,0.19178712368011475,38.0492057800293,,,4
exp_hrl_v1,5,1,US_7,PUSH_VP,ADVANCE,,0.19178712368011475,38.0492057800293,,,2
exp_hrl_v1,5,2,US_1,PUSH_VP,ADVANCE,,0.19178712368011475,38.0492057800293,,,4
exp_hrl_v1,5,2,US_2,PUSH_VP,ADVANCE,,0.19178712368011475,38.0492057800293,,,4
exp_hrl_v1,5,2,US_3,PUSH_VP,ADVANCE,,0.19178712368011475,38.0492057800293,,,4
exp_hrl_v1,5,2,US_4,PUSH_VP,ADVANCE,,0.19178712368011475,38.0492057800293,,,4
exp_hrl_v1,5,2,US_5,PUSH_VP,FLANK,,0.1958848387002945,45.439945220947266,,,2
exp_hrl_v1,5,2,US_6,PUSH_VP,FLANK,,0.1958848387002945,45.439945220947266,,,4
exp_hrl_v1,5,2,US_7,PUSH_VP,FLANK,,0.1958848387002945,45.439945220947266,,,2
exp_hrl_v1,5,3,US_1,PUSH_VP,FLANK,,0.1958848387002945,45.439945220947266,,,4
exp_hrl_v1,5,3,US_2,PUSH_VP,FLANK,,0.1958848387002945,45.439945220947266,,,4
exp_hrl_v1,5,3,US_3,PUSH_VP,HOLD,,0.1788455992937088,50.0499267578125,,,4
exp_hrl_v1,5,3,US_4,PUSH_VP,FLANK,,0.18455737829208374,52.57407760620117,,,4
exp_hrl_v1,5,3,US_5,PUSH_VP,FLANK,,0.18455737829208374,52.57407760620117,,,2
exp_hrl_v1,5,3,US_6,PUSH_VP,FLANK,,0.18455737829208374,52.57407760620117,,,4
exp_hrl_v1,5,3,US_7,PUSH_VP,FLANK,,0.18455737829208374,52.57407760620117,,,2
exp_hrl_v1,5,4,US_1,PUSH_VP,FLANK,,0.18455737829208374,52.57407760620117,,,4
exp_hrl_v1,5,4,US_2,PUSH_VP,ADVANCE,,0.14313244819641113,57.244911193847656,,,4
exp_hrl_v1,5,4,US_3,PUSH_VP,ADVANCE,,0.14313244819641113,57.244911193847656,,,4
exp_hrl_v1,5,4,US_4,PUSH_VP,ADVANCE,,0.14313244819641113,57.244911193847656,,,4
exp_hrl_v1,5,4,US_5,PUSH_VP,ADVANCE,,0.14313244819641113,57.244911193847656,,,2
exp_hrl_v1,5,4,US_6,PUSH_VP,ADVANCE,,0.14313244819641113,57.244911193847656,,,4
exp_hrl_v1,5,4,US_7,PUSH_VP,ADVANCE,,0.14313244819641113,57.244911193847656,,,2
exp_hrl_v1,5,5,US_1,HOLD_VP,ATTACK,DIRECT,0.3624631464481354,59.34041976928711,,,4
exp_hrl_v1,5,5,US_2,HOLD_VP,ATTACK,DIRECT,0.3624631464481354,59.34041976928711,,,4
exp_hrl_v1,5,5,US_3,HOLD_VP,ATTACK,DIRECT,0.3624631464481354,59.34041976928711,,,4
exp_hrl_v1,5,5,US_4,HOLD_VP,ATTACK,DIRECT,0.3624631464481354,59.34041976928711,,,4
exp_hrl_v1,5,5,US_5,HOLD_VP,ATTACK,DIRECT,0.3624631464481354,59.34041976928711,,,2
exp_hrl_v1,5,5,US_6,HOLD_VP,ATTACK,DIRECT,0.3624631464481354,59.34041976928711,,,4
exp_hrl_v1,5,5,US_7,HOLD_VP,ATTACK,DIRECT,0.3624631464481354,59.34041976928711,,,2
exp_hrl_v1,5,6,US_1,HOLD_VP,ATTACK,DIRECT,0.3624631464481354,59.34041976928711,,,4
exp_hrl_v1,5,6,US_2,HOLD_VP,ATTACK,DIRECT,0.3624631464481354,59.34041976928711,,,4
exp_hrl_v1,5,6,US_3,HOLD_VP,ATTACK,DIRECT,0.3624631464481354,59.34041976928711,,,4
exp_hrl_v1,6,1,US_1,HOLD_VP,ADVANCE,,0.1955854892730713,31.995033264160156,,,4
exp_hrl_v1,6,1,US_2,HOLD_VP,ADVANCE,,0.1955854892730713,31.995033264160156,,,4
exp_hrl_v1,6,1,US_3,HOLD_VP,ADVANCE,,0.1955854892730713,31.995033264160156,,,4
exp_hrl_v1,6,1,US_4,HOLD_VP,ADVANCE,,0.1955854892730713,31.995033264160156,,,4
exp_hrl_v1,6,1,US_5,HOLD_VP,ADVANCE,,0.1955854892730713,31.995033264160156,,,2
exp_hrl_v1,6,1,US_6,HOLD_VP,ADVANCE,,0.1955854892730713,31.995033264160156,,,4
exp_hrl_v1,6,1,US_7,HOLD_VP,FLANK,,0.1966974139213562,38.966827392578125,,,2
exp_hrl_v1,6,2,US_1,HOLD_VP,FLANK,,0.1966974139213562,38.966827392578125,,,4
exp_hrl_v1,6,2,US_2,HOLD_VP,FLANK,,0.1966974139213562,38.966827392578125,,,4
exp_hrl_v1,6,2,US_3,HOLD_VP,FLANK,,0.1966974139213562,38.966827392578125,,,4
exp_hrl_v1,6,2,US_4,HOLD_VP,FLANK,,0.1966974139213562,38.966827392578125,,,4
exp_hrl_v1,6,2,US_5,HOLD_VP,ADVANCE,,0.22964689135551453,45.69208526611328,,,2
exp_hrl_v1,6,2,US_6,HOLD_VP,ADVANCE,,0.22964689135551453,45.69208526611328,,,4
exp_hrl_v1,6,2,US_7,HOLD_VP,ADVANCE,,0.22964689135551453,45.69208526611328,,,2
exp_hrl_v1,6,3,US_1,HOLD_VP,ADVANCE,,0.22964689135551453,45.69208526611328,,,4
exp_hrl_v1,6,3,US_2,HOLD_VP,ADVANCE,,0.22964689135551453,45.69208526611328,,,4
exp_hrl_v1,6,3,US_3,HOLD_VP,ADVANCE,,0.22964689135551453,45.69208526611328,,,4
exp_hrl_v1,6,3,US_4,HOLD_VP,ADVANCE,,0.1976102590560913,50.84752655029297,,,4
exp_hrl_v1,6,3,US_5,HOLD_VP,ADVANCE,,0.1976102590560913,50.84752655029297,,,2
exp_hrl_v1,6,3,US_6,HOLD_VP,ADVANCE,,0.1976102590560913,50.84752655029297,,,4
exp_hrl_v1,6,3,US_7,HOLD_VP,ADVANCE,,0.1976102590560913,50.84752655029297,,,2
exp_hrl_v1,6,4,US_1,HOLD_VP,ADVANCE,,0.1976102590560913,50.84752655029297,,,4
exp_hrl_v1,6,4,US_2,HOLD_VP,ADVANCE,,0.1976102590560913,50.84752655029297,,,4
exp_hrl_v1,6,4,US_3,HOLD_VP,RETREAT,,0.16147106885910034,55.34172058105469,,,4
exp_hrl_v1,6,4,US_4,HOLD_VP,RETREAT,,0.16147106885910034,55.34172058105469,,,4
exp_hrl_v1,6,4,US_5,HOLD_VP,ADVANCE,,0.20362938940525055,57.62548065185547,,,2
exp_hrl_v1,6,4,US_6,HOLD_VP,ADVANCE,,0.20362938940525055,57.62548065185547,,,4
exp_hrl_v1,6,4,US_7,HOLD_VP,ADVANCE,,0.20362938940525055,57.62548065185547,,,2
exp_hrl_v1,6,5,US_1,HOLD_VP,ADVANCE,,0.20362938940525055,57.62548065185547,,,4
exp_hrl_v1,6,5,US_2,HOLD_VP,ADVANCE,,0.20362938940525055,57.62548065185547,,,4
exp_hrl_v1,6,5,US_3,HOLD_VP,ADVANCE,,0.20362938940525055,57.62548065185547,,,4
exp_hrl_v1,6,5,US_4,HOLD_VP,ATTACK,DIRECT,0.389469712972641,61.40233612060547,,,4
exp_hrl_v1,6,5,US_5,HOLD_VP,ATTACK,DIRECT,0.389469712972641,61.40233612060547,,,2
exp_hrl_v1,6,5,US_6,HOLD_VP,ATTACK,DIRECT,0.389469712972641,61.40233612060547,,,4
exp_hrl_v1,6,5,US_7,HOLD_VP,ATTACK,DIRECT,0.389469712972641,61.40233612060547,,,2
exp_hrl_v1,6,6,US_1,HOLD_VP,ATTACK,DIRECT,0.389469712972641,61.40233612060547,,,4
exp_hrl_v1,6,6,US_2,HOLD_VP,ATTACK,DIRECT,0.389469712972641,61.40233612060547,,,4
exp_hrl_v1,6,6,US_3,HOLD_VP,ATTACK,DIRECT,0.389469712972641,61.40233612060547,,,4
exp_hrl_v1,6,6,US_4,HOLD_VP,ATTACK,DIRECT,0.389469712972641,61.40233612060547,,,4
exp_hrl_v1,6,6,US_5,HOLD_VP,ATTACK,DIRECT,0.389469712972641,61.40233612060547,,,2
exp_hrl_v1,6,6,US_6,HOLD_VP,ATTACK,DIRECT,0.389469712972641,61.40233612060547,,,4
exp_hrl_v1,6,6,US_7,HOLD_VP,ATTACK,INDIRECT,0.34674903750419617,58.125816345214844,,,2
exp_hrl_v1,6,7,US_1,HOLD_VP,ATTACK,INDIRECT,0.34674903750419617,58.125816345214844,,,4
exp_hrl_v1,7,1,US_1,ATTACK,ATTACK,DIRECT,0.2209296077489853,31.995033264160156,,,4
exp_hrl_v1,7,1,US_2,ATTACK,ATTACK,DIRECT,0.2209296077489853,31.995033264160156,,,4
exp_hrl_v1,7,1,US_3,ATTACK,ATTACK,DIRECT,0.2209296077489853,31.995033264160156,,,4
exp_hrl_v1,7,1,US_4,ATTACK,ATTACK,DIRECT,0.2209296077489853,31.995033264160156,,,4
exp_hrl_v1,7,1,US_5,ATTACK,ATTACK,DIRECT,0.2209296077489853,31.995033264160156,,,2
exp_hrl_v1,7,1,US_6,ATTACK,ATTACK,DIRECT,0.2209296077489853,31.995033264160156,,,4
exp_hrl_v1,7,1,US_7,ATTACK,ATTACK,DIRECT,0.2209296077489853,31.995033264160156,,,2
exp_hrl_v1,7,2,US_1,ATTACK,ATTACK,DIRECT,0.2209296077489853,31.995033264160156,,,4
exp_hrl_v1,7,2,US_2,ATTACK,ATTACK,DIRECT,0.2209296077489853,31.995033264160156,,,4
exp_hrl_v1,7,2,US_3,ATTACK,ATTACK,DIRECT,0.2209296077489853,31.995033264160156,,,4
exp_hrl_v1,7,2,US_4,ATTACK,RETREAT,,0.14555318653583527,53.36323547363281,,,4
exp_hrl_v1,7,2,US_5,ATTACK,RETREAT,,0.14555318653583527,53.36323547363281,,,2
exp_hrl_v1,7,2,US_6,ATTACK,ATTACK,INDIRECT,0.4018181562423706,58.3055419921875,,,4
exp_hrl_v1,7,2,US_7,ATTACK,ATTACK,INDIRECT,0.4018181562423706,58.3055419921875,,,2
exp_hrl_v1,7,3,US_1,ATTACK,ATTACK,INDIRECT,0.4018181562423706,58.3055419921875,,,4
exp_hrl_v1,7,3,US_2,ATTACK,ATTACK,INDIRECT,0.4018181562423706,58.3055419921875,,,4
exp_hrl_v1,7,3,US_3,ATTACK,ATTACK,INDIRECT,0.4018181562423706,58.3055419921875,,,4
exp_hrl_v1,7,3,US_4,ATTACK,ATTACK,INDIRECT,0.4018181562423706,58.3055419921875,,,4
exp_hrl_v1,7,3,US_5,ATTACK,ATTACK,INDIRECT,0.4018181562423706,58.3055419921875,,,2
exp_hrl_v1,7,3,US_6,ATTACK,ATTACK,INDIRECT,0.4018181562423706,58.3055419921875,,,4
exp_hrl_v1,7,3,US_7,ATTACK,ATTACK,INDIRECT,0.4018181562423706,58.3055419921875,,,2
exp_hrl_v1,7,4,US_1,ATTACK,ATTACK,INDIRECT,0.4018181562423706,58.3055419921875,,,4
exp_hrl_v1,8,1,US_1,PUSH_VP,HOLD,,0.1955854892730713,31.995033264160156,,,4
exp_hrl_v1,8,1,US_2,PUSH_VP,ADVANCE,,0.19900454580783844,39.74595642089844,,,4
exp_hrl_v1,8,1,US_3,PUSH_VP,ADVANCE,,0.19900454580783844,39.74595642089844,,,4
exp_hrl_v1,8,1,US_4,PUSH_VP,ADVANCE,,0.19900454580783844,39.74595642089844,,,4
exp_hrl_v1,8,1,US_5,PUSH_VP,ADVANCE,,0.19900454580783844,39.74595642089844,,,2
exp_hrl_v1,8,1,US_6,PUSH_VP,ADVANCE,,0.19900454580783844,39.74595642089844,,,4
exp_hrl_v1,8,1,US_7,PUSH_VP,ADVANCE,,0.19900454580783844,39.74595642089844,,,2
exp_hrl_v1,8,2,US_1,PUSH_VP,ADVANCE,,0.20718546211719513,40.59425354003906,,,4
exp_hrl_v1,8,2,US_2,PUSH_VP,ADVANCE,,0.20718546211719513,40.59425354003906,,,4
exp_hrl_v1,8,2,US_3,PUSH_VP,ADVANCE,,0.20718546211719513,40.59425354003906,,,4
exp_hrl_v1,8,2,US_4,PUSH_VP,ADVANCE,,0.20718546211719513,40.59425354003906,,,4
exp_hrl_v1,8,2,US_5,PUSH_VP,ADVANCE,,0.20718546211719513,40.59425354003906,,,2
exp_hrl_v1,8,2,US_6,PUSH_VP,ADVANCE,,0.20718546211719513,40.59425354003906,,,4
exp_hrl_v1,8,2,US_7,PUSH_VP,ADVANCE,,0.18810799717903137,46.79468536376953,,,2
exp_hrl_v1,8,3,US_1,PUSH_VP,ADVANCE,,0.18810799717903137,46.79468536376953,,,4
exp_hrl_v1,8,3,US_2,PUSH_VP,ADVANCE,,0.18810799717903137,46.79468536376953,,,4
exp_hrl_v1,8,3,US_3,PUSH_VP,ADVANCE,,0.18810799717903137,46.79468536376953,,,4
exp_hrl_v1,8,3,US_4,PUSH_VP,ADVANCE,,0.18810799717903137,46.79468536376953,,,4
exp_hrl_v1,8,3,US_5,PUSH_VP,ADVANCE,,0.18810799717903137,46.79468536376953,,,2
exp_hrl_v1,8,3,US_6,PUSH_VP,ADVANCE,,0.20002032816410065,50.883872985839844,,,4
exp_hrl_v1,8,3,US_7,PUSH_VP,ADVANCE,,0.20002032816410065,50.883872985839844,,,2
exp_hrl_v1,8,4,US_1,PUSH_VP,ADVANCE,,0.20002032816410065,50.883872985839844,,,4
exp_hrl_v1,8,4,US_2,PUSH_VP,ADVANCE,,0.20002032816410065,50.883872985839844,,,4
exp_hrl_v1,8,4,US_3,PUSH_VP,ADVANCE,,0.20002032816410065,50.883872985839844,,,4
exp_hrl_v1,8,4,US_4,PUSH_VP,ADVANCE,,0.20002032816410065,50.883872985839844,,,4
exp_hrl_v1,8,4,US_5,PUSH_VP,ATTACK,INDIRECT,0.3028494119644165,56.35449981689453,,,2
exp_hrl_v1,8,4,US_6,PUSH_VP,ATTACK,INDIRECT,0.3028494119644165,56.35449981689453,,,4
exp_hrl_v1,8,4,US_7,PUSH_VP,ATTACK,INDIRECT,0.3028494119644165,56.35449981689453,,,2
exp_hrl_v1,8,5,US_1,PUSH_VP,ATTACK,INDIRECT,0.3028494119644165,56.35449981689453,,,4
exp_hrl_v1,8,5,US_2,PUSH_VP,ATTACK,INDIRECT,0.3028494119644165,56.35449981689453,,,4
exp_hrl_v1,8,5,US_3,PUSH_VP,ATTACK,INDIRECT,0.3028494119644165,56.35449981689453,,,4
exp_hrl_v1,8,5,US_4,PUSH_VP,ATTACK,INDIRECT,0.3028494119644165,56.35449981689453,,,4
exp_hrl_v1,9,1,US_1,PUSH_VP,FLANK,,0.1957722306251526,31.995033264160156,,,4
exp_hrl_v1,9,1,US_2,PUSH_VP,FLANK,,0.1957722306251526,31.995033264160156,,,4
exp_hrl_v1,9,1,US_3,PUSH_VP,FLANK,,0.1957722306251526,31.995033264160156,,,4
exp_hrl_v1,9,1,US_4,PUSH_VP,FLANK,,0.1957722306251526,31.995033264160156,,,4
exp_hrl_v1,9,1,US_5,PUSH_VP,FLANK,,0.1957722306251526,31.995033264160156,,,2
exp_hrl_v1,9,1,US_6,PUSH_VP,ADVANCE,,0.19178712368011475,38.0492057800293,,,4
exp_hrl_v1,9,1,US_7,PUSH_VP,ADVANCE,,0.19178712368011475,38.0492057800293,,,2
exp_hrl_v1,9,2,US_1,PUSH_VP,ADVANCE,,0.19178712368011475,38.0492057800293,,,4
exp_hrl_v1,9,2,US_2,PUSH_VP,ADVANCE,,0.19178712368011475,38.0492057800293,,,4
exp_hrl_v1,9,2,US_3,PUSH_VP,ADVANCE,,0.19178712368011475,38.0492057800293,,,4
exp_hrl_v1,9,2,US_4,PUSH_VP,ADVANCE,,0.19178712368011475,38.0492057800293,,,4
exp_hrl_v1,9,2,US_5,PUSH_VP,ADVANCE,,0.1905227154493332,45.439945220947266,,,2
exp_hrl_v1,9,2,US_6,PUSH_VP,ADVANCE,,0.1905227154493332,45.439945220947266,,,4
exp_hrl_v1,9,2,US_7,PUSH_VP,ADVANCE,,0.1905227154493332,45.439945220947266,,,2
exp_hrl_v1,9,3,US_1,PUSH_VP,ADVANCE,,0.1905227154493332,45.439945220947266,,,4
exp_hrl_v1,9,3,US_2,PUSH_VP,ADVANCE,,0.1905227154493332,45.439945220947266,,,4
exp_hrl_v1,9,3,US_3,PUSH_VP,ADVANCE,,0.1905227154493332,45.439945220947266,,,4
exp_hrl_v1,9,3,US_4,PUSH_VP,ADVANCE,,0.19930428266525269,51.02067565917969,,,4
exp_hrl_v1,9,3,US_5,PUSH_VP,ADVANCE,,0.19930428266525269,51.02067565917969,,,2
exp_hrl_v1,9,3,US_6,PUSH_VP,ADVANCE,,0.19930428266525269,51.02067565917969,,,4
exp_hrl_v1,9,3,US_7,PUSH_VP,ADVANCE,,0.19930428266525269,51.02067565917969,,,2
exp_hrl_v1,9,4,US_1,PUSH_VP,ADVANCE,,0.19930428266525269,51.02067565917969,,,4
exp_hrl_v1,9,4,US_2,PUSH_VP,ADVANCE,,0.19930428266525269,51.02067565917969,,,4
exp_hrl_v1,9,4,US_3,PUSH_VP,ADVANCE,,0.21220670640468597,55.434879302978516,,,4
exp_hrl_v1,9,4,US_4,PUSH_VP,ADVANCE,,0.21220670640468597,55.434879302978516,,,4
exp_hrl_v1,9,4,US_5,PUSH_VP,ADVANCE,,0.21220670640468597,55.434879302978516,,,2
exp_hrl_v1,9,4,US_6,PUSH_VP,ADVANCE,,0.21220670640468597,55.434879302978516,,,4
exp_hrl_v1,9,4,US_7,PUSH_VP,ADVANCE,,0.21220670640468597,55.434879302978516,,,2
exp_hrl_v1,9,5,US_1,PUSH_VP,ADVANCE,,0.21220670640468597,55.434879302978516,,,4
exp_hrl_v1,9,5,US_2,PUSH_VP,ADVANCE,,0.19733847677707672,59.2537841796875,,,4
exp_hrl_v1,9,5,US_3,PUSH_VP,ADVANCE,,0.19733847677707672,59.2537841796875,,,4
exp_hrl_v1,9,5,US_4,PUSH_VP,ADVANCE,,0.19733847677707672,59.2537841796875,,,4
exp_hrl_v1,9,5,US_5,PUSH_VP,ADVANCE,,0.19733847677707672,59.2537841796875,,,2
exp_hrl_v1,9,5,US_6,PUSH_VP,ADVANCE,,0.19733847677707672,59.2537841796875,,,4
exp_hrl_v1,9,5,US_7,PUSH_VP,ADVANCE,,0.19733847677707672,59.2537841796875,,,2
exp_hrl_v1,9,6,US_1,HOLD_VP,ADVANCE,,0.10450326651334763,63.322509765625,,,4
exp_hrl_v1,9,6,US_2,HOLD_VP,ADVANCE,,0.10450326651334763,63.322509765625,,,4
exp_hrl_v1,9,6,US_3,HOLD_VP,ADVANCE,,0.10450326651334763,63.322509765625,,,4
exp_hrl_v1,9,6,US_4,HOLD_VP,ADVANCE,,0.10450326651334763,63.322509765625,,,4
exp_hrl_v1,9,6,US_5,HOLD_VP,ADVANCE,,0.10450326651334763,63.322509765625,,,2
exp_hrl_v1,9,6,US_6,HOLD_VP,ADVANCE,,0.10450326651334763,63.322509765625,,,4
exp_hrl_v1,9,6,US_7,HOLD_VP,ADVANCE,,0.1823943704366684,64.76950073242188,,,2
exp_hrl_v1,9,7,US_1,HOLD_VP,ADVANCE,,0.1823943704366684,64.76950073242188,,,4
exp_hrl_v1,9,7,US_2,HOLD_VP,ADVANCE,,0.1823943704366684,64.76950073242188,,,4
exp_hrl_v1,9,7,US_3,HOLD_VP,ADVANCE,,0.1823943704366684,64.76950073242188,,,4
exp_hrl_v1,9,7,US_4,HOLD_VP,ADVANCE,,0.1823943704366684,64.76950073242188,,,4
exp_hrl_v1,9,7,US_5,HOLD_VP,ADVANCE,,0.1823943704366684,64.76950073242188,,,2
exp_hrl_v1,9,7,US_6,HOLD_VP,ATTACK,DIRECT,0.19558005034923553,66.50139617919922,,,4
exp_hrl_v1,9,7,US_7,HOLD_VP,ATTACK,DIRECT,0.19558005034923553,66.50139617919922,,,2
exp_hrl_v1,9,8,US_1,HOLD_VP,ATTACK,DIRECT,0.19558005034923553,66.50139617919922,,,4
exp_hrl_v1,9,8,US_2,HOLD_VP,ATTACK,DIRECT,0.19558005034923553,66.50139617919922,,,4
exp_hrl_v1,9,8,US_3,HOLD_VP,ATTACK,DIRECT,0.19558005034923553,66.50139617919922,,,4
exp_hrl_v1,9,8,US_4,HOLD_VP,ATTACK,DIRECT,0.19558005034923553,66.50139617919922,,,4
exp_hrl_v1,9,8,US_5,HOLD_VP,ATTACK,DIRECT,0.19558005034923553,66.50139617919922,,,2
exp_hrl_v1,9,8,US_6,HOLD_VP,ATTACK,DIRECT,0.19558005034923553,66.50139617919922,,,4
exp_hrl_v1,9,8,US_7,HOLD_VP,ATTACK,DIRECT,0.19558005034923553,66.50139617919922,,,2
exp_hrl_v1,9,9,US_1,HOLD_VP,ATTACK,DIRECT,0.19558005034923553,66.50139617919922,,,4
exp_hrl_v1,10,1,US_1,PUSH_VP,ADVANCE,,0.2209296077489853,31.995033264160156,,,4
exp_hrl_v1,10,1,US_2,PUSH_VP,ADVANCE,,0.2209296077489853,31.995033264160156,,,4
exp_hrl_v1,10,1,US_3,PUSH_VP,ADVANCE,,0.2209296077489853,31.995033264160156,,,4
exp_hrl_v1,10,1,US_4,PUSH_VP,ADVANCE,,0.2209296077489853,31.995033264160156,,,4
exp_hrl_v1,10,1,US_5,PUSH_VP,ADVANCE,,0.2209296077489853,31.995033264160156,,,2
exp_hrl_v1,10,1,US_6,PUSH_VP,ADVANCE,,0.2209296077489853,31.995033264160156,,,4
exp_hrl_v1,10,1,US_7,PUSH_VP,ADVANCE,,0.19609956443309784,38.966827392578125,,,2
exp_hrl_v1,10,2,US_1,PUSH_VP,ADVANCE,,0.19609956443309784,38.966827392578125,,,4
exp_hrl_v1,10,2,US_2,PUSH_VP,ADVANCE,,0.19609956443309784,38.966827392578125,,,4
exp_hrl_v1,10,2,US_3,PUSH_VP,ADVANCE,,0.19609956443309784,38.966827392578125,,,4
exp_hrl_v1,10,2,US_4,PUSH_VP,ADVANCE,,0.19609956443309784,38.966827392578125,,,4
exp_hrl_v1,10,2,US_5,PUSH_VP,ADVANCE,,0.19609956443309784,38.966827392578125,,,2
exp_hrl_v1,10,2,US_6,PUSH_VP,ADVANCE,,0.19315460324287415,43.13095474243164,,,4
exp_hrl_v1,10,2,US_7,PUSH_VP,ADVANCE,,0.19315460324287415,43.13095474243164,,,2
exp_hrl_v1,10,3,US_1,PUSH_VP,ADVANCE,,0.19315460324287415,43.13095474243164,,,4
exp_hrl_v1,10,3,US_2,PUSH_VP,ADVANCE,,0.19315460324287415,43.13095474243164,,,4
exp_hrl_v1,10,3,US_3,PUSH_VP,ADVANCE,,0.19315460324287415,43.13095474243164,,,4
exp_hrl_v1,10,3,US_4,PUSH_VP,ADVANCE,,0.19315460324287415,43.13095474243164,,,4
exp_hrl_v1,10,3,US_5,PUSH_VP,ADVANCE,,0.17752157151699066,51.56973648071289,,,2
exp_hrl_v1,10,3,US_6,PUSH_VP,ADVANCE,,0.17752157151699066,51.56973648071289,,,4
exp_hrl_v1,10,3,US_7,PUSH_VP,ADVANCE,,0.17752157151699066,51.56973648071289,,,2
exp_hrl_v1,10,4,US_1,PUSH_VP,ADVANCE,,0.17752157151699066,51.56973648071289,,,4
exp_hrl_v1,10,4,US_2,PUSH_VP,ADVANCE,,0.17752157151699066,51.56973648071289,,,4
exp_hrl_v1,10,4,US_3,PUSH_VP,ADVANCE,,0.17752157151699066,51.56973648071289,,,4
exp_hrl_v1,10,4,US_4,PUSH_VP,FLANK,,0.17885638773441315,56.64994812011719,,,4
exp_hrl_v1,10,4,US_5,PUSH_VP,FLANK,,0.17885638773441315,56.64994812011719,,,2
exp_hrl_v1,10,4,US_6,PUSH_VP,FLANK,,0.17885638773441315,56.64994812011719,,,4
exp_hrl_v1,10,4,US_7,PUSH_VP,FLANK,,0.17885638773441315,56.64994812011719,,,2
exp_hrl_v1,10,5,US_1,PUSH_VP,FLANK,,0.17885638773441315,56.64994812011719,,,4
exp_hrl_v1,10,5,US_2,PUSH_VP,ADVANCE,,0.17608642578125,59.704410552978516,,,4
exp_hrl_v1,10,5,US_3,PUSH_VP,ADVANCE,,0.17608642578125,59.704410552978516,,,4
exp_hrl_v1,10,5,US_4,PUSH_VP,ADVANCE,,0.17608642578125,59.704410552978516,,,4
exp_hrl_v1,10,5,US_5,PUSH_VP,ADVANCE,,0.17608642578125,59.704410552978516,,,2
exp_hrl_v1,10,5,US_6,PUSH_VP,ADVANCE,,0.17608642578125,59.704410552978516,,,4
exp_hrl_v1,10,5,US_7,PUSH_VP,ADVANCE,,0.17608642578125,59.704410552978516,,,2
exp_hrl_v1,10,6,US_1,HOLD_VP,ATTACK,DIRECT,0.1520567536354065,63.44143295288086,,,4
exp_hrl_v1,10,6,US_2,HOLD_VP,ATTACK,DIRECT,0.1520567536354065,63.44143295288086,,,4
exp_hrl_v1,10,6,US_3,HOLD_VP,ATTACK,DIRECT,0.1520567536354065,63.44143295288086,,,4
exp_hrl_v1,10,6,US_4,HOLD_VP,ATTACK,DIRECT,0.1520567536354065,63.44143295288086,,,4
exp_hrl_v1,10,6,US_5,HOLD_VP,ATTACK,DIRECT,0.1520567536354065,63.44143295288086,,,2
exp_hrl_v1,10,6,US_6,HOLD_VP,ATTACK,DIRECT,0.1520567536354065,63.44143295288086,,,4
exp_hrl_v1,10,6,US_7,HOLD_VP,ATTACK,DIRECT,0.1520567536354065,63.44143295288086,,,2
exp_hrl_v1,10,7,US_1,HOLD_VP,ATTACK,DIRECT,0.1520567536354065,63.44143295288086,,,4
exp_hrl_v1,10,7,US_2,HOLD_VP,ATTACK,DIRECT,0.1520567536354065,63.44143295288086,,,4
exp_hrl_v1,10,7,US_3,HOLD_VP,ATTACK,DIRECT,0.1520567536354065,63.44143295288086,,,4
exp_hrl_v1,11,1,US_1,PUSH_VP,ADVANCE,,0.1899789720773697,31.995033264160156,,,4
exp_hrl_v1,11,1,US_2,PUSH_VP,ADVANCE,,0.1899789720773697,31.995033264160156,,,4
exp_hrl_v1,11,1,US_3,PUSH_VP,ADVANCE,,0.1899789720773697,31.995033264160156,,,4
exp_hrl_v1,11,1,US_4,PUSH_VP,ADVANCE,,0.1899789720773697,31.995033264160156,,,4
exp_hrl_v1,11,1,US_5,PUSH_VP,ADVANCE,,0.1899789720773697,31.995033264160156,,,2
exp_hrl_v1,11,1,US_6,PUSH_VP,ADVANCE,,0.1899789720773697,31.995033264160156,,,4
exp_hrl_v1,11,1,US_7,PUSH_VP,ADVANCE,,0.19140321016311646,38.966827392578125,,,2
exp_hrl_v1,11,2,US_1,PUSH_VP,ADVANCE,,0.19140321016311646,38.966827392578125,,,4
exp_hrl_v1,11,2,US_2,PUSH_VP,ADVANCE,,0.19140321016311646,38.966827392578125,,,4
exp_hrl_v1,11,2,US_3,PUSH_VP,ADVANCE,,0.19140321016311646,38.966827392578125,,,4
exp_hrl_v1,11,2,US_4,PUSH_VP,ADVANCE,,0.19140321016311646,38.966827392578125,,,4
exp_hrl_v1,11,2,US_5,PUSH_VP,ADVANCE,,0.19140321016311646,38.966827392578125,,,2
exp_hrl_v1,11,2,US_6,PUSH_VP,ADVANCE,,0.19705842435359955,43.13095474243164,,,4
exp_hrl_v1,11,2,US_7,PUSH_VP,ADVANCE,,0.19705842435359955,43.13095474243164,,,2
exp_hrl_v1,11,3,US_1,PUSH_VP,ADVANCE,,0.19705842435359955,43.13095474243164,,,4
exp_hrl_v1,11,3,US_2,PUSH_VP,ADVANCE,,0.19705842435359955,43.13095474243164,,,4
exp_hrl_v1,11,3,US_3,PUSH_VP,ADVANCE,,0.19705842435359955,43.13095474243164,,,4
exp_hrl_v1,11,3,US_4,PUSH_VP,ADVANCE,,0.19705842435359955,43.13095474243164,,,4
exp_hrl_v1,11,3,US_5,PUSH_VP,FLANK,,0.18429358303546906,51.56973648071289,,,2
exp_hrl_v1,11,3,US_6,PUSH_VP,FLANK,,0.18429358303546906,51.56973648071289,,,4
exp_hrl_v1,11,3,US_7,PUSH_VP,FLANK,,0.18429358303546906,51.56973648071289,,,2
exp_hrl_v1,11,4,US_1,PUSH_VP,FLANK,,0.18429358303546906,51.56973648071289,,,4
exp_hrl_v1,11,4,US_2,PUSH_VP,FLANK,,0.18429358303546906,51.56973648071289,,,4
exp_hrl_v1,11,4,US_3,PUSH_VP,ADVANCE,,0.15722118318080902,55.64869689941406,,,4
exp_hrl_v1,11,4,US_4,PUSH_VP,ADVANCE,,0.15722118318080902,55.64869689941406,,,4
exp_hrl_v1,11,4,US_5,PUSH_VP,ADVANCE,,0.15722118318080902,55.64869689941406,,,2
exp_hrl_v1,11,4,US_6,PUSH_VP,ADVANCE,,0.15722118318080902,55.64869689941406,,,4
exp_hrl_v1,11,4,US_7,PUSH_VP,ADVANCE,,0.15722118318080902,55.64869689941406,,,2
exp_hrl_v1,11,5,US_1,PUSH_VP,ADVANCE,,0.15722118318080902,55.64869689941406,,,4
exp_hrl_v1,11,5,US_2,PUSH_VP,FLANK,,0.16267383098602295,59.29676818847656,,,4
exp_hrl_v1,11,5,US_3,PUSH_VP,FLANK,,0.16267383098602295,59.29676818847656,,,4
exp_hrl_v1,11,5,US_4,PUSH_VP,FLANK,,0.16267383098602295,59.29676818847656,,,4
exp_hrl_v1,11,5,US_5,PUSH_VP,FLANK,,0.16267383098602295,59.29676818847656,,,2
exp_hrl_v1,11,5,US_6,PUSH_VP,FLANK,,0.16267383098602295,59.29676818847656,,,4
exp_hrl_v1,11,5,US_7,HOLD_VP,ADVANCE,,0.1567944437265396,61.96615219116211,,,2
exp_hrl_v1,11,6,US_1,HOLD_VP,ADVANCE,,0.1567944437265396,61.96615219116211,,,4
exp_hrl_v1,11,6,US_2,HOLD_VP,ADVANCE,,0.1567944437265396,61.96615219116211,,,4
exp_hrl_v1,11,6,US_3,HOLD_VP,ADVANCE,,0.1567944437265396,61.96615219116211,,,4
exp_hrl_v1,11,6,US_4,HOLD_VP,ADVANCE,,0.1567944437265396,61.96615219116211,,,4
exp_hrl_v1,11,6,US_5,HOLD_VP,ADVANCE,,0.1567944437265396,61.96615219116211,,,2
exp_hrl_v1,11,6,US_6,HOLD_VP,ATTACK,DIRECT,0.1746768355369568,63.40923309326172,,,4
exp_hrl_v1,11,6,US_7,HOLD_VP,ATTACK,DIRECT,0.1746768355369568,63.40923309326172,,,2
exp_hrl_v1,11,7,US_1,HOLD_VP,ATTACK,DIRECT,0.1746768355369568,63.40923309326172,,,4
exp_hrl_v1,11,7,US_2,HOLD_VP,ATTACK,DIRECT,0.1746768355369568,63.40923309326172,,,4
exp_hrl_v1,11,7,US_3,HOLD_VP,ATTACK,DIRECT,0.1746768355369568,63.40923309326172,,,4
exp_hrl_v1,11,7,US_4,HOLD_VP,ATTACK,DIRECT,0.1746768355369568,63.40923309326172,,,4
exp_hrl_v1,12,1,US_1,PUSH_VP,ADVANCE,,0.2209296077489853,31.995033264160156,,,4
exp_hrl_v1,12,1,US_2,PUSH_VP,ADVANCE,,0.2209296077489853,31.995033264160156,,,4
exp_hrl_v1,12,1,US_3,PUSH_VP,ADVANCE,,0.2209296077489853,31.995033264160156,,,4
exp_hrl_v1,12,1,US_4,PUSH_VP,ADVANCE,,0.2209296077489853,31.995033264160156,,,4
exp_hrl_v1,12,1,US_5,PUSH_VP,ADVANCE,,0.2209296077489853,31.995033264160156,,,2
exp_hrl_v1,12,1,US_6,PUSH_VP,ADVANCE,,0.2209296077489853,31.995033264160156,,,4
exp_hrl_v1,12,1,US_7,PUSH_VP,ADVANCE,,0.21747517585754395,38.966827392578125,,,2
exp_hrl_v1,12,2,US_1,PUSH_VP,ADVANCE,,0.21747517585754395,38.966827392578125,,,4
exp_hrl_v1,12,2,US_2,PUSH_VP,ADVANCE,,0.21747517585754395,38.966827392578125,,,4
exp_hrl_v1,12,2,US_3,PUSH_VP,ADVANCE,,0.21747517585754395,38.966827392578125,,,4
exp_hrl_v1,12,2,US_4,PUSH_VP,ADVANCE,,0.21747517585754395,38.966827392578125,,,4
exp_hrl_v1,12,2,US_5,PUSH_VP,ADVANCE,,0.21747517585754395,38.966827392578125,,,2
exp_hrl_v1,12,2,US_6,PUSH_VP,ADVANCE,,0.21960562467575073,43.13095474243164,,,4
exp_hrl_v1,12,2,US_7,PUSH_VP,ADVANCE,,0.21960562467575073,43.13095474243164,,,2
exp_hrl_v1,12,3,US_1,PUSH_VP,ADVANCE,,0.21960562467575073,43.13095474243164,,,4
exp_hrl_v1,12,3,US_2,PUSH_VP,ADVANCE,,0.21960562467575073,43.13095474243164,,,4
exp_hrl_v1,12,3,US_3,PUSH_VP,ADVANCE,,0.21960562467575073,43.13095474243164,,,4
exp_hrl_v1,12,3,US_4,PUSH_VP,ADVANCE,,0.21960562467575073,43.13095474243164,,,4
exp_hrl_v1,12,3,US_5,PUSH_VP,ADVANCE,,0.17752157151699066,51.56973648071289,,,2
exp_hrl_v1,12,3,US_6,PUSH_VP,ADVANCE,,0.17752157151699066,51.56973648071289,,,4
exp_hrl_v1,12,3,US_7,PUSH_VP,ADVANCE,,0.17752157151699066,51.56973648071289,,,2
exp_hrl_v1,12,4,US_1,PUSH_VP,ADVANCE,,0.17752157151699066,51.56973648071289,,,4
exp_hrl_v1,12,4,US_2,PUSH_VP,ADVANCE,,0.17752157151699066,51.56973648071289,,,4
exp_hrl_v1,12,4,US_3,PUSH_VP,ADVANCE,,0.17752157151699066,51.56973648071289,,,4
exp_hrl_v1,12,4,US_4,PUSH_VP,FLANK,,0.27733948826789856,56.64994812011719,,,4
exp_hrl_v1,12,4,US_5,PUSH_VP,FLANK,,0.27733948826789856,56.64994812011719,,,2
exp_hrl_v1,12,4,US_6,PUSH_VP,FLANK,,0.27733948826789856,56.64994812011719,,,4
exp_hrl_v1,12,4,US_7,PUSH_VP,FLANK,,0.27733948826789856,56.64994812011719,,,2
exp_hrl_v1,12,5,US_1,PUSH_VP,FLANK,,0.27733948826789856,56.64994812011719,,,4
exp_hrl_v1,12,5,US_2,PUSH_VP,ADVANCE,,0.33783021569252014,59.704410552978516,,,4
exp_hrl_v1,12,5,US_3,PUSH_VP,ADVANCE,,0.33783021569252014,59.704410552978516,,,4
exp_hrl_v1,12,5,US_4,PUSH_VP,ADVANCE,,0.33783021569252014,59.704410552978516,,,4
exp_hrl_v1,12,5,US_5,PUSH_VP,ADVANCE,,0.33783021569252014,59.704410552978516,,,2
exp_hrl_v1,12,5,US_6,PUSH_VP,ADVANCE,,0.33783021569252014,59.704410552978516,,,4
exp_hrl_v1,12,5,US_7,PUSH_VP,ADVANCE,,0.33783021569252014,59.704410552978516,,,2
exp_hrl_v1,12,6,US_1,HOLD_VP,ATTACK,DIRECT,0.418788343667984,63.44143295288086,,,4
exp_hrl_v1,12,6,US_2,HOLD_VP,ATTACK,DIRECT,0.418788343667984,63.44143295288086,,,4
exp_hrl_v1,12,6,US_3,HOLD_VP,ATTACK,DIRECT,0.418788343667984,63.44143295288086,,,4
exp_hrl_v1,12,6,US_4,HOLD_VP,ATTACK,DIRECT,0.418788343667984,63.44143295288086,,,4
exp_hrl_v1,12,6,US_5,HOLD_VP,ATTACK,DIRECT,0.418788343667984,63.44143295288086,,,2
exp_hrl_v1,12,6,US_6,HOLD_VP,ATTACK,DIRECT,0.418788343667984,63.44143295288086,,,4
exp_hrl_v1,12,6,US_7,HOLD_VP,ATTACK,DIRECT,0.418788343667984,63.44143295288086,,,2
exp_hrl_v1,12,7,US_1,HOLD_VP,ATTACK,DIRECT,0.418788343667984,63.44143295288086,,,4
exp_hrl_v1,13,1,US_1,PUSH_VP,ADVANCE,,0.1955854892730713,31.995033264160156,,,4
exp_hrl_v1,13,1,US_2,PUSH_VP,ADVANCE,,0.1955854892730713,31.995033264160156,,,4
exp_hrl_v1,13,1,US_3,PUSH_VP,ADVANCE,,0.1955854892730713,31.995033264160156,,,4
exp_hrl_v1,13,1,US_4,PUSH_VP,ADVANCE,,0.1955854892730713,31.995033264160156,,,4
exp_hrl_v1,13,1,US_5,PUSH_VP,ADVANCE,,0.1955854892730713,31.995033264160156,,,2
exp_hrl_v1,13,1,US_6,PUSH_VP,ADVANCE,,0.1955854892730713,31.995033264160156,,,4
exp_hrl_v1,13,1,US_7,PUSH_VP,ADVANCE,,0.19140321016311646,38.966827392578125,,,2
exp_hrl_v1,13,2,US_1,PUSH_VP,ADVANCE,,0.19140321016311646,38.966827392578125,,,4
exp_hrl_v1,13,2,US_2,PUSH_VP,ADVANCE,,0.19140321016311646,38.966827392578125,,,4
exp_hrl_v1,13,2,US_3,PUSH_VP,ADVANCE,,0.19140321016311646,38.966827392578125,,,4
exp_hrl_v1,13,2,US_4,PUSH_VP,ADVANCE,,0.19140321016311646,38.966827392578125,,,4
exp_hrl_v1,13,2,US_5,PUSH_VP,ADVANCE,,0.19140321016311646,38.966827392578125,,,2
exp_hrl_v1,13,2,US_6,PUSH_VP,FLANK,,0.19315460324287415,43.13095474243164,,,4
exp_hrl_v1,13,2,US_7,PUSH_VP,FLANK,,0.19315460324287415,43.13095474243164,,,2
exp_hrl_v1,13,3,US_1,PUSH_VP,FLANK,,0.19315460324287415,43.13095474243164,,,4
exp_hrl_v1,13,3,US_2,PUSH_VP,FLANK,,0.19315460324287415,43.13095474243164,,,4
exp_hrl_v1,13,3,US_3,PUSH_VP,FLANK,,0.19315460324287415,43.13095474243164,,,4
exp_hrl_v1,13,3,US_4,PUSH_VP,ADVANCE,,0.19921976327896118,50.39462661743164,,,4
exp_hrl_v1,13,3,US_5,PUSH_VP,ADVANCE,,0.19921976327896118,50.39462661743164,,,2
exp_hrl_v1,13,3,US_6,PUSH_VP,ADVANCE,,0.19921976327896118,50.39462661743164,,,4
exp_hrl_v1,13,3,US_7,PUSH_VP,ADVANCE,,0.19921976327896118,50.39462661743164,,,2
exp_hrl_v1,13,4,US_1,PUSH_VP,ADVANCE,,0.19921976327896118,50.39462661743164,,,4
exp_hrl_v1,13,4,US_2,PUSH_VP,ADVANCE,,0.19921976327896118,50.39462661743164,,,4
exp_hrl_v1,13,4,US_3,PUSH_VP,FLANK,,0.1714046597480774,55.45258712768555,,,4
exp_hrl_v1,13,4,US_4,PUSH_VP,FLANK,,0.1714046597480774,55.45258712768555,,,4
exp_hrl_v1,13,4,US_5,PUSH_VP,FLANK,,0.1714046597480774,55.45258712768555,,,2
exp_hrl_v1,13,4,US_6,PUSH_VP,FLANK,,0.1714046597480774,55.45258712768555,,,4
exp_hrl_v1,13,4,US_7,PUSH_VP,FLANK,,0.1714046597480774,55.45258712768555,,,2
exp_hrl_v1,13,5,US_1,PUSH_VP,ADVANCE,,0.13449949026107788,58.71287536621094,,,4
exp_hrl_v1,13,5,US_2,PUSH_VP,ADVANCE,,0.13449949026107788,58.71287536621094,,,4
exp_hrl_v1,13,5,US_3,PUSH_VP,ADVANCE,,0.13449949026107788,58.71287536621094,,,4
exp_hrl_v1,13,5,US_4,PUSH_VP,ADVANCE,,0.13449949026107788,58.71287536621094,,,4
exp_hrl_v1,13,5,US_5,PUSH_VP,ADVANCE,,0.13449949026107788,58.71287536621094,,,2
exp_hrl_v1,13,5,US_6,PUSH_VP,ADVANCE,,0.13449949026107788,58.71287536621094,,,4
exp_hrl_v1,13,5,US_7,HOLD_VP,ADVANCE,,0.17876838147640228,61.22638702392578,,,2
exp_hrl_v1,13,6,US_1,HOLD_VP,ADVANCE,,0.17876838147640228,61.22638702392578,,,4
exp_hrl_v1,13,6,US_2,HOLD_VP,ADVANCE,,0.17876838147640228,61.22638702392578,,,4
exp_hrl_v1,13,6,US_3,HOLD_VP,ADVANCE,,0.17876838147640228,61.22638702392578,,,4
exp_hrl_v1,13,6,US_4,HOLD_VP,ADVANCE,,0.17876838147640228,61.22638702392578,,,4
exp_hrl_v1,13,6,US_5,HOLD_VP,ADVANCE,,0.17876838147640228,61.22638702392578,,,2
exp_hrl_v1,13,6,US_6,HOLD_VP,ATTACK,DIRECT,0.43067240715026855,63.65321731567383,,,4
exp_hrl_v1,13,6,US_7,HOLD_VP,ATTACK,DIRECT,0.43067240715026855,63.65321731567383,,,2
exp_hrl_v1,13,7,US_1,HOLD_VP,ATTACK,DIRECT,0.43067240715026855,63.65321731567383,,,4
exp_hrl_v1,13,7,US_2,HOLD_VP,ATTACK,DIRECT,0.43067240715026855,63.65321731567383,,,4
exp_hrl_v1,13,7,US_3,HOLD_VP,ATTACK,DIRECT,0.43067240715026855,63.65321731567383,,,4
exp_hrl_v1,13,7,US_4,HOLD_VP,ATTACK,DIRECT,0.43067240715026855,63.65321731567383,,,4
exp_hrl_v1,13,7,US_5,HOLD_VP,ATTACK,DIRECT,0.43067240715026855,63.65321731567383,,,2
exp_hrl_v1,13,7,US_6,HOLD_VP,ATTACK,DIRECT,0.43067240715026855,63.65321731567383,,,4
exp_hrl_v1,13,7,US_7,HOLD_VP,ATTACK,DIRECT,0.43067240715026855,63.65321731567383,,,2
exp_hrl_v1,13,8,US_1,HOLD_VP,ATTACK,DIRECT,0.43067240715026855,63.65321731567383,,,4
exp_hrl_v1,14,1,US_1,ATTACK,ADVANCE,,0.1899789720773697,31.995033264160156,,,4
exp_hrl_v1,14,1,US_2,ATTACK,ADVANCE,,0.1899789720773697,31.995033264160156,,,4
exp_hrl_v1,14,1,US_3,ATTACK,ADVANCE,,0.1899789720773697,31.995033264160156,,,4
exp_hrl_v1,14,1,US_4,ATTACK,ADVANCE,,0.1899789720773697,31.995033264160156,,,4
exp_hrl_v1,14,1,US_5,ATTACK,ADVANCE,,0.1899789720773697,31.995033264160156,,,2
exp_hrl_v1,14,1,US_6,ATTACK,ADVANCE,,0.1899789720773697,31.995033264160156,,,4
exp_hrl_v1,14,1,US_7,ATTACK,ADVANCE,,0.21747517585754395,38.966827392578125,,,2
exp_hrl_v1,14,2,US_1,ATTACK,ADVANCE,,0.21747517585754395,38.966827392578125,,,4
exp_hrl_v1,14,2,US_2,ATTACK,ADVANCE,,0.21747517585754395,38.966827392578125,,,4
exp_hrl_v1,14,2,US_3,ATTACK,ADVANCE,,0.21747517585754395,38.966827392578125,,,4
exp_hrl_v1,14,2,US_4,ATTACK,ADVANCE,,0.21747517585754395,38.966827392578125,,,4
exp_hrl_v1,14,2,US_5,ATTACK,ADVANCE,,0.21747517585754395,38.966827392578125,,,2
exp_hrl_v1,14,2,US_6,ATTACK,ATTACK,DIRECT,0.1930677741765976,43.13095474243164,,,4
exp_hrl_v1,14,2,US_7,ATTACK,ATTACK,DIRECT,0.1930677741765976,43.13095474243164,,,2
exp_hrl_v1,14,3,US_1,ATTACK,ATTACK,DIRECT,0.1930677741765976,43.13095474243164,,,4
exp_hrl_v1,14,3,US_2,ATTACK,ATTACK,DIRECT,0.1930677741765976,43.13095474243164,,,4
exp_hrl_v1,14,3,US_3,ATTACK,ATTACK,DIRECT,0.1930677741765976,43.13095474243164,,,4
exp_hrl_v1,14,3,US_4,ATTACK,ATTACK,DIRECT,0.1930677741765976,43.13095474243164,,,4
exp_hrl_v1,14,3,US_5,ATTACK,ATTACK,DIRECT,0.1930677741765976,43.13095474243164,,,2
exp_hrl_v1,14,3,US_6,ATTACK,ATTACK,DIRECT,0.1930677741765976,43.13095474243164,,,4
exp_hrl_v1,14,3,US_7,ATTACK,ATTACK,DIRECT,0.1930677741765976,43.13095474243164,,,2
exp_hrl_v1,15,1,US_1,PUSH_VP,FLANK,,0.1957722306251526,31.995033264160156,,,4
exp_hrl_v1,15,1,US_2,PUSH_VP,FLANK,,0.1957722306251526,31.995033264160156,,,4
exp_hrl_v1,15,1,US_3,PUSH_VP,FLANK,,0.1957722306251526,31.995033264160156,,,4
exp_hrl_v1,15,1,US_4,PUSH_VP,FLANK,,0.1957722306251526,31.995033264160156,,,4
exp_hrl_v1,15,1,US_5,PUSH_VP,FLANK,,0.1957722306251526,31.995033264160156,,,2
exp_hrl_v1,15,1,US_6,PUSH_VP,ADVANCE,,0.21194958686828613,38.0492057800293,,,4
exp_hrl_v1,15,1,US_7,PUSH_VP,ADVANCE,,0.21194958686828613,38.0492057800293,,,2
exp_hrl_v1,15,2,US_1,PUSH_VP,ADVANCE,,0.21194958686828613,38.0492057800293,,,4
exp_hrl_v1,15,2,US_2,PUSH_VP,ADVANCE,,0.21194958686828613,38.0492057800293,,,4
exp_hrl_v1,15,2,US_3,PUSH_VP,ADVANCE,,0.21194958686828613,38.0492057800293,,,4
exp_hrl_v1,15,2,US_4,PUSH_VP,ADVANCE,,0.21194958686828613,38.0492057800293,,,4
exp_hrl_v1,15,2,US_5,PUSH_VP,ADVANCE,,0.19800324738025665,45.439945220947266,,,2
exp_hrl_v1,15,2,US_6,PUSH_VP,ADVANCE,,0.19800324738025665,45.439945220947266,,,4
exp_hrl_v1,15,2,US_7,PUSH_VP,ADVANCE,,0.19800324738025665,45.439945220947266,,,2
exp_hrl_v1,15,3,US_1,PUSH_VP,ADVANCE,,0.19800324738025665,45.439945220947266,,,4
exp_hrl_v1,15,3,US_2,PUSH_VP,ADVANCE,,0.19800324738025665,45.439945220947266,,,4
exp_hrl_v1,15,3,US_3,PUSH_VP,ADVANCE,,0.19800324738025665,45.439945220947266,,,4
exp_hrl_v1,15,3,US_4,PUSH_VP,ADVANCE,,0.25601300597190857,51.02067565917969,,,4
exp_hrl_v1,15,3,US_5,PUSH_VP,ADVANCE,,0.25601300597190857,51.02067565917969,,,2
exp_hrl_v1,15,3,US_6,PUSH_VP,ADVANCE,,0.25601300597190857,51.02067565917969,,,4
exp_hrl_v1,15,3,US_7,PUSH_VP,ADVANCE,,0.25601300597190857,51.02067565917969,,,2
exp_hrl_v1,15,4,US_1,PUSH_VP,ADVANCE,,0.25601300597190857,51.02067565917969,,,4
exp_hrl_v1,15,4,US_2,PUSH_VP,ADVANCE,,0.25601300597190857,51.02067565917969,,,4
exp_hrl_v1,15,4,US_3,PUSH_VP,RETREAT,,0.16075436770915985,55.434879302978516,,,4
exp_hrl_v1,15,4,US_4,PUSH_VP,RETREAT,,0.16075436770915985,55.434879302978516,,,4
exp_hrl_v1,15,4,US_5,PUSH_VP,FLANK,,0.1730366051197052,57.67316818237305,,,2
exp_hrl_v1,15,4,US_6,PUSH_VP,FLANK,,0.1730366051197052,57.67316818237305,,,4
exp_hrl_v1,15,4,US_7,PUSH_VP,FLANK,,0.1730366051197052,57.67316818237305,,,2
exp_hrl_v1,15,5,US_1,PUSH_VP,FLANK,,0.1730366051197052,57.67316818237305,,,4
exp_hrl_v1,15,5,US_2,PUSH_VP,FLANK,,0.1730366051197052,57.67316818237305,,,4
exp_hrl_v1,15,5,US_3,ATTACK,ATTACK,DIRECT,0.18125134706497192,60.99620056152344,,,4
exp_hrl_v1,15,5,US_4,ATTACK,ATTACK,DIRECT,0.18125134706497192,60.99620056152344,,,4
exp_hrl_v1,15,5,US_5,ATTACK,ATTACK,DIRECT,0.18125134706497192,60.99620056152344,,,2
exp_hrl_v1,15,5,US_6,ATTACK,ATTACK,DIRECT,0.18125134706497192,60.99620056152344,,,4
exp_hrl_v1,15,5,US_7,ATTACK,ATTACK,DIRECT,0.18125134706497192,60.99620056152344,,,2
exp_hrl_v1,15,6,US_1,ATTACK,ATTACK,DIRECT,0.18125134706497192,60.99620056152344,,,4
exp_hrl_v1,15,6,US_2,ATTACK,ATTACK,DIRECT,0.18125134706497192,60.99620056152344,,,4
exp_hrl_v1,15,6,US_3,ATTACK,ATTACK,DIRECT,0.18125134706497192,60.99620056152344,,,4
exp_hrl_v1,15,6,US_4,ATTACK,ATTACK,DIRECT,0.18125134706497192,60.99620056152344,,,4
exp_hrl_v1,15,6,US_5,ATTACK,ATTACK,DIRECT,0.18125134706497192,60.99620056152344,,,2
exp_hrl_v1,16,1,US_1,PUSH_VP,ADVANCE,,0.2209296077489853,31.995033264160156,,,4
exp_hrl_v1,16,1,US_2,PUSH_VP,ADVANCE,,0.2209296077489853,31.995033264160156,,,4
exp_hrl_v1,16,1,US_3,PUSH_VP,ADVANCE,,0.2209296077489853,31.995033264160156,,,4
exp_hrl_v1,16,1,US_4,PUSH_VP,ADVANCE,,0.2209296077489853,31.995033264160156,,,4
exp_hrl_v1,16,1,US_5,PUSH_VP,ADVANCE,,0.2209296077489853,31.995033264160156,,,2
exp_hrl_v1,16,1,US_6,PUSH_VP,ADVANCE,,0.2209296077489853,31.995033264160156,,,4
exp_hrl_v1,16,1,US_7,PUSH_VP,FLANK,,0.1966974139213562,38.966827392578125,,,2
exp_hrl_v1,16,2,US_1,PUSH_VP,FLANK,,0.1966974139213562,38.966827392578125,,,4
exp_hrl_v1,16,2,US_2,PUSH_VP,FLANK,,0.1966974139213562,38.966827392578125,,,4
exp_hrl_v1,16,2,US_3,PUSH_VP,FLANK,,0.1966974139213562,38.966827392578125,,,4
exp_hrl_v1,16,2,US_4,PUSH_VP,FLANK,,0.1966974139213562,38.966827392578125,,,4
exp_hrl_v1,16,2,US_5,PUSH_VP,HOLD,,0.19693492352962494,45.69208526611328,,,2
exp_hrl_v1,16,2,US_6,PUSH_VP,ADVANCE,,0.19057109951972961,44.85283660888672,,,4
exp_hrl_v1,16,2,US_7,PUSH_VP,ADVANCE,,0.19057109951972961,44.85283660888672,,,2
exp_hrl_v1,16,3,US_1,PUSH_VP,ADVANCE,,0.19057109951972961,44.85283660888672,,,4
exp_hrl_v1,16,3,US_2,PUSH_VP,ADVANCE,,0.19057109951972961,44.85283660888672,,,4
exp_hrl_v1,16,3,US_3,PUSH_VP,ADVANCE,,0.19057109951972961,44.85283660888672,,,4
exp_hrl_v1,16,3,US_4,PUSH_VP,ADVANCE,,0.19057109951972961,44.85283660888672,,,4
exp_hrl_v1,16,3,US_5,PUSH_VP,ADVANCE,,0.2574915289878845,51.61227035522461,,,2
exp_hrl_v1,16,3,US_6,PUSH_VP,ADVANCE,,0.2574915289878845,51.61227035522461,,,4
exp_hrl_v1,16,3,US_7,PUSH_VP,ADVANCE,,0.2574915289878845,51.61227035522461,,,2
exp_hrl_v1,16,4,US_1,PUSH_VP,ADVANCE,,0.2574915289878845,51.61227035522461,,,4
exp_hrl_v1,16,4,US_2,PUSH_VP,ADVANCE,,0.2574915289878845,51.61227035522461,,,4
exp_hrl_v1,16,4,US_3,PUSH_VP,ADVANCE,,0.2574915289878845,51.61227035522461,,,4
exp_hrl_v1,16,4,US_4,PUSH_VP,ATTACK,DIRECT,0.27100351452827454,56.56672668457031,,,4
exp_hrl_v1,16,4,US_5,PUSH_VP,ATTACK,DIRECT,0.27100351452827454,56.56672668457031,,,2
exp_hrl_v1,16,4,US_6,PUSH_VP,ATTACK,DIRECT,0.27100351452827454,56.56672668457031,,,4
exp_hrl_v1,16,4,US_7,PUSH_VP,ATTACK,DIRECT,0.27100351452827454,56.56672668457031,,,2
exp_hrl_v1,16,5,US_1,PUSH_VP,ATTACK,DIRECT,0.27100351452827454,56.56672668457031,,,4
exp_hrl_v1,16,5,US_2,PUSH_VP,ATTACK,DIRECT,0.27100351452827454,56.56672668457031,,,4
exp_hrl_v1,16,5,US_3,PUSH_VP,ATTACK,DIRECT,0.27100351452827454,56.56672668457031,,,4
exp_hrl_v1,16,5,US_4,PUSH_VP,ATTACK,DIRECT,0.27100351452827454,56.56672668457031,,,4
exp_hrl_v1,16,5,US_5,PUSH_VP,ATTACK,DIRECT,0.27100351452827454,56.56672668457031,,,2
exp_hrl_v1,16,5,US_6,PUSH_VP,ATTACK,DIRECT,0.27100351452827454,56.56672668457031,,,4
exp_hrl_v1,16,5,US_7,HOLD_VP,ATTACK,INDIRECT,0.3807390034198761,59.721885681152344,,,2
exp_hrl_v1,16,6,US_1,HOLD_VP,ATTACK,INDIRECT,0.3807390034198761,59.721885681152344,,,4
exp_hrl_v1,17,1,US_1,HOLD_VP,ATTACK,INDIRECT,0.2209296077489853,31.995033264160156,,,4
exp_hrl_v1,17,1,US_2,HOLD_VP,ATTACK,INDIRECT,0.2209296077489853,31.995033264160156,,,4
exp_hrl_v1,17,1,US_3,HOLD_VP,ATTACK,INDIRECT,0.2209296077489853,31.995033264160156,,,4
exp_hrl_v1,17,1,US_4,HOLD_VP,ATTACK,INDIRECT,0.2209296077489853,31.995033264160156,,,4
exp_hrl_v1,17,1,US_5,HOLD_VP,ATTACK,INDIRECT,0.2209296077489853,31.995033264160156,,,2
exp_hrl_v1,17,1,US_6,HOLD_VP,ATTACK,INDIRECT,0.2209296077489853,31.995033264160156,,,4
exp_hrl_v1,17,1,US_7,HOLD_VP,ATTACK,INDIRECT,0.2209296077489853,31.995033264160156,,,2
exp_hrl_v1,17,2,US_1,HOLD_VP,ATTACK,INDIRECT,0.2209296077489853,31.995033264160156,,,4
exp_hrl_v1,17,2,US_2,HOLD_VP,ATTACK,INDIRECT,0.2209296077489853,31.995033264160156,,,4
exp_hrl_v1,17,2,US_3,HOLD_VP,ATTACK,INDIRECT,0.2209296077489853,31.995033264160156,,,4
exp_hrl_v1,17,2,US_4,HOLD_VP,ADVANCE,,0.3612578213214874,53.36323547363281,,,4
exp_hrl_v1,17,2,US_5,HOLD_VP,ADVANCE,,0.3612578213214874,53.36323547363281,,,2
exp_hrl_v1,17,2,US_6,HOLD_VP,ADVANCE,,0.3612578213214874,53.36323547363281,,,4
exp_hrl_v1,17,2,US_7,HOLD_VP,ADVANCE,,0.3612578213214874,53.36323547363281,,,2
exp_hrl_v1,17,3,US_1,HOLD_VP,ADVANCE,,0.3612578213214874,53.36323547363281,,,4
exp_hrl_v1,17,3,US_2,HOLD_VP,ADVANCE,,0.3612578213214874,53.36323547363281,,,4
exp_hrl_v1,17,3,US_3,HOLD_VP,ATTACK,DIRECT,0.40688735246658325,58.825714111328125,,,4
exp_hrl_v1,17,3,US_4,HOLD_VP,ATTACK,DIRECT,0.40688735246658325,58.825714111328125,,,4
exp_hrl_v1,17,3,US_5,HOLD_VP,ATTACK,DIRECT,0.40688735246658325,58.825714111328125,,,2
exp_hrl_v1,17,3,US_6,HOLD_VP,ATTACK,DIRECT,0.40688735246658325,58.825714111328125,,,4
exp_hrl_v1,17,3,US_7,HOLD_VP,ATTACK,DIRECT,0.40688735246658325,58.825714111328125,,,2
exp_hrl_v1,17,4,US_1,HOLD_VP,ATTACK,DIRECT,0.40688735246658325,58.825714111328125,,,4
exp_hrl_v1,17,4,US_2,HOLD_VP,ATTACK,DIRECT,0.40688735246658325,58.825714111328125,,,4
exp_hrl_v1,18,1,US_1,ATTACK,ATTACK,DIRECT,0.1955854892730713,31.995033264160156,,,4
exp_hrl_v1,18,1,US_2,ATTACK,ATTACK,DIRECT,0.1955854892730713,31.995033264160156,,,4
exp_hrl_v1,18,1,US_3,ATTACK,ATTACK,DIRECT,0.1955854892730713,31.995033264160156,,,4
exp_hrl_v1,18,1,US_4,ATTACK,ATTACK,DIRECT,0.1955854892730713,31.995033264160156,,,4
exp_hrl_v1,18,1,US_5,ATTACK,ATTACK,DIRECT,0.1955854892730713,31.995033264160156,,,2
exp_hrl_v1,18,1,US_6,ATTACK,ATTACK,DIRECT,0.1955854892730713,31.995033264160156,,,4
exp_hrl_v1,18,1,US_7,ATTACK,ATTACK,DIRECT,0.1955854892730713,31.995033264160156,,,2
exp_hrl_v1,18,2,US_1,ATTACK,ATTACK,DIRECT,0.1955854892730713,31.995033264160156,,,4
exp_hrl_v1,18,2,US_2,ATTACK,ATTACK,DIRECT,0.1955854892730713,31.995033264160156,,,4
exp_hrl_v1,18,2,US_3,ATTACK,ATTACK,DIRECT,0.1955854892730713,31.995033264160156,,,4
exp_hrl_v1,18,2,US_4,ATTACK,ATTACK,INDIRECT,0.36629718542099,53.581764221191406,,,4
exp_hrl_v1,18,2,US_5,ATTACK,ATTACK,INDIRECT,0.36629718542099,53.581764221191406,,,2
exp_hrl_v1,18,2,US_6,ATTACK,ATTACK,INDIRECT,0.36629718542099,53.581764221191406,,,4
exp_hrl_v1,18,2,US_7,ATTACK,ATTACK,INDIRECT,0.36629718542099,53.581764221191406,,,2
exp_hrl_v1,18,3,US_1,ATTACK,ATTACK,INDIRECT,0.36629718542099,53.581764221191406,,,4
exp_hrl_v1,18,3,US_2,ATTACK,ATTACK,INDIRECT,0.36629718542099,53.581764221191406,,,4
exp_hrl_v1,19,1,US_1,PUSH_VP,FLANK,,0.1957722306251526,31.995033264160156,,,4
exp_hrl_v1,19,1,US_2,PUSH_VP,FLANK,,0.1957722306251526,31.995033264160156,,,4
exp_hrl_v1,19,1,US_3,PUSH_VP,FLANK,,0.1957722306251526,31.995033264160156,,,4
exp_hrl_v1,19,1,US_4,PUSH_VP,FLANK,,0.1957722306251526,31.995033264160156,,,4
exp_hrl_v1,19,1,US_5,PUSH_VP,FLANK,,0.1957722306251526,31.995033264160156,,,2
exp_hrl_v1,19,1,US_6,PUSH_VP,HOLD,,0.20154522359371185,38.0492057800293,,,4
exp_hrl_v1,19,1,US_7,PUSH_VP,ADVANCE,,0.20095579326152802,40.68621063232422,,,2
exp_hrl_v1,19,2,US_1,PUSH_VP,ADVANCE,,0.20095579326152802,40.68621063232422,,,4
exp_hrl_v1,19,2,US_2,PUSH_VP,ADVANCE,,0.20095579326152802,40.68621063232422,,,4
exp_hrl_v1,19,2,US_3,PUSH_VP,ADVANCE,,0.20095579326152802,40.68621063232422,,,4
exp_hrl_v1,19,2,US_4,PUSH_VP,ADVANCE,,0.20095579326152802,40.68621063232422,,,4
exp_hrl_v1,19,2,US_5,PUSH_VP,ADVANCE,,0.20095579326152802,40.68621063232422,,,2
exp_hrl_v1,19,2,US_6,PUSH_VP,FLANK,,0.19643570482730865,43.972877502441406,,,4
exp_hrl_v1,19,2,US_7,PUSH_VP,FLANK,,0.19643570482730865,43.972877502441406,,,2
exp_hrl_v1,19,3,US_1,PUSH_VP,FLANK,,0.19643570482730865,43.972877502441406,,,4
exp_hrl_v1,19,3,US_2,PUSH_VP,FLANK,,0.19643570482730865,43.972877502441406,,,4
exp_hrl_v1,19,3,US_3,PUSH_VP,FLANK,,0.19643570482730865,43.972877502441406,,,4
exp_hrl_v1,19,3,US_4,PUSH_VP,ADVANCE,,0.2510538399219513,50.61766815185547,,,4
exp_hrl_v1,19,3,US_5,PUSH_VP,ADVANCE,,0.2510538399219513,50.61766815185547,,,2
exp_hrl_v1,19,3,US_6,PUSH_VP,ADVANCE,,0.2510538399219513,50.61766815185547,,,4
exp_hrl_v1,19,3,US_7,PUSH_VP,ADVANCE,,0.2510538399219513,50.61766815185547,,,2
exp_hrl_v1,19,4,US_1,PUSH_VP,ADVANCE,,0.2510538399219513,50.61766815185547,,,4
exp_hrl_v1,19,4,US_2,PUSH_VP,ADVANCE,,0.2510538399219513,50.61766815185547,,,4
exp_hrl_v1,19,4,US_3,PUSH_VP,HOLD,,0.17492800951004028,55.44757080078125,,,4
exp_hrl_v1,19,4,US_4,HOLD_VP,FLANK,,0.16253577172756195,57.71635055541992,,,4
exp_hrl_v1,19,4,US_5,HOLD_VP,FLANK,,0.16253577172756195,57.71635055541992,,,2
exp_hrl_v1,19,4,US_6,HOLD_VP,FLANK,,0.16253577172756195,57.71635055541992,,,4
exp_hrl_v1,19,4,US_7,HOLD_VP,FLANK,,0.16253577172756195,57.71635055541992,,,2
exp_hrl_v1,19,5,US_1,HOLD_VP,FLANK,,0.16253577172756195,57.71635055541992,,,4
exp_hrl_v1,19,5,US_2,HOLD_VP,ATTACK,DIRECT,0.3643263578414917,60.04283905029297,,,4
exp_hrl_v1,19,5,US_3,HOLD_VP,ATTACK,DIRECT,0.3643263578414917,60.04283905029297,,,4
exp_hrl_v1,19,5,US_4,HOLD_VP,ATTACK,DIRECT,0.3643263578414917,60.04283905029297,,,4
exp_hrl_v1,19,5,US_5,HOLD_VP,ATTACK,DIRECT,0.3643263578414917,60.04283905029297,,,2
exp_hrl_v1,19,5,US_6,HOLD_VP,ATTACK,DIRECT,0.3643263578414917,60.04283905029297,,,4
exp_hrl_v1,19,5,US_7,HOLD_VP,ATTACK,DIRECT,0.3643263578414917,60.04283905029297,,,2
exp_hrl_v1,19,6,US_1,HOLD_VP,ATTACK,DIRECT,0.3643263578414917,60.04283905029297,,,4
exp_hrl_v1,19,6,US_2,HOLD_VP,ATTACK,DIRECT,0.3643263578414917,60.04283905029297,,,4
exp_hrl_v1,19,6,US_3,HOLD_VP,ATTACK,DIRECT,0.3643263578414917,60.04283905029297,,,4
exp_hrl_v1,19,6,US_4,HOLD_VP,ATTACK,DIRECT,0.3643263578414917,60.04283905029297,,,4
exp_hrl_v1,19,6,US_5,HOLD_VP,ADVANCE,,0.17355981469154358,56.087440490722656,,,2
exp_hrl_v1,19,6,US_6,HOLD_VP,ADVANCE,,0.17355981469154358,56.087440490722656,,,4
exp_hrl_v1,19,6,US_7,HOLD_VP,ADVANCE,,0.17355981469154358,56.087440490722656,,,2
exp_hrl_v1,19,7,US_1,HOLD_VP,ADVANCE,,0.17355981469154358,56.087440490722656,,,4
exp_hrl_v1,19,7,US_2,HOLD_VP,ADVANCE,,0.17355981469154358,56.087440490722656,,,4
exp_hrl_v1,19,7,US_3,HOLD_VP,ADVANCE,,0.17355981469154358,56.087440490722656,,,4
exp_hrl_v1,19,7,US_4,HOLD_VP,FLANK,,0.1900620013475418,51.018211364746094,,,4
exp_hrl_v1,19,7,US_5,HOLD_VP,FLANK,,0.1900620013475418,51.018211364746094,,,2
exp_hrl_v1,19,7,US_6,HOLD_VP,FLANK,,0.1900620013475418,51.018211364746094,,,4
exp_hrl_v1,19,7,US_7,HOLD_VP,FLANK,,0.1900620013475418,51.018211364746094,,,2
exp_hrl_v1,19,8,US_1,HOLD_VP,FLANK,,0.1900620013475418,51.018211364746094,,,4
exp_hrl_v1,19,8,US_2,HOLD_VP,ATTACK,DIRECT,0.3018649220466614,47.0565185546875,,,4
exp_hrl_v1,19,8,US_3,HOLD_VP,ATTACK,DIRECT,0.3018649220466614,47.0565185546875,,,4
exp_hrl_v1,20,1,US_1,HOLD_VP,ATTACK,DIRECT,0.2209296077489853,31.995033264160156,,,4
exp_hrl_v1,20,1,US_2,HOLD_VP,ATTACK,DIRECT,0.2209296077489853,31.995033264160156,,,4
exp_hrl_v1,20,1,US_3,HOLD_VP,ATTACK,DIRECT,0.2209296077489853,31.995033264160156,,,4
exp_hrl_v1,20,1,US_4,HOLD_VP,ATTACK,DIRECT,0.2209296077489853,31.995033264160156,,,4
exp_hrl_v1,20,1,US_5,HOLD_VP,ATTACK,DIRECT,0.2209296077489853,31.995033264160156,,,2
exp_hrl_v1,20,1,US_6,HOLD_VP,ATTACK,DIRECT,0.2209296077489853,31.995033264160156,,,4
exp_hrl_v1,20,1,US_7,HOLD_VP,ATTACK,DIRECT,0.2209296077489853,31.995033264160156,,,2
exp_hrl_v1,20,2,US_1,HOLD_VP,ATTACK,DIRECT,0.2209296077489853,31.995033264160156,,,4
exp_hrl_v1,20,2,US_2,HOLD_VP,ATTACK,DIRECT,0.2209296077489853,31.995033264160156,,,4
exp_hrl_v1,20,2,US_3,HOLD_VP,ATTACK,DIRECT,0.2209296077489853,31.995033264160156,,,4
exp_hrl_v1,20,2,US_4,HOLD_VP,ATTACK,DIRECT,0.32469552755355835,50.113250732421875,,,4
exp_hrl_v1,20,2,US_5,HOLD_VP,ATTACK,DIRECT,0.32469552755355835,50.113250732421875,,,2
exp_hrl_v1,20,2,US_6,HOLD_VP,ATTACK,DIRECT,0.32469552755355835,50.113250732421875,,,4
exp_hrl_v1,20,2,US_7,HOLD_VP,ATTACK,DIRECT,0.32469552755355835,50.113250732421875,,,2
exp_hrl_v1,20,3,US_1,HOLD_VP,ATTACK,DIRECT,0.32469552755355835,50.113250732421875,,,4
exp_hrl_v1,20,3,US_2,HOLD_VP,ATTACK,DIRECT,0.32469552755355835,50.113250732421875,,,4
exp_hrl_v1,20,3,US_3,HOLD_VP,ATTACK,DIRECT,0.32469552755355835,50.113250732421875,,,4
exp_hrl_v1,20,3,US_4,HOLD_VP,ATTACK,DIRECT,0.32469552755355835,50.113250732421875,,,4
exp_hrl_v1,20,3,US_5,HOLD_VP,ATTACK,DIRECT,0.32469552755355835,50.113250732421875,,,2
exp_hrl_v1,20,3,US_6,HOLD_VP,ATTACK,DIRECT,0.32469552755355835,50.113250732421875,,,4
exp_hrl_v1,20,3,US_7,HOLD_VP,ADVANCE,,0.3705228865146637,55.55464553833008,,,2
exp_hrl_v1,20,4,US_1,HOLD_VP,ADVANCE,,0.3705228865146637,55.55464553833008,,,4
exp_hrl_v1,20,4,US_2,HOLD_VP,ADVANCE,,0.3705228865146637,55.55464553833008,,,4
exp_hrl_v1,20,4,US_3,HOLD_VP,ADVANCE,,0.3705228865146637,55.55464553833008,,,4
exp_hrl_v1,20,4,US_4,HOLD_VP,ADVANCE,,0.3705228865146637,55.55464553833008,,,4
exp_hrl_v1,20,4,US_5,HOLD_VP,ADVANCE,,0.3705228865146637,55.55464553833008,,,2
exp_hrl_v1,20,4,US_6,HOLD_VP,ADVANCE,,0.14407718181610107,56.727745056152344,,,4
exp_hrl_v1,20,4,US_7,HOLD_VP,ADVANCE,,0.14407718181610107,56.727745056152344,,,2
exp_hrl_v1,20,5,US_1,HOLD_VP,ADVANCE,,0.14407718181610107,56.727745056152344,,,4
exp_hrl_v1,20,5,US_2,HOLD_VP,ADVANCE,,0.14407718181610107,56.727745056152344,,,4
exp_hrl_v1,20,5,US_3,HOLD_VP,ADVANCE,,0.14407718181610107,56.727745056152344,,,4
exp_hrl_v1,20,5,US_4,HOLD_VP,ADVANCE,,0.14407718181610107,56.727745056152344,,,4
exp_hrl_v1,20,5,US_5,HOLD_VP,ADVANCE,,0.3205505907535553,56.34791564941406,,,2
exp_hrl_v1,20,5,US_6,HOLD_VP,ADVANCE,,0.3205505907535553,56.34791564941406,,,4
exp_hrl_v1,20,5,US_7,HOLD_VP,ADVANCE,,0.3205505907535553,56.34791564941406,,,2
exp_hrl_v1,20,6,US_1,HOLD_VP,ADVANCE,,0.3205505907535553,56.34791564941406,,,4
exp_hrl_v1,20,6,US_2,HOLD_VP,ADVANCE,,0.3205505907535553,56.34791564941406,,,4
exp_hrl_v1,20,6,US_3,HOLD_VP,ADVANCE,,0.3205505907535553,56.34791564941406,,,4
exp_hrl_v1,20,6,US_4,HOLD_VP,ADVANCE,,0.2136298269033432,54.301963806152344,,,4
exp_hrl_v1,20,6,US_5,HOLD_VP,ADVANCE,,0.2136298269033432,54.301963806152344,,,2
exp_hrl_v1,20,6,US_6,HOLD_VP,ADVANCE,,0.2136298269033432,54.301963806152344,,,4
exp_hrl_v1,20,6,US_7,HOLD_VP,ADVANCE,,0.2136298269033432,54.301963806152344,,,2
exp_hrl_v1,20,7,US_1,HOLD_VP,ADVANCE,,0.2136298269033432,54.301963806152344,,,4
exp_hrl_v1,20,7,US_2,HOLD_VP,ADVANCE,,0.2136298269033432,54.301963806152344,,,4
exp_hrl_v1,20,7,US_3,HOLD_VP,FLANK,,0.18382476270198822,50.58252716064453,,,4
exp_hrl_v1,20,7,US_4,HOLD_VP,FLANK,,0.18382476270198822,50.58252716064453,,,4
exp_hrl_v1,20,7,US_5,HOLD_VP,FLANK,,0.18382476270198822,50.58252716064453,,,2
exp_hrl_v1,20,7,US_6,HOLD_VP,FLANK,,0.18382476270198822,50.58252716064453,,,4
exp_hrl_v1,20,7,US_7,HOLD_VP,FLANK,,0.18382476270198822,50.58252716064453,,,2
exp_hrl_v1,20,8,US_1,HOLD_VP,ATTACK,DIRECT,0.3025819957256317,46.98359680175781,,,4
exp_hrl_v1,20,8,US_2,HOLD_VP,ATTACK,DIRECT,0.3025819957256317,46.98359680175781,,,4
exp_hrl_v1,20,8,US_3,HOLD_VP,ATTACK,DIRECT,0.3025819957256317,46.98359680175781,,,4
exp_hrl_v1,21,1,US_1,HOLD_VP,ADVANCE,,0.2209296077489853,31.995033264160156,,,4
exp_hrl_v1,21,1,US_2,HOLD_VP,ADVANCE,,0.2209296077489853,31.995033264160156,,,4
exp_hrl_v1,21,1,US_3,HOLD_VP,ADVANCE,,0.2209296077489853,31.995033264160156,,,4
exp_hrl_v1,21,1,US_4,HOLD_VP,ADVANCE,,0.2209296077489853,31.995033264160156,,,4
exp_hrl_v1,21,1,US_5,HOLD_VP,ADVANCE,,0.2209296077489853,31.995033264160156,,,2
exp_hrl_v1,21,1,US_6,HOLD_VP,ADVANCE,,0.2209296077489853,31.995033264160156,,,4
exp_hrl_v1,21,1,US_7,HOLD_VP,ADVANCE,,0.19140321016311646,38.966827392578125,,,2
exp_hrl_v1,21,2,US_1,HOLD_VP,ADVANCE,,0.19140321016311646,38.966827392578125,,,4
exp_hrl_v1,21,2,US_2,HOLD_VP,ADVANCE,,0.19140321016311646,38.966827392578125,,,4
exp_hrl_v1,21,2,US_3,HOLD_VP,ADVANCE,,0.19140321016311646,38.966827392578125,,,4
exp_hrl_v1,21,2,US_4,HOLD_VP,ADVANCE,,0.19140321016311646,38.966827392578125,,,4
exp_hrl_v1,21,2,US_5,HOLD_VP,ADVANCE,,0.19140321016311646,38.966827392578125,,,2
exp_hrl_v1,21,2,US_6,HOLD_VP,FLANK,,0.19315460324287415,43.13095474243164,,,4
exp_hrl_v1,21,2,US_7,HOLD_VP,FLANK,,0.19315460324287415,43.13095474243164,,,2
exp_hrl_v1,21,3,US_1,HOLD_VP,FLANK,,0.19315460324287415,43.13095474243164,,,4
exp_hrl_v1,21,3,US_2,HOLD_VP,FLANK,,0.19315460324287415,43.13095474243164,,,4
exp_hrl_v1,21,3,US_3,HOLD_VP,FLANK,,0.19315460324287415,43.13095474243164,,,4
exp_hrl_v1,21,3,US_4,HOLD_VP,ATTACK,DIRECT,0.2564496099948883,50.39462661743164,,,4
exp_hrl_v1,21,3,US_5,HOLD_VP,ATTACK,DIRECT,0.2564496099948883,50.39462661743164,,,2
exp_hrl_v1,21,3,US_6,HOLD_VP,ATTACK,DIRECT,0.2564496099948883,50.39462661743164,,,4
exp_hrl_v1,21,3,US_7,HOLD_VP,ATTACK,DIRECT,0.2564496099948883,50.39462661743164,,,2
exp_hrl_v1,21,4,US_1,HOLD_VP,ATTACK,DIRECT,0.2564496099948883,50.39462661743164,,,4
exp_hrl_v1,21,4,US_2,HOLD_VP,ATTACK,DIRECT,0.2564496099948883,50.39462661743164,,,4
exp_hrl_v1,21,4,US_3,HOLD_VP,ATTACK,DIRECT,0.2564496099948883,50.39462661743164,,,4
exp_hrl_v1,21,4,US_4,HOLD_VP,ATTACK,DIRECT,0.2564496099948883,50.39462661743164,,,4
exp_hrl_v1,21,4,US_5,HOLD_VP,ATTACK,DIRECT,0.2564496099948883,50.39462661743164,,,2
exp_hrl_v1,21,4,US_6,HOLD_VP,ATTACK,DIRECT,0.2564496099948883,50.39462661743164,,,4
exp_hrl_v1,21,4,US_7,HOLD_VP,ADVANCE,,0.26742321252822876,52.023963928222656,,,2
exp_hrl_v1,21,5,US_1,HOLD_VP,ADVANCE,,0.26742321252822876,52.023963928222656,,,4
exp_hrl_v1,21,5,US_2,HOLD_VP,ADVANCE,,0.26742321252822876,52.023963928222656,,,4
exp_hrl_v1,21,5,US_3,HOLD_VP,ADVANCE,,0.26742321252822876,52.023963928222656,,,4
exp_hrl_v1,21,5,US_4,HOLD_VP,ADVANCE,,0.26742321252822876,52.023963928222656,,,4
exp_hrl_v1,21,5,US_5,HOLD_VP,ADVANCE,,0.26742321252822876,52.023963928222656,,,2
exp_hrl_v1,21,5,US_6,HOLD_VP,ADVANCE,,0.23781132698059082,51.08042526245117,,,4
exp_hrl_v1,21,5,US_7,HOLD_VP,ADVANCE,,0.23781132698059082,51.08042526245117,,,2
exp_hrl_v1,21,6,US_1,HOLD_VP,ADVANCE,,0.23781132698059082,51.08042526245117,,,4
exp_hrl_v1,21,6,US_2,HOLD_VP,ADVANCE,,0.23781132698059082,51.08042526245117,,,4
exp_hrl_v1,21,6,US_3,HOLD_VP,ADVANCE,,0.23781132698059082,51.08042526245117,,,4
exp_hrl_v1,21,6,US_4,HOLD_VP,ADVANCE,,0.23781132698059082,51.08042526245117,,,4
exp_hrl_v1,21,6,US_5,HOLD_VP,FLANK,,0.19431273639202118,50.496910095214844,,,2
exp_hrl_v1,21,6,US_6,HOLD_VP,FLANK,,0.19431273639202118,50.496910095214844,,,4
exp_hrl_v1,21,6,US_7,HOLD_VP,FLANK,,0.19431273639202118,50.496910095214844,,,2
exp_hrl_v1,21,7,US_1,HOLD_VP,FLANK,,0.19431273639202118,50.496910095214844,,,4
exp_hrl_v1,21,7,US_2,HOLD_VP,FLANK,,0.19431273639202118,50.496910095214844,,,4
exp_hrl_v1,21,7,US_3,HOLD_VP,ADVANCE,,0.15004967153072357,48.53471755981445,,,4
exp_hrl_v1,21,7,US_4,HOLD_VP,ADVANCE,,0.15004967153072357,48.53471755981445,,,4
exp_hrl_v1,21,7,US_5,HOLD_VP,ADVANCE,,0.15004967153072357,48.53471755981445,,,2
exp_hrl_v1,21,7,US_6,HOLD_VP,ADVANCE,,0.15004967153072357,48.53471755981445,,,4
exp_hrl_v1,21,7,US_7,HOLD_VP,ADVANCE,,0.15004967153072357,48.53471755981445,,,2
exp_hrl_v1,21,8,US_1,HOLD_VP,ADVANCE,,0.15004967153072357,48.53471755981445,,,4
exp_hrl_v1,21,8,US_2,HOLD_VP,FLANK,,0.200941801071167,45.42346954345703,,,4
exp_hrl_v1,21,8,US_3,HOLD_VP,FLANK,,0.200941801071167,45.42346954345703,,,4
exp_hrl_v1,21,8,US_4,HOLD_VP,FLANK,,0.200941801071167,45.42346954345703,,,4
exp_hrl_v1,21,8,US_5,HOLD_VP,FLANK,,0.200941801071167,45.42346954345703,,,2
exp_hrl_v1,21,8,US_6,HOLD_VP,FLANK,,0.200941801071167,45.42346954345703,,,4
exp_hrl_v1,21,8,US_7,HOLD_VP,ATTACK,DIRECT,0.1537468582391739,44.51576232910156,,,2
exp_hrl_v1,22,1,US_1,HOLD_VP,ADVANCE,,0.2209296077489853,31.995033264160156,,,4
exp_hrl_v1,22,1,US_2,HOLD_VP,ADVANCE,,0.2209296077489853,31.995033264160156,,,4
exp_hrl_v1,22,1,US_3,HOLD_VP,ADVANCE,,0.2209296077489853,31.995033264160156,,,4
exp_hrl_v1,22,1,US_4,HOLD_VP,ADVANCE,,0.2209296077489853,31.995033264160156,,,4
exp_hrl_v1,22,1,US_5,HOLD_VP,ADVANCE,,0.2209296077489853,31.995033264160156,,,2
exp_hrl_v1,22,1,US_6,HOLD_VP,ADVANCE,,0.2209296077489853,31.995033264160156,,,4
exp_hrl_v1,22,1,US_7,HOLD_VP,ADVANCE,,0.19832457602024078,38.966827392578125,,,2
exp_hrl_v1,22,2,US_1,HOLD_VP,ADVANCE,,0.19832457602024078,38.966827392578125,,,4
exp_hrl_v1,22,2,US_2,HOLD_VP,ADVANCE,,0.19832457602024078,38.966827392578125,,,4
exp_hrl_v1,22,2,US_3,HOLD_VP,ADVANCE,,0.19832457602024078,38.966827392578125,,,4
exp_hrl_v1,22,2,US_4,HOLD_VP,ADVANCE,,0.19832457602024078,38.966827392578125,,,4
exp_hrl_v1,22,2,US_5,HOLD_VP,ADVANCE,,0.19832457602024078,38.966827392578125,,,2
exp_hrl_v1,22,2,US_6,HOLD_VP,ADVANCE,,0.1930677741765976,43.13095474243164,,,4
exp_hrl_v1,22,2,US_7,HOLD_VP,ADVANCE,,0.1930677741765976,43.13095474243164,,,2
exp_hrl_v1,22,3,US_1,HOLD_VP,ADVANCE,,0.1930677741765976,43.13095474243164,,,4
exp_hrl_v1,22,3,US_2,HOLD_VP,ADVANCE,,0.1930677741765976,43.13095474243164,,,4
exp_hrl_v1,22,3,US_3,HOLD_VP,ADVANCE,,0.1930677741765976,43.13095474243164,,,4
exp_hrl_v1,22,3,US_4,HOLD_VP,ADVANCE,,0.1930677741765976,43.13095474243164,,,4
exp_hrl_v1,22,3,US_5,HOLD_VP,FLANK,,0.18429358303546906,51.56973648071289,,,2
exp_hrl_v1,22,3,US_6,HOLD_VP,FLANK,,0.18429358303546906,51.56973648071289,,,4
exp_hrl_v1,22,3,US_7,HOLD_VP,FLANK,,0.18429358303546906,51.56973648071289,,,2
exp_hrl_v1,22,4,US_1,HOLD_VP,FLANK,,0.18429358303546906,51.56973648071289,,,4
exp_hrl_v1,22,4,US_2,HOLD_VP,FLANK,,0.18429358303546906,51.56973648071289,,,4
exp_hrl_v1,22,4,US_3,HOLD_VP,ADVANCE,,0.20974594354629517,55.64869689941406,,,4
exp_hrl_v1,22,4,US_4,HOLD_VP,ADVANCE,,0.20974594354629517,55.64869689941406,,,4
exp_hrl_v1,22,4,US_5,HOLD_VP,ADVANCE,,0.20974594354629517,55.64869689941406,,,2
exp_hrl_v1,22,4,US_6,HOLD_VP,ADVANCE,,0.20974594354629517,55.64869689941406,,,4
exp_hrl_v1,22,4,US_7,HOLD_VP,ADVANCE,,0.20974594354629517,55.64869689941406,,,2
exp_hrl_v1,22,5,US_1,HOLD_VP,ADVANCE,,0.20974594354629517,55.64869689941406,,,4
exp_hrl_v1,22,5,US_2,HOLD_VP,ATTACK,DIRECT,0.33531293272972107,59.29676818847656,,,4
exp_hrl_v1,22,5,US_3,HOLD_VP,ATTACK,DIRECT,0.33531293272972107,59.29676818847656,,,4
exp_hrl_v1,22,5,US_4,HOLD_VP,ATTACK,DIRECT,0.33531293272972107,59.29676818847656,,,4
exp_hrl_v1,22,5,US_5,HOLD_VP,ATTACK,DIRECT,0.33531293272972107,59.29676818847656,,,2
exp_hrl_v1,22,5,US_6,HOLD_VP,ATTACK,DIRECT,0.33531293272972107,59.29676818847656,,,4
exp_hrl_v1,22,5,US_7,HOLD_VP,ATTACK,DIRECT,0.33531293272972107,59.29676818847656,,,2
exp_hrl_v1,22,6,US_1,HOLD_VP,ATTACK,DIRECT,0.33531293272972107,59.29676818847656,,,4
exp_hrl_v1,22,6,US_2,HOLD_VP,ATTACK,DIRECT,0.33531293272972107,59.29676818847656,,,4
exp_hrl_v1,23,1,US_1,PUSH_VP,ADVANCE,,0.1899789720773697,31.995033264160156,,,4
exp_hrl_v1,23,1,US_2,PUSH_VP,ADVANCE,,0.1899789720773697,31.995033264160156,,,4
exp_hrl_v1,23,1,US_3,PUSH_VP,ADVANCE,,0.1899789720773697,31.995033264160156,,,4
exp_hrl_v1,23,1,US_4,PUSH_VP,ADVANCE,,0.1899789720773697,31.995033264160156,,,4
exp_hrl_v1,23,1,US_5,PUSH_VP,ADVANCE,,0.1899789720773697,31.995033264160156,,,2
exp_hrl_v1,23,1,US_6,PUSH_VP,ADVANCE,,0.1899789720773697,31.995033264160156,,,4
exp_hrl_v1,23,1,US_7,PUSH_VP,FLANK,,0.1966974139213562,38.966827392578125,,,2
exp_hrl_v1,23,2,US_1,PUSH_VP,FLANK,,0.1966974139213562,38.966827392578125,,,4
exp_hrl_v1,23,2,US_2,PUSH_VP,FLANK,,0.1966974139213562,38.966827392578125,,,4
exp_hrl_v1,23,2,US_3,PUSH_VP,FLANK,,0.1966974139213562,38.966827392578125,,,4
exp_hrl_v1,23,2,US_4,PUSH_VP,FLANK,,0.1966974139213562,38.966827392578125,,,4
exp_hrl_v1,23,2,US_5,PUSH_VP,FLANK,,0.19717855751514435,45.69208526611328,,,2
exp_hrl_v1,23,2,US_6,PUSH_VP,FLANK,,0.19717855751514435,45.69208526611328,,,4
exp_hrl_v1,23,2,US_7,PUSH_VP,FLANK,,0.19717855751514435,45.69208526611328,,,2
exp_hrl_v1,23,3,US_1,PUSH_VP,FLANK,,0.19717855751514435,45.69208526611328,,,4
exp_hrl_v1,23,3,US_2,PUSH_VP,FLANK,,0.19717855751514435,45.69208526611328,,,4
exp_hrl_v1,23,3,US_3,PUSH_VP,FLANK,,0.1874161660671234,51.16645812988281,,,4
exp_hrl_v1,23,3,US_4,PUSH_VP,FLANK,,0.1874161660671234,51.16645812988281,,,4
exp_hrl_v1,23,3,US_5,PUSH_VP,FLANK,,0.1874161660671234,51.16645812988281,,,2
exp_hrl_v1,23,3,US_6,PUSH_VP,FLANK,,0.1874161660671234,51.16645812988281,,,4
exp_hrl_v1,23,3,US_7,PUSH_VP,FLANK,,0.1874161660671234,51.16645812988281,,,2
exp_hrl_v1,23,4,US_1,PUSH_VP,ATTACK,DIRECT,0.20318655669689178,55.25263595581055,,,4
exp_hrl_v1,23,4,US_2,PUSH_VP,ATTACK,DIRECT,0.20318655669689178,55.25263595581055,,,4
exp_hrl_v1,23,4,US_3,PUSH_VP,ATTACK,DIRECT,0.20318655669689178,55.25263595581055,,,4
exp_hrl_v1,23,4,US_4,PUSH_VP,ATTACK,DIRECT,0.20318655669689178,55.25263595581055,,,4
exp_hrl_v1,23,4,US_5,PUSH_VP,ATTACK,DIRECT,0.20318655669689178,55.25263595581055,,,2
exp_hrl_v1,23,4,US_6,PUSH_VP,ATTACK,DIRECT,0.20318655669689178,55.25263595581055,,,4
exp_hrl_v1,23,4,US_7,PUSH_VP,ATTACK,DIRECT,0.20318655669689178,55.25263595581055,,,2
exp_hrl_v1,23,5,US_1,PUSH_VP,ATTACK,DIRECT,0.20318655669689178,55.25263595581055,,,4
exp_hrl_v1,23,5,US_2,PUSH_VP,ATTACK,DIRECT,0.20318655669689178,55.25263595581055,,,4
exp_hrl_v1,23,5,US_3,PUSH_VP,ATTACK,DIRECT,0.20318655669689178,55.25263595581055,,,4
exp_hrl_v1,23,5,US_4,PUSH_VP,ADVANCE,,0.16609865427017212,56.046226501464844,,,4
exp_hrl_v1,23,5,US_5,PUSH_VP,ADVANCE,,0.16609865427017212,56.046226501464844,,,2
exp_hrl_v1,23,5,US_6,PUSH_VP,ADVANCE,,0.16609865427017212,56.046226501464844,,,4
exp_hrl_v1,23,5,US_7,PUSH_VP,ADVANCE,,0.16609865427017212,56.046226501464844,,,2
exp_hrl_v1,23,6,US_1,PUSH_VP,ADVANCE,,0.16609865427017212,56.046226501464844,,,4
exp_hrl_v1,23,6,US_2,PUSH_VP,ADVANCE,,0.16609865427017212,56.046226501464844,,,4
exp_hrl_v1,23,6,US_3,HOLD_VP,ADVANCE,,0.1669006496667862,54.17026901245117,,,4
exp_hrl_v1,23,6,US_4,HOLD_VP,ADVANCE,,0.1669006496667862,54.17026901245117,,,4
exp_hrl_v1,23,6,US_5,HOLD_VP,ADVANCE,,0.1669006496667862,54.17026901245117,,,2
exp_hrl_v1,23,6,US_6,HOLD_VP,ADVANCE,,0.1669006496667862,54.17026901245117,,,4
exp_hrl_v1,23,6,US_7,HOLD_VP,ADVANCE,,0.1669006496667862,54.17026901245117,,,2
exp_hrl_v1,23,7,US_1,HOLD_VP,ADVANCE,,0.1669006496667862,54.17026901245117,,,4
exp_hrl_v1,23,7,US_2,HOLD_VP,ATTACK,DIRECT,0.18082457780838013,52.183284759521484,,,4
exp_hrl_v1,23,7,US_3,HOLD_VP,ATTACK,DIRECT,0.18082457780838013,52.183284759521484,,,4
exp_hrl_v1,23,7,US_4,HOLD_VP,ATTACK,DIRECT,0.18082457780838013,52.183284759521484,,,4
exp_hrl_v1,23,7,US_5,HOLD_VP,ATTACK,DIRECT,0.18082457780838013,52.183284759521484,,,2
exp_hrl_v1,23,7,US_6,HOLD_VP,ATTACK,DIRECT,0.18082457780838013,52.183284759521484,,,4
exp_hrl_v1,24,1,US_1,PUSH_VP,FLANK,,0.1957722306251526,31.995033264160156,,,4
exp_hrl_v1,24,1,US_2,PUSH_VP,FLANK,,0.1957722306251526,31.995033264160156,,,4
exp_hrl_v1,24,1,US_3,PUSH_VP,FLANK,,0.1957722306251526,31.995033264160156,,,4
exp_hrl_v1,24,1,US_4,PUSH_VP,FLANK,,0.1957722306251526,31.995033264160156,,,4
exp_hrl_v1,24,1,US_5,PUSH_VP,FLANK,,0.1957722306251526,31.995033264160156,,,2
exp_hrl_v1,24,1,US_6,PUSH_VP,FLANK,,0.19572269916534424,38.0492057800293,,,4
exp_hrl_v1,24,1,US_7,PUSH_VP,FLANK,,0.19572269916534424,38.0492057800293,,,2
exp_hrl_v1,24,2,US_1,PUSH_VP,FLANK,,0.19572269916534424,38.0492057800293,,,4
exp_hrl_v1,24,2,US_2,PUSH_VP,FLANK,,0.19572269916534424,38.0492057800293,,,4
exp_hrl_v1,24,2,US_3,PUSH_VP,FLANK,,0.19572269916534424,38.0492057800293,,,4
exp_hrl_v1,24,2,US_4,PUSH_VP,FLANK,,0.1928972601890564,44.03032684326172,,,4
exp_hrl_v1,24,2,US_5,PUSH_VP,FLANK,,0.1928972601890564,44.03032684326172,,,2
exp_hrl_v1,24,2,US_6,PUSH_VP,FLANK,,0.1928972601890564,44.03032684326172,,,4
exp_hrl_v1,24,2,US_7,PUSH_VP,FLANK,,0.1928972601890564,44.03032684326172,,,2
exp_hrl_v1,24,3,US_1,PUSH_VP,FLANK,,0.1928972601890564,44.03032684326172,,,4
exp_hrl_v1,24,3,US_2,PUSH_VP,ADVANCE,,0.18468444049358368,50.155242919921875,,,4
exp_hrl_v1,24,3,US_3,PUSH_VP,ADVANCE,,0.18468444049358368,50.155242919921875,,,4
exp_hrl_v1,24,3,US_4,PUSH_VP,ADVANCE,,0.18468444049358368,50.155242919921875,,,4
exp_hrl_v1,24,3,US_5,PUSH_VP,ADVANCE,,0.18468444049358368,50.155242919921875,,,2
exp_hrl_v1,24,3,US_6,PUSH_VP,ADVANCE,,0.18468444049358368,50.155242919921875,,,4
exp_hrl_v1,24,3,US_7,PUSH_VP,ADVANCE,,0.18468444049358368,50.155242919921875,,,2
exp_hrl_v1,24,4,US_1,PUSH_VP,ATTACK,DIRECT,0.2921847701072693,54.81770324707031,,,4
exp_hrl_v1,24,4,US_2,PUSH_VP,ATTACK,DIRECT,0.2921847701072693,54.81770324707031,,,4
exp_hrl_v1,24,4,US_3,PUSH_VP,ATTACK,DIRECT,0.2921847701072693,54.81770324707031,,,4
exp_hrl_v1,24,4,US_4,PUSH_VP,ATTACK,DIRECT,0.2921847701072693,54.81770324707031,,,4
exp_hrl_v1,24,4,US_5,PUSH_VP,ATTACK,DIRECT,0.2921847701072693,54.81770324707031,,,2
exp_hrl_v1,24,4,US_6,PUSH_VP,ATTACK,DIRECT,0.2921847701072693,54.81770324707031,,,4
exp_hrl_v1,24,4,US_7,PUSH_VP,ATTACK,DIRECT,0.2921847701072693,54.81770324707031,,,2
exp_hrl_v1,24,5,US_1,PUSH_VP,ATTACK,DIRECT,0.2921847701072693,54.81770324707031,,,4
exp_hrl_v1,24,5,US_2,PUSH_VP,ATTACK,DIRECT,0.2921847701072693,54.81770324707031,,,4
exp_hrl_v1,24,5,US_3,PUSH_VP,ATTACK,DIRECT,0.2921847701072693,54.81770324707031,,,4
exp_hrl_v1,24,5,US_4,PUSH_VP,ADVANCE,,0.18472222983837128,53.29659652709961,,,4
exp_hrl_v1,24,5,US_5,PUSH_VP,ADVANCE,,0.18472222983837128,53.29659652709961,,,2
exp_hrl_v1,24,5,US_6,PUSH_VP,ADVANCE,,0.18472222983837128,53.29659652709961,,,4
exp_hrl_v1,24,5,US_7,PUSH_VP,ADVANCE,,0.18472222983837128,53.29659652709961,,,2
exp_hrl_v1,24,6,US_1,PUSH_VP,ADVANCE,,0.18472222983837128,53.29659652709961,,,4
exp_hrl_v1,24,6,US_2,PUSH_VP,ADVANCE,,0.18472222983837128,53.29659652709961,,,4
exp_hrl_v1,24,6,US_3,HOLD_VP,FLANK,,0.18500393629074097,50.4038200378418,,,4
exp_hrl_v1,24,6,US_4,HOLD_VP,FLANK,,0.18500393629074097,50.4038200378418,,,4
exp_hrl_v1,24,6,US_5,HOLD_VP,FLANK,,0.18500393629074097,50.4038200378418,,,2
exp_hrl_v1,24,6,US_6,HOLD_VP,FLANK,,0.18500393629074097,50.4038200378418,,,4
exp_hrl_v1,24,6,US_7,HOLD_VP,FLANK,,0.18500393629074097,50.4038200378418,,,2
exp_hrl_v1,24,7,US_1,HOLD_VP,FLANK,,0.19383560121059418,48.73080825805664,,,4
exp_hrl_v1,24,7,US_2,HOLD_VP,FLANK,,0.19383560121059418,48.73080825805664,,,4
exp_hrl_v1,24,7,US_3,HOLD_VP,FLANK,,0.19383560121059418,48.73080825805664,,,4
exp_hrl_v1,24,7,US_4,HOLD_VP,FLANK,,0.19383560121059418,48.73080825805664,,,4
exp_hrl_v1,24,7,US_5,HOLD_VP,FLANK,,0.19383560121059418,48.73080825805664,,,2
exp_hrl_v1,24,7,US_6,HOLD_VP,ADVANCE,,0.31120064854621887,48.19757080078125,,,4
exp_hrl_v1,24,7,US_7,HOLD_VP,ADVANCE,,0.31120064854621887,48.19757080078125,,,2
exp_hrl_v1,24,8,US_1,HOLD_VP,ADVANCE,,0.31120064854621887,48.19757080078125,,,4
exp_hrl_v1,24,8,US_2,HOLD_VP,ADVANCE,,0.31120064854621887,48.19757080078125,,,4
exp_hrl_v1,24,8,US_3,HOLD_VP,ADVANCE,,0.31120064854621887,48.19757080078125,,,4
exp_hrl_v1,24,8,US_4,HOLD_VP,ADVANCE,,0.31120064854621887,48.19757080078125,,,4
exp_hrl_v1,24,8,US_5,HOLD_VP,ADVANCE,,0.1968953162431717,46.002464294433594,,,2
exp_hrl_v1,24,8,US_6,HOLD_VP,ADVANCE,,0.1968953162431717,46.002464294433594,,,4
exp_hrl_v1,24,8,US_7,HOLD_VP,ADVANCE,,0.1968953162431717,46.002464294433594,,,2
exp_hrl_v1,24,9,US_1,HOLD_VP,ADVANCE,,0.1968953162431717,46.002464294433594,,,4
exp_hrl_v1,24,9,US_2,HOLD_VP,ADVANCE,,0.1968953162431717,46.002464294433594,,,4
exp_hrl_v1,24,9,US_3,HOLD_VP,ADVANCE,,0.1968953162431717,46.002464294433594,,,4
exp_hrl_v1,24,9,US_4,HOLD_VP,ATTACK,DIRECT,0.22666697204113007,40.61411666870117,,,4
exp_hrl_v1,25,1,US_1,PUSH_VP,FLANK,,0.1957722306251526,31.995033264160156,,,4
exp_hrl_v1,25,1,US_2,PUSH_VP,FLANK,,0.1957722306251526,31.995033264160156,,,4
exp_hrl_v1,25,1,US_3,PUSH_VP,FLANK,,0.1957722306251526,31.995033264160156,,,4
exp_hrl_v1,25,1,US_4,PUSH_VP,FLANK,,0.1957722306251526,31.995033264160156,,,4
exp_hrl_v1,25,1,US_5,PUSH_VP,FLANK,,0.1957722306251526,31.995033264160156,,,2
exp_hrl_v1,25,1,US_6,PUSH_VP,ADVANCE,,0.21194958686828613,38.0492057800293,,,4
exp_hrl_v1,25,1,US_7,PUSH_VP,ADVANCE,,0.21194958686828613,38.0492057800293,,,2
exp_hrl_v1,25,2,US_1,PUSH_VP,ADVANCE,,0.21194958686828613,38.0492057800293,,,4
exp_hrl_v1,25,2,US_2,PUSH_VP,ADVANCE,,0.21194958686828613,38.0492057800293,,,4
exp_hrl_v1,25,2,US_3,PUSH_VP,ADVANCE,,0.21194958686828613,38.0492057800293,,,4
exp_hrl_v1,25,2,US_4,PUSH_VP,ADVANCE,,0.21194958686828613,38.0492057800293,,,4
exp_hrl_v1,25,2,US_5,PUSH_VP,ADVANCE,,0.1905227154493332,45.439945220947266,,,2
exp_hrl_v1,25,2,US_6,PUSH_VP,ADVANCE,,0.1905227154493332,45.439945220947266,,,4
exp_hrl_v1,25,2,US_7,PUSH_VP,ADVANCE,,0.1905227154493332,45.439945220947266,,,2
exp_hrl_v1,25,3,US_1,PUSH_VP,ADVANCE,,0.1905227154493332,45.439945220947266,,,4
exp_hrl_v1,25,3,US_2,PUSH_VP,ADVANCE,,0.1905227154493332,45.439945220947266,,,4
exp_hrl_v1,25,3,US_3,PUSH_VP,ADVANCE,,0.1905227154493332,45.439945220947266,,,4
exp_hrl_v1,25,3,US_4,PUSH_VP,ADVANCE,,0.1822824478149414,51.02067565917969,,,4
exp_hrl_v1,25,3,US_5,PUSH_VP,ADVANCE,,0.1822824478149414,51.02067565917969,,,2
exp_hrl_v1,25,3,US_6,PUSH_VP,ADVANCE,,0.1822824478149414,51.02067565917969,,,4
exp_hrl_v1,25,3,US_7,PUSH_VP,ADVANCE,,0.1822824478149414,51.02067565917969,,,2
exp_hrl_v1,25,4,US_1,PUSH_VP,ADVANCE,,0.1822824478149414,51.02067565917969,,,4
exp_hrl_v1,25,4,US_2,PUSH_VP,ADVANCE,,0.1822824478149414,51.02067565917969,,,4
exp_hrl_v1,25,4,US_3,PUSH_VP,ADVANCE,,0.21220670640468597,55.434879302978516,,,4
exp_hrl_v1,25,4,US_4,PUSH_VP,ADVANCE,,0.21220670640468597,55.434879302978516,,,4
exp_hrl_v1,25,4,US_5,PUSH_VP,ADVANCE,,0.21220670640468597,55.434879302978516,,,2
exp_hrl_v1,25,4,US_6,PUSH_VP,ADVANCE,,0.21220670640468597,55.434879302978516,,,4
exp_hrl_v1,25,4,US_7,PUSH_VP,ADVANCE,,0.21220670640468597,55.434879302978516,,,2
exp_hrl_v1,25,5,US_1,PUSH_VP,ADVANCE,,0.21220670640468597,55.434879302978516,,,4
exp_hrl_v1,25,5,US_2,PUSH_VP,ATTACK,DIRECT,0.32026341557502747,59.2537841796875,,,4
exp_hrl_v1,25,5,US_3,PUSH_VP,ATTACK,DIRECT,0.32026341557502747,59.2537841796875,,,4
exp_hrl_v1,25,5,US_4,PUSH_VP,ATTACK,DIRECT,0.32026341557502747,59.2537841796875,,,4
exp_hrl_v1,25,5,US_5,PUSH_VP,ATTACK,DIRECT,0.32026341557502747,59.2537841796875,,,2
exp_hrl_v1,25,5,US_6,PUSH_VP,ATTACK,DIRECT,0.32026341557502747,59.2537841796875,,,4
exp_hrl_v1,25,5,US_7,PUSH_VP,ATTACK,DIRECT,0.32026341557502747,59.2537841796875,,,2
exp_hrl_v1,25,6,US_1,PUSH_VP,ATTACK,DIRECT,0.32026341557502747,59.2537841796875,,,4
exp_hrl_v1,25,6,US_2,PUSH_VP,ATTACK,DIRECT,0.32026341557502747,59.2537841796875,,,4
exp_hrl_v1,25,6,US_3,PUSH_VP,ATTACK,DIRECT,0.32026341557502747,59.2537841796875,,,4
exp_hrl_v1,26,1,US_1,ATTACK,ATTACK,DIRECT,0.1955854892730713,31.995033264160156,,,4
exp_hrl_v1,26,1,US_2,ATTACK,ATTACK,DIRECT,0.1955854892730713,31.995033264160156,,,4
exp_hrl_v1,26,1,US_3,ATTACK,ATTACK,DIRECT,0.1955854892730713,31.995033264160156,,,4
exp_hrl_v1,26,1,US_4,ATTACK,ATTACK,DIRECT,0.1955854892730713,31.995033264160156,,,4
exp_hrl_v1,26,1,US_5,ATTACK,ATTACK,DIRECT,0.1955854892730713,31.995033264160156,,,2
exp_hrl_v1,26,1,US_6,ATTACK,ATTACK,DIRECT,0.1955854892730713,31.995033264160156,,,4
exp_hrl_v1,26,1,US_7,ATTACK,ATTACK,DIRECT,0.1955854892730713,31.995033264160156,,,2
exp_hrl_v1,26,2,US_1,ATTACK,ATTACK,DIRECT,0.1955854892730713,31.995033264160156,,,4
exp_hrl_v1,26,2,US_2,ATTACK,ATTACK,DIRECT,0.1955854892730713,31.995033264160156,,,4
exp_hrl_v1,26,2,US_3,ATTACK,ATTACK,DIRECT,0.1955854892730713,31.995033264160156,,,4
exp_hrl_v1,26,2,US_4,ATTACK,ADVANCE,,0.18556734919548035,51.495452880859375,,,4
exp_hrl_v1,26,2,US_5,ATTACK,ADVANCE,,0.18556734919548035,51.495452880859375,,,2
exp_hrl_v1,26,2,US_6,ATTACK,ADVANCE,,0.18556734919548035,51.495452880859375,,,4
exp_hrl_v1,26,2,US_7,ATTACK,ADVANCE,,0.18556734919548035,51.495452880859375,,,2
exp_hrl_v1,26,3,US_1,ATTACK,ADVANCE,,0.18556734919548035,51.495452880859375,,,4
exp_hrl_v1,26,3,US_2,ATTACK,ADVANCE,,0.18556734919548035,51.495452880859375,,,4
exp_hrl_v1,26,3,US_3,ATTACK,ADVANCE,,0.19002984464168549,54.78229522705078,,,4
exp_hrl_v1,26,3,US_4,ATTACK,ADVANCE,,0.19002984464168549,54.78229522705078,,,4
exp_hrl_v1,26,3,US_5,ATTACK,ADVANCE,,0.19002984464168549,54.78229522705078,,,2
exp_hrl_v1,26,3,US_6,ATTACK,ADVANCE,,0.19002984464168549,54.78229522705078,,,4
exp_hrl_v1,26,3,US_7,ATTACK,ADVANCE,,0.19002984464168549,54.78229522705078,,,2
exp_hrl_v1,26,4,US_1,ATTACK,ADVANCE,,0.19002984464168549,54.78229522705078,,,4
exp_hrl_v1,26,4,US_2,ATTACK,ATTACK,DIRECT,0.19741412997245789,54.72899627685547,,,4
exp_hrl_v1,26,4,US_3,ATTACK,ATTACK,DIRECT,0.19741412997245789,54.72899627685547,,,4
exp_hrl_v1,27,1,US_1,PUSH_VP,ADVANCE,,0.2209296077489853,31.995033264160156,,,4
exp_hrl_v1,27,1,US_2,PUSH_VP,ADVANCE,,0.2209296077489853,31.995033264160156,,,4
exp_hrl_v1,27,1,US_3,PUSH_VP,ADVANCE,,0.2209296077489853,31.995033264160156,,,4
exp_hrl_v1,27,1,US_4,PUSH_VP,ADVANCE,,0.2209296077489853,31.995033264160156,,,4
exp_hrl_v1,27,1,US_5,PUSH_VP,ADVANCE,,0.2209296077489853,31.995033264160156,,,2
exp_hrl_v1,27,1,US_6,PUSH_VP,ADVANCE,,0.2209296077489853,31.995033264160156,,,4
exp_hrl_v1,27,1,US_7,PUSH_VP,ADVANCE,,0.19609956443309784,38.966827392578125,,,2
exp_hrl_v1,27,2,US_1,PUSH_VP,ADVANCE,,0.19609956443309784,38.966827392578125,,,4
exp_hrl_v1,27,2,US_2,PUSH_VP,ADVANCE,,0.19609956443309784,38.966827392578125,,,4
exp_hrl_v1,27,2,US_3,PUSH_VP,ADVANCE,,0.19609956443309784,38.966827392578125,,,4
exp_hrl_v1,27,2,US_4,PUSH_VP,ADVANCE,,0.19609956443309784,38.966827392578125,,,4
exp_hrl_v1,27,2,US_5,PUSH_VP,ADVANCE,,0.19609956443309784,38.966827392578125,,,2
exp_hrl_v1,27,2,US_6,PUSH_VP,ADVANCE,,0.1930677741765976,43.13095474243164,,,4
exp_hrl_v1,27,2,US_7,PUSH_VP,ADVANCE,,0.1930677741765976,43.13095474243164,,,2
exp_hrl_v1,27,3,US_1,PUSH_VP,ADVANCE,,0.1930677741765976,43.13095474243164,,,4
exp_hrl_v1,27,3,US_2,PUSH_VP,ADVANCE,,0.1930677741765976,43.13095474243164,,,4
exp_hrl_v1,27,3,US_3,PUSH_VP,ADVANCE,,0.1930677741765976,43.13095474243164,,,4
exp_hrl_v1,27,3,US_4,PUSH_VP,ADVANCE,,0.1930677741765976,43.13095474243164,,,4
exp_hrl_v1,27,3,US_5,PUSH_VP,ADVANCE,,0.2650388479232788,51.56973648071289,,,2
exp_hrl_v1,27,3,US_6,PUSH_VP,ADVANCE,,0.2650388479232788,51.56973648071289,,,4
exp_hrl_v1,27,3,US_7,PUSH_VP,ADVANCE,,0.2650388479232788,51.56973648071289,,,2
exp_hrl_v1,27,4,US_1,PUSH_VP,ADVANCE,,0.2650388479232788,51.56973648071289,,,4
exp_hrl_v1,27,4,US_2,PUSH_VP,ADVANCE,,0.2650388479232788,51.56973648071289,,,4
exp_hrl_v1,27,4,US_3,PUSH_VP,ADVANCE,,0.2650388479232788,51.56973648071289,,,4
exp_hrl_v1,27,4,US_4,PUSH_VP,ATTACK,INDIRECT,0.27733948826789856,56.64994812011719,,,4
exp_hrl_v1,27,4,US_5,PUSH_VP,ATTACK,INDIRECT,0.27733948826789856,56.64994812011719,,,2
exp_hrl_v1,27,4,US_6,PUSH_VP,ATTACK,INDIRECT,0.27733948826789856,56.64994812011719,,,4
exp_hrl_v1,27,4,US_7,PUSH_VP,ATTACK,INDIRECT,0.27733948826789856,56.64994812011719,,,2
exp_hrl_v1,27,5,US_1,PUSH_VP,ATTACK,INDIRECT,0.27733948826789856,56.64994812011719,,,4
exp_hrl_v1,27,5,US_2,PUSH_VP,ATTACK,INDIRECT,0.27733948826789856,56.64994812011719,,,4
exp_hrl_v1,27,5,US_3,PUSH_VP,ATTACK,INDIRECT,0.27733948826789856,56.64994812011719,,,4
exp_hrl_v1,27,5,US_4,PUSH_VP,ATTACK,INDIRECT,0.27733948826789856,56.64994812011719,,,4
exp_hrl_v1,27,5,US_5,PUSH_VP,ATTACK,INDIRECT,0.27733948826789856,56.64994812011719,,,2
exp_hrl_v1,27,5,US_6,PUSH_VP,ATTACK,INDIRECT,0.27733948826789856,56.64994812011719,,,4
exp_hrl_v1,28,1,US_1,HOLD_VP,ADVANCE,,0.1899789720773697,31.995033264160156,,,4
exp_hrl_v1,28,1,US_2,HOLD_VP,ADVANCE,,0.1899789720773697,31.995033264160156,,,4
exp_hrl_v1,28,1,US_3,HOLD_VP,ADVANCE,,0.1899789720773697,31.995033264160156,,,4
exp_hrl_v1,28,1,US_4,HOLD_VP,ADVANCE,,0.1899789720773697,31.995033264160156,,,4
exp_hrl_v1,28,1,US_5,HOLD_VP,ADVANCE,,0.1899789720773697,31.995033264160156,,,2
exp_hrl_v1,28,1,US_6,HOLD_VP,ADVANCE,,0.1899789720773697,31.995033264160156,,,4
exp_hrl_v1,28,1,US_7,HOLD_VP,ATTACK,DIRECT,0.21747517585754395,38.966827392578125,,,2
exp_hrl_v1,28,2,US_1,HOLD_VP,ATTACK,DIRECT,0.21747517585754395,38.966827392578125,,,4
exp_hrl_v1,28,2,US_2,HOLD_VP,ATTACK,DIRECT,0.21747517585754395,38.966827392578125,,,4
exp_hrl_v1,28,2,US_3,HOLD_VP,ATTACK,DIRECT,0.21747517585754395,38.966827392578125,,,4
exp_hrl_v1,28,2,US_4,HOLD_VP,ATTACK,DIRECT,0.21747517585754395,38.966827392578125,,,4
exp_hrl_v1,28,2,US_5,HOLD_VP,ATTACK,DIRECT,0.21747517585754395,38.966827392578125,,,2
exp_hrl_v1,28,2,US_6,HOLD_VP,ATTACK,DIRECT,0.21747517585754395,38.966827392578125,,,4
exp_hrl_v1,28,2,US_7,HOLD_VP,ATTACK,DIRECT,0.21747517585754395,38.966827392578125,,,2
exp_hrl_v1,28,3,US_1,HOLD_VP,ATTACK,DIRECT,0.21747517585754395,38.966827392578125,,,4
exp_hrl_v1,28,3,US_2,HOLD_VP,ATTACK,DIRECT,0.21747517585754395,38.966827392578125,,,4
exp_hrl_v1,28,3,US_3,HOLD_VP,FLANK,,0.16401953995227814,53.49028778076172,,,4
exp_hrl_v1,28,3,US_4,HOLD_VP,FLANK,,0.16401953995227814,53.49028778076172,,,4
exp_hrl_v1,28,3,US_5,HOLD_VP,FLANK,,0.16401953995227814,53.49028778076172,,,2
exp_hrl_v1,28,3,US_6,HOLD_VP,FLANK,,0.16401953995227814,53.49028778076172,,,4
exp_hrl_v1,28,3,US_7,HOLD_VP,FLANK,,0.16401953995227814,53.49028778076172,,,2
exp_hrl_v1,28,4,US_1,HOLD_VP,FLANK,,0.1599462628364563,55.87767791748047,,,4
exp_hrl_v1,28,4,US_2,HOLD_VP,FLANK,,0.1599462628364563,55.87767791748047,,,4
exp_hrl_v1,28,4,US_3,HOLD_VP,FLANK,,0.1599462628364563,55.87767791748047,,,4
exp_hrl_v1,28,4,US_4,HOLD_VP,FLANK,,0.1599462628364563,55.87767791748047,,,4
exp_hrl_v1,28,4,US_5,HOLD_VP,FLANK,,0.1599462628364563,55.87767791748047,,,2
exp_hrl_v1,28,4,US_6,HOLD_VP,FLANK,,0.1577112376689911,57.51247787475586,,,4
exp_hrl_v1,28,4,US_7,HOLD_VP,FLANK,,0.1577112376689911,57.51247787475586,,,2
exp_hrl_v1,28,5,US_1,HOLD_VP,FLANK,,0.1577112376689911,57.51247787475586,,,4
exp_hrl_v1,28,5,US_2,HOLD_VP,FLANK,,0.1577112376689911,57.51247787475586,,,4
exp_hrl_v1,28,5,US_3,HOLD_VP,FLANK,,0.1577112376689911,57.51247787475586,,,4
exp_hrl_v1,28,5,US_4,HOLD_VP,ADVANCE,,0.1434517353773117,57.38995361328125,,,4
exp_hrl_v1,28,5,US_5,HOLD_VP,ADVANCE,,0.1434517353773117,57.38995361328125,,,2
exp_hrl_v1,28,5,US_6,HOLD_VP,ADVANCE,,0.1434517353773117,57.38995361328125,,,4
exp_hrl_v1,28,5,US_7,HOLD_VP,ADVANCE,,0.1434517353773117,57.38995361328125,,,2
exp_hrl_v1,28,6,US_1,HOLD_VP,ADVANCE,,0.1434517353773117,57.38995361328125,,,4
exp_hrl_v1,28,6,US_2,HOLD_VP,ADVANCE,,0.1434517353773117,57.38995361328125,,,4
exp_hrl_v1,28,6,US_3,HOLD_VP,ATTACK,DIRECT,0.27342528104782104,55.445945739746094,,,4
exp_hrl_v1,28,6,US_4,HOLD_VP,ATTACK,DIRECT,0.27342528104782104,55.445945739746094,,,4
exp_hrl_v1,28,6,US_5,HOLD_VP,ATTACK,DIRECT,0.27342528104782104,55.445945739746094,,,2
exp_hrl_v1,28,6,US_6,HOLD_VP,ATTACK,DIRECT,0.27342528104782104,55.445945739746094,,,4
exp_hrl_v1,28,6,US_7,HOLD_VP,ATTACK,DIRECT,0.27342528104782104,55.445945739746094,,,2
exp_hrl_v1,28,7,US_1,HOLD_VP,ATTACK,DIRECT,0.27342528104782104,55.445945739746094,,,4
exp_hrl_v1,29,1,US_1,ATTACK,RETREAT,,0.19773367047309875,31.995033264160156,,,4
exp_hrl_v1,29,1,US_2,ATTACK,RETREAT,,0.19773367047309875,31.995033264160156,,,4
exp_hrl_v1,29,1,US_3,ATTACK,ATTACK,INDIRECT,0.21641144156455994,39.331787109375,,,4
exp_hrl_v1,29,1,US_4,ATTACK,ATTACK,INDIRECT,0.21641144156455994,39.331787109375,,,4
exp_hrl_v1,29,1,US_5,ATTACK,ATTACK,INDIRECT,0.21641144156455994,39.331787109375,,,2
exp_hrl_v1,29,1,US_6,ATTACK,ATTACK,INDIRECT,0.21641144156455994,39.331787109375,,,4
exp_hrl_v1,29,1,US_7,ATTACK,ATTACK,INDIRECT,0.21641144156455994,39.331787109375,,,2
exp_hrl_v1,29,2,US_1,ATTACK,ATTACK,INDIRECT,0.21641144156455994,39.331787109375,,,4
exp_hrl_v1,29,2,US_2,ATTACK,ATTACK,INDIRECT,0.21641144156455994,39.331787109375,,,4
exp_hrl_v1,29,2,US_3,ATTACK,ATTACK,INDIRECT,0.21641144156455994,39.331787109375,,,4
exp_hrl_v1,29,2,US_4,ATTACK,ATTACK,INDIRECT,0.21641144156455994,39.331787109375,,,4
exp_hrl_v1,29,2,US_5,ATTACK,ATTACK,INDIRECT,0.21641144156455994,39.331787109375,,,2
exp_hrl_v1,29,2,US_6,ATTACK,ADVANCE,,0.18125902116298676,51.2427978515625,,,4
exp_hrl_v1,29,2,US_7,ATTACK,ADVANCE,,0.18125902116298676,51.2427978515625,,,2
exp_hrl_v1,29,3,US_1,ATTACK,ADVANCE,,0.18125902116298676,51.2427978515625,,,4
exp_hrl_v1,29,3,US_2,ATTACK,ADVANCE,,0.18125902116298676,51.2427978515625,,,4
exp_hrl_v1,29,3,US_3,ATTACK,ADVANCE,,0.18125902116298676,51.2427978515625,,,4
exp_hrl_v1,29,3,US_4,ATTACK,ADVANCE,,0.18125902116298676,51.2427978515625,,,4
exp_hrl_v1,29,3,US_5,ATTACK,ATTACK,DIRECT,0.169706329703331,57.11362075805664,,,2
exp_hrl_v1,29,3,US_6,ATTACK,ATTACK,DIRECT,0.169706329703331,57.11362075805664,,,4
exp_hrl_v1,29,3,US_7,ATTACK,ATTACK,DIRECT,0.169706329703331,57.11362075805664,,,2
exp_hrl_v1,29,4,US_1,ATTACK,ATTACK,DIRECT,0.169706329703331,57.11362075805664,,,4
exp_hrl_v1,29,4,US_2,ATTACK,ATTACK,DIRECT,0.169706329703331,57.11362075805664,,,4
exp_hrl_v1,29,4,US_3,ATTACK,ATTACK,DIRECT,0.169706329703331,57.11362075805664,,,4
exp_hrl_v1,29,4,US_4,ATTACK,ATTACK,DIRECT,0.169706329703331,57.11362075805664,,,4
exp_hrl_v1,29,4,US_5,ATTACK,ATTACK,DIRECT,0.169706329703331,57.11362075805664,,,2
exp_hrl_v1,29,4,US_6,ATTACK,ATTACK,DIRECT,0.169706329703331,57.11362075805664,,,4
exp_hrl_v1,30,1,US_1,ATTACK,ADVANCE,,0.1899789720773697,31.995033264160156,,,4
exp_hrl_v1,30,1,US_2,ATTACK,ADVANCE,,0.1899789720773697,31.995033264160156,,,4
exp_hrl_v1,30,1,US_3,ATTACK,ADVANCE,,0.1899789720773697,31.995033264160156,,,4
exp_hrl_v1,30,1,US_4,ATTACK,ADVANCE,,0.1899789720773697,31.995033264160156,,,4
exp_hrl_v1,30,1,US_5,ATTACK,ADVANCE,,0.1899789720773697,31.995033264160156,,,2
exp_hrl_v1,30,1,US_6,ATTACK,ADVANCE,,0.1899789720773697,31.995033264160156,,,4
exp_hrl_v1,30,1,US_7,ATTACK,ATTACK,DIRECT,0.19140321016311646,38.966827392578125,,,2
exp_hrl_v1,30,2,US_1,ATTACK,ATTACK,DIRECT,0.19140321016311646,38.966827392578125,,,4
exp_hrl_v1,30,2,US_2,ATTACK,ATTACK,DIRECT,0.19140321016311646,38.966827392578125,,,4
exp_hrl_v1,30,2,US_3,ATTACK,ATTACK,DIRECT,0.19140321016311646,38.966827392578125,,,4
exp_hrl_v1,30,2,US_4,ATTACK,ATTACK,DIRECT,0.19140321016311646,38.966827392578125,,,4
exp_hrl_v1,30,2,US_5,ATTACK,ATTACK,DIRECT,0.19140321016311646,38.966827392578125,,,2
exp_hrl_v1,30,2,US_6,ATTACK,ATTACK,DIRECT,0.19140321016311646,38.966827392578125,,,4
exp_hrl_v1,30,2,US_7,ATTACK,ATTACK,DIRECT,0.19140321016311646,38.966827392578125,,,2
exp_hrl_v1,30,3,US_1,ATTACK,ATTACK,DIRECT,0.19140321016311646,38.966827392578125,,,4
exp_hrl_v1,30,3,US_2,ATTACK,ATTACK,DIRECT,0.19140321016311646,38.966827392578125,,,4
exp_hrl_v1,30,3,US_3,ATTACK,ADVANCE,,0.2813374996185303,51.15921401977539,,,4
exp_hrl_v1,30,3,US_4,ATTACK,ADVANCE,,0.2813374996185303,51.15921401977539,,,4
exp_hrl_v1,30,3,US_5,ATTACK,ADVANCE,,0.2813374996185303,51.15921401977539,,,2
exp_hrl_v1,30,3,US_6,ATTACK,ADVANCE,,0.2813374996185303,51.15921401977539,,,4
exp_hrl_v1,30,3,US_7,ATTACK,ADVANCE,,0.2813374996185303,51.15921401977539,,,2
exp_hrl_v1,30,4,US_1,ATTACK,ADVANCE,,0.2813374996185303,51.15921401977539,,,4
exp_hrl_v1,30,4,US_2,ATTACK,FLANK,,0.17007185518741608,52.78791809082031,,,4
exp_hrl_v1,30,4,US_3,ATTACK,FLANK,,0.17007185518741608,52.78791809082031,,,4
exp_hrl_v1,30,4,US_4,ATTACK,FLANK,,0.17007185518741608,52.78791809082031,,,4
exp_hrl_v1,30,4,US_5,ATTACK,FLANK,,0.17007185518741608,52.78791809082031,,,2
exp_hrl_v1,30,4,US_6,ATTACK,FLANK,,0.17007185518741608,52.78791809082031,,,4
exp_hrl_v1,30,4,US_7,ATTACK,FLANK,,0.17161035537719727,53.350563049316406,,,2
exp_hrl_v1,30,5,US_1,ATTACK,FLANK,,0.17161035537719727,53.350563049316406,,,4
exp_hrl_v1,30,5,US_2,ATTACK,FLANK,,0.17161035537719727,53.350563049316406,,,4
exp_hrl_v1,30,5,US_3,ATTACK,FLANK,,0.17161035537719727,53.350563049316406,,,4
exp_hrl_v1,30,5,US_4,ATTACK,FLANK,,0.17161035537719727,53.350563049316406,,,4
exp_hrl_v1,30,5,US_5,ATTACK,ATTACK,DIRECT,0.2531362473964691,52.52705383300781,,,2
exp_hrl_v1,30,5,US_6,ATTACK,ATTACK,DIRECT,0.2531362473964691,52.52705383300781,,,4
exp_hrl_v1,31,1,US_1,ATTACK,ADVANCE,,0.1899789720773697,31.995033264160156,,,4
exp_hrl_v1,31,1,US_2,ATTACK,ADVANCE,,0.1899789720773697,31.995033264160156,,,4
exp_hrl_v1,31,1,US_3,ATTACK,ADVANCE,,0.1899789720773697,31.995033264160156,,,4
exp_hrl_v1,31,1,US_4,ATTACK,ADVANCE,,0.1899789720773697,31.995033264160156,,,4
exp_hrl_v1,31,1,US_5,ATTACK,ADVANCE,,0.1899789720773697,31.995033264160156,,,2
exp_hrl_v1,31,1,US_6,ATTACK,ADVANCE,,0.1899789720773697,31.995033264160156,,,4
exp_hrl_v1,31,1,US_7,ATTACK,ATTACK,DIRECT,0.1966974139213562,38.966827392578125,,,2
exp_hrl_v1,31,2,US_1,ATTACK,ATTACK,DIRECT,0.1966974139213562,38.966827392578125,,,4
exp_hrl_v1,31,2,US_2,ATTACK,ATTACK,DIRECT,0.1966974139213562,38.966827392578125,,,4
exp_hrl_v1,31,2,US_3,ATTACK,ATTACK,DIRECT,0.1966974139213562,38.966827392578125,,,4
exp_hrl_v1,31,2,US_4,ATTACK,ATTACK,DIRECT,0.1966974139213562,38.966827392578125,,,4
exp_hrl_v1,31,2,US_5,ATTACK,ATTACK,DIRECT,0.1966974139213562,38.966827392578125,,,2
exp_hrl_v1,31,2,US_6,ATTACK,ATTACK,DIRECT,0.1966974139213562,38.966827392578125,,,4
exp_hrl_v1,31,2,US_7,ATTACK,ATTACK,DIRECT,0.1966974139213562,38.966827392578125,,,2
exp_hrl_v1,31,3,US_1,ATTACK,ATTACK,DIRECT,0.1966974139213562,38.966827392578125,,,4
exp_hrl_v1,31,3,US_2,ATTACK,ATTACK,DIRECT,0.1966974139213562,38.966827392578125,,,4
exp_hrl_v1,31,3,US_3,ATTACK,FLANK,,0.1720336228609085,51.15921401977539,,,4
exp_hrl_v1,31,3,US_4,ATTACK,FLANK,,0.1720336228609085,51.15921401977539,,,4
exp_hrl_v1,31,3,US_5,ATTACK,FLANK,,0.1720336228609085,51.15921401977539,,,2
exp_hrl_v1,31,3,US_6,ATTACK,FLANK,,0.1720336228609085,51.15921401977539,,,4
exp_hrl_v1,31,3,US_7,ATTACK,FLANK,,0.1720336228609085,51.15921401977539,,,2
exp_hrl_v1,31,4,US_1,ATTACK,HOLD,,0.18099559843540192,52.56275177001953,,,4
exp_hrl_v1,31,4,US_2,ATTACK,ATTACK,INDIRECT,0.24720126390457153,53.155216217041016,,,4
exp_hrl_v1,32,1,US_1,HOLD_VP,ADVANCE,,0.1955854892730713,31.995033264160156,,,4
exp_hrl_v1,32,1,US_2,HOLD_VP,ADVANCE,,0.1955854892730713,31.995033264160156,,,4
exp_hrl_v1,32,1,US_3,HOLD_VP,ADVANCE,,0.1955854892730713,31.995033264160156,,,4
exp_hrl_v1,32,1,US_4,HOLD_VP,ADVANCE,,0.1955854892730713,31.995033264160156,,,4
exp_hrl_v1,32,1,US_5,HOLD_VP,ADVANCE,,0.1955854892730713,31.995033264160156,,,2
exp_hrl_v1,32,1,US_6,HOLD_VP,ADVANCE,,0.1955854892730713,31.995033264160156,,,4
exp_hrl_v1,32,1,US_7,HOLD_VP,FLANK,,0.1966974139213562,38.966827392578125,,,2
exp_hrl_v1,32,2,US_1,HOLD_VP,FLANK,,0.1966974139213562,38.966827392578125,,,4
exp_hrl_v1,32,2,US_2,HOLD_VP,FLANK,,0.1966974139213562,38.966827392578125,,,4
exp_hrl_v1,32,2,US_3,HOLD_VP,FLANK,,0.1966974139213562,38.966827392578125,,,4
exp_hrl_v1,32,2,US_4,HOLD_VP,FLANK,,0.1966974139213562,38.966827392578125,,,4
exp_hrl_v1,32,2,US_5,HOLD_VP,ADVANCE,,0.19041407108306885,45.69208526611328,,,2
exp_hrl_v1,32,2,US_6,HOLD_VP,ADVANCE,,0.19041407108306885,45.69208526611328,,,4
exp_hrl_v1,32,2,US_7,HOLD_VP,ADVANCE,,0.19041407108306885,45.69208526611328,,,2
exp_hrl_v1,32,3,US_1,HOLD_VP,ADVANCE,,0.19041407108306885,45.69208526611328,,,4
exp_hrl_v1,32,3,US_2,HOLD_VP,ADVANCE,,0.19041407108306885,45.69208526611328,,,4
exp_hrl_v1,32,3,US_3,HOLD_VP,ADVANCE,,0.19041407108306885,45.69208526611328,,,4
exp_hrl_v1,32,3,US_4,HOLD_VP,ADVANCE,,0.1976102590560913,50.84752655029297,,,4
exp_hrl_v1,32,3,US_5,HOLD_VP,ADVANCE,,0.1976102590560913,50.84752655029297,,,2
exp_hrl_v1,32,3,US_6,HOLD_VP,ADVANCE,,0.1976102590560913,50.84752655029297,,,4
exp_hrl_v1,32,3,US_7,HOLD_VP,ADVANCE,,0.1976102590560913,50.84752655029297,,,2
exp_hrl_v1,32,4,US_1,HOLD_VP,ADVANCE,,0.1976102590560913,50.84752655029297,,,4
exp_hrl_v1,32,4,US_2,HOLD_VP,ADVANCE,,0.1976102590560913,50.84752655029297,,,4
exp_hrl_v1,32,4,US_3,HOLD_VP,ADVANCE,,0.18248450756072998,55.34172058105469,,,4
exp_hrl_v1,32,4,US_4,HOLD_VP,ADVANCE,,0.18248450756072998,55.34172058105469,,,4
exp_hrl_v1,32,4,US_5,HOLD_VP,ADVANCE,,0.18248450756072998,55.34172058105469,,,2
exp_hrl_v1,32,4,US_6,HOLD_VP,ADVANCE,,0.18248450756072998,55.34172058105469,,,4
exp_hrl_v1,32,4,US_7,HOLD_VP,ADVANCE,,0.18248450756072998,55.34172058105469,,,2
exp_hrl_v1,32,5,US_1,HOLD_VP,ADVANCE,,0.18248450756072998,55.34172058105469,,,4
exp_hrl_v1,32,5,US_2,HOLD_VP,ADVANCE,,0.13374674320220947,59.20802307128906,,,4
exp_hrl_v1,32,5,US_3,HOLD_VP,ADVANCE,,0.13374674320220947,59.20802307128906,,,4
exp_hrl_v1,32,5,US_4,HOLD_VP,ADVANCE,,0.13374674320220947,59.20802307128906,,,4
exp_hrl_v1,32,5,US_5,HOLD_VP,ADVANCE,,0.13374674320220947,59.20802307128906,,,2
exp_hrl_v1,32,5,US_6,HOLD_VP,ADVANCE,,0.13374674320220947,59.20802307128906,,,4
exp_hrl_v1,32,5,US_7,HOLD_VP,ADVANCE,,0.13374674320220947,59.20802307128906,,,2
exp_hrl_v1,32,6,US_1,HOLD_VP,ATTACK,DIRECT,0.17867331206798553,63.310359954833984,,,4
exp_hrl_v1,32,6,US_2,HOLD_VP,ATTACK,DIRECT,0.17867331206798553,63.310359954833984,,,4
exp_hrl_v1,32,6,US_3,HOLD_VP,ATTACK,DIRECT,0.17867331206798553,63.310359954833984,,,4
exp_hrl_v1,32,6,US_4,HOLD_VP,ATTACK,DIRECT,0.17867331206798553,63.310359954833984,,,4
exp_hrl_v1,32,6,US_5,HOLD_VP,ATTACK,DIRECT,0.17867331206798553,63.310359954833984,,,2
exp_hrl_v1,32,6,US_6,HOLD_VP,ATTACK,DIRECT,0.17867331206798553,63.310359954833984,,,4
exp_hrl_v1,32,6,US_7,HOLD_VP,ATTACK,DIRECT,0.17867331206798553,63.310359954833984,,,2
exp_hrl_v1,32,7,US_1,HOLD_VP,ATTACK,DIRECT,0.17867331206798553,63.310359954833984,,,4
exp_hrl_v1,32,7,US_2,HOLD_VP,ATTACK,DIRECT,0.17867331206798553,63.310359954833984,,,4
exp_hrl_v1,32,7,US_3,HOLD_VP,ATTACK,DIRECT,0.17867331206798553,63.310359954833984,,,4
exp_hrl_v1,32,7,US_4,HOLD_VP,ADVANCE,,0.25548213720321655,55.231754302978516,,,4
exp_hrl_v1,32,7,US_5,HOLD_VP,ADVANCE,,0.25548213720321655,55.231754302978516,,,2
exp_hrl_v1,32,7,US_6,HOLD_VP,ADVANCE,,0.25548213720321655,55.231754302978516,,,4
exp_hrl_v1,32,7,US_7,HOLD_VP,ADVANCE,,0.25548213720321655,55.231754302978516,,,2
exp_hrl_v1,32,8,US_1,HOLD_VP,ADVANCE,,0.25548213720321655,55.231754302978516,,,4
exp_hrl_v1,32,8,US_2,HOLD_VP,ADVANCE,,0.25548213720321655,55.231754302978516,,,4
exp_hrl_v1,32,8,US_3,HOLD_VP,ADVANCE,,0.28456711769104004,48.8083610534668,,,4
exp_hrl_v1,32,8,US_4,HOLD_VP,ADVANCE,,0.28456711769104004,48.8083610534668,,,4
exp_hrl_v1,32,8,US_5,HOLD_VP,ADVANCE,,0.28456711769104004,48.8083610534668,,,2
exp_hrl_v1,32,8,US_6,HOLD_VP,ADVANCE,,0.28456711769104004,48.8083610534668,,,4
exp_hrl_v1,32,8,US_7,HOLD_VP,ADVANCE,,0.28456711769104004,48.8083610534668,,,2
exp_hrl_v1,32,9,US_1,HOLD_VP,ADVANCE,,0.28456711769104004,48.8083610534668,,,4
exp_hrl_v1,32,9,US_2,HOLD_VP,ATTACK,DIRECT,0.22291332483291626,43.99958419799805,,,4
exp_hrl_v1,33,1,US_1,PUSH_VP,ADVANCE,,0.1899789720773697,31.995033264160156,,,4
exp_hrl_v1,33,1,US_2,PUSH_VP,ADVANCE,,0.1899789720773697,31.995033264160156,,,4
exp_hrl_v1,33,1,US_3,PUSH_VP,ADVANCE,,0.1899789720773697,31.995033264160156,,,4
exp_hrl_v1,33,1,US_4,PUSH_VP,ADVANCE,,0.1899789720773697,31.995033264160156,,,4
exp_hrl_v1,33,1,US_5,PUSH_VP,ADVANCE,,0.1899789720773697,31.995033264160156,,,2
exp_hrl_v1,33,1,US_6,PUSH_VP,ADVANCE,,0.1899789720773697,31.995033264160156,,,4
exp_hrl_v1,33,1,US_7,PUSH_VP,RETREAT,,0.19832457602024078,38.966827392578125,,,2
exp_hrl_v1,33,2,US_1,PUSH_VP,RETREAT,,0.19832457602024078,38.966827392578125,,,4
exp_hrl_v1,33,2,US_2,PUSH_VP,ADVANCE,,0.22153885662555695,42.3665657043457,,,4
exp_hrl_v1,33,2,US_3,PUSH_VP,ADVANCE,,0.22153885662555695,42.3665657043457,,,4
exp_hrl_v1,33,2,US_4,PUSH_VP,ADVANCE,,0.22153885662555695,42.3665657043457,,,4
exp_hrl_v1,33,2,US_5,PUSH_VP,ADVANCE,,0.22153885662555695,42.3665657043457,,,2
exp_hrl_v1,33,2,US_6,PUSH_VP,ADVANCE,,0.22153885662555695,42.3665657043457,,,4
exp_hrl_v1,33,2,US_7,PUSH_VP,ADVANCE,,0.22153885662555695,42.3665657043457,,,2
exp_hrl_v1,33,3,US_1,PUSH_VP,ADVANCE,,0.18816561996936798,46.12708282470703,,,4
exp_hrl_v1,33,3,US_2,PUSH_VP,ADVANCE,,0.18816561996936798,46.12708282470703,,,4
exp_hrl_v1,33,3,US_3,PUSH_VP,ADVANCE,,0.18816561996936798,46.12708282470703,,,4
exp_hrl_v1,33,3,US_4,PUSH_VP,ADVANCE,,0.18816561996936798,46.12708282470703,,,4
exp_hrl_v1,33,3,US_5,PUSH_VP,ADVANCE,,0.18816561996936798,46.12708282470703,,,2
exp_hrl_v1,33,3,US_6,PUSH_VP,ADVANCE,,0.18816561996936798,46.12708282470703,,,4
exp_hrl_v1,33,3,US_7,PUSH_VP,ADVANCE,,0.19947808980941772,52.084861755371094,,,2
exp_hrl_v1,33,4,US_1,PUSH_VP,ADVANCE,,0.19947808980941772,52.084861755371094,,,4
exp_hrl_v1,33,4,US_2,PUSH_VP,ADVANCE,,0.19947808980941772,52.084861755371094,,,4
exp_hrl_v1,33,4,US_3,PUSH_VP,ADVANCE,,0.19947808980941772,52.084861755371094,,,4
exp_hrl_v1,33,4,US_4,PUSH_VP,ADVANCE,,0.19947808980941772,52.084861755371094,,,4
exp_hrl_v1,33,4,US_5,PUSH_VP,ADVANCE,,0.19947808980941772,52.084861755371094,,,2
exp_hrl_v1,33,4,US_6,PUSH_VP,ADVANCE,,0.17643709480762482,55.58863830566406,,,4
exp_hrl_v1,33,4,US_7,PUSH_VP,ADVANCE,,0.17643709480762482,55.58863830566406,,,2
exp_hrl_v1,33,5,US_1,PUSH_VP,ADVANCE,,0.17643709480762482,55.58863830566406,,,4
exp_hrl_v1,33,5,US_2,PUSH_VP,ADVANCE,,0.17643709480762482,55.58863830566406,,,4
exp_hrl_v1,33,5,US_3,PUSH_VP,ADVANCE,,0.17643709480762482,55.58863830566406,,,4
exp_hrl_v1,33,5,US_4,PUSH_VP,ADVANCE,,0.17643709480762482,55.58863830566406,,,4
exp_hrl_v1,33,5,US_5,HOLD_VP,ATTACK,DIRECT,0.15554551780223846,59.778289794921875,,,2
exp_hrl_v1,33,5,US_6,HOLD_VP,ATTACK,DIRECT,0.15554551780223846,59.778289794921875,,,4
exp_hrl_v1,33,5,US_7,HOLD_VP,ATTACK,DIRECT,0.15554551780223846,59.778289794921875,,,2
exp_hrl_v1,33,6,US_1,HOLD_VP,ATTACK,DIRECT,0.15554551780223846,59.778289794921875,,,4
exp_hrl_v1,33,6,US_2,HOLD_VP,ATTACK,DIRECT,0.15554551780223846,59.778289794921875,,,4
exp_hrl_v1,33,6,US_3,HOLD_VP,ATTACK,DIRECT,0.15554551780223846,59.778289794921875,,,4
exp_hrl_v1,33,6,US_4,HOLD_VP,ATTACK,DIRECT,0.15554551780223846,59.778289794921875,,,4
exp_hrl_v1,33,6,US_5,HOLD_VP,ATTACK,DIRECT,0.15554551780223846,59.778289794921875,,,2
exp_hrl_v1,33,6,US_6,HOLD_VP,ATTACK,DIRECT,0.15554551780223846,59.778289794921875,,,4
exp_hrl_v1,33,6,US_7,HOLD_VP,ATTACK,DIRECT,0.15554551780223846,59.778289794921875,,,2
exp_hrl_v1,33,7,US_1,HOLD_VP,ATTACK,DIRECT,0.24099232256412506,51.11809539794922,,,4
exp_hrl_v1,34,1,US_1,ATTACK,ATTACK,DIRECT,0.19773367047309875,31.995033264160156,,,4
exp_hrl_v1,34,1,US_2,ATTACK,ATTACK,DIRECT,0.19773367047309875,31.995033264160156,,,4
exp_hrl_v1,34,1,US_3,ATTACK,ATTACK,DIRECT,0.19773367047309875,31.995033264160156,,,4
exp_hrl_v1,34,1,US_4,ATTACK,ATTACK,DIRECT,0.19773367047309875,31.995033264160156,,,4
exp_hrl_v1,34,1,US_5,ATTACK,ATTACK,DIRECT,0.19773367047309875,31.995033264160156,,,2
exp_hrl_v1,34,1,US_6,ATTACK,ATTACK,DIRECT,0.19773367047309875,31.995033264160156,,,4
exp_hrl_v1,34,1,US_7,ATTACK,ATTACK,DIRECT,0.19773367047309875,31.995033264160156,,,2
exp_hrl_v1,34,2,US_1,ATTACK,ATTACK,DIRECT,0.19773367047309875,31.995033264160156,,,4
exp_hrl_v1,34,2,US_2,ATTACK,ATTACK,DIRECT,0.19773367047309875,31.995033264160156,,,4
exp_hrl_v1,34,2,US_3,ATTACK,ATTACK,DIRECT,0.19773367047309875,31.995033264160156,,,4
exp_hrl_v1,34,2,US_4,ATTACK,ADVANCE,,0.37337276339530945,52.95063400268555,,,4
exp_hrl_v1,34,2,US_5,ATTACK,ADVANCE,,0.37337276339530945,52.95063400268555,,,2
exp_hrl_v1,34,2,US_6,ATTACK,ADVANCE,,0.37337276339530945,52.95063400268555,,,4
exp_hrl_v1,34,2,US_7,ATTACK,ADVANCE,,0.37337276339530945,52.95063400268555,,,2
exp_hrl_v1,34,3,US_1,ATTACK,ADVANCE,,0.37337276339530945,52.95063400268555,,,4
exp_hrl_v1,34,3,US_2,ATTACK,ADVANCE,,0.37337276339530945,52.95063400268555,,,4
exp_hrl_v1,34,3,US_3,ATTACK,ADVANCE,,0.3666281998157501,55.760643005371094,,,4
exp_hrl_v1,34,3,US_4,ATTACK,ADVANCE,,0.3666281998157501,55.760643005371094,,,4
exp_hrl_v1,34,3,US_5,ATTACK,ADVANCE,,0.3666281998157501,55.760643005371094,,,2
exp_hrl_v1,34,3,US_6,ATTACK,ADVANCE,,0.3666281998157501,55.760643005371094,,,4
exp_hrl_v1,34,3,US_7,ATTACK,ADVANCE,,0.3666281998157501,55.760643005371094,,,2
exp_hrl_v1,34,4,US_1,ATTACK,ADVANCE,,0.3666281998157501,55.760643005371094,,,4
exp_hrl_v1,34,4,US_2,ATTACK,ADVANCE,,0.1830255091190338,55.99208068847656,,,4
exp_hrl_v1,34,4,US_3,ATTACK,ADVANCE,,0.1830255091190338,55.99208068847656,,,4
exp_hrl_v1,34,4,US_4,ATTACK,ADVANCE,,0.1830255091190338,55.99208068847656,,,4
exp_hrl_v1,34,4,US_5,ATTACK,ADVANCE,,0.1830255091190338,55.99208068847656,,,2
exp_hrl_v1,34,4,US_6,ATTACK,ADVANCE,,0.1830255091190338,55.99208068847656,,,4
exp_hrl_v1,34,4,US_7,ATTACK,ADVANCE,,0.1830255091190338,55.99208068847656,,,2
exp_hrl_v1,34,5,US_1,ATTACK,ATTACK,DIRECT,0.16280019283294678,55.060211181640625,,,4
exp_hrl_v1,34,5,US_2,ATTACK,ATTACK,DIRECT,0.16280019283294678,55.060211181640625,,,4
exp_hrl_v1,34,5,US_3,ATTACK,ATTACK,DIRECT,0.16280019283294678,55.060211181640625,,,4
exp_hrl_v1,34,5,US_4,ATTACK,ATTACK,DIRECT,0.16280019283294678,55.060211181640625,,,4
exp_hrl_v1,34,5,US_5,ATTACK,ATTACK,DIRECT,0.16280019283294678,55.060211181640625,,,2
exp_hrl_v1,34,5,US_6,ATTACK,ATTACK,DIRECT,0.16280019283294678,55.060211181640625,,,4
exp_hrl_v1,35,1,US_1,HOLD_VP,ADVANCE,,0.1955854892730713,31.995033264160156,,,4
exp_hrl_v1,35,1,US_2,HOLD_VP,ADVANCE,,0.1955854892730713,31.995033264160156,,,4
exp_hrl_v1,35,1,US_3,HOLD_VP,ADVANCE,,0.1955854892730713,31.995033264160156,,,4
exp_hrl_v1,35,1,US_4,HOLD_VP,ADVANCE,,0.1955854892730713,31.995033264160156,,,4
exp_hrl_v1,35,1,US_5,HOLD_VP,ADVANCE,,0.1955854892730713,31.995033264160156,,,2
exp_hrl_v1,35,1,US_6,HOLD_VP,ADVANCE,,0.1955854892730713,31.995033264160156,,,4
exp_hrl_v1,35,1,US_7,HOLD_VP,RETREAT,,0.19609956443309784,38.966827392578125,,,2
exp_hrl_v1,35,2,US_1,HOLD_VP,RETREAT,,0.19609956443309784,38.966827392578125,,,4
exp_hrl_v1,35,2,US_2,HOLD_VP,ADVANCE,,0.19952507317066193,42.3665657043457,,,4
exp_hrl_v1,35,2,US_3,HOLD_VP,ADVANCE,,0.19952507317066193,42.3665657043457,,,4
exp_hrl_v1,35,2,US_4,HOLD_VP,ADVANCE,,0.19952507317066193,42.3665657043457,,,4
exp_hrl_v1,35,2,US_5,HOLD_VP,ADVANCE,,0.19952507317066193,42.3665657043457,,,2
exp_hrl_v1,35,2,US_6,HOLD_VP,ADVANCE,,0.19952507317066193,42.3665657043457,,,4
exp_hrl_v1,35,2,US_7,HOLD_VP,ADVANCE,,0.19952507317066193,42.3665657043457,,,2
exp_hrl_v1,35,3,US_1,HOLD_VP,ADVANCE,,0.19449482858181,46.12708282470703,,,4
exp_hrl_v1,35,3,US_2,HOLD_VP,ADVANCE,,0.19449482858181,46.12708282470703,,,4
exp_hrl_v1,35,3,US_3,HOLD_VP,ADVANCE,,0.19449482858181,46.12708282470703,,,4
exp_hrl_v1,35,3,US_4,HOLD_VP,ADVANCE,,0.19449482858181,46.12708282470703,,,4
exp_hrl_v1,35,3,US_5,HOLD_VP,ADVANCE,,0.19449482858181,46.12708282470703,,,2
exp_hrl_v1,35,3,US_6,HOLD_VP,ADVANCE,,0.19449482858181,46.12708282470703,,,4
exp_hrl_v1,35,3,US_7,HOLD_VP,ADVANCE,,0.19947808980941772,52.084861755371094,,,2
exp_hrl_v1,35,4,US_1,HOLD_VP,ADVANCE,,0.19947808980941772,52.084861755371094,,,4
exp_hrl_v1,35,4,US_2,HOLD_VP,ADVANCE,,0.19947808980941772,52.084861755371094,,,4
exp_hrl_v1,35,4,US_3,HOLD_VP,ADVANCE,,0.19947808980941772,52.084861755371094,,,4
exp_hrl_v1,35,4,US_4,HOLD_VP,ADVANCE,,0.19947808980941772,52.084861755371094,,,4
exp_hrl_v1,35,4,US_5,HOLD_VP,ADVANCE,,0.19947808980941772,52.084861755371094,,,2
exp_hrl_v1,35,4,US_6,HOLD_VP,ADVANCE,,0.15280111134052277,55.58863830566406,,,4
exp_hrl_v1,35,4,US_7,HOLD_VP,ADVANCE,,0.15280111134052277,55.58863830566406,,,2
exp_hrl_v1,35,5,US_1,HOLD_VP,ADVANCE,,0.15280111134052277,55.58863830566406,,,4
exp_hrl_v1,35,5,US_2,HOLD_VP,ADVANCE,,0.15280111134052277,55.58863830566406,,,4
exp_hrl_v1,35,5,US_3,HOLD_VP,ADVANCE,,0.15280111134052277,55.58863830566406,,,4
exp_hrl_v1,35,5,US_4,HOLD_VP,ADVANCE,,0.15280111134052277,55.58863830566406,,,4
exp_hrl_v1,35,5,US_5,HOLD_VP,RETREAT,,0.12305427342653275,59.778289794921875,,,2
exp_hrl_v1,35,5,US_6,HOLD_VP,RETREAT,,0.12305427342653275,59.778289794921875,,,4
exp_hrl_v1,35,5,US_7,HOLD_VP,ADVANCE,,0.17772871255874634,60.33378601074219,,,2
exp_hrl_v1,35,6,US_1,HOLD_VP,ADVANCE,,0.17772871255874634,60.33378601074219,,,4
exp_hrl_v1,35,6,US_2,HOLD_VP,ADVANCE,,0.17772871255874634,60.33378601074219,,,4
exp_hrl_v1,35,6,US_3,HOLD_VP,ADVANCE,,0.17772871255874634,60.33378601074219,,,4
exp_hrl_v1,35,6,US_4,HOLD_VP,ADVANCE,,0.17772871255874634,60.33378601074219,,,4
exp_hrl_v1,35,6,US_5,HOLD_VP,ADVANCE,,0.17772871255874634,60.33378601074219,,,2
exp_hrl_v1,35,6,US_6,HOLD_VP,RETREAT,,0.11006956547498703,61.54747009277344,,,4
exp_hrl_v1,35,6,US_7,HOLD_VP,RETREAT,,0.11006956547498703,61.54747009277344,,,2
exp_hrl_v1,35,7,US_1,HOLD_VP,ATTACK,DIRECT,0.14791500568389893,61.802284240722656,,,4
exp_hrl_v1,35,7,US_2,HOLD_VP,ATTACK,DIRECT,0.14791500568389893,61.802284240722656,,,4
exp_hrl_v1,35,7,US_3,HOLD_VP,ATTACK,DIRECT,0.14791500568389893,61.802284240722656,,,4
exp_hrl_v1,35,7,US_4,HOLD_VP,ATTACK,DIRECT,0.14791500568389893,61.802284240722656,,,4
exp_hrl_v1,35,7,US_5,HOLD_VP,ATTACK,DIRECT,0.14791500568389893,61.802284240722656,,,2
exp_hrl_v1,35,7,US_6,HOLD_VP,ATTACK,DIRECT,0.14791500568389893,61.802284240722656,,,4
exp_hrl_v1,35,7,US_7,HOLD_VP,ATTACK,DIRECT,0.14791500568389893,61.802284240722656,,,2
exp_hrl_v1,35,8,US_1,HOLD_VP,ATTACK,DIRECT,0.14791500568389893,61.802284240722656,,,4
exp_hrl_v1,35,8,US_2,HOLD_VP,ATTACK,DIRECT,0.14791500568389893,61.802284240722656,,,4
exp_hrl_v1,35,8,US_3,HOLD_VP,ATTACK,DIRECT,0.14791500568389893,61.802284240722656,,,4
exp_hrl_v1,36,1,US_1,ATTACK,ATTACK,DIRECT,0.1899789720773697,31.995033264160156,,,4
exp_hrl_v1,36,1,US_2,ATTACK,ATTACK,DIRECT,0.1899789720773697,31.995033264160156,,,4
exp_hrl_v1,36,1,US_3,ATTACK,ATTACK,DIRECT,0.1899789720773697,31.995033264160156,,,4
exp_hrl_v1,36,1,US_4,ATTACK,ATTACK,DIRECT,0.1899789720773697,31.995033264160156,,,4
exp_hrl_v1,36,1,US_5,ATTACK,ATTACK,DIRECT,0.1899789720773697,31.995033264160156,,,2
exp_hrl_v1,36,1,US_6,ATTACK,ATTACK,DIRECT,0.1899789720773697,31.995033264160156,,,4
exp_hrl_v1,36,1,US_7,ATTACK,ATTACK,DIRECT,0.1899789720773697,31.995033264160156,,,2
exp_hrl_v1,36,2,US_1,ATTACK,ATTACK,DIRECT,0.1899789720773697,31.995033264160156,,,4
exp_hrl_v1,36,2,US_2,ATTACK,ATTACK,DIRECT,0.1899789720773697,31.995033264160156,,,4
exp_hrl_v1,36,2,US_3,ATTACK,ATTACK,DIRECT,0.1899789720773697,31.995033264160156,,,4
exp_hrl_v1,36,2,US_4,ATTACK,ADVANCE,,0.15652766823768616,53.581764221191406,,,4
exp_hrl_v1,36,2,US_5,ATTACK,ADVANCE,,0.15652766823768616,53.581764221191406,,,2
exp_hrl_v1,36,2,US_6,ATTACK,ADVANCE,,0.15652766823768616,53.581764221191406,,,4
exp_hrl_v1,36,2,US_7,ATTACK,ADVANCE,,0.15652766823768616,53.581764221191406,,,2
exp_hrl_v1,36,3,US_1,ATTACK,ADVANCE,,0.15652766823768616,53.581764221191406,,,4
exp_hrl_v1,36,3,US_2,ATTACK,ADVANCE,,0.15652766823768616,53.581764221191406,,,4
exp_hrl_v1,36,3,US_3,ATTACK,ADVANCE,,0.4110635221004486,58.846763610839844,,,4
exp_hrl_v1,36,3,US_4,ATTACK,ADVANCE,,0.4110635221004486,58.846763610839844,,,4
exp_hrl_v1,36,3,US_5,ATTACK,ADVANCE,,0.4110635221004486,58.846763610839844,,,2
exp_hrl_v1,36,3,US_6,ATTACK,ADVANCE,,0.4110635221004486,58.846763610839844,,,4
exp_hrl_v1,36,3,US_7,ATTACK,ADVANCE,,0.4110635221004486,58.846763610839844,,,2
exp_hrl_v1,36,4,US_1,ATTACK,ADVANCE,,0.4110635221004486,58.846763610839844,,,4
exp_hrl_v1,36,4,US_2,ATTACK,ATTACK,DIRECT,0.14011108875274658,60.47203063964844,,,4
exp_hrl_v1,36,4,US_3,ATTACK,ATTACK,DIRECT,0.14011108875274658,60.47203063964844,,,4
exp_hrl_v1,36,4,US_4,ATTACK,ATTACK,DIRECT,0.14011108875274658,60.47203063964844,,,4
exp_hrl_v1,36,4,US_5,ATTACK,ATTACK,DIRECT,0.14011108875274658,60.47203063964844,,,2
exp_hrl_v1,36,4,US_6,ATTACK,ATTACK,DIRECT,0.14011108875274658,60.47203063964844,,,4
exp_hrl_v1,36,4,US_7,ATTACK,ATTACK,DIRECT,0.14011108875274658,60.47203063964844,,,2
exp_hrl_v1,36,5,US_1,ATTACK,ATTACK,DIRECT,0.14011108875274658,60.47203063964844,,,4
exp_hrl_v1,37,1,US_1,PUSH_VP,RETREAT,,0.19773367047309875,31.995033264160156,,,4
exp_hrl_v1,37,1,US_2,PUSH_VP,RETREAT,,0.19773367047309875,31.995033264160156,,,4
exp_hrl_v1,37,1,US_3,PUSH_VP,FLANK,,0.19528698921203613,39.331787109375,,,4
exp_hrl_v1,37,1,US_4,PUSH_VP,FLANK,,0.19528698921203613,39.331787109375,,,4
exp_hrl_v1,37,1,US_5,PUSH_VP,FLANK,,0.19528698921203613,39.331787109375,,,2
exp_hrl_v1,37,1,US_6,PUSH_VP,FLANK,,0.19528698921203613,39.331787109375,,,4
exp_hrl_v1,37,1,US_7,PUSH_VP,FLANK,,0.19528698921203613,39.331787109375,,,2
exp_hrl_v1,37,2,US_1,PUSH_VP,FLANK,,0.19230112433433533,40.519771575927734,,,4
exp_hrl_v1,37,2,US_2,PUSH_VP,FLANK,,0.19230112433433533,40.519771575927734,,,4
exp_hrl_v1,37,2,US_3,PUSH_VP,FLANK,,0.19230112433433533,40.519771575927734,,,4
exp_hrl_v1,37,2,US_4,PUSH_VP,FLANK,,0.19230112433433533,40.519771575927734,,,4
exp_hrl_v1,37,2,US_5,PUSH_VP,FLANK,,0.19230112433433533,40.519771575927734,,,2
exp_hrl_v1,37,2,US_6,PUSH_VP,ADVANCE,,0.20068973302841187,43.90730667114258,,,4
exp_hrl_v1,37,2,US_7,PUSH_VP,ADVANCE,,0.20068973302841187,43.90730667114258,,,2
exp_hrl_v1,37,3,US_1,PUSH_VP,ADVANCE,,0.20068973302841187,43.90730667114258,,,4
exp_hrl_v1,37,3,US_2,PUSH_VP,ADVANCE,,0.20068973302841187,43.90730667114258,,,4
exp_hrl_v1,37,3,US_3,PUSH_VP,ADVANCE,,0.20068973302841187,43.90730667114258,,,4
exp_hrl_v1,37,3,US_4,PUSH_VP,ADVANCE,,0.20068973302841187,43.90730667114258,,,4
exp_hrl_v1,37,3,US_5,PUSH_VP,ADVANCE,,0.19780011475086212,50.91547393798828,,,2
exp_hrl_v1,37,3,US_6,PUSH_VP,ADVANCE,,0.19780011475086212,50.91547393798828,,,4
exp_hrl_v1,37,3,US_7,PUSH_VP,ADVANCE,,0.19780011475086212,50.91547393798828,,,2
exp_hrl_v1,37,4,US_1,PUSH_VP,ADVANCE,,0.19780011475086212,50.91547393798828,,,4
exp_hrl_v1,37,4,US_2,PUSH_VP,ADVANCE,,0.19780011475086212,50.91547393798828,,,4
exp_hrl_v1,37,4,US_3,PUSH_VP,ADVANCE,,0.19780011475086212,50.91547393798828,,,4
exp_hrl_v1,37,4,US_4,PUSH_VP,ADVANCE,,0.151473268866539,56.144859313964844,,,4
exp_hrl_v1,37,4,US_5,PUSH_VP,ADVANCE,,0.151473268866539,56.144859313964844,,,2
exp_hrl_v1,37,4,US_6,PUSH_VP,ADVANCE,,0.151473268866539,56.144859313964844,,,4
exp_hrl_v1,37,4,US_7,PUSH_VP,ADVANCE,,0.151473268866539,56.144859313964844,,,2
exp_hrl_v1,37,5,US_1,PUSH_VP,ADVANCE,,0.151473268866539,56.144859313964844,,,4
exp_hrl_v1,37,5,US_2,PUSH_VP,ADVANCE,,0.151473268866539,56.144859313964844,,,4
exp_hrl_v1,37,5,US_3,HOLD_VP,ATTACK,DIRECT,0.1889847368001938,59.89537811279297,,,4
exp_hrl_v1,37,5,US_4,HOLD_VP,ATTACK,DIRECT,0.1889847368001938,59.89537811279297,,,4
exp_hrl_v1,37,5,US_5,HOLD_VP,ATTACK,DIRECT,0.1889847368001938,59.89537811279297,,,2
exp_hrl_v1,37,5,US_6,HOLD_VP,ATTACK,DIRECT,0.1889847368001938,59.89537811279297,,,4
exp_hrl_v1,37,5,US_7,HOLD_VP,ATTACK,DIRECT,0.1889847368001938,59.89537811279297,,,2
exp_hrl_v1,37,6,US_1,HOLD_VP,ATTACK,DIRECT,0.1889847368001938,59.89537811279297,,,4
exp_hrl_v1,37,6,US_2,HOLD_VP,ATTACK,DIRECT,0.1889847368001938,59.89537811279297,,,4
exp_hrl_v1,37,6,US_3,HOLD_VP,ATTACK,DIRECT,0.1889847368001938,59.89537811279297,,,4
exp_hrl_v1,37,6,US_4,HOLD_VP,ATTACK,DIRECT,0.1889847368001938,59.89537811279297,,,4
exp_hrl_v1,37,6,US_5,HOLD_VP,ATTACK,DIRECT,0.1889847368001938,59.89537811279297,,,2
exp_hrl_v1,37,6,US_6,HOLD_VP,ATTACK,DIRECT,0.27334117889404297,54.52712631225586,,,4
exp_hrl_v1,38,1,US_1,HOLD_VP,FLANK,,0.1955854892730713,31.995033264160156,,,4
exp_hrl_v1,38,1,US_2,HOLD_VP,FLANK,,0.1955854892730713,31.995033264160156,,,4
exp_hrl_v1,38,1,US_3,HOLD_VP,FLANK,,0.1955854892730713,31.995033264160156,,,4
exp_hrl_v1,38,1,US_4,HOLD_VP,FLANK,,0.1955854892730713,31.995033264160156,,,4
exp_hrl_v1,38,1,US_5,HOLD_VP,FLANK,,0.1955854892730713,31.995033264160156,,,2
exp_hrl_v1,38,1,US_6,HOLD_VP,FLANK,,0.19572269916534424,38.0492057800293,,,4
exp_hrl_v1,38,1,US_7,HOLD_VP,FLANK,,0.19572269916534424,38.0492057800293,,,2
exp_hrl_v1,38,2,US_1,HOLD_VP,FLANK,,0.19572269916534424,38.0492057800293,,,4
exp_hrl_v1,38,2,US_2,HOLD_VP,FLANK,,0.19572269916534424,38.0492057800293,,,4
exp_hrl_v1,38,2,US_3,HOLD_VP,FLANK,,0.19572269916534424,38.0492057800293,,,4
exp_hrl_v1,38,2,US_4,HOLD_VP,ADVANCE,,0.20036914944648743,44.03032684326172,,,4
exp_hrl_v1,38,2,US_5,HOLD_VP,ADVANCE,,0.20036914944648743,44.03032684326172,,,2
exp_hrl_v1,38,2,US_6,HOLD_VP,ADVANCE,,0.20036914944648743,44.03032684326172,,,4
exp_hrl_v1,38,2,US_7,HOLD_VP,ADVANCE,,0.20036914944648743,44.03032684326172,,,2
exp_hrl_v1,38,3,US_1,HOLD_VP,ADVANCE,,0.20036914944648743,44.03032684326172,,,4
exp_hrl_v1,38,3,US_2,HOLD_VP,ADVANCE,,0.20036914944648743,44.03032684326172,,,4
exp_hrl_v1,38,3,US_3,HOLD_VP,ATTACK,INDIRECT,0.2557337284088135,50.942718505859375,,,4
exp_hrl_v1,38,3,US_4,HOLD_VP,ATTACK,INDIRECT,0.2557337284088135,50.942718505859375,,,4
exp_hrl_v1,38,3,US_5,HOLD_VP,ATTACK,INDIRECT,0.2557337284088135,50.942718505859375,,,2
exp_hrl_v1,38,3,US_6,HOLD_VP,ATTACK,INDIRECT,0.2557337284088135,50.942718505859375,,,4
exp_hrl_v1,38,3,US_7,HOLD_VP,ATTACK,INDIRECT,0.2557337284088135,50.942718505859375,,,2
exp_hrl_v1,38,4,US_1,HOLD_VP,ATTACK,INDIRECT,0.2557337284088135,50.942718505859375,,,4
exp_hrl_v1,38,4,US_2,HOLD_VP,ATTACK,INDIRECT,0.2557337284088135,50.942718505859375,,,4
exp_hrl_v1,38,4,US_3,HOLD_VP,ATTACK,INDIRECT,0.2557337284088135,50.942718505859375,,,4
exp_hrl_v1,38,4,US_4,HOLD_VP,ATTACK,INDIRECT,0.2557337284088135,50.942718505859375,,,4
exp_hrl_v1,38,4,US_5,HOLD_VP,ATTACK,INDIRECT,0.2557337284088135,50.942718505859375,,,2
exp_hrl_v1,38,4,US_6,HOLD_VP,FLANK,,0.172117680311203,54.21704864501953,,,4
exp_hrl_v1,38,4,US_7,HOLD_VP,FLANK,,0.172117680311203,54.21704864501953,,,2
exp_hrl_v1,38,5,US_1,HOLD_VP,FLANK,,0.172117680311203,54.21704864501953,,,4
exp_hrl_v1,38,5,US_2,HOLD_VP,FLANK,,0.172117680311203,54.21704864501953,,,4
exp_hrl_v1,38,5,US_3,HOLD_VP,FLANK,,0.172117680311203,54.21704864501953,,,4
exp_hrl_v1,38,5,US_4,HOLD_VP,ADVANCE,,0.22070948779582977,53.575279235839844,,,4
exp_hrl_v1,38,5,US_5,HOLD_VP,ADVANCE,,0.22070948779582977,53.575279235839844,,,2
exp_hrl_v1,38,5,US_6,HOLD_VP,ADVANCE,,0.22070948779582977,53.575279235839844,,,4
exp_hrl_v1,38,5,US_7,HOLD_VP,ADVANCE,,0.22070948779582977,53.575279235839844,,,2
exp_hrl_v1,38,6,US_1,HOLD_VP,ADVANCE,,0.22070948779582977,53.575279235839844,,,4
exp_hrl_v1,38,6,US_2,HOLD_VP,ADVANCE,,0.22070948779582977,53.575279235839844,,,4
exp_hrl_v1,38,6,US_3,HOLD_VP,RETREAT,,0.15997888147830963,51.21460723876953,,,4
exp_hrl_v1,38,6,US_4,HOLD_VP,RETREAT,,0.15997888147830963,51.21460723876953,,,4
exp_hrl_v1,38,6,US_5,HOLD_VP,ADVANCE,,0.1953810602426529,51.089515686035156,,,2
exp_hrl_v1,38,6,US_6,HOLD_VP,ADVANCE,,0.1953810602426529,51.089515686035156,,,4
exp_hrl_v1,38,6,US_7,HOLD_VP,ADVANCE,,0.1953810602426529,51.089515686035156,,,2
exp_hrl_v1,38,7,US_1,HOLD_VP,ADVANCE,,0.1953810602426529,51.089515686035156,,,4
exp_hrl_v1,38,7,US_2,HOLD_VP,ADVANCE,,0.1953810602426529,51.089515686035156,,,4
exp_hrl_v1,38,7,US_3,HOLD_VP,ADVANCE,,0.1953810602426529,51.089515686035156,,,4
exp_hrl_v1,38,7,US_4,HOLD_VP,ATTACK,DIRECT,0.14594119787216187,47.871341705322266,,,4
exp_hrl_v1,39,1,US_1,PUSH_VP,ADVANCE,,0.2209296077489853,31.995033264160156,,,4
exp_hrl_v1,39,1,US_2,PUSH_VP,ADVANCE,,0.2209296077489853,31.995033264160156,,,4
exp_hrl_v1,39,1,US_3,PUSH_VP,ADVANCE,,0.2209296077489853,31.995033264160156,,,4
exp_hrl_v1,39,1,US_4,PUSH_VP,ADVANCE,,0.2209296077489853,31.995033264160156,,,4
exp_hrl_v1,39,1,US_5,PUSH_VP,ADVANCE,,0.2209296077489853,31.995033264160156,,,2
exp_hrl_v1,39,1,US_6,PUSH_VP,ADVANCE,,0.2209296077489853,31.995033264160156,,,4
exp_hrl_v1,39,1,US_7,PUSH_VP,ADVANCE,,0.21747517585754395,38.966827392578125,,,2
exp_hrl_v1,39,2,US_1,PUSH_VP,ADVANCE,,0.21747517585754395,38.966827392578125,,,4
exp_hrl_v1,39,2,US_2,PUSH_VP,ADVANCE,,0.21747517585754395,38.966827392578125,,,4
exp_hrl_v1,39,2,US_3,PUSH_VP,ADVANCE,,0.21747517585754395,38.966827392578125,,,4
exp_hrl_v1,39,2,US_4,PUSH_VP,ADVANCE,,0.21747517585754395,38.966827392578125,,,4
exp_hrl_v1,39,2,US_5,PUSH_VP,ADVANCE,,0.21747517585754395,38.966827392578125,,,2
exp_hrl_v1,39,2,US_6,PUSH_VP,ADVANCE,,0.21960562467575073,43.13095474243164,,,4
exp_hrl_v1,39,2,US_7,PUSH_VP,ADVANCE,,0.21960562467575073,43.13095474243164,,,2
exp_hrl_v1,39,3,US_1,PUSH_VP,ADVANCE,,0.21960562467575073,43.13095474243164,,,4
exp_hrl_v1,39,3,US_2,PUSH_VP,ADVANCE,,0.21960562467575073,43.13095474243164,,,4
exp_hrl_v1,39,3,US_3,PUSH_VP,ADVANCE,,0.21960562467575073,43.13095474243164,,,4
exp_hrl_v1,39,3,US_4,PUSH_VP,ADVANCE,,0.21960562467575073,43.13095474243164,,,4
exp_hrl_v1,39,3,US_5,PUSH_VP,ADVANCE,,0.17456643283367157,51.56973648071289,,,2
exp_hrl_v1,39,3,US_6,PUSH_VP,ADVANCE,,0.17456643283367157,51.56973648071289,,,4
exp_hrl_v1,39,3,US_7,PUSH_VP,ADVANCE,,0.17456643283367157,51.56973648071289,,,2
exp_hrl_v1,39,4,US_1,PUSH_VP,ADVANCE,,0.17456643283367157,51.56973648071289,,,4
exp_hrl_v1,39,4,US_2,PUSH_VP,ADVANCE,,0.17456643283367157,51.56973648071289,,,4
exp_hrl_v1,39,4,US_3,PUSH_VP,ADVANCE,,0.17456643283367157,51.56973648071289,,,4
exp_hrl_v1,39,4,US_4,PUSH_VP,FLANK,,0.17885638773441315,56.64994812011719,,,4
exp_hrl_v1,39,4,US_5,PUSH_VP,FLANK,,0.17885638773441315,56.64994812011719,,,2
exp_hrl_v1,39,4,US_6,PUSH_VP,FLANK,,0.17885638773441315,56.64994812011719,,,4
exp_hrl_v1,39,4,US_7,PUSH_VP,FLANK,,0.17885638773441315,56.64994812011719,,,2
exp_hrl_v1,39,5,US_1,PUSH_VP,FLANK,,0.17885638773441315,56.64994812011719,,,4
exp_hrl_v1,39,5,US_2,PUSH_VP,FLANK,,0.16718798875808716,59.704410552978516,,,4
exp_hrl_v1,39,5,US_3,PUSH_VP,FLANK,,0.16718798875808716,59.704410552978516,,,4
exp_hrl_v1,39,5,US_4,PUSH_VP,FLANK,,0.16718798875808716,59.704410552978516,,,4
exp_hrl_v1,39,5,US_5,PUSH_VP,FLANK,,0.16718798875808716,59.704410552978516,,,2
exp_hrl_v1,39,5,US_6,PUSH_VP,FLANK,,0.16718798875808716,59.704410552978516,,,4
exp_hrl_v1,39,5,US_7,HOLD_VP,ATTACK,DIRECT,0.3902066946029663,61.47791290283203,,,2
exp_hrl_v1,39,6,US_1,HOLD_VP,ATTACK,DIRECT,0.3902066946029663,61.47791290283203,,,4
exp_hrl_v1,39,6,US_2,HOLD_VP,ATTACK,DIRECT,0.3902066946029663,61.47791290283203,,,4
exp_hrl_v1,39,6,US_3,HOLD_VP,ATTACK,DIRECT,0.3902066946029663,61.47791290283203,,,4
exp_hrl_v1,39,6,US_4,HOLD_VP,ATTACK,DIRECT,0.3902066946029663,61.47791290283203,,,4
exp_hrl_v1,39,6,US_5,HOLD_VP,ATTACK,DIRECT,0.3902066946029663,61.47791290283203,,,2
exp_hrl_v1,39,6,US_6,HOLD_VP,ATTACK,DIRECT,0.3902066946029663,61.47791290283203,,,4
exp_hrl_v1,39,6,US_7,HOLD_VP,ATTACK,DIRECT,0.3902066946029663,61.47791290283203,,,2
exp_hrl_v1,39,7,US_1,HOLD_VP,ATTACK,DIRECT,0.3902066946029663,61.47791290283203,,,4
exp_hrl_v1,39,7,US_2,HOLD_VP,ATTACK,DIRECT,0.3902066946029663,61.47791290283203,,,4
exp_hrl_v1,40,1,US_1,PUSH_VP,FLANK,,0.1955854892730713,31.995033264160156,,,4
exp_hrl_v1,40,1,US_2,PUSH_VP,FLANK,,0.1955854892730713,31.995033264160156,,,4
exp_hrl_v1,40,1,US_3,PUSH_VP,FLANK,,0.1955854892730713,31.995033264160156,,,4
exp_hrl_v1,40,1,US_4,PUSH_VP,FLANK,,0.1955854892730713,31.995033264160156,,,4
exp_hrl_v1,40,1,US_5,PUSH_VP,FLANK,,0.1955854892730713,31.995033264160156,,,2
exp_hrl_v1,40,1,US_6,PUSH_VP,ADVANCE,,0.20154522359371185,38.0492057800293,,,4
exp_hrl_v1,40,1,US_7,PUSH_VP,ADVANCE,,0.20154522359371185,38.0492057800293,,,2
exp_hrl_v1,40,2,US_1,PUSH_VP,ADVANCE,,0.20154522359371185,38.0492057800293,,,4
exp_hrl_v1,40,2,US_2,PUSH_VP,ADVANCE,,0.20154522359371185,38.0492057800293,,,4
exp_hrl_v1,40,2,US_3,PUSH_VP,ADVANCE,,0.20154522359371185,38.0492057800293,,,4
exp_hrl_v1,40,2,US_4,PUSH_VP,ADVANCE,,0.20154522359371185,38.0492057800293,,,4
exp_hrl_v1,40,2,US_5,PUSH_VP,ADVANCE,,0.22744208574295044,45.439945220947266,,,2
exp_hrl_v1,40,2,US_6,PUSH_VP,ADVANCE,,0.22744208574295044,45.439945220947266,,,4
exp_hrl_v1,40,2,US_7,PUSH_VP,ADVANCE,,0.22744208574295044,45.439945220947266,,,2
exp_hrl_v1,40,3,US_1,PUSH_VP,ADVANCE,,0.22744208574295044,45.439945220947266,,,4
exp_hrl_v1,40,3,US_2,PUSH_VP,ADVANCE,,0.22744208574295044,45.439945220947266,,,4
exp_hrl_v1,40,3,US_3,PUSH_VP,ADVANCE,,0.22744208574295044,45.439945220947266,,,4
exp_hrl_v1,40,3,US_4,PUSH_VP,FLANK,,0.1858983039855957,51.02067565917969,,,4
exp_hrl_v1,40,3,US_5,PUSH_VP,FLANK,,0.1858983039855957,51.02067565917969,,,2
exp_hrl_v1,40,3,US_6,PUSH_VP,FLANK,,0.1858983039855957,51.02067565917969,,,4
exp_hrl_v1,40,3,US_7,PUSH_VP,FLANK,,0.1858983039855957,51.02067565917969,,,2
exp_hrl_v1,40,4,US_1,PUSH_VP,FLANK,,0.1858983039855957,51.02067565917969,,,4
exp_hrl_v1,40,4,US_2,PUSH_VP,ATTACK,DIRECT,0.21234528720378876,55.23048782348633,,,4
exp_hrl_v1,40,4,US_3,PUSH_VP,ATTACK,DIRECT,0.21234528720378876,55.23048782348633,,,4
exp_hrl_v1,40,4,US_4,PUSH_VP,ATTACK,DIRECT,0.21234528720378876,55.23048782348633,,,4
exp_hrl_v1,40,4,US_5,PUSH_VP,ATTACK,DIRECT,0.21234528720378876,55.23048782348633,,,2
exp_hrl_v1,40,4,US_6,PUSH_VP,ATTACK,DIRECT,0.21234528720378876,55.23048782348633,,,4
exp_hrl_v1,40,4,US_7,PUSH_VP,ATTACK,DIRECT,0.21234528720378876,55.23048782348633,,,2
exp_hrl_v1,40,5,US_1,PUSH_VP,ATTACK,DIRECT,0.21234528720378876,55.23048782348633,,,4
exp_hrl_v1,40,5,US_2,PUSH_VP,ATTACK,DIRECT,0.21234528720378876,55.23048782348633,,,4
exp_hrl_v1,41,1,US_1,HOLD_VP,FLANK,,0.1957722306251526,31.995033264160156,,,4
exp_hrl_v1,41,1,US_2,HOLD_VP,FLANK,,0.1957722306251526,31.995033264160156,,,4
exp_hrl_v1,41,1,US_3,HOLD_VP,FLANK,,0.1957722306251526,31.995033264160156,,,4
exp_hrl_v1,41,1,US_4,HOLD_VP,FLANK,,0.1957722306251526,31.995033264160156,,,4
exp_hrl_v1,41,1,US_5,HOLD_VP,FLANK,,0.1957722306251526,31.995033264160156,,,2
exp_hrl_v1,41,1,US_6,HOLD_VP,RETREAT,,0.19899527728557587,38.0492057800293,,,4
exp_hrl_v1,41,1,US_7,HOLD_VP,RETREAT,,0.19899527728557587,38.0492057800293,,,2
exp_hrl_v1,41,2,US_1,HOLD_VP,ADVANCE,,0.20560908317565918,40.97883224487305,,,4
exp_hrl_v1,41,2,US_2,HOLD_VP,ADVANCE,,0.20560908317565918,40.97883224487305,,,4
exp_hrl_v1,41,2,US_3,HOLD_VP,ADVANCE,,0.20560908317565918,40.97883224487305,,,4
exp_hrl_v1,41,2,US_4,HOLD_VP,ADVANCE,,0.20560908317565918,40.97883224487305,,,4
exp_hrl_v1,41,2,US_5,HOLD_VP,ADVANCE,,0.20560908317565918,40.97883224487305,,,2
exp_hrl_v1,41,2,US_6,HOLD_VP,ADVANCE,,0.20560908317565918,40.97883224487305,,,4
exp_hrl_v1,41,2,US_7,HOLD_VP,ADVANCE,,0.18915721774101257,46.276668548583984,,,2
exp_hrl_v1,41,3,US_1,HOLD_VP,ADVANCE,,0.18915721774101257,46.276668548583984,,,4
exp_hrl_v1,41,3,US_2,HOLD_VP,ADVANCE,,0.18915721774101257,46.276668548583984,,,4
exp_hrl_v1,41,3,US_3,HOLD_VP,ADVANCE,,0.18915721774101257,46.276668548583984,,,4
exp_hrl_v1,41,3,US_4,HOLD_VP,ADVANCE,,0.18915721774101257,46.276668548583984,,,4
exp_hrl_v1,41,3,US_5,HOLD_VP,ADVANCE,,0.18915721774101257,46.276668548583984,,,2
exp_hrl_v1,41,3,US_6,HOLD_VP,ADVANCE,,0.17625004053115845,50.937034606933594,,,4
exp_hrl_v1,41,3,US_7,HOLD_VP,ADVANCE,,0.17625004053115845,50.937034606933594,,,2
exp_hrl_v1,41,4,US_1,HOLD_VP,ADVANCE,,0.17625004053115845,50.937034606933594,,,4
exp_hrl_v1,41,4,US_2,HOLD_VP,ADVANCE,,0.17625004053115845,50.937034606933594,,,4
exp_hrl_v1,41,4,US_3,HOLD_VP,ADVANCE,,0.17625004053115845,50.937034606933594,,,4
exp_hrl_v1,41,4,US_4,HOLD_VP,ADVANCE,,0.17625004053115845,50.937034606933594,,,4
exp_hrl_v1,41,4,US_5,HOLD_VP,FLANK,,0.17918682098388672,56.206382751464844,,,2
exp_hrl_v1,41,4,US_6,HOLD_VP,FLANK,,0.17918682098388672,56.206382751464844,,,4
exp_hrl_v1,41,4,US_7,HOLD_VP,FLANK,,0.17918682098388672,56.206382751464844,,,2
exp_hrl_v1,41,5,US_1,HOLD_VP,FLANK,,0.17918682098388672,56.206382751464844,,,4
exp_hrl_v1,41,5,US_2,HOLD_VP,FLANK,,0.17918682098388672,56.206382751464844,,,4
exp_hrl_v1,41,5,US_3,HOLD_VP,ADVANCE,,0.1740642637014389,59.70094299316406,,,4
exp_hrl_v1,41,5,US_4,HOLD_VP,ADVANCE,,0.1740642637014389,59.70094299316406,,,4
exp_hrl_v1,41,5,US_5,HOLD_VP,ADVANCE,,0.1740642637014389,59.70094299316406,,,2
exp_hrl_v1,41,5,US_6,HOLD_VP,ADVANCE,,0.1740642637014389,59.70094299316406,,,4
exp_hrl_v1,41,5,US_7,HOLD_VP,ADVANCE,,0.1740642637014389,59.70094299316406,,,2
exp_hrl_v1,41,6,US_1,HOLD_VP,ADVANCE,,0.1740642637014389,59.70094299316406,,,4
exp_hrl_v1,41,6,US_2,HOLD_VP,ADVANCE,,0.15107138454914093,63.521148681640625,,,4
exp_hrl_v1,41,6,US_3,HOLD_VP,ADVANCE,,0.15107138454914093,63.521148681640625,,,4
exp_hrl_v1,41,6,US_4,HOLD_VP,ADVANCE,,0.15107138454914093,63.521148681640625,,,4
exp_hrl_v1,41,6,US_5,HOLD_VP,ADVANCE,,0.15107138454914093,63.521148681640625,,,2
exp_hrl_v1,41,6,US_6,HOLD_VP,ADVANCE,,0.15107138454914093,63.521148681640625,,,4
exp_hrl_v1,41,6,US_7,HOLD_VP,ADVANCE,,0.15107138454914093,63.521148681640625,,,2
exp_hrl_v1,41,7,US_1,HOLD_VP,ATTACK,DIRECT,0.14310424029827118,65.50513458251953,,,4
exp_hrl_v1,41,7,US_2,HOLD_VP,ATTACK,DIRECT,0.14310424029827118,65.50513458251953,,,4
exp_hrl_v1,41,7,US_3,HOLD_VP,ATTACK,DIRECT,0.14310424029827118,65.50513458251953,,,4
exp_hrl_v1,41,7,US_4,HOLD_VP,ATTACK,DIRECT,0.14310424029827118,65.50513458251953,,,4
exp_hrl_v1,41,7,US_5,HOLD_VP,ATTACK,DIRECT,0.14310424029827118,65.50513458251953,,,2
exp_hrl_v1,41,7,US_6,HOLD_VP,ATTACK,DIRECT,0.14310424029827118,65.50513458251953,,,4
exp_hrl_v1,41,7,US_7,HOLD_VP,ATTACK,DIRECT,0.14310424029827118,65.50513458251953,,,2
exp_hrl_v1,41,8,US_1,HOLD_VP,ATTACK,DIRECT,0.14310424029827118,65.50513458251953,,,4
exp_hrl_v1,41,8,US_2,HOLD_VP,ATTACK,DIRECT,0.14310424029827118,65.50513458251953,,,4
exp_hrl_v1,42,1,US_1,HOLD_VP,ATTACK,INDIRECT,0.2209296077489853,31.995033264160156,,,4
exp_hrl_v1,42,1,US_2,HOLD_VP,ATTACK,INDIRECT,0.2209296077489853,31.995033264160156,,,4
exp_hrl_v1,42,1,US_3,HOLD_VP,ATTACK,INDIRECT,0.2209296077489853,31.995033264160156,,,4
exp_hrl_v1,42,1,US_4,HOLD_VP,ATTACK,INDIRECT,0.2209296077489853,31.995033264160156,,,4
exp_hrl_v1,42,1,US_5,HOLD_VP,ATTACK,INDIRECT,0.2209296077489853,31.995033264160156,,,2
exp_hrl_v1,42,1,US_6,HOLD_VP,ATTACK,INDIRECT,0.2209296077489853,31.995033264160156,,,4
exp_hrl_v1,42,1,US_7,HOLD_VP,ATTACK,INDIRECT,0.2209296077489853,31.995033264160156,,,2
exp_hrl_v1,42,2,US_1,HOLD_VP,ATTACK,INDIRECT,0.2209296077489853,31.995033264160156,,,4
exp_hrl_v1,42,2,US_2,HOLD_VP,ATTACK,INDIRECT,0.2209296077489853,31.995033264160156,,,4
exp_hrl_v1,42,2,US_3,HOLD_VP,ATTACK,INDIRECT,0.2209296077489853,31.995033264160156,,,4
exp_hrl_v1,42,2,US_4,HOLD_VP,RETREAT,,0.1452643722295761,53.581764221191406,,,4
exp_hrl_v1,42,2,US_5,HOLD_VP,RETREAT,,0.1452643722295761,53.581764221191406,,,2
exp_hrl_v1,42,2,US_6,HOLD_VP,RETREAT,,0.12680946290493011,58.54316329956055,,,4
exp_hrl_v1,42,2,US_7,HOLD_VP,RETREAT,,0.12680946290493011,58.54316329956055,,,2
exp_hrl_v1,42,3,US_1,HOLD_VP,ADVANCE,,0.15830957889556885,58.656402587890625,,,4
exp_hrl_v1,42,3,US_2,HOLD_VP,ADVANCE,,0.15830957889556885,58.656402587890625,,,4
exp_hrl_v1,42,3,US_3,HOLD_VP,ADVANCE,,0.15830957889556885,58.656402587890625,,,4
exp_hrl_v1,42,3,US_4,HOLD_VP,ADVANCE,,0.15830957889556885,58.656402587890625,,,4
exp_hrl_v1,42,3,US_5,HOLD_VP,ADVANCE,,0.15830957889556885,58.656402587890625,,,2
exp_hrl_v1,42,3,US_6,HOLD_VP,ADVANCE,,0.15830957889556885,58.656402587890625,,,4
exp_hrl_v1,42,3,US_7,HOLD_VP,ATTACK,INDIRECT,0.4204978346824646,60.965553283691406,,,2
exp_hrl_v1,42,4,US_1,HOLD_VP,ATTACK,INDIRECT,0.4204978346824646,60.965553283691406,,,4
exp_hrl_v1,42,4,US_2,HOLD_VP,ATTACK,INDIRECT,0.4204978346824646,60.965553283691406,,,4
exp_hrl_v1,42,4,US_3,HOLD_VP,ATTACK,INDIRECT,0.4204978346824646,60.965553283691406,,,4
exp_hrl_v1,42,4,US_4,HOLD_VP,ATTACK,INDIRECT,0.4204978346824646,60.965553283691406,,,4
exp_hrl_v1,43,1,US_1,ATTACK,ATTACK,DIRECT,0.1899789720773697,31.995033264160156,,,4
exp_hrl_v1,43,1,US_2,ATTACK,ATTACK,DIRECT,0.1899789720773697,31.995033264160156,,,4
exp_hrl_v1,43,1,US_3,ATTACK,ATTACK,DIRECT,0.1899789720773697,31.995033264160156,,,4
exp_hrl_v1,43,1,US_4,ATTACK,ATTACK,DIRECT,0.1899789720773697,31.995033264160156,,,4
exp_hrl_v1,43,1,US_5,ATTACK,ATTACK,DIRECT,0.1899789720773697,31.995033264160156,,,2
exp_hrl_v1,43,1,US_6,ATTACK,ATTACK,DIRECT,0.1899789720773697,31.995033264160156,,,4
exp_hrl_v1,43,1,US_7,ATTACK,ATTACK,DIRECT,0.1899789720773697,31.995033264160156,,,2
exp_hrl_v1,43,2,US_1,ATTACK,ATTACK,DIRECT,0.1899789720773697,31.995033264160156,,,4
exp_hrl_v1,43,2,US_2,ATTACK,ATTACK,DIRECT,0.1899789720773697,31.995033264160156,,,4
exp_hrl_v1,43,2,US_3,ATTACK,ATTACK,DIRECT,0.1899789720773697,31.995033264160156,,,4
exp_hrl_v1,43,2,US_4,ATTACK,ATTACK,DIRECT,0.17213386297225952,49.15595626831055,,,4
exp_hrl_v1,43,2,US_5,ATTACK,ATTACK,DIRECT,0.17213386297225952,49.15595626831055,,,2
exp_hrl_v1,43,2,US_6,ATTACK,ATTACK,DIRECT,0.17213386297225952,49.15595626831055,,,4
exp_hrl_v1,43,2,US_7,ATTACK,ATTACK,DIRECT,0.17213386297225952,49.15595626831055,,,2
exp_hrl_v1,43,3,US_1,ATTACK,ATTACK,DIRECT,0.17213386297225952,49.15595626831055,,,4
exp_hrl_v1,43,3,US_2,ATTACK,ATTACK,DIRECT,0.17213386297225952,49.15595626831055,,,4
exp_hrl_v1,43,3,US_3,ATTACK,ATTACK,DIRECT,0.17213386297225952,49.15595626831055,,,4
exp_hrl_v1,43,3,US_4,ATTACK,ATTACK,DIRECT,0.17213386297225952,49.15595626831055,,,4
exp_hrl_v1,43,3,US_5,ATTACK,ATTACK,DIRECT,0.17213386297225952,49.15595626831055,,,2
exp_hrl_v1,43,3,US_6,ATTACK,ATTACK,DIRECT,0.17213386297225952,49.15595626831055,,,4
exp_hrl_v1,43,3,US_7,ATTACK,ATTACK,DIRECT,0.17394830286502838,54.09546661376953,,,2
exp_hrl_v1,43,4,US_1,ATTACK,ATTACK,DIRECT,0.17394830286502838,54.09546661376953,,,4
exp_hrl_v1,43,4,US_2,ATTACK,ATTACK,DIRECT,0.17394830286502838,54.09546661376953,,,4
exp_hrl_v1,43,4,US_3,ATTACK,ATTACK,DIRECT,0.17394830286502838,54.09546661376953,,,4
exp_hrl_v1,44,1,US_1,PUSH_VP,ADVANCE,,0.1955854892730713,31.995033264160156,,,4
exp_hrl_v1,44,1,US_2,PUSH_VP,ADVANCE,,0.1955854892730713,31.995033264160156,,,4
exp_hrl_v1,44,1,US_3,PUSH_VP,ADVANCE,,0.1955854892730713,31.995033264160156,,,4
exp_hrl_v1,44,1,US_4,PUSH_VP,ADVANCE,,0.1955854892730713,31.995033264160156,,,4
exp_hrl_v1,44,1,US_5,PUSH_VP,ADVANCE,,0.1955854892730713,31.995033264160156,,,2
exp_hrl_v1,44,1,US_6,PUSH_VP,ADVANCE,,0.1955854892730713,31.995033264160156,,,4
exp_hrl_v1,44,1,US_7,PUSH_VP,FLANK,,0.1966974139213562,38.966827392578125,,,2
exp_hrl_v1,44,2,US_1,PUSH_VP,FLANK,,0.1966974139213562,38.966827392578125,,,4
exp_hrl_v1,44,2,US_2,PUSH_VP,FLANK,,0.1966974139213562,38.966827392578125,,,4
exp_hrl_v1,44,2,US_3,PUSH_VP,FLANK,,0.1966974139213562,38.966827392578125,,,4
exp_hrl_v1,44,2,US_4,PUSH_VP,FLANK,,0.1966974139213562,38.966827392578125,,,4
exp_hrl_v1,44,2,US_5,PUSH_VP,FLANK,,0.19717855751514435,45.69208526611328,,,2
exp_hrl_v1,44,2,US_6,PUSH_VP,FLANK,,0.19717855751514435,45.69208526611328,,,4
exp_hrl_v1,44,2,US_7,PUSH_VP,FLANK,,0.19717855751514435,45.69208526611328,,,2
exp_hrl_v1,44,3,US_1,PUSH_VP,FLANK,,0.19717855751514435,45.69208526611328,,,4
exp_hrl_v1,44,3,US_2,PUSH_VP,FLANK,,0.19717855751514435,45.69208526611328,,,4
exp_hrl_v1,44,3,US_3,PUSH_VP,ADVANCE,,0.25676393508911133,51.16645812988281,,,4
exp_hrl_v1,44,3,US_4,PUSH_VP,ADVANCE,,0.25676393508911133,51.16645812988281,,,4
exp_hrl_v1,44,3,US_5,PUSH_VP,ADVANCE,,0.25676393508911133,51.16645812988281,,,2
exp_hrl_v1,44,3,US_6,PUSH_VP,ADVANCE,,0.25676393508911133,51.16645812988281,,,4
exp_hrl_v1,44,3,US_7,PUSH_VP,ADVANCE,,0.25676393508911133,51.16645812988281,,,2
exp_hrl_v1,44,4,US_1,PUSH_VP,ADVANCE,,0.25676393508911133,51.16645812988281,,,4
exp_hrl_v1,44,4,US_2,PUSH_VP,ADVANCE,,0.16939398646354675,56.217185974121094,,,4
exp_hrl_v1,44,4,US_3,PUSH_VP,ADVANCE,,0.16939398646354675,56.217185974121094,,,4
exp_hrl_v1,44,4,US_4,PUSH_VP,ADVANCE,,0.16939398646354675,56.217185974121094,,,4
exp_hrl_v1,44,4,US_5,PUSH_VP,ADVANCE,,0.16939398646354675,56.217185974121094,,,2
exp_hrl_v1,44,4,US_6,PUSH_VP,ADVANCE,,0.16939398646354675,56.217185974121094,,,4
exp_hrl_v1,44,4,US_7,PUSH_VP,ADVANCE,,0.16939398646354675,56.217185974121094,,,2
exp_hrl_v1,44,5,US_1,PUSH_VP,ADVANCE,,0.16057968139648438,59.040855407714844,,,4
exp_hrl_v1,44,5,US_2,PUSH_VP,ADVANCE,,0.16057968139648438,59.040855407714844,,,4
exp_hrl_v1,44,5,US_3,PUSH_VP,ADVANCE,,0.16057968139648438,59.040855407714844,,,4
exp_hrl_v1,44,5,US_4,PUSH_VP,ADVANCE,,0.16057968139648438,59.040855407714844,,,4
exp_hrl_v1,44,5,US_5,PUSH_VP,ADVANCE,,0.16057968139648438,59.040855407714844,,,2
exp_hrl_v1,44,5,US_6,PUSH_VP,ADVANCE,,0.16057968139648438,59.040855407714844,,,4
exp_hrl_v1,44,5,US_7,HOLD_VP,ADVANCE,,0.17622382938861847,61.295860290527344,,,2
exp_hrl_v1,44,6,US_1,HOLD_VP,ADVANCE,,0.17622382938861847,61.295860290527344,,,4
exp_hrl_v1,44,6,US_2,HOLD_VP,ADVANCE,,0.17622382938861847,61.295860290527344,,,4
exp_hrl_v1,44,6,US_3,HOLD_VP,ADVANCE,,0.17622382938861847,61.295860290527344,,,4
exp_hrl_v1,44,6,US_4,HOLD_VP,ADVANCE,,0.17622382938861847,61.295860290527344,,,4
exp_hrl_v1,44,6,US_5,HOLD_VP,ADVANCE,,0.17622382938861847,61.295860290527344,,,2
exp_hrl_v1,44,6,US_6,HOLD_VP,ATTACK,DIRECT,0.10334102064371109,63.65574645996094,,,4
exp_hrl_v1,44,6,US_7,HOLD_VP,ATTACK,DIRECT,0.10334102064371109,63.65574645996094,,,2
exp_hrl_v1,44,7,US_1,HOLD_VP,ATTACK,DIRECT,0.10334102064371109,63.65574645996094,,,4
exp_hrl_v1,44,7,US_2,HOLD_VP,ATTACK,DIRECT,0.10334102064371109,63.65574645996094,,,4
exp_hrl_v1,44,7,US_3,HOLD_VP,ATTACK,DIRECT,0.10334102064371109,63.65574645996094,,,4
exp_hrl_v1,44,7,US_4,HOLD_VP,ATTACK,DIRECT,0.10334102064371109,63.65574645996094,,,4
exp_hrl_v1,44,7,US_5,HOLD_VP,ATTACK,DIRECT,0.10334102064371109,63.65574645996094,,,2
exp_hrl_v1,44,7,US_6,HOLD_VP,ATTACK,DIRECT,0.10334102064371109,63.65574645996094,,,4
exp_hrl_v1,44,7,US_7,HOLD_VP,ATTACK,DIRECT,0.10334102064371109,63.65574645996094,,,2
exp_hrl_v1,44,8,US_1,HOLD_VP,ATTACK,DIRECT,0.10334102064371109,63.65574645996094,,,4
exp_hrl_v1,45,1,US_1,HOLD_VP,ADVANCE,,0.1899789720773697,31.995033264160156,,,4
exp_hrl_v1,45,1,US_2,HOLD_VP,ADVANCE,,0.1899789720773697,31.995033264160156,,,4
exp_hrl_v1,45,1,US_3,HOLD_VP,ADVANCE,,0.1899789720773697,31.995033264160156,,,4
exp_hrl_v1,45,1,US_4,HOLD_VP,ADVANCE,,0.1899789720773697,31.995033264160156,,,4
exp_hrl_v1,45,1,US_5,HOLD_VP,ADVANCE,,0.1899789720773697,31.995033264160156,,,2
exp_hrl_v1,45,1,US_6,HOLD_VP,ADVANCE,,0.1899789720773697,31.995033264160156,,,4
exp_hrl_v1,45,1,US_7,HOLD_VP,RETREAT,,0.19609956443309784,38.966827392578125,,,2
exp_hrl_v1,45,2,US_1,HOLD_VP,RETREAT,,0.19609956443309784,38.966827392578125,,,4
exp_hrl_v1,45,2,US_2,HOLD_VP,ADVANCE,,0.1928340196609497,42.3665657043457,,,4
exp_hrl_v1,45,2,US_3,HOLD_VP,ADVANCE,,0.1928340196609497,42.3665657043457,,,4
exp_hrl_v1,45,2,US_4,HOLD_VP,ADVANCE,,0.1928340196609497,42.3665657043457,,,4
exp_hrl_v1,45,2,US_5,HOLD_VP,ADVANCE,,0.1928340196609497,42.3665657043457,,,2
exp_hrl_v1,45,2,US_6,HOLD_VP,ADVANCE,,0.1928340196609497,42.3665657043457,,,4
exp_hrl_v1,45,2,US_7,HOLD_VP,ADVANCE,,0.1928340196609497,42.3665657043457,,,2
exp_hrl_v1,45,3,US_1,HOLD_VP,FLANK,,0.1831558495759964,46.12708282470703,,,4
exp_hrl_v1,45,3,US_2,HOLD_VP,FLANK,,0.1831558495759964,46.12708282470703,,,4
exp_hrl_v1,45,3,US_3,HOLD_VP,FLANK,,0.1831558495759964,46.12708282470703,,,4
exp_hrl_v1,45,3,US_4,HOLD_VP,FLANK,,0.1831558495759964,46.12708282470703,,,4
exp_hrl_v1,45,3,US_5,HOLD_VP,FLANK,,0.1831558495759964,46.12708282470703,,,2
exp_hrl_v1,45,3,US_6,HOLD_VP,ADVANCE,,0.18153519928455353,49.566123962402344,,,4
exp_hrl_v1,45,3,US_7,HOLD_VP,ADVANCE,,0.18153519928455353,49.566123962402344,,,2
exp_hrl_v1,45,4,US_1,HOLD_VP,ADVANCE,,0.18153519928455353,49.566123962402344,,,4
exp_hrl_v1,45,4,US_2,HOLD_VP,ADVANCE,,0.18153519928455353,49.566123962402344,,,4
exp_hrl_v1,45,4,US_3,HOLD_VP,ADVANCE,,0.18153519928455353,49.566123962402344,,,4
exp_hrl_v1,45,4,US_4,HOLD_VP,ADVANCE,,0.18153519928455353,49.566123962402344,,,4
exp_hrl_v1,45,4,US_5,HOLD_VP,ATTACK,DIRECT,0.20389536023139954,56.92839050292969,,,2
exp_hrl_v1,45,4,US_6,HOLD_VP,ATTACK,DIRECT,0.20389536023139954,56.92839050292969,,,4
exp_hrl_v1,45,4,US_7,HOLD_VP,ATTACK,DIRECT,0.20389536023139954,56.92839050292969,,,2
exp_hrl_v1,45,5,US_1,HOLD_VP,ATTACK,DIRECT,0.20389536023139954,56.92839050292969,,,4
exp_hrl_v1,45,5,US_2,HOLD_VP,ATTACK,DIRECT,0.20389536023139954,56.92839050292969,,,4
exp_hrl_v1,45,5,US_3,HOLD_VP,ATTACK,DIRECT,0.20389536023139954,56.92839050292969,,,4
exp_hrl_v1,45,5,US_4,HOLD_VP,ATTACK,DIRECT,0.20389536023139954,56.92839050292969,,,4
exp_hrl_v1,45,5,US_5,HOLD_VP,ATTACK,DIRECT,0.20389536023139954,56.92839050292969,,,2
exp_hrl_v1,45,5,US_6,HOLD_VP,ATTACK,DIRECT,0.20389536023139954,56.92839050292969,,,4
exp_hrl_v1,45,5,US_7,HOLD_VP,ATTACK,DIRECT,0.20389536023139954,56.92839050292969,,,2
exp_hrl_v1,45,6,US_1,HOLD_VP,ATTACK,DIRECT,0.17802178859710693,51.137351989746094,,,4
exp_hrl_v1,46,1,US_1,PUSH_VP,ATTACK,INDIRECT,0.2209296077489853,31.995033264160156,,,4
exp_hrl_v1,46,1,US_2,PUSH_VP,ATTACK,INDIRECT,0.2209296077489853,31.995033264160156,,,4
exp_hrl_v1,46,1,US_3,PUSH_VP,ATTACK,INDIRECT,0.2209296077489853,31.995033264160156,,,4
exp_hrl_v1,46,1,US_4,PUSH_VP,ATTACK,INDIRECT,0.2209296077489853,31.995033264160156,,,4
exp_hrl_v1,46,1,US_5,PUSH_VP,ATTACK,INDIRECT,0.2209296077489853,31.995033264160156,,,2
exp_hrl_v1,46,1,US_6,PUSH_VP,ATTACK,INDIRECT,0.2209296077489853,31.995033264160156,,,4
exp_hrl_v1,46,1,US_7,PUSH_VP,ATTACK,INDIRECT,0.2209296077489853,31.995033264160156,,,2
exp_hrl_v1,46,2,US_1,PUSH_VP,ATTACK,INDIRECT,0.2209296077489853,31.995033264160156,,,4
exp_hrl_v1,46,2,US_2,PUSH_VP,ATTACK,INDIRECT,0.2209296077489853,31.995033264160156,,,4
exp_hrl_v1,46,2,US_3,PUSH_VP,ATTACK,INDIRECT,0.2209296077489853,31.995033264160156,,,4
exp_hrl_v1,46,2,US_4,PUSH_VP,ADVANCE,,0.36629718542099,53.581764221191406,,,4
exp_hrl_v1,46,2,US_5,PUSH_VP,ADVANCE,,0.36629718542099,53.581764221191406,,,2
exp_hrl_v1,46,2,US_6,PUSH_VP,ADVANCE,,0.36629718542099,53.581764221191406,,,4
exp_hrl_v1,46,2,US_7,PUSH_VP,ADVANCE,,0.36629718542099,53.581764221191406,,,2
exp_hrl_v1,46,3,US_1,PUSH_VP,ADVANCE,,0.36629718542099,53.581764221191406,,,4
exp_hrl_v1,46,3,US_2,PUSH_VP,ADVANCE,,0.36629718542099,53.581764221191406,,,4
exp_hrl_v1,46,3,US_3,PUSH_VP,FLANK,,0.1517445147037506,58.846763610839844,,,4
exp_hrl_v1,46,3,US_4,PUSH_VP,FLANK,,0.1517445147037506,58.846763610839844,,,4
exp_hrl_v1,46,3,US_5,PUSH_VP,FLANK,,0.1517445147037506,58.846763610839844,,,2
exp_hrl_v1,46,3,US_6,PUSH_VP,FLANK,,0.1517445147037506,58.846763610839844,,,4
exp_hrl_v1,46,3,US_7,PUSH_VP,FLANK,,0.1517445147037506,58.846763610839844,,,2
exp_hrl_v1,46,4,US_1,PUSH_VP,ADVANCE,,0.13928189873695374,60.19867706298828,,,4
exp_hrl_v1,46,4,US_2,PUSH_VP,ADVANCE,,0.13928189873695374,60.19867706298828,,,4
exp_hrl_v1,46,4,US_3,PUSH_VP,ADVANCE,,0.13928189873695374,60.19867706298828,,,4
exp_hrl_v1,46,4,US_4,PUSH_VP,ADVANCE,,0.13928189873695374,60.19867706298828,,,4
exp_hrl_v1,46,4,US_5,PUSH_VP,ADVANCE,,0.13928189873695374,60.19867706298828,,,2
exp_hrl_v1,46,4,US_6,PUSH_VP,ADVANCE,,0.13928189873695374,60.19867706298828,,,4
exp_hrl_v1,46,4,US_7,PUSH_VP,ADVANCE,,0.16974487900733948,61.22449493408203,,,2
exp_hrl_v1,46,5,US_1,PUSH_VP,ADVANCE,,0.16974487900733948,61.22449493408203,,,4
exp_hrl_v1,46,5,US_2,PUSH_VP,ADVANCE,,0.16974487900733948,61.22449493408203,,,4
exp_hrl_v1,46,5,US_3,PUSH_VP,ADVANCE,,0.16974487900733948,61.22449493408203,,,4
exp_hrl_v1,46,5,US_4,PUSH_VP,ADVANCE,,0.16974487900733948,61.22449493408203,,,4
exp_hrl_v1,46,5,US_5,PUSH_VP,ADVANCE,,0.16974487900733948,61.22449493408203,,,2
exp_hrl_v1,46,5,US_6,PUSH_VP,ADVANCE,,0.15873219072818756,59.713096618652344,,,4
exp_hrl_v1,46,5,US_7,PUSH_VP,ADVANCE,,0.15873219072818756,59.713096618652344,,,2
exp_hrl_v1,46,6,US_1,PUSH_VP,ADVANCE,,0.15873219072818756,59.713096618652344,,,4
exp_hrl_v1,46,6,US_2,PUSH_VP,ADVANCE,,0.15873219072818756,59.713096618652344,,,4
exp_hrl_v1,46,6,US_3,PUSH_VP,ADVANCE,,0.15873219072818756,59.713096618652344,,,4
exp_hrl_v1,46,6,US_4,PUSH_VP,ADVANCE,,0.15873219072818756,59.713096618652344,,,4
exp_hrl_v1,46,6,US_5,HOLD_VP,ATTACK,INDIRECT,0.3442648947238922,57.7955322265625,,,2
exp_hrl_v1,46,6,US_6,HOLD_VP,ATTACK,INDIRECT,0.3442648947238922,57.7955322265625,,,4
exp_hrl_v1,46,6,US_7,HOLD_VP,ATTACK,INDIRECT,0.3442648947238922,57.7955322265625,,,2
exp_hrl_v1,46,7,US_1,HOLD_VP,ATTACK,INDIRECT,0.3442648947238922,57.7955322265625,,,4
exp_hrl_v1,47,1,US_1,PUSH_VP,FLANK,,0.1957722306251526,31.995033264160156,,,4
exp_hrl_v1,47,1,US_2,PUSH_VP,FLANK,,0.1957722306251526,31.995033264160156,,,4
exp_hrl_v1,47,1,US_3,PUSH_VP,FLANK,,0.1957722306251526,31.995033264160156,,,4
exp_hrl_v1,47,1,US_4,PUSH_VP,FLANK,,0.1957722306251526,31.995033264160156,,,4
exp_hrl_v1,47,1,US_5,PUSH_VP,FLANK,,0.1957722306251526,31.995033264160156,,,2
exp_hrl_v1,47,1,US_6,PUSH_VP,HOLD,,0.20154522359371185,38.0492057800293,,,4
exp_hrl_v1,47,1,US_7,PUSH_VP,ADVANCE,,0.20095579326152802,40.68621063232422,,,2
exp_hrl_v1,47,2,US_1,PUSH_VP,ADVANCE,,0.20095579326152802,40.68621063232422,,,4
exp_hrl_v1,47,2,US_2,PUSH_VP,ADVANCE,,0.20095579326152802,40.68621063232422,,,4
exp_hrl_v1,47,2,US_3,PUSH_VP,ADVANCE,,0.20095579326152802,40.68621063232422,,,4
exp_hrl_v1,47,2,US_4,PUSH_VP,ADVANCE,,0.20095579326152802,40.68621063232422,,,4
exp_hrl_v1,47,2,US_5,PUSH_VP,ADVANCE,,0.20095579326152802,40.68621063232422,,,2
exp_hrl_v1,47,2,US_6,PUSH_VP,FLANK,,0.19643570482730865,43.972877502441406,,,4
exp_hrl_v1,47,2,US_7,PUSH_VP,FLANK,,0.19643570482730865,43.972877502441406,,,2
exp_hrl_v1,47,3,US_1,PUSH_VP,FLANK,,0.19643570482730865,43.972877502441406,,,4
exp_hrl_v1,47,3,US_2,PUSH_VP,FLANK,,0.19643570482730865,43.972877502441406,,,4
exp_hrl_v1,47,3,US_3,PUSH_VP,FLANK,,0.19643570482730865,43.972877502441406,,,4
exp_hrl_v1,47,3,US_4,PUSH_VP,ADVANCE,,0.2510538399219513,50.61766815185547,,,4
exp_hrl_v1,47,3,US_5,PUSH_VP,ADVANCE,,0.2510538399219513,50.61766815185547,,,2
exp_hrl_v1,47,3,US_6,PUSH_VP,ADVANCE,,0.2510538399219513,50.61766815185547,,,4
exp_hrl_v1,47,3,US_7,PUSH_VP,ADVANCE,,0.2510538399219513,50.61766815185547,,,2
exp_hrl_v1,47,4,US_1,PUSH_VP,ADVANCE,,0.2510538399219513,50.61766815185547,,,4
exp_hrl_v1,47,4,US_2,PUSH_VP,ADVANCE,,0.2510538399219513,50.61766815185547,,,4
exp_hrl_v1,47,4,US_3,PUSH_VP,FLANK,,0.1730891466140747,55.44757080078125,,,4
exp_hrl_v1,47,4,US_4,PUSH_VP,FLANK,,0.1730891466140747,55.44757080078125,,,4
exp_hrl_v1,47,4,US_5,PUSH_VP,FLANK,,0.1730891466140747,55.44757080078125,,,2
exp_hrl_v1,47,4,US_6,PUSH_VP,FLANK,,0.1730891466140747,55.44757080078125,,,4
exp_hrl_v1,47,4,US_7,PUSH_VP,FLANK,,0.1730891466140747,55.44757080078125,,,2
exp_hrl_v1,47,5,US_1,HOLD_VP,ATTACK,INDIRECT,0.3247857093811035,58.66853332519531,,,4
exp_hrl_v1,47,5,US_2,HOLD_VP,ATTACK,INDIRECT,0.3247857093811035,58.66853332519531,,,4
exp_hrl_v1,47,5,US_3,HOLD_VP,ATTACK,INDIRECT,0.3247857093811035,58.66853332519531,,,4
exp_hrl_v1,47,5,US_4,HOLD_VP,ATTACK,INDIRECT,0.3247857093811035,58.66853332519531,,,4
exp_hrl_v1,47,5,US_5,HOLD_VP,ATTACK,INDIRECT,0.3247857093811035,58.66853332519531,,,2
exp_hrl_v1,47,5,US_6,HOLD_VP,ATTACK,INDIRECT,0.3247857093811035,58.66853332519531,,,4
exp_hrl_v1,47,5,US_7,HOLD_VP,ATTACK,INDIRECT,0.3247857093811035,58.66853332519531,,,2
exp_hrl_v1,47,6,US_1,HOLD_VP,ATTACK,INDIRECT,0.3247857093811035,58.66853332519531,,,4
exp_hrl_v1,47,6,US_2,HOLD_VP,ATTACK,INDIRECT,0.3247857093811035,58.66853332519531,,,4
exp_hrl_v1,47,6,US_3,HOLD_VP,ATTACK,INDIRECT,0.3247857093811035,58.66853332519531,,,4
exp_hrl_v1,48,1,US_1,HOLD_VP,ADVANCE,,0.1899789720773697,31.995033264160156,,,4
exp_hrl_v1,48,1,US_2,HOLD_VP,ADVANCE,,0.1899789720773697,31.995033264160156,,,4
exp_hrl_v1,48,1,US_3,HOLD_VP,ADVANCE,,0.1899789720773697,31.995033264160156,,,4
exp_hrl_v1,48,1,US_4,HOLD_VP,ADVANCE,,0.1899789720773697,31.995033264160156,,,4
exp_hrl_v1,48,1,US_5,HOLD_VP,ADVANCE,,0.1899789720773697,31.995033264160156,,,2
exp_hrl_v1,48,1,US_6,HOLD_VP,ADVANCE,,0.1899789720773697,31.995033264160156,,,4
exp_hrl_v1,48,1,US_7,HOLD_VP,ADVANCE,,0.19832457602024078,38.966827392578125,,,2
exp_hrl_v1,48,2,US_1,HOLD_VP,ADVANCE,,0.19832457602024078,38.966827392578125,,,4
exp_hrl_v1,48,2,US_2,HOLD_VP,ADVANCE,,0.19832457602024078,38.966827392578125,,,4
exp_hrl_v1,48,2,US_3,HOLD_VP,ADVANCE,,0.19832457602024078,38.966827392578125,,,4
exp_hrl_v1,48,2,US_4,HOLD_VP,ADVANCE,,0.19832457602024078,38.966827392578125,,,4
exp_hrl_v1,48,2,US_5,HOLD_VP,ADVANCE,,0.19832457602024078,38.966827392578125,,,2
exp_hrl_v1,48,2,US_6,HOLD_VP,FLANK,,0.19315460324287415,43.13095474243164,,,4
exp_hrl_v1,48,2,US_7,HOLD_VP,FLANK,,0.19315460324287415,43.13095474243164,,,2
exp_hrl_v1,48,3,US_1,HOLD_VP,FLANK,,0.19315460324287415,43.13095474243164,,,4
exp_hrl_v1,48,3,US_2,HOLD_VP,FLANK,,0.19315460324287415,43.13095474243164,,,4
exp_hrl_v1,48,3,US_3,HOLD_VP,FLANK,,0.19315460324287415,43.13095474243164,,,4
exp_hrl_v1,48,3,US_4,HOLD_VP,ADVANCE,,0.19921976327896118,50.39462661743164,,,4
exp_hrl_v1,48,3,US_5,HOLD_VP,ADVANCE,,0.19921976327896118,50.39462661743164,,,2
exp_hrl_v1,48,3,US_6,HOLD_VP,ADVANCE,,0.19921976327896118,50.39462661743164,,,4
exp_hrl_v1,48,3,US_7,HOLD_VP,ADVANCE,,0.19921976327896118,50.39462661743164,,,2
exp_hrl_v1,48,4,US_1,HOLD_VP,ADVANCE,,0.19921976327896118,50.39462661743164,,,4
exp_hrl_v1,48,4,US_2,HOLD_VP,ADVANCE,,0.19921976327896118,50.39462661743164,,,4
exp_hrl_v1,48,4,US_3,HOLD_VP,ATTACK,DIRECT,0.2934063971042633,55.45258712768555,,,4
exp_hrl_v1,48,4,US_4,HOLD_VP,ATTACK,DIRECT,0.2934063971042633,55.45258712768555,,,4
exp_hrl_v1,48,4,US_5,HOLD_VP,ATTACK,DIRECT,0.2934063971042633,55.45258712768555,,,2
exp_hrl_v1,48,4,US_6,HOLD_VP,ATTACK,DIRECT,0.2934063971042633,55.45258712768555,,,4
exp_hrl_v1,48,4,US_7,HOLD_VP,ATTACK,DIRECT,0.2934063971042633,55.45258712768555,,,2
exp_hrl_v1,48,5,US_1,HOLD_VP,ATTACK,DIRECT,0.2934063971042633,55.45258712768555,,,4
exp_hrl_v1,48,5,US_2,HOLD_VP,ATTACK,DIRECT,0.2934063971042633,55.45258712768555,,,4
exp_hrl_v1,48,5,US_3,HOLD_VP,ATTACK,DIRECT,0.2934063971042633,55.45258712768555,,,4
exp_hrl_v1,48,5,US_4,HOLD_VP,ATTACK,DIRECT,0.2934063971042633,55.45258712768555,,,4
exp_hrl_v1,48,5,US_5,HOLD_VP,ATTACK,DIRECT,0.2934063971042633,55.45258712768555,,,2
exp_hrl_v1,48,5,US_6,HOLD_VP,RETREAT,,0.16714143753051758,55.654842376708984,,,4
exp_hrl_v1,48,5,US_7,HOLD_VP,RETREAT,,0.16714143753051758,55.654842376708984,,,2
exp_hrl_v1,48,6,US_1,HOLD_VP,ADVANCE,,0.15923967957496643,53.50643539428711,,,4
exp_hrl_v1,48,6,US_2,HOLD_VP,ADVANCE,,0.15923967957496643,53.50643539428711,,,4
exp_hrl_v1,48,6,US_3,HOLD_VP,ADVANCE,,0.15923967957496643,53.50643539428711,,,4
exp_hrl_v1,48,6,US_4,HOLD_VP,ADVANCE,,0.15923967957496643,53.50643539428711,,,4
exp_hrl_v1,48,6,US_5,HOLD_VP,ADVANCE,,0.15923967957496643,53.50643539428711,,,2
exp_hrl_v1,48,6,US_6,HOLD_VP,ADVANCE,,0.15923967957496643,53.50643539428711,,,4
exp_hrl_v1,48,6,US_7,HOLD_VP,ATTACK,DIRECT,0.23368960618972778,53.90439224243164,,,2
exp_hrl_v1,48,7,US_1,HOLD_VP,ATTACK,DIRECT,0.23368960618972778,53.90439224243164,,,4
exp_hrl_v1,48,7,US_2,HOLD_VP,ATTACK,DIRECT,0.23368960618972778,53.90439224243164,,,4
exp_hrl_v1,49,1,US_1,PUSH_VP,ADVANCE,,0.2209296077489853,31.995033264160156,,,4
exp_hrl_v1,49,1,US_2,PUSH_VP,ADVANCE,,0.2209296077489853,31.995033264160156,,,4
exp_hrl_v1,49,1,US_3,PUSH_VP,ADVANCE,,0.2209296077489853,31.995033264160156,,,4
exp_hrl_v1,49,1,US_4,PUSH_VP,ADVANCE,,0.2209296077489853,31.995033264160156,,,4
exp_hrl_v1,49,1,US_5,PUSH_VP,ADVANCE,,0.2209296077489853,31.995033264160156,,,2
exp_hrl_v1,49,1,US_6,PUSH_VP,ADVANCE,,0.2209296077489853,31.995033264160156,,,4
exp_hrl_v1,49,1,US_7,PUSH_VP,ADVANCE,,0.19832457602024078,38.966827392578125,,,2
exp_hrl_v1,49,2,US_1,PUSH_VP,ADVANCE,,0.19832457602024078,38.966827392578125,,,4
exp_hrl_v1,49,2,US_2,PUSH_VP,ADVANCE,,0.19832457602024078,38.966827392578125,,,4
exp_hrl_v1,49,2,US_3,PUSH_VP,ADVANCE,,0.19832457602024078,38.966827392578125,,,4
exp_hrl_v1,49,2,US_4,PUSH_VP,ADVANCE,,0.19832457602024078,38.966827392578125,,,4
exp_hrl_v1,49,2,US_5,PUSH_VP,ADVANCE,,0.19832457602024078,38.966827392578125,,,2
exp_hrl_v1,49,2,US_6,PUSH_VP,ADVANCE,,0.19705842435359955,43.13095474243164,,,4
exp_hrl_v1,49,2,US_7,PUSH_VP,ADVANCE,,0.19705842435359955,43.13095474243164,,,2
exp_hrl_v1,49,3,US_1,PUSH_VP,ADVANCE,,0.19705842435359955,43.13095474243164,,,4
exp_hrl_v1,49,3,US_2,PUSH_VP,ADVANCE,,0.19705842435359955,43.13095474243164,,,4
exp_hrl_v1,49,3,US_3,PUSH_VP,ADVANCE,,0.19705842435359955,43.13095474243164,,,4
exp_hrl_v1,49,3,US_4,PUSH_VP,ADVANCE,,0.19705842435359955,43.13095474243164,,,4
exp_hrl_v1,49,3,US_5,PUSH_VP,ATTACK,DIRECT,0.1985795646905899,51.56973648071289,,,2
exp_hrl_v1,49,3,US_6,PUSH_VP,ATTACK,DIRECT,0.1985795646905899,51.56973648071289,,,4
exp_hrl_v1,49,3,US_7,PUSH_VP,ATTACK,DIRECT,0.1985795646905899,51.56973648071289,,,2
exp_hrl_v1,49,4,US_1,PUSH_VP,ATTACK,DIRECT,0.1985795646905899,51.56973648071289,,,4
exp_hrl_v1,49,4,US_2,PUSH_VP,ATTACK,DIRECT,0.1985795646905899,51.56973648071289,,,4
exp_hrl_v1,49,4,US_3,PUSH_VP,ATTACK,DIRECT,0.1985795646905899,51.56973648071289,,,4
exp_hrl_v1,49,4,US_4,PUSH_VP,ATTACK,DIRECT,0.1985795646905899,51.56973648071289,,,4
exp_hrl_v1,49,4,US_5,PUSH_VP,ATTACK,DIRECT,0.1985795646905899,51.56973648071289,,,2
exp_hrl_v1,49,4,US_6,PUSH_VP,ATTACK,DIRECT,0.1985795646905899,51.56973648071289,,,4
exp_hrl_v1,49,4,US_7,PUSH_VP,ATTACK,DIRECT,0.1985795646905899,51.56973648071289,,,2
exp_hrl_v1,49,5,US_1,PUSH_VP,ADVANCE,,0.20858968794345856,53.08301544189453,,,4
exp_hrl_v1,49,5,US_2,PUSH_VP,ADVANCE,,0.20858968794345856,53.08301544189453,,,4
exp_hrl_v1,49,5,US_3,PUSH_VP,ADVANCE,,0.20858968794345856,53.08301544189453,,,4
exp_hrl_v1,49,5,US_4,PUSH_VP,ADVANCE,,0.20858968794345856,53.08301544189453,,,4
exp_hrl_v1,49,5,US_5,PUSH_VP,ADVANCE,,0.20858968794345856,53.08301544189453,,,2
exp_hrl_v1,49,5,US_6,PUSH_VP,ADVANCE,,0.20858968794345856,53.08301544189453,,,4
exp_hrl_v1,49,5,US_7,PUSH_VP,ADVANCE,,0.26942479610443115,54.40658187866211,,,2
exp_hrl_v1,49,6,US_1,PUSH_VP,ADVANCE,,0.26942479610443115,54.40658187866211,,,4
exp_hrl_v1,49,6,US_2,PUSH_VP,ADVANCE,,0.26942479610443115,54.40658187866211,,,4
exp_hrl_v1,49,6,US_3,PUSH_VP,ADVANCE,,0.26942479610443115,54.40658187866211,,,4
exp_hrl_v1,49,6,US_4,PUSH_VP,ADVANCE,,0.26942479610443115,54.40658187866211,,,4
exp_hrl_v1,49,6,US_5,PUSH_VP,ADVANCE,,0.26942479610443115,54.40658187866211,,,2
exp_hrl_v1,49,6,US_6,HOLD_VP,FLANK,,0.18086346983909607,51.40988540649414,,,4
exp_hrl_v1,49,6,US_7,HOLD_VP,FLANK,,0.18086346983909607,51.40988540649414,,,2
exp_hrl_v1,49,7,US_1,HOLD_VP,FLANK,,0.18086346983909607,51.40988540649414,,,4
exp_hrl_v1,49,7,US_2,HOLD_VP,FLANK,,0.18086346983909607,51.40988540649414,,,4
exp_hrl_v1,49,7,US_3,HOLD_VP,FLANK,,0.18086346983909607,51.40988540649414,,,4
exp_hrl_v1,49,7,US_4,HOLD_VP,HOLD,,0.1968207210302353,48.48497772216797,,,4
exp_hrl_v1,49,7,US_5,HOLD_VP,ADVANCE,,0.30908632278442383,48.1988525390625,,,2
exp_hrl_v1,49,7,US_6,HOLD_VP,ADVANCE,,0.30908632278442383,48.1988525390625,,,4
exp_hrl_v1,49,7,US_7,HOLD_VP,ADVANCE,,0.30908632278442383,48.1988525390625,,,2
exp_hrl_v1,49,8,US_1,HOLD_VP,ADVANCE,,0.30908632278442383,48.1988525390625,,,4
exp_hrl_v1,49,8,US_2,HOLD_VP,ADVANCE,,0.30908632278442383,48.1988525390625,,,4
exp_hrl_v1,49,8,US_3,HOLD_VP,ADVANCE,,0.30908632278442383,48.1988525390625,,,4
exp_hrl_v1,49,8,US_4,HOLD_VP,ATTACK,DIRECT,0.1322249472141266,44.85486602783203,,,4
exp_hrl_v1,50,1,US_1,PUSH_VP,ADVANCE,,0.1955854892730713,31.995033264160156,,,4
exp_hrl_v1,50,1,US_2,PUSH_VP,ADVANCE,,0.1955854892730713,31.995033264160156,,,4
exp_hrl_v1,50,1,US_3,PUSH_VP,ADVANCE,,0.1955854892730713,31.995033264160156,,,4
exp_hrl_v1,50,1,US_4,PUSH_VP,ADVANCE,,0.1955854892730713,31.995033264160156,,,4
exp_hrl_v1,50,1,US_5,PUSH_VP,ADVANCE,,0.1955854892730713,31.995033264160156,,,2
exp_hrl_v1,50,1,US_6,PUSH_VP,ADVANCE,,0.1955854892730713,31.995033264160156,,,4
exp_hrl_v1,50,1,US_7,PUSH_VP,FLANK,,0.1966974139213562,38.966827392578125,,,2
exp_hrl_v1,50,2,US_1,PUSH_VP,FLANK,,0.1966974139213562,38.966827392578125,,,4
exp_hrl_v1,50,2,US_2,PUSH_VP,FLANK,,0.1966974139213562,38.966827392578125,,,4
exp_hrl_v1,50,2,US_3,PUSH_VP,FLANK,,0.1966974139213562,38.966827392578125,,,4
exp_hrl_v1,50,2,US_4,PUSH_VP,FLANK,,0.1966974139213562,38.966827392578125,,,4
exp_hrl_v1,50,2,US_5,PUSH_VP,ADVANCE,,0.19693492352962494,45.69208526611328,,,2
exp_hrl_v1,50,2,US_6,PUSH_VP,ADVANCE,,0.19693492352962494,45.69208526611328,,,4
exp_hrl_v1,50,2,US_7,PUSH_VP,ADVANCE,,0.19693492352962494,45.69208526611328,,,2
exp_hrl_v1,50,3,US_1,PUSH_VP,ADVANCE,,0.19693492352962494,45.69208526611328,,,4
exp_hrl_v1,50,3,US_2,PUSH_VP,ADVANCE,,0.19693492352962494,45.69208526611328,,,4
exp_hrl_v1,50,3,US_3,PUSH_VP,ADVANCE,,0.19693492352962494,45.69208526611328,,,4
exp_hrl_v1,50,3,US_4,PUSH_VP,FLANK,,0.18414263427257538,50.84752655029297,,,4
exp_hrl_v1,50,3,US_5,PUSH_VP,FLANK,,0.18414263427257538,50.84752655029297,,,2
exp_hrl_v1,50,3,US_6,PUSH_VP,FLANK,,0.18414263427257538,50.84752655029297,,,4
exp_hrl_v1,50,3,US_7,PUSH_VP,FLANK,,0.18414263427257538,50.84752655029297,,,2
exp_hrl_v1,50,4,US_1,PUSH_VP,FLANK,,0.18414263427257538,50.84752655029297,,,4
exp_hrl_v1,50,4,US_2,PUSH_VP,ADVANCE,,0.2556065320968628,55.138404846191406,,,4
exp_hrl_v1,50,4,US_3,PUSH_VP,ADVANCE,,0.2556065320968628,55.138404846191406,,,4
exp_hrl_v1,50,4,US_4,PUSH_VP,ADVANCE,,0.2556065320968628,55.138404846191406,,,4
exp_hrl_v1,50,4,US_5,PUSH_VP,ADVANCE,,0.2556065320968628,55.138404846191406,,,2
exp_hrl_v1,50,4,US_6,PUSH_VP,ADVANCE,,0.2556065320968628,55.138404846191406,,,4
exp_hrl_v1,50,4,US_7,PUSH_VP,ADVANCE,,0.2556065320968628,55.138404846191406,,,2
exp_hrl_v1,50,5,US_1,PUSH_VP,ATTACK,DIRECT,0.16978102922439575,59.410945892333984,,,4
exp_hrl_v1,50,5,US_2,PUSH_VP,ATTACK,DIRECT,0.16978102922439575,59.410945892333984,,,4
exp_hrl_v1,50,5,US_3,PUSH_VP,ATTACK,DIRECT,0.16978102922439575,59.410945892333984,,,4
exp_hrl_v1,50,5,US_4,PUSH_VP,ATTACK,DIRECT,0.16978102922439575,59.410945892333984,,,4
exp_hrl_v1,50,5,US_5,PUSH_VP,ATTACK,DIRECT,0.16978102922439575,59.410945892333984,,,2
exp_hrl_v1,50,5,US_6,PUSH_VP,ATTACK,DIRECT,0.16978102922439575,59.410945892333984,,,4
exp_hrl_v1,50,5,US_7,PUSH_VP,ATTACK,DIRECT,0.16978102922439575,59.410945892333984,,,2
exp_hrl_v1,50,6,US_1,PUSH_VP,ATTACK,DIRECT,0.16978102922439575,59.410945892333984,,,4
exp_hrl_v1,50,6,US_2,PUSH_VP,ATTACK,DIRECT,0.16978102922439575,59.410945892333984,,,4
exp_hrl_v1,50,6,US_3,PUSH_VP,ATTACK,DIRECT,0.16978102922439575,59.410945892333984,,,4
exp_hrl_v1,50,6,US_4,HOLD_VP,ADVANCE,,0.20034624636173248,56.111244201660156,,,4
exp_hrl_v1,50,6,US_5,HOLD_VP,ADVANCE,,0.20034624636173248,56.111244201660156,,,2
exp_hrl_v1,50,6,US_6,HOLD_VP,ADVANCE,,0.20034624636173248,56.111244201660156,,,4
exp_hrl_v1,50,6,US_7,HOLD_VP,ADVANCE,,0.20034624636173248,56.111244201660156,,,2
exp_hrl_v1,50,7,US_1,HOLD_VP,ADVANCE,,0.20034624636173248,56.111244201660156,,,4
exp_hrl_v1,50,7,US_2,HOLD_VP,ADVANCE,,0.20034624636173248,56.111244201660156,,,4
exp_hrl_v1,50,7,US_3,HOLD_VP,ATTACK,DIRECT,0.14967094361782074,51.59342956542969,,,4
exp_hrl_v1,51,1,US_1,PUSH_VP,ADVANCE,,0.1955854892730713,31.995033264160156,,,4
exp_hrl_v1,51,1,US_2,PUSH_VP,ADVANCE,,0.1955854892730713,31.995033264160156,,,4
exp_hrl_v1,51,1,US_3,PUSH_VP,ADVANCE,,0.1955854892730713,31.995033264160156,,,4
exp_hrl_v1,51,1,US_4,PUSH_VP,ADVANCE,,0.1955854892730713,31.995033264160156,,,4
exp_hrl_v1,51,1,US_5,PUSH_VP,ADVANCE,,0.1955854892730713,31.995033264160156,,,2
exp_hrl_v1,51,1,US_6,PUSH_VP,ADVANCE,,0.1955854892730713,31.995033264160156,,,4
exp_hrl_v1,51,1,US_7,PUSH_VP,ADVANCE,,0.19832457602024078,38.966827392578125,,,2
exp_hrl_v1,51,2,US_1,PUSH_VP,ADVANCE,,0.19832457602024078,38.966827392578125,,,4
exp_hrl_v1,51,2,US_2,PUSH_VP,ADVANCE,,0.19832457602024078,38.966827392578125,,,4
exp_hrl_v1,51,2,US_3,PUSH_VP,ADVANCE,,0.19832457602024078,38.966827392578125,,,4
exp_hrl_v1,51,2,US_4,PUSH_VP,ADVANCE,,0.19832457602024078,38.966827392578125,,,4
exp_hrl_v1,51,2,US_5,PUSH_VP,ADVANCE,,0.19832457602024078,38.966827392578125,,,2
exp_hrl_v1,51,2,US_6,PUSH_VP,FLANK,,0.19315460324287415,43.13095474243164,,,4
exp_hrl_v1,51,2,US_7,PUSH_VP,FLANK,,0.19315460324287415,43.13095474243164,,,2
exp_hrl_v1,51,3,US_1,PUSH_VP,FLANK,,0.19315460324287415,43.13095474243164,,,4
exp_hrl_v1,51,3,US_2,PUSH_VP,FLANK,,0.19315460324287415,43.13095474243164,,,4
exp_hrl_v1,51,3,US_3,PUSH_VP,FLANK,,0.19315460324287415,43.13095474243164,,,4
exp_hrl_v1,51,3,US_4,PUSH_VP,ADVANCE,,0.19921976327896118,50.39462661743164,,,4
exp_hrl_v1,51,3,US_5,PUSH_VP,ADVANCE,,0.19921976327896118,50.39462661743164,,,2
exp_hrl_v1,51,3,US_6,PUSH_VP,ADVANCE,,0.19921976327896118,50.39462661743164,,,4
exp_hrl_v1,51,3,US_7,PUSH_VP,ADVANCE,,0.19921976327896118,50.39462661743164,,,2
exp_hrl_v1,51,4,US_1,PUSH_VP,ADVANCE,,0.19921976327896118,50.39462661743164,,,4
exp_hrl_v1,51,4,US_2,PUSH_VP,ADVANCE,,0.19921976327896118,50.39462661743164,,,4
exp_hrl_v1,51,4,US_3,PUSH_VP,ADVANCE,,0.20547562837600708,55.45258712768555,,,4
exp_hrl_v1,51,4,US_4,PUSH_VP,ADVANCE,,0.20547562837600708,55.45258712768555,,,4
exp_hrl_v1,51,4,US_5,PUSH_VP,ADVANCE,,0.20547562837600708,55.45258712768555,,,2
exp_hrl_v1,51,4,US_6,PUSH_VP,ADVANCE,,0.20547562837600708,55.45258712768555,,,4
exp_hrl_v1,51,4,US_7,PUSH_VP,ADVANCE,,0.20547562837600708,55.45258712768555,,,2
exp_hrl_v1,51,5,US_1,PUSH_VP,ADVANCE,,0.20547562837600708,55.45258712768555,,,4
exp_hrl_v1,51,5,US_2,PUSH_VP,ADVANCE,,0.3427402675151825,59.27045822143555,,,4
exp_hrl_v1,51,5,US_3,PUSH_VP,ADVANCE,,0.3427402675151825,59.27045822143555,,,4
exp_hrl_v1,51,5,US_4,PUSH_VP,ADVANCE,,0.3427402675151825,59.27045822143555,,,4
exp_hrl_v1,51,5,US_5,PUSH_VP,ADVANCE,,0.3427402675151825,59.27045822143555,,,2
exp_hrl_v1,51,5,US_6,PUSH_VP,ADVANCE,,0.3427402675151825,59.27045822143555,,,4
exp_hrl_v1,51,5,US_7,PUSH_VP,ADVANCE,,0.3427402675151825,59.27045822143555,,,2
exp_hrl_v1,51,6,US_1,HOLD_VP,ATTACK,DIRECT,0.41589289903640747,62.53553009033203,,,4
exp_hrl_v1,51,6,US_2,HOLD_VP,ATTACK,DIRECT,0.41589289903640747,62.53553009033203,,,4
exp_hrl_v1,51,6,US_3,HOLD_VP,ATTACK,DIRECT,0.41589289903640747,62.53553009033203,,,4
exp_hrl_v1,51,6,US_4,HOLD_VP,ATTACK,DIRECT,0.41589289903640747,62.53553009033203,,,4
exp_hrl_v1,51,6,US_5,HOLD_VP,ATTACK,DIRECT,0.41589289903640747,62.53553009033203,,,2
exp_hrl_v1,51,6,US_6,HOLD_VP,ATTACK,DIRECT,0.41589289903640747,62.53553009033203,,,4
exp_hrl_v1,51,6,US_7,HOLD_VP,ATTACK,DIRECT,0.41589289903640747,62.53553009033203,,,2
exp_hrl_v1,51,7,US_1,HOLD_VP,ATTACK,DIRECT,0.41589289903640747,62.53553009033203,,,4
exp_hrl_v1,51,7,US_2,HOLD_VP,ATTACK,DIRECT,0.41589289903640747,62.53553009033203,,,4
exp_hrl_v1,51,7,US_3,HOLD_VP,ATTACK,DIRECT,0.41589289903640747,62.53553009033203,,,4
exp_hrl_v1,51,7,US_4,HOLD_VP,ADVANCE,,0.17195212841033936,57.7817497253418,,,4
exp_hrl_v1,51,7,US_5,HOLD_VP,ADVANCE,,0.17195212841033936,57.7817497253418,,,2
exp_hrl_v1,51,7,US_6,HOLD_VP,ADVANCE,,0.17195212841033936,57.7817497253418,,,4
exp_hrl_v1,51,7,US_7,HOLD_VP,ADVANCE,,0.17195212841033936,57.7817497253418,,,2
exp_hrl_v1,51,8,US_1,HOLD_VP,ADVANCE,,0.17195212841033936,57.7817497253418,,,4
exp_hrl_v1,51,8,US_2,HOLD_VP,ADVANCE,,0.17195212841033936,57.7817497253418,,,4
exp_hrl_v1,51,8,US_3,HOLD_VP,FLANK,,0.1928679645061493,52.32845687866211,,,4
exp_hrl_v1,51,8,US_4,HOLD_VP,FLANK,,0.1928679645061493,52.32845687866211,,,4
exp_hrl_v1,51,8,US_5,HOLD_VP,FLANK,,0.1928679645061493,52.32845687866211,,,2
exp_hrl_v1,51,8,US_6,HOLD_VP,FLANK,,0.1928679645061493,52.32845687866211,,,4
exp_hrl_v1,51,8,US_7,HOLD_VP,FLANK,,0.1928679645061493,52.32845687866211,,,2
exp_hrl_v1,51,9,US_1,HOLD_VP,ATTACK,DIRECT,0.2903001308441162,47.16823196411133,,,4
exp_hrl_v1,51,9,US_2,HOLD_VP,ATTACK,DIRECT,0.2903001308441162,47.16823196411133,,,4
exp_hrl_v1,51,9,US_3,HOLD_VP,ATTACK,DIRECT,0.2903001308441162,47.16823196411133,,,4
exp_hrl_v1,52,1,US_1,PUSH_VP,FLANK,,0.2209296077489853,31.995033264160156,,,4
exp_hrl_v1,52,1,US_2,PUSH_VP,FLANK,,0.2209296077489853,31.995033264160156,,,4
exp_hrl_v1,52,1,US_3,PUSH_VP,FLANK,,0.2209296077489853,31.995033264160156,,,4
exp_hrl_v1,52,1,US_4,PUSH_VP,FLANK,,0.2209296077489853,31.995033264160156,,,4
exp_hrl_v1,52,1,US_5,PUSH_VP,FLANK,,0.2209296077489853,31.995033264160156,,,2
exp_hrl_v1,52,1,US_6,PUSH_VP,ATTACK,INDIRECT,0.21194958686828613,38.0492057800293,,,4
exp_hrl_v1,52,1,US_7,PUSH_VP,ATTACK,INDIRECT,0.21194958686828613,38.0492057800293,,,2
exp_hrl_v1,52,2,US_1,PUSH_VP,ATTACK,INDIRECT,0.21194958686828613,38.0492057800293,,,4
exp_hrl_v1,52,2,US_2,PUSH_VP,ATTACK,INDIRECT,0.21194958686828613,38.0492057800293,,,4
exp_hrl_v1,52,2,US_3,PUSH_VP,ATTACK,INDIRECT,0.21194958686828613,38.0492057800293,,,4
exp_hrl_v1,52,2,US_4,PUSH_VP,ATTACK,INDIRECT,0.21194958686828613,38.0492057800293,,,4
exp_hrl_v1,52,2,US_5,PUSH_VP,ATTACK,INDIRECT,0.21194958686828613,38.0492057800293,,,2
exp_hrl_v1,52,2,US_6,PUSH_VP,ATTACK,INDIRECT,0.21194958686828613,38.0492057800293,,,4
exp_hrl_v1,52,2,US_7,PUSH_VP,ATTACK,INDIRECT,0.21194958686828613,38.0492057800293,,,2
exp_hrl_v1,52,3,US_1,PUSH_VP,ATTACK,INDIRECT,0.21194958686828613,38.0492057800293,,,4
exp_hrl_v1,52,3,US_2,PUSH_VP,ADVANCE,,0.1837036907672882,51.70320510864258,,,4
exp_hrl_v1,52,3,US_3,PUSH_VP,ADVANCE,,0.1837036907672882,51.70320510864258,,,4
exp_hrl_v1,52,3,US_4,PUSH_VP,ADVANCE,,0.1837036907672882,51.70320510864258,,,4
exp_hrl_v1,52,3,US_5,PUSH_VP,ADVANCE,,0.1837036907672882,51.70320510864258,,,2
exp_hrl_v1,52,3,US_6,PUSH_VP,ADVANCE,,0.1837036907672882,51.70320510864258,,,4
exp_hrl_v1,52,3,US_7,PUSH_VP,ADVANCE,,0.1837036907672882,51.70320510864258,,,2
exp_hrl_v1,52,4,US_1,PUSH_VP,FLANK,,0.1663125604391098,54.19895935058594,,,4
exp_hrl_v1,52,4,US_2,PUSH_VP,FLANK,,0.1663125604391098,54.19895935058594,,,4
exp_hrl_v1,52,4,US_3,PUSH_VP,FLANK,,0.1663125604391098,54.19895935058594,,,4
exp_hrl_v1,52,4,US_4,PUSH_VP,FLANK,,0.1663125604391098,54.19895935058594,,,4
exp_hrl_v1,52,4,US_5,PUSH_VP,FLANK,,0.1663125604391098,54.19895935058594,,,2
exp_hrl_v1,52,4,US_6,PUSH_VP,ADVANCE,,0.18534603714942932,55.458499908447266,,,4
exp_hrl_v1,52,4,US_7,PUSH_VP,ADVANCE,,0.18534603714942932,55.458499908447266,,,2
exp_hrl_v1,52,5,US_1,PUSH_VP,ADVANCE,,0.18534603714942932,55.458499908447266,,,4
exp_hrl_v1,52,5,US_2,PUSH_VP,ADVANCE,,0.18534603714942932,55.458499908447266,,,4
exp_hrl_v1,52,5,US_3,PUSH_VP,ADVANCE,,0.18534603714942932,55.458499908447266,,,4
exp_hrl_v1,52,5,US_4,PUSH_VP,ADVANCE,,0.18534603714942932,55.458499908447266,,,4
exp_hrl_v1,52,5,US_5,PUSH_VP,ADVANCE,,0.2601875066757202,54.5687255859375,,,2
exp_hrl_v1,52,5,US_6,PUSH_VP,ADVANCE,,0.2601875066757202,54.5687255859375,,,4
exp_hrl_v1,52,5,US_7,PUSH_VP,ADVANCE,,0.2601875066757202,54.5687255859375,,,2
exp_hrl_v1,52,6,US_1,PUSH_VP,ADVANCE,,0.2601875066757202,54.5687255859375,,,4
exp_hrl_v1,52,6,US_2,PUSH_VP,ADVANCE,,0.2601875066757202,54.5687255859375,,,4
exp_hrl_v1,52,6,US_3,PUSH_VP,ADVANCE,,0.2601875066757202,54.5687255859375,,,4
exp_hrl_v1,52,6,US_4,HOLD_VP,FLANK,,0.17897596955299377,51.63899230957031,,,4
exp_hrl_v1,52,6,US_5,HOLD_VP,FLANK,,0.17897596955299377,51.63899230957031,,,2
exp_hrl_v1,52,6,US_6,HOLD_VP,FLANK,,0.17897596955299377,51.63899230957031,,,4
exp_hrl_v1,52,6,US_7,HOLD_VP,FLANK,,0.17897596955299377,51.63899230957031,,,2
exp_hrl_v1,52,7,US_1,HOLD_VP,FLANK,,0.17897596955299377,51.63899230957031,,,4
exp_hrl_v1,52,7,US_2,HOLD_VP,ATTACK,INDIRECT,0.15873612463474274,48.19568634033203,,,4
exp_hrl_v1,53,1,US_1,ATTACK,ATTACK,DIRECT,0.1957722306251526,31.995033264160156,,,4
exp_hrl_v1,53,1,US_2,ATTACK,ATTACK,DIRECT,0.1957722306251526,31.995033264160156,,,4
exp_hrl_v1,53,1,US_3,ATTACK,ATTACK,DIRECT,0.1957722306251526,31.995033264160156,,,4
exp_hrl_v1,53,1,US_4,ATTACK,ATTACK,DIRECT,0.1957722306251526,31.995033264160156,,,4
exp_hrl_v1,53,1,US_5,ATTACK,ATTACK,DIRECT,0.1957722306251526,31.995033264160156,,,2
exp_hrl_v1,53,1,US_6,ATTACK,ATTACK,DIRECT,0.1957722306251526,31.995033264160156,,,4
exp_hrl_v1,53,1,US_7,ATTACK,ATTACK,DIRECT,0.1957722306251526,31.995033264160156,,,2
exp_hrl_v1,53,2,US_1,ATTACK,ATTACK,DIRECT,0.1957722306251526,31.995033264160156,,,4
exp_hrl_v1,53,2,US_2,ATTACK,ATTACK,DIRECT,0.1957722306251526,31.995033264160156,,,4
exp_hrl_v1,53,2,US_3,ATTACK,ATTACK,DIRECT,0.1957722306251526,31.995033264160156,,,4
exp_hrl_v1,53,2,US_4,ATTACK,ATTACK,DIRECT,0.15870149433612823,53.36323547363281,,,4
exp_hrl_v1,53,2,US_5,ATTACK,ATTACK,DIRECT,0.15870149433612823,53.36323547363281,,,2
exp_hrl_v1,53,2,US_6,ATTACK,ATTACK,DIRECT,0.15870149433612823,53.36323547363281,,,4
exp_hrl_v1,53,2,US_7,ATTACK,ATTACK,DIRECT,0.15870149433612823,53.36323547363281,,,2
exp_hrl_v1,53,3,US_1,ATTACK,ATTACK,DIRECT,0.15870149433612823,53.36323547363281,,,4
exp_hrl_v1,53,3,US_2,ATTACK,ATTACK,DIRECT,0.15870149433612823,53.36323547363281,,,4
exp_hrl_v1,53,3,US_3,ATTACK,ATTACK,DIRECT,0.15870149433612823,53.36323547363281,,,4
exp_hrl_v1,53,3,US_4,ATTACK,ATTACK,DIRECT,0.15870149433612823,53.36323547363281,,,4
exp_hrl_v1,53,3,US_5,ATTACK,ATTACK,DIRECT,0.15870149433612823,53.36323547363281,,,2
exp_hrl_v1,53,3,US_6,ATTACK,ATTACK,DIRECT,0.15870149433612823,53.36323547363281,,,4
exp_hrl_v1,53,3,US_7,ATTACK,ADVANCE,,0.1546684056520462,54.784942626953125,,,2
exp_hrl_v1,53,4,US_1,ATTACK,ADVANCE,,0.1546684056520462,54.784942626953125,,,4
exp_hrl_v1,53,4,US_2,ATTACK,ADVANCE,,0.1546684056520462,54.784942626953125,,,4
exp_hrl_v1,53,4,US_3,ATTACK,ADVANCE,,0.1546684056520462,54.784942626953125,,,4
exp_hrl_v1,53,4,US_4,ATTACK,ADVANCE,,0.1546684056520462,54.784942626953125,,,4
exp_hrl_v1,53,4,US_5,ATTACK,ADVANCE,,0.1546684056520462,54.784942626953125,,,2
exp_hrl_v1,53,4,US_6,ATTACK,ADVANCE,,0.18462784588336945,55.26864242553711,,,4
exp_hrl_v1,53,4,US_7,ATTACK,ADVANCE,,0.18462784588336945,55.26864242553711,,,2
exp_hrl_v1,53,5,US_1,ATTACK,ADVANCE,,0.18462784588336945,55.26864242553711,,,4
exp_hrl_v1,53,5,US_2,ATTACK,ADVANCE,,0.18462784588336945,55.26864242553711,,,4
exp_hrl_v1,53,5,US_3,ATTACK,ADVANCE,,0.18462784588336945,55.26864242553711,,,4
exp_hrl_v1,53,5,US_4,ATTACK,ADVANCE,,0.18462784588336945,55.26864242553711,,,4
exp_hrl_v1,53,5,US_5,ATTACK,ADVANCE,,0.16811172664165497,53.41685485839844,,,2
exp_hrl_v1,53,5,US_6,ATTACK,ADVANCE,,0.16811172664165497,53.41685485839844,,,4
exp_hrl_v1,53,5,US_7,ATTACK,ADVANCE,,0.16811172664165497,53.41685485839844,,,2
exp_hrl_v1,53,6,US_1,ATTACK,ADVANCE,,0.16811172664165497,53.41685485839844,,,4
exp_hrl_v1,53,6,US_2,ATTACK,ADVANCE,,0.16811172664165497,53.41685485839844,,,4
exp_hrl_v1,53,6,US_3,ATTACK,ADVANCE,,0.16811172664165497,53.41685485839844,,,4
exp_hrl_v1,53,6,US_4,ATTACK,ADVANCE,,0.19538317620754242,50.476722717285156,,,4
exp_hrl_v1,53,6,US_5,ATTACK,ADVANCE,,0.19538317620754242,50.476722717285156,,,2
exp_hrl_v1,53,6,US_6,ATTACK,ADVANCE,,0.19538317620754242,50.476722717285156,,,4
exp_hrl_v1,53,6,US_7,ATTACK,ADVANCE,,0.19538317620754242,50.476722717285156,,,2
exp_hrl_v1,53,7,US_1,ATTACK,ADVANCE,,0.19538317620754242,50.476722717285156,,,4
exp_hrl_v1,53,7,US_2,ATTACK,ADVANCE,,0.19538317620754242,50.476722717285156,,,4
exp_hrl_v1,53,7,US_3,HOLD_VP,ADVANCE,,0.30396950244903564,47.198692321777344,,,4
exp_hrl_v1,53,7,US_4,HOLD_VP,ADVANCE,,0.30396950244903564,47.198692321777344,,,4
exp_hrl_v1,53,7,US_5,HOLD_VP,ADVANCE,,0.30396950244903564,47.198692321777344,,,2
exp_hrl_v1,53,7,US_6,HOLD_VP,ADVANCE,,0.30396950244903564,47.198692321777344,,,4
exp_hrl_v1,53,7,US_7,HOLD_VP,ADVANCE,,0.30396950244903564,47.198692321777344,,,2
exp_hrl_v1,53,8,US_1,HOLD_VP,ADVANCE,,0.30396950244903564,47.198692321777344,,,4
exp_hrl_v1,53,8,US_2,HOLD_VP,ADVANCE,,0.30681219696998596,43.65329360961914,,,4
exp_hrl_v1,53,8,US_3,HOLD_VP,ADVANCE,,0.30681219696998596,43.65329360961914,,,4
exp_hrl_v1,53,8,US_4,HOLD_VP,ADVANCE,,0.30681219696998596,43.65329360961914,,,4
exp_hrl_v1,53,8,US_5,HOLD_VP,ADVANCE,,0.30681219696998596,43.65329360961914,,,2
exp_hrl_v1,53,8,US_6,HOLD_VP,ADVANCE,,0.30681219696998596,43.65329360961914,,,4
exp_hrl_v1,53,8,US_7,HOLD_VP,ADVANCE,,0.30681219696998596,43.65329360961914,,,2
exp_hrl_v1,53,9,US_1,HOLD_VP,ATTACK,DIRECT,0.14890620112419128,39.84376907348633,,,4
exp_hrl_v1,54,1,US_1,HOLD_VP,ADVANCE,,0.19773367047309875,31.995033264160156,,,4
exp_hrl_v1,54,1,US_2,HOLD_VP,ADVANCE,,0.19773367047309875,31.995033264160156,,,4
exp_hrl_v1,54,1,US_3,HOLD_VP,ADVANCE,,0.19773367047309875,31.995033264160156,,,4
exp_hrl_v1,54,1,US_4,HOLD_VP,ADVANCE,,0.19773367047309875,31.995033264160156,,,4
exp_hrl_v1,54,1,US_5,HOLD_VP,ADVANCE,,0.19773367047309875,31.995033264160156,,,2
exp_hrl_v1,54,1,US_6,HOLD_VP,ADVANCE,,0.19773367047309875,31.995033264160156,,,4
exp_hrl_v1,54,1,US_7,HOLD_VP,RETREAT,,0.19609956443309784,38.966827392578125,,,2
exp_hrl_v1,54,2,US_1,HOLD_VP,RETREAT,,0.19609956443309784,38.966827392578125,,,4
exp_hrl_v1,54,2,US_2,HOLD_VP,ADVANCE,,0.1928340196609497,42.3665657043457,,,4
exp_hrl_v1,54,2,US_3,HOLD_VP,ADVANCE,,0.1928340196609497,42.3665657043457,,,4
exp_hrl_v1,54,2,US_4,HOLD_VP,ADVANCE,,0.1928340196609497,42.3665657043457,,,4
exp_hrl_v1,54,2,US_5,HOLD_VP,ADVANCE,,0.1928340196609497,42.3665657043457,,,2
exp_hrl_v1,54,2,US_6,HOLD_VP,ADVANCE,,0.1928340196609497,42.3665657043457,,,4
exp_hrl_v1,54,2,US_7,HOLD_VP,ADVANCE,,0.1928340196609497,42.3665657043457,,,2
exp_hrl_v1,54,3,US_1,HOLD_VP,FLANK,,0.1831558495759964,46.12708282470703,,,4
exp_hrl_v1,54,3,US_2,HOLD_VP,FLANK,,0.1831558495759964,46.12708282470703,,,4
exp_hrl_v1,54,3,US_3,HOLD_VP,FLANK,,0.1831558495759964,46.12708282470703,,,4
exp_hrl_v1,54,3,US_4,HOLD_VP,FLANK,,0.1831558495759964,46.12708282470703,,,4
exp_hrl_v1,54,3,US_5,HOLD_VP,FLANK,,0.1831558495759964,46.12708282470703,,,2
exp_hrl_v1,54,3,US_6,HOLD_VP,RETREAT,,0.1990901529788971,49.566123962402344,,,4
exp_hrl_v1,54,3,US_7,HOLD_VP,RETREAT,,0.1990901529788971,49.566123962402344,,,2
exp_hrl_v1,54,4,US_1,HOLD_VP,FLANK,,0.1709025502204895,54.28105163574219,,,4
exp_hrl_v1,54,4,US_2,HOLD_VP,FLANK,,0.1709025502204895,54.28105163574219,,,4
exp_hrl_v1,54,4,US_3,HOLD_VP,FLANK,,0.1709025502204895,54.28105163574219,,,4
exp_hrl_v1,54,4,US_4,HOLD_VP,FLANK,,0.1709025502204895,54.28105163574219,,,4
exp_hrl_v1,54,4,US_5,HOLD_VP,FLANK,,0.1709025502204895,54.28105163574219,,,2
exp_hrl_v1,54,4,US_6,HOLD_VP,ADVANCE,,0.17805363237857819,57.22322082519531,,,4
exp_hrl_v1,54,4,US_7,HOLD_VP,ADVANCE,,0.17805363237857819,57.22322082519531,,,2
exp_hrl_v1,54,5,US_1,HOLD_VP,ADVANCE,,0.17805363237857819,57.22322082519531,,,4
exp_hrl_v1,54,5,US_2,HOLD_VP,ADVANCE,,0.17805363237857819,57.22322082519531,,,4
exp_hrl_v1,54,5,US_3,HOLD_VP,ADVANCE,,0.17805363237857819,57.22322082519531,,,4
exp_hrl_v1,54,5,US_4,HOLD_VP,ADVANCE,,0.17805363237857819,57.22322082519531,,,4
exp_hrl_v1,54,5,US_5,HOLD_VP,ADVANCE,,0.12418096512556076,59.61260223388672,,,2
exp_hrl_v1,54,5,US_6,HOLD_VP,ADVANCE,,0.12418096512556076,59.61260223388672,,,4
exp_hrl_v1,54,5,US_7,HOLD_VP,ADVANCE,,0.12418096512556076,59.61260223388672,,,2
exp_hrl_v1,54,6,US_1,HOLD_VP,ADVANCE,,0.12418096512556076,59.61260223388672,,,4
exp_hrl_v1,54,6,US_2,HOLD_VP,ADVANCE,,0.12418096512556076,59.61260223388672,,,4
exp_hrl_v1,54,6,US_3,HOLD_VP,ADVANCE,,0.12418096512556076,59.61260223388672,,,4
exp_hrl_v1,54,6,US_4,HOLD_VP,ADVANCE,,0.10693079978227615,62.49205780029297,,,4
exp_hrl_v1,54,6,US_5,HOLD_VP,ADVANCE,,0.10693079978227615,62.49205780029297,,,2
exp_hrl_v1,54,6,US_6,HOLD_VP,ADVANCE,,0.10693079978227615,62.49205780029297,,,4
exp_hrl_v1,54,6,US_7,HOLD_VP,ADVANCE,,0.10693079978227615,62.49205780029297,,,2
exp_hrl_v1,54,7,US_1,HOLD_VP,ADVANCE,,0.10693079978227615,62.49205780029297,,,4
exp_hrl_v1,54,7,US_2,HOLD_VP,ADVANCE,,0.10693079978227615,62.49205780029297,,,4
exp_hrl_v1,54,7,US_3,HOLD_VP,ATTACK,DIRECT,0.4210819602012634,63.87664031982422,,,4
exp_hrl_v1,54,7,US_4,HOLD_VP,ATTACK,DIRECT,0.4210819602012634,63.87664031982422,,,4
exp_hrl_v1,54,7,US_5,HOLD_VP,ATTACK,DIRECT,0.4210819602012634,63.87664031982422,,,2
exp_hrl_v1,54,7,US_6,HOLD_VP,ATTACK,DIRECT,0.4210819602012634,63.87664031982422,,,4
exp_hrl_v1,54,7,US_7,HOLD_VP,ATTACK,DIRECT,0.4210819602012634,63.87664031982422,,,2
exp_hrl_v1,54,8,US_1,HOLD_VP,ATTACK,DIRECT,0.4210819602012634,63.87664031982422,,,4
exp_hrl_v1,54,8,US_2,HOLD_VP,ATTACK,DIRECT,0.4210819602012634,63.87664031982422,,,4
exp_hrl_v1,55,1,US_1,HOLD_VP,ADVANCE,,0.2209296077489853,31.995033264160156,,,4
exp_hrl_v1,55,1,US_2,HOLD_VP,ADVANCE,,0.2209296077489853,31.995033264160156,,,4
exp_hrl_v1,55,1,US_3,HOLD_VP,ADVANCE,,0.2209296077489853,31.995033264160156,,,4
exp_hrl_v1,55,1,US_4,HOLD_VP,ADVANCE,,0.2209296077489853,31.995033264160156,,,4
exp_hrl_v1,55,1,US_5,HOLD_VP,ADVANCE,,0.2209296077489853,31.995033264160156,,,2
exp_hrl_v1,55,1,US_6,HOLD_VP,ADVANCE,,0.2209296077489853,31.995033264160156,,,4
exp_hrl_v1,55,1,US_7,HOLD_VP,ADVANCE,,0.19832457602024078,38.966827392578125,,,2
exp_hrl_v1,55,2,US_1,HOLD_VP,ADVANCE,,0.19832457602024078,38.966827392578125,,,4
exp_hrl_v1,55,2,US_2,HOLD_VP,ADVANCE,,0.19832457602024078,38.966827392578125,,,4
exp_hrl_v1,55,2,US_3,HOLD_VP,ADVANCE,,0.19832457602024078,38.966827392578125,,,4
exp_hrl_v1,55,2,US_4,HOLD_VP,ADVANCE,,0.19832457602024078,38.966827392578125,,,4
exp_hrl_v1,55,2,US_5,HOLD_VP,ADVANCE,,0.19832457602024078,38.966827392578125,,,2
exp_hrl_v1,55,2,US_6,HOLD_VP,ATTACK,DIRECT,0.21960562467575073,43.13095474243164,,,4
exp_hrl_v1,55,2,US_7,HOLD_VP,ATTACK,DIRECT,0.21960562467575073,43.13095474243164,,,2
exp_hrl_v1,55,3,US_1,HOLD_VP,ATTACK,DIRECT,0.21960562467575073,43.13095474243164,,,4
exp_hrl_v1,55,3,US_2,HOLD_VP,ATTACK,DIRECT,0.21960562467575073,43.13095474243164,,,4
exp_hrl_v1,55,3,US_3,HOLD_VP,ATTACK,DIRECT,0.21960562467575073,43.13095474243164,,,4
exp_hrl_v1,55,3,US_4,HOLD_VP,ATTACK,DIRECT,0.21960562467575073,43.13095474243164,,,4
exp_hrl_v1,55,3,US_5,HOLD_VP,ATTACK,DIRECT,0.21960562467575073,43.13095474243164,,,2
exp_hrl_v1,55,3,US_6,HOLD_VP,ATTACK,DIRECT,0.21960562467575073,43.13095474243164,,,4
exp_hrl_v1,55,3,US_7,HOLD_VP,ATTACK,DIRECT,0.21960562467575073,43.13095474243164,,,2
exp_hrl_v1,55,4,US_1,HOLD_VP,ATTACK,DIRECT,0.21960562467575073,43.13095474243164,,,4
exp_hrl_v1,56,1,US_1,PUSH_VP,RETREAT,,0.19773367047309875,31.995033264160156,,,4
exp_hrl_v1,56,1,US_2,PUSH_VP,RETREAT,,0.19773367047309875,31.995033264160156,,,4
exp_hrl_v1,56,1,US_3,PUSH_VP,ADVANCE,,0.19097395241260529,39.331787109375,,,4
exp_hrl_v1,56,1,US_4,PUSH_VP,ADVANCE,,0.19097395241260529,39.331787109375,,,4
exp_hrl_v1,56,1,US_5,PUSH_VP,ADVANCE,,0.19097395241260529,39.331787109375,,,2
exp_hrl_v1,56,1,US_6,PUSH_VP,ADVANCE,,0.19097395241260529,39.331787109375,,,4
exp_hrl_v1,56,1,US_7,PUSH_VP,ADVANCE,,0.19097395241260529,39.331787109375,,,2
exp_hrl_v1,56,2,US_1,PUSH_VP,ADVANCE,,0.19097395241260529,39.331787109375,,,4
exp_hrl_v1,56,2,US_2,PUSH_VP,ADVANCE,,0.1931297332048416,41.62881851196289,,,4
exp_hrl_v1,56,2,US_3,PUSH_VP,ADVANCE,,0.1931297332048416,41.62881851196289,,,4
exp_hrl_v1,56,2,US_4,PUSH_VP,ADVANCE,,0.1931297332048416,41.62881851196289,,,4
exp_hrl_v1,56,2,US_5,PUSH_VP,ADVANCE,,0.1931297332048416,41.62881851196289,,,2
exp_hrl_v1,56,2,US_6,PUSH_VP,ADVANCE,,0.1931297332048416,41.62881851196289,,,4
exp_hrl_v1,56,2,US_7,PUSH_VP,ADVANCE,,0.1931297332048416,41.62881851196289,,,2
exp_hrl_v1,56,3,US_1,PUSH_VP,ADVANCE,,0.19655075669288635,46.48809814453125,,,4
exp_hrl_v1,56,3,US_2,PUSH_VP,ADVANCE,,0.19655075669288635,46.48809814453125,,,4
exp_hrl_v1,56,3,US_3,PUSH_VP,ADVANCE,,0.19655075669288635,46.48809814453125,,,4
exp_hrl_v1,56,3,US_4,PUSH_VP,ADVANCE,,0.19655075669288635,46.48809814453125,,,4
exp_hrl_v1,56,3,US_5,PUSH_VP,ADVANCE,,0.19655075669288635,46.48809814453125,,,2
exp_hrl_v1,56,3,US_6,PUSH_VP,ADVANCE,,0.19655075669288635,46.48809814453125,,,4
exp_hrl_v1,56,3,US_7,PUSH_VP,RETREAT,,0.16736765205860138,52.90082550048828,,,2
exp_hrl_v1,56,4,US_1,PUSH_VP,RETREAT,,0.16736765205860138,52.90082550048828,,,4
exp_hrl_v1,56,4,US_2,PUSH_VP,ADVANCE,,0.20073653757572174,55.53073501586914,,,4
exp_hrl_v1,56,4,US_3,PUSH_VP,ADVANCE,,0.20073653757572174,55.53073501586914,,,4
exp_hrl_v1,56,4,US_4,PUSH_VP,ADVANCE,,0.20073653757572174,55.53073501586914,,,4
exp_hrl_v1,56,4,US_5,PUSH_VP,ADVANCE,,0.20073653757572174,55.53073501586914,,,2
exp_hrl_v1,56,4,US_6,PUSH_VP,ADVANCE,,0.20073653757572174,55.53073501586914,,,4
exp_hrl_v1,56,4,US_7,PUSH_VP,ADVANCE,,0.20073653757572174,55.53073501586914,,,2
exp_hrl_v1,56,5,US_1,HOLD_VP,ATTACK,DIRECT,0.351561576128006,59.47052001953125,,,4
exp_hrl_v1,56,5,US_2,HOLD_VP,ATTACK,DIRECT,0.351561576128006,59.47052001953125,,,4
exp_hrl_v1,56,5,US_3,HOLD_VP,ATTACK,DIRECT,0.351561576128006,59.47052001953125,,,4
exp_hrl_v1,56,5,US_4,HOLD_VP,ATTACK,DIRECT,0.351561576128006,59.47052001953125,,,4
exp_hrl_v1,56,5,US_5,HOLD_VP,ATTACK,DIRECT,0.351561576128006,59.47052001953125,,,2
exp_hrl_v1,56,5,US_6,HOLD_VP,ATTACK,DIRECT,0.351561576128006,59.47052001953125,,,4
exp_hrl_v1,56,5,US_7,HOLD_VP,ATTACK,DIRECT,0.351561576128006,59.47052001953125,,,2
exp_hrl_v1,56,6,US_1,HOLD_VP,ATTACK,DIRECT,0.351561576128006,59.47052001953125,,,4
exp_hrl_v1,56,6,US_2,HOLD_VP,ATTACK,DIRECT,0.351561576128006,59.47052001953125,,,4
exp_hrl_v1,57,1,US_1,PUSH_VP,ADVANCE,,0.19773367047309875,31.995033264160156,,,4
exp_hrl_v1,57,1,US_2,PUSH_VP,ADVANCE,,0.19773367047309875,31.995033264160156,,,4
exp_hrl_v1,57,1,US_3,PUSH_VP,ADVANCE,,0.19773367047309875,31.995033264160156,,,4
exp_hrl_v1,57,1,US_4,PUSH_VP,ADVANCE,,0.19773367047309875,31.995033264160156,,,4
exp_hrl_v1,57,1,US_5,PUSH_VP,ADVANCE,,0.19773367047309875,31.995033264160156,,,2
exp_hrl_v1,57,1,US_6,PUSH_VP,ADVANCE,,0.19773367047309875,31.995033264160156,,,4
exp_hrl_v1,57,1,US_7,PUSH_VP,ADVANCE,,0.19609956443309784,38.966827392578125,,,2
exp_hrl_v1,57,2,US_1,PUSH_VP,ADVANCE,,0.19609956443309784,38.966827392578125,,,4
exp_hrl_v1,57,2,US_2,PUSH_VP,ADVANCE,,0.19609956443309784,38.966827392578125,,,4
exp_hrl_v1,57,2,US_3,PUSH_VP,ADVANCE,,0.19609956443309784,38.966827392578125,,,4
exp_hrl_v1,57,2,US_4,PUSH_VP,ADVANCE,,0.19609956443309784,38.966827392578125,,,4
exp_hrl_v1,57,2,US_5,PUSH_VP,ADVANCE,,0.19609956443309784,38.966827392578125,,,2
exp_hrl_v1,57,2,US_6,PUSH_VP,ADVANCE,,0.19705842435359955,43.13095474243164,,,4
exp_hrl_v1,57,2,US_7,PUSH_VP,ADVANCE,,0.19705842435359955,43.13095474243164,,,2
exp_hrl_v1,57,3,US_1,PUSH_VP,ADVANCE,,0.19705842435359955,43.13095474243164,,,4
exp_hrl_v1,57,3,US_2,PUSH_VP,ADVANCE,,0.19705842435359955,43.13095474243164,,,4
exp_hrl_v1,57,3,US_3,PUSH_VP,ADVANCE,,0.19705842435359955,43.13095474243164,,,4
exp_hrl_v1,57,3,US_4,PUSH_VP,ADVANCE,,0.19705842435359955,43.13095474243164,,,4
exp_hrl_v1,57,3,US_5,PUSH_VP,FLANK,,0.18429358303546906,51.56973648071289,,,2
exp_hrl_v1,57,3,US_6,PUSH_VP,FLANK,,0.18429358303546906,51.56973648071289,,,4
exp_hrl_v1,57,3,US_7,PUSH_VP,FLANK,,0.18429358303546906,51.56973648071289,,,2
exp_hrl_v1,57,4,US_1,PUSH_VP,FLANK,,0.18429358303546906,51.56973648071289,,,4
exp_hrl_v1,57,4,US_2,PUSH_VP,FLANK,,0.18429358303546906,51.56973648071289,,,4
exp_hrl_v1,57,4,US_3,PUSH_VP,ADVANCE,,0.18515048921108246,55.64869689941406,,,4
exp_hrl_v1,57,4,US_4,PUSH_VP,ADVANCE,,0.18515048921108246,55.64869689941406,,,4
exp_hrl_v1,57,4,US_5,PUSH_VP,ADVANCE,,0.18515048921108246,55.64869689941406,,,2
exp_hrl_v1,57,4,US_6,PUSH_VP,ADVANCE,,0.18515048921108246,55.64869689941406,,,4
exp_hrl_v1,57,4,US_7,PUSH_VP,ADVANCE,,0.18515048921108246,55.64869689941406,,,2
exp_hrl_v1,57,5,US_1,PUSH_VP,ADVANCE,,0.18515048921108246,55.64869689941406,,,4
exp_hrl_v1,57,5,US_2,PUSH_VP,ATTACK,DIRECT,0.1768387258052826,59.29676818847656,,,4
exp_hrl_v1,57,5,US_3,PUSH_VP,ATTACK,DIRECT,0.1768387258052826,59.29676818847656,,,4
exp_hrl_v1,57,5,US_4,PUSH_VP,ATTACK,DIRECT,0.1768387258052826,59.29676818847656,,,4
exp_hrl_v1,57,5,US_5,PUSH_VP,ATTACK,DIRECT,0.1768387258052826,59.29676818847656,,,2
exp_hrl_v1,57,5,US_6,PUSH_VP,ATTACK,DIRECT,0.1768387258052826,59.29676818847656,,,4
exp_hrl_v1,57,5,US_7,PUSH_VP,ATTACK,DIRECT,0.1768387258052826,59.29676818847656,,,2
exp_hrl_v1,57,6,US_1,PUSH_VP,ATTACK,DIRECT,0.1768387258052826,59.29676818847656,,,4
exp_hrl_v1,57,6,US_2,PUSH_VP,ATTACK,DIRECT,0.1768387258052826,59.29676818847656,,,4
exp_hrl_v1,57,6,US_3,PUSH_VP,ATTACK,DIRECT,0.1768387258052826,59.29676818847656,,,4
exp_hrl_v1,58,1,US_1,PUSH_VP,ADVANCE,,0.1955854892730713,31.995033264160156,,,4
exp_hrl_v1,58,1,US_2,PUSH_VP,ADVANCE,,0.1955854892730713,31.995033264160156,,,4
exp_hrl_v1,58,1,US_3,PUSH_VP,ADVANCE,,0.1955854892730713,31.995033264160156,,,4
exp_hrl_v1,58,1,US_4,PUSH_VP,ADVANCE,,0.1955854892730713,31.995033264160156,,,4
exp_hrl_v1,58,1,US_5,PUSH_VP,ADVANCE,,0.1955854892730713,31.995033264160156,,,2
exp_hrl_v1,58,1,US_6,PUSH_VP,ADVANCE,,0.1955854892730713,31.995033264160156,,,4
exp_hrl_v1,58,1,US_7,PUSH_VP,ADVANCE,,0.21747517585754395,38.966827392578125,,,2
exp_hrl_v1,58,2,US_1,PUSH_VP,ADVANCE,,0.21747517585754395,38.966827392578125,,,4
exp_hrl_v1,58,2,US_2,PUSH_VP,ADVANCE,,0.21747517585754395,38.966827392578125,,,4
exp_hrl_v1,58,2,US_3,PUSH_VP,ADVANCE,,0.21747517585754395,38.966827392578125,,,4
exp_hrl_v1,58,2,US_4,PUSH_VP,ADVANCE,,0.21747517585754395,38.966827392578125,,,4
exp_hrl_v1,58,2,US_5,PUSH_VP,ADVANCE,,0.21747517585754395,38.966827392578125,,,2
exp_hrl_v1,58,2,US_6,PUSH_VP,FLANK,,0.19315460324287415,43.13095474243164,,,4
exp_hrl_v1,58,2,US_7,PUSH_VP,FLANK,,0.19315460324287415,43.13095474243164,,,2
exp_hrl_v1,58,3,US_1,PUSH_VP,FLANK,,0.19315460324287415,43.13095474243164,,,4
exp_hrl_v1,58,3,US_2,PUSH_VP,FLANK,,0.19315460324287415,43.13095474243164,,,4
exp_hrl_v1,58,3,US_3,PUSH_VP,FLANK,,0.19315460324287415,43.13095474243164,,,4
exp_hrl_v1,58,3,US_4,PUSH_VP,ATTACK,DIRECT,0.2564496099948883,50.39462661743164,,,4
exp_hrl_v1,58,3,US_5,PUSH_VP,ATTACK,DIRECT,0.2564496099948883,50.39462661743164,,,2
exp_hrl_v1,58,3,US_6,PUSH_VP,ATTACK,DIRECT,0.2564496099948883,50.39462661743164,,,4
exp_hrl_v1,58,3,US_7,PUSH_VP,ATTACK,DIRECT,0.2564496099948883,50.39462661743164,,,2
exp_hrl_v1,58,4,US_1,PUSH_VP,ATTACK,DIRECT,0.2564496099948883,50.39462661743164,,,4
exp_hrl_v1,58,4,US_2,PUSH_VP,ATTACK,DIRECT,0.2564496099948883,50.39462661743164,,,4
exp_hrl_v1,58,4,US_3,PUSH_VP,ATTACK,DIRECT,0.2564496099948883,50.39462661743164,,,4
exp_hrl_v1,59,1,US_1,PUSH_VP,ADVANCE,,0.1955854892730713,31.995033264160156,,,4
exp_hrl_v1,59,1,US_2,PUSH_VP,ADVANCE,,0.1955854892730713,31.995033264160156,,,4
exp_hrl_v1,59,1,US_3,PUSH_VP,ADVANCE,,0.1955854892730713,31.995033264160156,,,4
exp_hrl_v1,59,1,US_4,PUSH_VP,ADVANCE,,0.1955854892730713,31.995033264160156,,,4
exp_hrl_v1,59,1,US_5,PUSH_VP,ADVANCE,,0.1955854892730713,31.995033264160156,,,2
exp_hrl_v1,59,1,US_6,PUSH_VP,ADVANCE,,0.1955854892730713,31.995033264160156,,,4
exp_hrl_v1,59,1,US_7,PUSH_VP,ADVANCE,,0.21747517585754395,38.966827392578125,,,2
exp_hrl_v1,59,2,US_1,PUSH_VP,ADVANCE,,0.21747517585754395,38.966827392578125,,,4
exp_hrl_v1,59,2,US_2,PUSH_VP,ADVANCE,,0.21747517585754395,38.966827392578125,,,4
exp_hrl_v1,59,2,US_3,PUSH_VP,ADVANCE,,0.21747517585754395,38.966827392578125,,,4
exp_hrl_v1,59,2,US_4,PUSH_VP,ADVANCE,,0.21747517585754395,38.966827392578125,,,4
exp_hrl_v1,59,2,US_5,PUSH_VP,ADVANCE,,0.21747517585754395,38.966827392578125,,,2
exp_hrl_v1,59,2,US_6,PUSH_VP,ATTACK,DIRECT,0.21960562467575073,43.13095474243164,,,4
exp_hrl_v1,59,2,US_7,PUSH_VP,ATTACK,DIRECT,0.21960562467575073,43.13095474243164,,,2
exp_hrl_v1,59,3,US_1,PUSH_VP,ATTACK,DIRECT,0.21960562467575073,43.13095474243164,,,4
exp_hrl_v1,59,3,US_2,PUSH_VP,ATTACK,DIRECT,0.21960562467575073,43.13095474243164,,,4
exp_hrl_v1,59,3,US_3,PUSH_VP,ATTACK,DIRECT,0.21960562467575073,43.13095474243164,,,4
exp_hrl_v1,59,3,US_4,PUSH_VP,ATTACK,DIRECT,0.21960562467575073,43.13095474243164,,,4
exp_hrl_v1,59,3,US_5,PUSH_VP,ATTACK,DIRECT,0.21960562467575073,43.13095474243164,,,2
exp_hrl_v1,59,3,US_6,PUSH_VP,ATTACK,DIRECT,0.21960562467575073,43.13095474243164,,,4
exp_hrl_v1,59,3,US_7,PUSH_VP,ATTACK,DIRECT,0.21960562467575073,43.13095474243164,,,2
exp_hrl_v1,59,4,US_1,PUSH_VP,ATTACK,DIRECT,0.21960562467575073,43.13095474243164,,,4
exp_hrl_v1,59,4,US_2,PUSH_VP,ADVANCE,,0.1846119910478592,51.6717529296875,,,4
exp_hrl_v1,59,4,US_3,PUSH_VP,ADVANCE,,0.1846119910478592,51.6717529296875,,,4
exp_hrl_v1,59,4,US_4,PUSH_VP,ADVANCE,,0.1846119910478592,51.6717529296875,,,4
exp_hrl_v1,59,4,US_5,PUSH_VP,ADVANCE,,0.1846119910478592,51.6717529296875,,,2
exp_hrl_v1,59,4,US_6,PUSH_VP,ADVANCE,,0.1846119910478592,51.6717529296875,,,4
exp_hrl_v1,59,4,US_7,PUSH_VP,ADVANCE,,0.1846119910478592,51.6717529296875,,,2
exp_hrl_v1,59,5,US_1,PUSH_VP,ADVANCE,,0.15968774259090424,52.2674446105957,,,4
exp_hrl_v1,59,5,US_2,PUSH_VP,ADVANCE,,0.15968774259090424,52.2674446105957,,,4
exp_hrl_v1,59,5,US_3,PUSH_VP,ADVANCE,,0.15968774259090424,52.2674446105957,,,4
exp_hrl_v1,59,5,US_4,PUSH_VP,ADVANCE,,0.15968774259090424,52.2674446105957,,,4
exp_hrl_v1,59,5,US_5,PUSH_VP,ADVANCE,,0.15968774259090424,52.2674446105957,,,2
exp_hrl_v1,59,5,US_6,PUSH_VP,ADVANCE,,0.15968774259090424,52.2674446105957,,,4
exp_hrl_v1,59,5,US_7,PUSH_VP,FLANK,,0.17130404710769653,52.743499755859375,,,2
exp_hrl_v1,59,6,US_1,PUSH_VP,FLANK,,0.17130404710769653,52.743499755859375,,,4
exp_hrl_v1,59,6,US_2,PUSH_VP,FLANK,,0.17130404710769653,52.743499755859375,,,4
exp_hrl_v1,59,6,US_3,PUSH_VP,FLANK,,0.17130404710769653,52.743499755859375,,,4
exp_hrl_v1,59,6,US_4,PUSH_VP,FLANK,,0.17130404710769653,52.743499755859375,,,4
exp_hrl_v1,59,6,US_5,HOLD_VP,ATTACK,INDIRECT,0.19591893255710602,50.945228576660156,,,2
exp_hrl_v1,59,6,US_6,HOLD_VP,ATTACK,INDIRECT,0.19591893255710602,50.945228576660156,,,4
exp_hrl_v1,59,6,US_7,HOLD_VP,ATTACK,INDIRECT,0.19591893255710602,50.945228576660156,,,2
exp_hrl_v1,59,7,US_1,HOLD_VP,ATTACK,INDIRECT,0.19591893255710602,50.945228576660156,,,4
exp_hrl_v1,60,1,US_1,ATTACK,FLANK,,0.1957722306251526,31.995033264160156,,,4
exp_hrl_v1,60,1,US_2,ATTACK,FLANK,,0.1957722306251526,31.995033264160156,,,4
exp_hrl_v1,60,1,US_3,ATTACK,FLANK,,0.1957722306251526,31.995033264160156,,,4
exp_hrl_v1,60,1,US_4,ATTACK,FLANK,,0.1957722306251526,31.995033264160156,,,4
exp_hrl_v1,60,1,US_5,ATTACK,FLANK,,0.1957722306251526,31.995033264160156,,,2
exp_hrl_v1,60,1,US_6,ATTACK,ADVANCE,,0.20154522359371185,38.0492057800293,,,4
exp_hrl_v1,60,1,US_7,ATTACK,ADVANCE,,0.20154522359371185,38.0492057800293,,,2
exp_hrl_v1,60,2,US_1,ATTACK,ADVANCE,,0.20154522359371185,38.0492057800293,,,4
exp_hrl_v1,60,2,US_2,ATTACK,ADVANCE,,0.20154522359371185,38.0492057800293,,,4
exp_hrl_v1,60,2,US_3,ATTACK,ADVANCE,,0.20154522359371185,38.0492057800293,,,4
exp_hrl_v1,60,2,US_4,ATTACK,ADVANCE,,0.20154522359371185,38.0492057800293,,,4
exp_hrl_v1,60,2,US_5,ATTACK,ADVANCE,,0.1905227154493332,45.439945220947266,,,2
exp_hrl_v1,60,2,US_6,ATTACK,ADVANCE,,0.1905227154493332,45.439945220947266,,,4
exp_hrl_v1,60,2,US_7,ATTACK,ADVANCE,,0.1905227154493332,45.439945220947266,,,2
exp_hrl_v1,60,3,US_1,ATTACK,ADVANCE,,0.1905227154493332,45.439945220947266,,,4
exp_hrl_v1,60,3,US_2,ATTACK,ADVANCE,,0.1905227154493332,45.439945220947266,,,4
exp_hrl_v1,60,3,US_3,ATTACK,ADVANCE,,0.1905227154493332,45.439945220947266,,,4
exp_hrl_v1,60,3,US_4,ATTACK,ADVANCE,,0.17650194466114044,51.02067565917969,,,4
exp_hrl_v1,60,3,US_5,ATTACK,ADVANCE,,0.17650194466114044,51.02067565917969,,,2
exp_hrl_v1,60,3,US_6,ATTACK,ADVANCE,,0.17650194466114044,51.02067565917969,,,4
exp_hrl_v1,60,3,US_7,ATTACK,ADVANCE,,0.17650194466114044,51.02067565917969,,,2
exp_hrl_v1,60,4,US_1,ATTACK,ADVANCE,,0.17650194466114044,51.02067565917969,,,4
exp_hrl_v1,60,4,US_2,ATTACK,ADVANCE,,0.17650194466114044,51.02067565917969,,,4
exp_hrl_v1,60,4,US_3,ATTACK,ATTACK,DIRECT,0.2572968900203705,55.434879302978516,,,4
exp_hrl_v1,60,4,US_4,ATTACK,ATTACK,DIRECT,0.2572968900203705,55.434879302978516,,,4
exp_hrl_v1,60,4,US_5,ATTACK,ATTACK,DIRECT,0.2572968900203705,55.434879302978516,,,2
exp_hrl_v1,60,4,US_6,ATTACK,ATTACK,DIRECT,0.2572968900203705,55.434879302978516,,,4
exp_hrl_v1,60,4,US_7,ATTACK,ATTACK,DIRECT,0.2572968900203705,55.434879302978516,,,2
exp_hrl_v1,60,5,US_1,ATTACK,ATTACK,DIRECT,0.2572968900203705,55.434879302978516,,,4
exp_hrl_v1,60,5,US_2,ATTACK,ATTACK,DIRECT,0.2572968900203705,55.434879302978516,,,4
exp_hrl_v1,60,5,US_3,ATTACK,ATTACK,DIRECT,0.2572968900203705,55.434879302978516,,,4
exp_hrl_v1,60,5,US_4,ATTACK,ATTACK,DIRECT,0.2572968900203705,55.434879302978516,,,4
exp_hrl_v1,60,5,US_5,ATTACK,ATTACK,DIRECT,0.2572968900203705,55.434879302978516,,,2
exp_hrl_v1,60,5,US_6,ATTACK,ATTACK,INDIRECT,0.3601166009902954,58.11714172363281,,,4
exp_hrl_v1,60,5,US_7,ATTACK,ATTACK,INDIRECT,0.3601166009902954,58.11714172363281,,,2
exp_hrl_v1,60,6,US_1,ATTACK,ATTACK,INDIRECT,0.3601166009902954,58.11714172363281,,,4
exp_hrl_v1,61,1,US_1,PUSH_VP,ADVANCE,,0.2209296077489853,31.995033264160156,,,4
exp_hrl_v1,61,1,US_2,PUSH_VP,ADVANCE,,0.2209296077489853,31.995033264160156,,,4
exp_hrl_v1,61,1,US_3,PUSH_VP,ADVANCE,,0.2209296077489853,31.995033264160156,,,4
exp_hrl_v1,61,1,US_4,PUSH_VP,ADVANCE,,0.2209296077489853,31.995033264160156,,,4
exp_hrl_v1,61,1,US_5,PUSH_VP,ADVANCE,,0.2209296077489853,31.995033264160156,,,2
exp_hrl_v1,61,1,US_6,PUSH_VP,ADVANCE,,0.2209296077489853,31.995033264160156,,,4
exp_hrl_v1,61,1,US_7,PUSH_VP,HOLD,,0.19832457602024078,38.966827392578125,,,2
exp_hrl_v1,61,2,US_1,PUSH_VP,FLANK,,0.19161614775657654,41.165252685546875,,,4
exp_hrl_v1,61,2,US_2,PUSH_VP,FLANK,,0.19161614775657654,41.165252685546875,,,4
exp_hrl_v1,61,2,US_3,PUSH_VP,FLANK,,0.19161614775657654,41.165252685546875,,,4
exp_hrl_v1,61,2,US_4,PUSH_VP,FLANK,,0.19161614775657654,41.165252685546875,,,4
exp_hrl_v1,61,2,US_5,PUSH_VP,FLANK,,0.19161614775657654,41.165252685546875,,,2
exp_hrl_v1,61,2,US_6,PUSH_VP,ADVANCE,,0.19283750653266907,43.61562728881836,,,4
exp_hrl_v1,61,2,US_7,PUSH_VP,ADVANCE,,0.19283750653266907,43.61562728881836,,,2
exp_hrl_v1,61,3,US_1,PUSH_VP,ADVANCE,,0.19283750653266907,43.61562728881836,,,4
exp_hrl_v1,61,3,US_2,PUSH_VP,ADVANCE,,0.19283750653266907,43.61562728881836,,,4
exp_hrl_v1,61,3,US_3,PUSH_VP,ADVANCE,,0.19283750653266907,43.61562728881836,,,4
exp_hrl_v1,61,3,US_4,PUSH_VP,ADVANCE,,0.19283750653266907,43.61562728881836,,,4
exp_hrl_v1,61,3,US_5,PUSH_VP,ATTACK,DIRECT,0.26195386052131653,51.625267028808594,,,2
exp_hrl_v1,61,3,US_6,PUSH_VP,ATTACK,DIRECT,0.26195386052131653,51.625267028808594,,,4
exp_hrl_v1,61,3,US_7,PUSH_VP,ATTACK,DIRECT,0.26195386052131653,51.625267028808594,,,2
exp_hrl_v1,61,4,US_1,PUSH_VP,ATTACK,DIRECT,0.26195386052131653,51.625267028808594,,,4
exp_hrl_v1,61,4,US_2,PUSH_VP,ATTACK,DIRECT,0.26195386052131653,51.625267028808594,,,4
exp_hrl_v1,61,4,US_3,PUSH_VP,ATTACK,DIRECT,0.26195386052131653,51.625267028808594,,,4
exp_hrl_v1,61,4,US_4,PUSH_VP,ATTACK,DIRECT,0.26195386052131653,51.625267028808594,,,4
exp_hrl_v1,62,1,US_1,PUSH_VP,FLANK,,0.1955854892730713,31.995033264160156,,,4
exp_hrl_v1,62,1,US_2,PUSH_VP,FLANK,,0.1955854892730713,31.995033264160156,,,4
exp_hrl_v1,62,1,US_3,PUSH_VP,FLANK,,0.1955854892730713,31.995033264160156,,,4
exp_hrl_v1,62,1,US_4,PUSH_VP,FLANK,,0.1955854892730713,31.995033264160156,,,4
exp_hrl_v1,62,1,US_5,PUSH_VP,FLANK,,0.1955854892730713,31.995033264160156,,,2
exp_hrl_v1,62,1,US_6,PUSH_VP,FLANK,,0.19572269916534424,38.0492057800293,,,4
exp_hrl_v1,62,1,US_7,PUSH_VP,FLANK,,0.19572269916534424,38.0492057800293,,,2
exp_hrl_v1,62,2,US_1,PUSH_VP,FLANK,,0.19572269916534424,38.0492057800293,,,4
exp_hrl_v1,62,2,US_2,PUSH_VP,FLANK,,0.19572269916534424,38.0492057800293,,,4
exp_hrl_v1,62,2,US_3,PUSH_VP,FLANK,,0.19572269916534424,38.0492057800293,,,4
exp_hrl_v1,62,2,US_4,PUSH_VP,ADVANCE,,0.19275128841400146,44.03032684326172,,,4
exp_hrl_v1,62,2,US_5,PUSH_VP,ADVANCE,,0.19275128841400146,44.03032684326172,,,2
exp_hrl_v1,62,2,US_6,PUSH_VP,ADVANCE,,0.19275128841400146,44.03032684326172,,,4
exp_hrl_v1,62,2,US_7,PUSH_VP,ADVANCE,,0.19275128841400146,44.03032684326172,,,2
exp_hrl_v1,62,3,US_1,PUSH_VP,ADVANCE,,0.19275128841400146,44.03032684326172,,,4
exp_hrl_v1,62,3,US_2,PUSH_VP,ADVANCE,,0.19275128841400146,44.03032684326172,,,4
exp_hrl_v1,62,3,US_3,PUSH_VP,ADVANCE,,0.18052132427692413,50.942718505859375,,,4
exp_hrl_v1,62,3,US_4,PUSH_VP,ADVANCE,,0.18052132427692413,50.942718505859375,,,4
exp_hrl_v1,62,3,US_5,PUSH_VP,ADVANCE,,0.18052132427692413,50.942718505859375,,,2
exp_hrl_v1,62,3,US_6,PUSH_VP,ADVANCE,,0.18052132427692413,50.942718505859375,,,4
exp_hrl_v1,62,3,US_7,PUSH_VP,ADVANCE,,0.18052132427692413,50.942718505859375,,,2
exp_hrl_v1,62,4,US_1,PUSH_VP,ADVANCE,,0.18052132427692413,50.942718505859375,,,4
exp_hrl_v1,62,4,US_2,PUSH_VP,ADVANCE,,0.18423819541931152,54.88075256347656,,,4
exp_hrl_v1,62,4,US_3,PUSH_VP,ADVANCE,,0.18423819541931152,54.88075256347656,,,4
exp_hrl_v1,62,4,US_4,PUSH_VP,ADVANCE,,0.18423819541931152,54.88075256347656,,,4
exp_hrl_v1,62,4,US_5,PUSH_VP,ADVANCE,,0.18423819541931152,54.88075256347656,,,2
exp_hrl_v1,62,4,US_6,PUSH_VP,ADVANCE,,0.18423819541931152,54.88075256347656,,,4
exp_hrl_v1,62,4,US_7,PUSH_VP,ADVANCE,,0.18423819541931152,54.88075256347656,,,2
exp_hrl_v1,62,5,US_1,PUSH_VP,ATTACK,DIRECT,0.19982141256332397,59.0903434753418,,,4
exp_hrl_v1,62,5,US_2,PUSH_VP,ATTACK,DIRECT,0.19982141256332397,59.0903434753418,,,4
exp_hrl_v1,62,5,US_3,PUSH_VP,ATTACK,DIRECT,0.19982141256332397,59.0903434753418,,,4
exp_hrl_v1,62,5,US_4,PUSH_VP,ATTACK,DIRECT,0.19982141256332397,59.0903434753418,,,4
exp_hrl_v1,62,5,US_5,PUSH_VP,ATTACK,DIRECT,0.19982141256332397,59.0903434753418,,,2
exp_hrl_v1,62,5,US_6,PUSH_VP,ATTACK,DIRECT,0.19982141256332397,59.0903434753418,,,4
exp_hrl_v1,62,5,US_7,PUSH_VP,ATTACK,DIRECT,0.19982141256332397,59.0903434753418,,,2
exp_hrl_v1,62,6,US_1,PUSH_VP,ATTACK,DIRECT,0.19982141256332397,59.0903434753418,,,4
exp_hrl_v1,62,6,US_2,PUSH_VP,ATTACK,DIRECT,0.19982141256332397,59.0903434753418,,,4
exp_hrl_v1,62,6,US_3,PUSH_VP,ATTACK,DIRECT,0.19982141256332397,59.0903434753418,,,4
exp_hrl_v1,62,6,US_4,HOLD_VP,ADVANCE,,0.17976441979408264,55.616886138916016,,,4
exp_hrl_v1,62,6,US_5,HOLD_VP,ADVANCE,,0.17976441979408264,55.616886138916016,,,2
exp_hrl_v1,62,6,US_6,HOLD_VP,ADVANCE,,0.17976441979408264,55.616886138916016,,,4
exp_hrl_v1,62,6,US_7,HOLD_VP,ADVANCE,,0.17976441979408264,55.616886138916016,,,2
exp_hrl_v1,62,7,US_1,HOLD_VP,ADVANCE,,0.17976441979408264,55.616886138916016,,,4
exp_hrl_v1,62,7,US_2,HOLD_VP,ADVANCE,,0.17976441979408264,55.616886138916016,,,4
exp_hrl_v1,62,7,US_3,HOLD_VP,FLANK,,0.18932871520519257,51.29981231689453,,,4
exp_hrl_v1,62,7,US_4,HOLD_VP,FLANK,,0.18932871520519257,51.29981231689453,,,4
exp_hrl_v1,62,7,US_5,HOLD_VP,FLANK,,0.18932871520519257,51.29981231689453,,,2
exp_hrl_v1,62,7,US_6,HOLD_VP,FLANK,,0.18932871520519257,51.29981231689453,,,4
exp_hrl_v1,62,7,US_7,HOLD_VP,FLANK,,0.18932871520519257,51.29981231689453,,,2
exp_hrl_v1,62,8,US_1,HOLD_VP,ATTACK,DIRECT,0.15663708746433258,47.94036865234375,,,4
exp_hrl_v1,62,8,US_2,HOLD_VP,ATTACK,DIRECT,0.15663708746433258,47.94036865234375,,,4
exp_hrl_v1,62,8,US_3,HOLD_VP,ATTACK,DIRECT,0.15663708746433258,47.94036865234375,,,4
exp_hrl_v1,63,1,US_1,ATTACK,ADVANCE,,0.1955854892730713,31.995033264160156,,,4
exp_hrl_v1,63,1,US_2,ATTACK,ADVANCE,,0.1955854892730713,31.995033264160156,,,4
exp_hrl_v1,63,1,US_3,ATTACK,ADVANCE,,0.1955854892730713,31.995033264160156,,,4
exp_hrl_v1,63,1,US_4,ATTACK,ADVANCE,,0.1955854892730713,31.995033264160156,,,4
exp_hrl_v1,63,1,US_5,ATTACK,ADVANCE,,0.1955854892730713,31.995033264160156,,,2
exp_hrl_v1,63,1,US_6,ATTACK,ADVANCE,,0.1955854892730713,31.995033264160156,,,4
exp_hrl_v1,63,1,US_7,ATTACK,ADVANCE,,0.19140321016311646,38.966827392578125,,,2
exp_hrl_v1,63,2,US_1,ATTACK,ADVANCE,,0.19140321016311646,38.966827392578125,,,4
exp_hrl_v1,63,2,US_2,ATTACK,ADVANCE,,0.19140321016311646,38.966827392578125,,,4
exp_hrl_v1,63,2,US_3,ATTACK,ADVANCE,,0.19140321016311646,38.966827392578125,,,4
exp_hrl_v1,63,2,US_4,ATTACK,ADVANCE,,0.19140321016311646,38.966827392578125,,,4
exp_hrl_v1,63,2,US_5,ATTACK,ADVANCE,,0.19140321016311646,38.966827392578125,,,2
exp_hrl_v1,63,2,US_6,ATTACK,ADVANCE,,0.19705842435359955,43.13095474243164,,,4
exp_hrl_v1,63,2,US_7,ATTACK,ADVANCE,,0.19705842435359955,43.13095474243164,,,2
exp_hrl_v1,63,3,US_1,ATTACK,ADVANCE,,0.19705842435359955,43.13095474243164,,,4
exp_hrl_v1,63,3,US_2,ATTACK,ADVANCE,,0.19705842435359955,43.13095474243164,,,4
exp_hrl_v1,63,3,US_3,ATTACK,ADVANCE,,0.19705842435359955,43.13095474243164,,,4
exp_hrl_v1,63,3,US_4,ATTACK,ADVANCE,,0.19705842435359955,43.13095474243164,,,4
exp_hrl_v1,63,3,US_5,ATTACK,ATTACK,DIRECT,0.18429358303546906,51.56973648071289,,,2
exp_hrl_v1,63,3,US_6,ATTACK,ATTACK,DIRECT,0.18429358303546906,51.56973648071289,,,4
exp_hrl_v1,63,3,US_7,ATTACK,ATTACK,DIRECT,0.18429358303546906,51.56973648071289,,,2
exp_hrl_v1,63,4,US_1,ATTACK,ATTACK,DIRECT,0.18429358303546906,51.56973648071289,,,4
exp_hrl_v1,63,4,US_2,ATTACK,ATTACK,DIRECT,0.18429358303546906,51.56973648071289,,,4
exp_hrl_v1,63,4,US_3,ATTACK,ATTACK,DIRECT,0.18429358303546906,51.56973648071289,,,4
exp_hrl_v1,63,4,US_4,ATTACK,ATTACK,DIRECT,0.18429358303546906,51.56973648071289,,,4
exp_hrl_v1,63,4,US_5,ATTACK,ATTACK,DIRECT,0.18429358303546906,51.56973648071289,,,2
exp_hrl_v1,63,4,US_6,ATTACK,ATTACK,DIRECT,0.18429358303546906,51.56973648071289,,,4
exp_hrl_v1,63,4,US_7,ATTACK,ATTACK,DIRECT,0.18429358303546906,51.56973648071289,,,2
exp_hrl_v1,63,5,US_1,ATTACK,ATTACK,DIRECT,0.19734132289886475,53.78239440917969,,,4
exp_hrl_v1,64,1,US_1,ATTACK,ATTACK,DIRECT,0.19773367047309875,31.995033264160156,,,4
exp_hrl_v1,64,1,US_2,ATTACK,ATTACK,DIRECT,0.19773367047309875,31.995033264160156,,,4
exp_hrl_v1,64,1,US_3,ATTACK,ATTACK,DIRECT,0.19773367047309875,31.995033264160156,,,4
exp_hrl_v1,64,1,US_4,ATTACK,ATTACK,DIRECT,0.19773367047309875,31.995033264160156,,,4
exp_hrl_v1,64,1,US_5,ATTACK,ATTACK,DIRECT,0.19773367047309875,31.995033264160156,,,2
exp_hrl_v1,64,1,US_6,ATTACK,ATTACK,DIRECT,0.19773367047309875,31.995033264160156,,,4
exp_hrl_v1,64,1,US_7,ATTACK,ATTACK,DIRECT,0.19773367047309875,31.995033264160156,,,2
exp_hrl_v1,64,2,US_1,ATTACK,ATTACK,DIRECT,0.19773367047309875,31.995033264160156,,,4
exp_hrl_v1,64,2,US_2,ATTACK,ATTACK,DIRECT,0.19773367047309875,31.995033264160156,,,4
exp_hrl_v1,64,2,US_3,ATTACK,ATTACK,DIRECT,0.19773367047309875,31.995033264160156,,,4
exp_hrl_v1,64,2,US_4,ATTACK,ATTACK,DIRECT,0.3708933889865875,53.666664123535156,,,4
exp_hrl_v1,64,2,US_5,ATTACK,ATTACK,DIRECT,0.3708933889865875,53.666664123535156,,,2
exp_hrl_v1,64,2,US_6,ATTACK,ATTACK,DIRECT,0.3708933889865875,53.666664123535156,,,4
exp_hrl_v1,64,2,US_7,ATTACK,ATTACK,DIRECT,0.3708933889865875,53.666664123535156,,,2
exp_hrl_v1,64,3,US_1,ATTACK,ATTACK,DIRECT,0.3708933889865875,53.666664123535156,,,4
exp_hrl_v1,64,3,US_2,ATTACK,ATTACK,DIRECT,0.3708933889865875,53.666664123535156,,,4
exp_hrl_v1,64,3,US_3,ATTACK,ATTACK,DIRECT,0.3708933889865875,53.666664123535156,,,4
exp_hrl_v1,64,3,US_4,ATTACK,ATTACK,DIRECT,0.3708933889865875,53.666664123535156,,,4
exp_hrl_v1,64,3,US_5,ATTACK,ATTACK,DIRECT,0.3708933889865875,53.666664123535156,,,2
exp_hrl_v1,64,3,US_6,ATTACK,ATTACK,DIRECT,0.3708933889865875,53.666664123535156,,,4
exp_hrl_v1,64,3,US_7,ATTACK,ADVANCE,,0.16776128113269806,54.45984649658203,,,2
exp_hrl_v1,64,4,US_1,ATTACK,ADVANCE,,0.16776128113269806,54.45984649658203,,,4
exp_hrl_v1,64,4,US_2,ATTACK,ADVANCE,,0.16776128113269806,54.45984649658203,,,4
exp_hrl_v1,64,4,US_3,ATTACK,ADVANCE,,0.16776128113269806,54.45984649658203,,,4
exp_hrl_v1,64,4,US_4,ATTACK,ADVANCE,,0.16776128113269806,54.45984649658203,,,4
exp_hrl_v1,64,4,US_5,ATTACK,ADVANCE,,0.16776128113269806,54.45984649658203,,,2
exp_hrl_v1,64,4,US_6,ATTACK,ADVANCE,,0.2862558662891388,54.47794723510742,,,4
exp_hrl_v1,64,4,US_7,ATTACK,ADVANCE,,0.2862558662891388,54.47794723510742,,,2
exp_hrl_v1,64,5,US_1,ATTACK,ADVANCE,,0.2862558662891388,54.47794723510742,,,4
exp_hrl_v1,64,5,US_2,ATTACK,ADVANCE,,0.2862558662891388,54.47794723510742,,,4
exp_hrl_v1,64,5,US_3,ATTACK,ADVANCE,,0.2862558662891388,54.47794723510742,,,4
exp_hrl_v1,64,5,US_4,ATTACK,ADVANCE,,0.2862558662891388,54.47794723510742,,,4
exp_hrl_v1,64,5,US_5,ATTACK,ATTACK,DIRECT,0.18994155526161194,52.34040069580078,,,2
exp_hrl_v1,64,5,US_6,ATTACK,ATTACK,DIRECT,0.18994155526161194,52.34040069580078,,,4
exp_hrl_v1,64,5,US_7,ATTACK,ATTACK,DIRECT,0.18994155526161194,52.34040069580078,,,2
exp_hrl_v1,64,6,US_1,ATTACK,ATTACK,DIRECT,0.18994155526161194,52.34040069580078,,,4
exp_hrl_v1,65,1,US_1,PUSH_VP,ADVANCE,,0.1955854892730713,31.995033264160156,,,4
exp_hrl_v1,65,1,US_2,PUSH_VP,ADVANCE,,0.1955854892730713,31.995033264160156,,,4
exp_hrl_v1,65,1,US_3,PUSH_VP,ADVANCE,,0.1955854892730713,31.995033264160156,,,4
exp_hrl_v1,65,1,US_4,PUSH_VP,ADVANCE,,0.1955854892730713,31.995033264160156,,,4
exp_hrl_v1,65,1,US_5,PUSH_VP,ADVANCE,,0.1955854892730713,31.995033264160156,,,2
exp_hrl_v1,65,1,US_6,PUSH_VP,ADVANCE,,0.1955854892730713,31.995033264160156,,,4
exp_hrl_v1,65,1,US_7,PUSH_VP,ADVANCE,,0.21747517585754395,38.966827392578125,,,2
exp_hrl_v1,65,2,US_1,PUSH_VP,ADVANCE,,0.21747517585754395,38.966827392578125,,,4
exp_hrl_v1,65,2,US_2,PUSH_VP,ADVANCE,,0.21747517585754395,38.966827392578125,,,4
exp_hrl_v1,65,2,US_3,PUSH_VP,ADVANCE,,0.21747517585754395,38.966827392578125,,,4
exp_hrl_v1,65,2,US_4,PUSH_VP,ADVANCE,,0.21747517585754395,38.966827392578125,,,4
exp_hrl_v1,65,2,US_5,PUSH_VP,ADVANCE,,0.21747517585754395,38.966827392578125,,,2
exp_hrl_v1,65,2,US_6,PUSH_VP,ADVANCE,,0.21960562467575073,43.13095474243164,,,4
exp_hrl_v1,65,2,US_7,PUSH_VP,ADVANCE,,0.21960562467575073,43.13095474243164,,,2
exp_hrl_v1,65,3,US_1,PUSH_VP,ADVANCE,,0.21960562467575073,43.13095474243164,,,4
exp_hrl_v1,65,3,US_2,PUSH_VP,ADVANCE,,0.21960562467575073,43.13095474243164,,,4
exp_hrl_v1,65,3,US_3,PUSH_VP,ADVANCE,,0.21960562467575073,43.13095474243164,,,4
exp_hrl_v1,65,3,US_4,PUSH_VP,ADVANCE,,0.21960562467575073,43.13095474243164,,,4
exp_hrl_v1,65,3,US_5,PUSH_VP,FLANK,,0.18429358303546906,51.56973648071289,,,2
exp_hrl_v1,65,3,US_6,PUSH_VP,FLANK,,0.18429358303546906,51.56973648071289,,,4
exp_hrl_v1,65,3,US_7,PUSH_VP,FLANK,,0.18429358303546906,51.56973648071289,,,2
exp_hrl_v1,65,4,US_1,PUSH_VP,FLANK,,0.18429358303546906,51.56973648071289,,,4
exp_hrl_v1,65,4,US_2,PUSH_VP,FLANK,,0.18429358303546906,51.56973648071289,,,4
exp_hrl_v1,65,4,US_3,PUSH_VP,ADVANCE,,0.18515048921108246,55.64869689941406,,,4
exp_hrl_v1,65,4,US_4,PUSH_VP,ADVANCE,,0.18515048921108246,55.64869689941406,,,4
exp_hrl_v1,65,4,US_5,PUSH_VP,ADVANCE,,0.18515048921108246,55.64869689941406,,,2
exp_hrl_v1,65,4,US_6,PUSH_VP,ADVANCE,,0.18515048921108246,55.64869689941406,,,4
exp_hrl_v1,65,4,US_7,PUSH_VP,ADVANCE,,0.18515048921108246,55.64869689941406,,,2
exp_hrl_v1,65,5,US_1,PUSH_VP,ADVANCE,,0.18515048921108246,55.64869689941406,,,4
exp_hrl_v1,65,5,US_2,PUSH_VP,ATTACK,DIRECT,0.13074275851249695,59.29676818847656,,,4
exp_hrl_v1,65,5,US_3,PUSH_VP,ATTACK,DIRECT,0.13074275851249695,59.29676818847656,,,4
exp_hrl_v1,65,5,US_4,PUSH_VP,ATTACK,DIRECT,0.13074275851249695,59.29676818847656,,,4
exp_hrl_v1,65,5,US_5,PUSH_VP,ATTACK,DIRECT,0.13074275851249695,59.29676818847656,,,2
exp_hrl_v1,65,5,US_6,PUSH_VP,ATTACK,DIRECT,0.13074275851249695,59.29676818847656,,,4
exp_hrl_v1,65,5,US_7,PUSH_VP,ATTACK,DIRECT,0.13074275851249695,59.29676818847656,,,2
exp_hrl_v1,65,6,US_1,PUSH_VP,ATTACK,DIRECT,0.13074275851249695,59.29676818847656,,,4
exp_hrl_v1,65,6,US_2,PUSH_VP,ATTACK,DIRECT,0.13074275851249695,59.29676818847656,,,4
exp_hrl_v1,65,6,US_3,PUSH_VP,ATTACK,DIRECT,0.13074275851249695,59.29676818847656,,,4
exp_hrl_v1,65,6,US_4,PUSH_VP,ATTACK,DIRECT,0.13074275851249695,59.29676818847656,,,4
exp_hrl_v1,66,1,US_1,HOLD_VP,ADVANCE,,0.1899789720773697,31.995033264160156,,,4
exp_hrl_v1,66,1,US_2,HOLD_VP,ADVANCE,,0.1899789720773697,31.995033264160156,,,4
exp_hrl_v1,66,1,US_3,HOLD_VP,ADVANCE,,0.1899789720773697,31.995033264160156,,,4
exp_hrl_v1,66,1,US_4,HOLD_VP,ADVANCE,,0.1899789720773697,31.995033264160156,,,4
exp_hrl_v1,66,1,US_5,HOLD_VP,ADVANCE,,0.1899789720773697,31.995033264160156,,,2
exp_hrl_v1,66,1,US_6,HOLD_VP,ADVANCE,,0.1899789720773697,31.995033264160156,,,4
exp_hrl_v1,66,1,US_7,HOLD_VP,ADVANCE,,0.19832457602024078,38.966827392578125,,,2
exp_hrl_v1,66,2,US_1,HOLD_VP,ADVANCE,,0.19832457602024078,38.966827392578125,,,4
exp_hrl_v1,66,2,US_2,HOLD_VP,ADVANCE,,0.19832457602024078,38.966827392578125,,,4
exp_hrl_v1,66,2,US_3,HOLD_VP,ADVANCE,,0.19832457602024078,38.966827392578125,,,4
exp_hrl_v1,66,2,US_4,HOLD_VP,ADVANCE,,0.19832457602024078,38.966827392578125,,,4
exp_hrl_v1,66,2,US_5,HOLD_VP,ADVANCE,,0.19832457602024078,38.966827392578125,,,2
exp_hrl_v1,66,2,US_6,HOLD_VP,FLANK,,0.19315460324287415,43.13095474243164,,,4
exp_hrl_v1,66,2,US_7,HOLD_VP,FLANK,,0.19315460324287415,43.13095474243164,,,2
exp_hrl_v1,66,3,US_1,HOLD_VP,FLANK,,0.19315460324287415,43.13095474243164,,,4
exp_hrl_v1,66,3,US_2,HOLD_VP,FLANK,,0.19315460324287415,43.13095474243164,,,4
exp_hrl_v1,66,3,US_3,HOLD_VP,FLANK,,0.19315460324287415,43.13095474243164,,,4
exp_hrl_v1,66,3,US_4,HOLD_VP,FLANK,,0.18354815244674683,50.39462661743164,,,4
exp_hrl_v1,66,3,US_5,HOLD_VP,FLANK,,0.18354815244674683,50.39462661743164,,,2
exp_hrl_v1,66,3,US_6,HOLD_VP,FLANK,,0.18354815244674683,50.39462661743164,,,4
exp_hrl_v1,66,3,US_7,HOLD_VP,FLANK,,0.18354815244674683,50.39462661743164,,,2
exp_hrl_v1,66,4,US_1,HOLD_VP,FLANK,,0.18354815244674683,50.39462661743164,,,4
exp_hrl_v1,66,4,US_2,HOLD_VP,ATTACK,DIRECT,0.30112895369529724,56.231170654296875,,,4
exp_hrl_v1,66,4,US_3,HOLD_VP,ATTACK,DIRECT,0.30112895369529724,56.231170654296875,,,4
exp_hrl_v1,66,4,US_4,HOLD_VP,ATTACK,DIRECT,0.30112895369529724,56.231170654296875,,,4
exp_hrl_v1,66,4,US_5,HOLD_VP,ATTACK,DIRECT,0.30112895369529724,56.231170654296875,,,2
exp_hrl_v1,66,4,US_6,HOLD_VP,ATTACK,DIRECT,0.30112895369529724,56.231170654296875,,,4
exp_hrl_v1,66,4,US_7,HOLD_VP,ATTACK,DIRECT,0.30112895369529724,56.231170654296875,,,2
exp_hrl_v1,66,5,US_1,HOLD_VP,ATTACK,DIRECT,0.30112895369529724,56.231170654296875,,,4
exp_hrl_v1,67,1,US_1,ATTACK,RETREAT,,0.19773367047309875,31.995033264160156,,,4
exp_hrl_v1,67,1,US_2,ATTACK,RETREAT,,0.19773367047309875,31.995033264160156,,,4
exp_hrl_v1,67,1,US_3,ATTACK,ADVANCE,,0.19097395241260529,39.331787109375,,,4
exp_hrl_v1,67,1,US_4,ATTACK,ADVANCE,,0.19097395241260529,39.331787109375,,,4
exp_hrl_v1,67,1,US_5,ATTACK,ADVANCE,,0.19097395241260529,39.331787109375,,,2
exp_hrl_v1,67,1,US_6,ATTACK,ADVANCE,,0.19097395241260529,39.331787109375,,,4
exp_hrl_v1,67,1,US_7,ATTACK,ADVANCE,,0.19097395241260529,39.331787109375,,,2
exp_hrl_v1,67,2,US_1,ATTACK,ADVANCE,,0.19097395241260529,39.331787109375,,,4
exp_hrl_v1,67,2,US_2,ATTACK,ADVANCE,,0.20358076691627502,41.62881851196289,,,4
exp_hrl_v1,67,2,US_3,ATTACK,ADVANCE,,0.20358076691627502,41.62881851196289,,,4
exp_hrl_v1,67,2,US_4,ATTACK,ADVANCE,,0.20358076691627502,41.62881851196289,,,4
exp_hrl_v1,67,2,US_5,ATTACK,ADVANCE,,0.20358076691627502,41.62881851196289,,,2
exp_hrl_v1,67,2,US_6,ATTACK,ADVANCE,,0.20358076691627502,41.62881851196289,,,4
exp_hrl_v1,67,2,US_7,ATTACK,ADVANCE,,0.20358076691627502,41.62881851196289,,,2
exp_hrl_v1,67,3,US_1,ATTACK,FLANK,,0.18307264149188995,46.48809814453125,,,4
exp_hrl_v1,67,3,US_2,ATTACK,FLANK,,0.18307264149188995,46.48809814453125,,,4
exp_hrl_v1,67,3,US_3,ATTACK,FLANK,,0.18307264149188995,46.48809814453125,,,4
exp_hrl_v1,67,3,US_4,ATTACK,FLANK,,0.18307264149188995,46.48809814453125,,,4
exp_hrl_v1,67,3,US_5,ATTACK,FLANK,,0.18307264149188995,46.48809814453125,,,2
exp_hrl_v1,67,3,US_6,ATTACK,FLANK,,0.18255072832107544,50.755165100097656,,,4
exp_hrl_v1,67,3,US_7,ATTACK,FLANK,,0.18255072832107544,50.755165100097656,,,2
exp_hrl_v1,67,4,US_1,ATTACK,FLANK,,0.18255072832107544,50.755165100097656,,,4
exp_hrl_v1,67,4,US_2,ATTACK,FLANK,,0.18255072832107544,50.755165100097656,,,4
exp_hrl_v1,67,4,US_3,ATTACK,FLANK,,0.18255072832107544,50.755165100097656,,,4
exp_hrl_v1,67,4,US_4,ATTACK,ATTACK,DIRECT,0.30050843954086304,56.5468864440918,,,4
exp_hrl_v1,67,4,US_5,ATTACK,ATTACK,DIRECT,0.30050843954086304,56.5468864440918,,,2
exp_hrl_v1,67,4,US_6,ATTACK,ATTACK,DIRECT,0.30050843954086304,56.5468864440918,,,4
exp_hrl_v1,67,4,US_7,ATTACK,ATTACK,DIRECT,0.30050843954086304,56.5468864440918,,,2
exp_hrl_v1,67,5,US_1,ATTACK,ATTACK,DIRECT,0.30050843954086304,56.5468864440918,,,4
exp_hrl_v1,67,5,US_2,ATTACK,ATTACK,DIRECT,0.30050843954086304,56.5468864440918,,,4
exp_hrl_v1,67,5,US_3,ATTACK,ATTACK,DIRECT,0.30050843954086304,56.5468864440918,,,4
exp_hrl_v1,67,5,US_4,ATTACK,ATTACK,DIRECT,0.30050843954086304,56.5468864440918,,,4
exp_hrl_v1,67,5,US_5,ATTACK,ATTACK,DIRECT,0.30050843954086304,56.5468864440918,,,2
exp_hrl_v1,67,5,US_6,ATTACK,ATTACK,DIRECT,0.30050843954086304,56.5468864440918,,,4
exp_hrl_v1,67,5,US_7,HOLD_VP,ATTACK,DIRECT,0.3047308027744293,55.031578063964844,,,2
exp_hrl_v1,67,6,US_1,HOLD_VP,ATTACK,DIRECT,0.3047308027744293,55.031578063964844,,,4
exp_hrl_v1,68,1,US_1,PUSH_VP,FLANK,,0.1957722306251526,31.995033264160156,,,4
exp_hrl_v1,68,1,US_2,PUSH_VP,FLANK,,0.1957722306251526,31.995033264160156,,,4
exp_hrl_v1,68,1,US_3,PUSH_VP,FLANK,,0.1957722306251526,31.995033264160156,,,4
exp_hrl_v1,68,1,US_4,PUSH_VP,FLANK,,0.1957722306251526,31.995033264160156,,,4
exp_hrl_v1,68,1,US_5,PUSH_VP,FLANK,,0.1957722306251526,31.995033264160156,,,2
exp_hrl_v1,68,1,US_6,PUSH_VP,ADVANCE,,0.19178712368011475,38.0492057800293,,,4
exp_hrl_v1,68,1,US_7,PUSH_VP,ADVANCE,,0.19178712368011475,38.0492057800293,,,2
exp_hrl_v1,68,2,US_1,PUSH_VP,ADVANCE,,0.19178712368011475,38.0492057800293,,,4
exp_hrl_v1,68,2,US_2,PUSH_VP,ADVANCE,,0.19178712368011475,38.0492057800293,,,4
exp_hrl_v1,68,2,US_3,PUSH_VP,ADVANCE,,0.19178712368011475,38.0492057800293,,,4
exp_hrl_v1,68,2,US_4,PUSH_VP,ADVANCE,,0.19178712368011475,38.0492057800293,,,4
exp_hrl_v1,68,2,US_5,PUSH_VP,ADVANCE,,0.1881471872329712,45.439945220947266,,,2
exp_hrl_v1,68,2,US_6,PUSH_VP,ADVANCE,,0.1881471872329712,45.439945220947266,,,4
exp_hrl_v1,68,2,US_7,PUSH_VP,ADVANCE,,0.1881471872329712,45.439945220947266,,,2
exp_hrl_v1,68,3,US_1,PUSH_VP,ADVANCE,,0.1881471872329712,45.439945220947266,,,4
exp_hrl_v1,68,3,US_2,PUSH_VP,ADVANCE,,0.1881471872329712,45.439945220947266,,,4
exp_hrl_v1,68,3,US_3,PUSH_VP,ADVANCE,,0.1881471872329712,45.439945220947266,,,4
exp_hrl_v1,68,3,US_4,PUSH_VP,ADVANCE,,0.25601300597190857,51.02067565917969,,,4
exp_hrl_v1,68,3,US_5,PUSH_VP,ADVANCE,,0.25601300597190857,51.02067565917969,,,2
exp_hrl_v1,68,3,US_6,PUSH_VP,ADVANCE,,0.25601300597190857,51.02067565917969,,,4
exp_hrl_v1,68,3,US_7,PUSH_VP,ADVANCE,,0.25601300597190857,51.02067565917969,,,2
exp_hrl_v1,68,4,US_1,PUSH_VP,ADVANCE,,0.25601300597190857,51.02067565917969,,,4
exp_hrl_v1,68,4,US_2,PUSH_VP,ADVANCE,,0.25601300597190857,51.02067565917969,,,4
exp_hrl_v1,68,4,US_3,PUSH_VP,ADVANCE,,0.18369968235492706,55.434879302978516,,,4
exp_hrl_v1,68,4,US_4,PUSH_VP,ADVANCE,,0.18369968235492706,55.434879302978516,,,4
exp_hrl_v1,68,4,US_5,PUSH_VP,ADVANCE,,0.18369968235492706,55.434879302978516,,,2
exp_hrl_v1,68,4,US_6,PUSH_VP,ADVANCE,,0.18369968235492706,55.434879302978516,,,4
exp_hrl_v1,68,4,US_7,PUSH_VP,ADVANCE,,0.18369968235492706,55.434879302978516,,,2
exp_hrl_v1,68,5,US_1,PUSH_VP,ADVANCE,,0.18369968235492706,55.434879302978516,,,4
exp_hrl_v1,68,5,US_2,PUSH_VP,ADVANCE,,0.17060346901416779,59.2537841796875,,,4
exp_hrl_v1,68,5,US_3,PUSH_VP,ADVANCE,,0.17060346901416779,59.2537841796875,,,4
exp_hrl_v1,68,5,US_4,PUSH_VP,ADVANCE,,0.17060346901416779,59.2537841796875,,,4
exp_hrl_v1,68,5,US_5,PUSH_VP,ADVANCE,,0.17060346901416779,59.2537841796875,,,2
exp_hrl_v1,68,5,US_6,PUSH_VP,ADVANCE,,0.17060346901416779,59.2537841796875,,,4
exp_hrl_v1,68,5,US_7,PUSH_VP,ADVANCE,,0.17060346901416779,59.2537841796875,,,2
exp_hrl_v1,68,6,US_1,HOLD_VP,ATTACK,INDIRECT,0.41576534509658813,63.322509765625,,,4
exp_hrl_v1,68,6,US_2,HOLD_VP,ATTACK,INDIRECT,0.41576534509658813,63.322509765625,,,4
exp_hrl_v1,68,6,US_3,HOLD_VP,ATTACK,INDIRECT,0.41576534509658813,63.322509765625,,,4
exp_hrl_v1,68,6,US_4,HOLD_VP,ATTACK,INDIRECT,0.41576534509658813,63.322509765625,,,4
exp_hrl_v1,68,6,US_5,HOLD_VP,ATTACK,INDIRECT,0.41576534509658813,63.322509765625,,,2
exp_hrl_v1,68,6,US_6,HOLD_VP,ATTACK,INDIRECT,0.41576534509658813,63.322509765625,,,4
exp_hrl_v1,68,6,US_7,HOLD_VP,ATTACK,INDIRECT,0.41576534509658813,63.322509765625,,,2
exp_hrl_v1,68,7,US_1,HOLD_VP,ATTACK,INDIRECT,0.41576534509658813,63.322509765625,,,4
exp_hrl_v1,68,7,US_2,HOLD_VP,ATTACK,INDIRECT,0.41576534509658813,63.322509765625,,,4
exp_hrl_v1,69,1,US_1,ATTACK,RETREAT,,0.19773367047309875,31.995033264160156,,,4
exp_hrl_v1,69,1,US_2,ATTACK,RETREAT,,0.19773367047309875,31.995033264160156,,,4
exp_hrl_v1,69,1,US_3,ATTACK,ADVANCE,,0.19528698921203613,39.331787109375,,,4
exp_hrl_v1,69,1,US_4,ATTACK,ADVANCE,,0.19528698921203613,39.331787109375,,,4
exp_hrl_v1,69,1,US_5,ATTACK,ADVANCE,,0.19528698921203613,39.331787109375,,,2
exp_hrl_v1,69,1,US_6,ATTACK,ADVANCE,,0.19528698921203613,39.331787109375,,,4
exp_hrl_v1,69,1,US_7,ATTACK,ADVANCE,,0.19528698921203613,39.331787109375,,,2
exp_hrl_v1,69,2,US_1,ATTACK,ADVANCE,,0.19528698921203613,39.331787109375,,,4
exp_hrl_v1,69,2,US_2,ATTACK,RETREAT,,0.21709340810775757,41.62881851196289,,,4
exp_hrl_v1,69,2,US_3,ATTACK,RETREAT,,0.21709340810775757,41.62881851196289,,,4
exp_hrl_v1,69,2,US_4,ATTACK,ADVANCE,,0.2003711313009262,44.84381866455078,,,4
exp_hrl_v1,69,2,US_5,ATTACK,ADVANCE,,0.2003711313009262,44.84381866455078,,,2
exp_hrl_v1,69,2,US_6,ATTACK,ADVANCE,,0.2003711313009262,44.84381866455078,,,4
exp_hrl_v1,69,2,US_7,ATTACK,ADVANCE,,0.2003711313009262,44.84381866455078,,,2
exp_hrl_v1,69,3,US_1,ATTACK,ADVANCE,,0.2003711313009262,44.84381866455078,,,4
exp_hrl_v1,69,3,US_2,ATTACK,ADVANCE,,0.2003711313009262,44.84381866455078,,,4
exp_hrl_v1,69,3,US_3,ATTACK,ATTACK,DIRECT,0.19923758506774902,50.319034576416016,,,4
exp_hrl_v1,69,3,US_4,ATTACK,ATTACK,DIRECT,0.19923758506774902,50.319034576416016,,,4
exp_hrl_v1,69,3,US_5,ATTACK,ATTACK,DIRECT,0.19923758506774902,50.319034576416016,,,2
exp_hrl_v1,69,3,US_6,ATTACK,ATTACK,DIRECT,0.19923758506774902,50.319034576416016,,,4
exp_hrl_v1,69,3,US_7,ATTACK,ATTACK,DIRECT,0.19923758506774902,50.319034576416016,,,2
exp_hrl_v1,69,4,US_1,ATTACK,ATTACK,DIRECT,0.19923758506774902,50.319034576416016,,,4
exp_hrl_v1,69,4,US_2,ATTACK,ATTACK,DIRECT,0.19923758506774902,50.319034576416016,,,4
exp_hrl_v1,69,4,US_3,ATTACK,ATTACK,DIRECT,0.19923758506774902,50.319034576416016,,,4
exp_hrl_v1,69,4,US_4,ATTACK,ATTACK,DIRECT,0.19923758506774902,50.319034576416016,,,4
exp_hrl_v1,69,4,US_5,ATTACK,ATTACK,DIRECT,0.19923758506774902,50.319034576416016,,,2
exp_hrl_v1,69,4,US_6,ATTACK,ATTACK,DIRECT,0.17186443507671356,53.35261535644531,,,4
exp_hrl_v1,69,4,US_7,ATTACK,ATTACK,DIRECT,0.17186443507671356,53.35261535644531,,,2
exp_hrl_v1,70,1,US_1,PUSH_VP,ADVANCE,,0.1899789720773697,31.995033264160156,,,4
exp_hrl_v1,70,1,US_2,PUSH_VP,ADVANCE,,0.1899789720773697,31.995033264160156,,,4
exp_hrl_v1,70,1,US_3,PUSH_VP,ADVANCE,,0.1899789720773697,31.995033264160156,,,4
exp_hrl_v1,70,1,US_4,PUSH_VP,ADVANCE,,0.1899789720773697,31.995033264160156,,,4
exp_hrl_v1,70,1,US_5,PUSH_VP,ADVANCE,,0.1899789720773697,31.995033264160156,,,2
exp_hrl_v1,70,1,US_6,PUSH_VP,ADVANCE,,0.1899789720773697,31.995033264160156,,,4
exp_hrl_v1,70,1,US_7,PUSH_VP,ADVANCE,,0.19140321016311646,38.966827392578125,,,2
exp_hrl_v1,70,2,US_1,PUSH_VP,ADVANCE,,0.19140321016311646,38.966827392578125,,,4
exp_hrl_v1,70,2,US_2,PUSH_VP,ADVANCE,,0.19140321016311646,38.966827392578125,,,4
exp_hrl_v1,70,2,US_3,PUSH_VP,ADVANCE,,0.19140321016311646,38.966827392578125,,,4
exp_hrl_v1,70,2,US_4,PUSH_VP,ADVANCE,,0.19140321016311646,38.966827392578125,,,4
exp_hrl_v1,70,2,US_5,PUSH_VP,ADVANCE,,0.19140321016311646,38.966827392578125,,,2
exp_hrl_v1,70,2,US_6,PUSH_VP,FLANK,,0.1930677741765976,43.13095474243164,,,4
exp_hrl_v1,70,2,US_7,PUSH_VP,FLANK,,0.1930677741765976,43.13095474243164,,,2
exp_hrl_v1,70,3,US_1,PUSH_VP,FLANK,,0.1930677741765976,43.13095474243164,,,4
exp_hrl_v1,70,3,US_2,PUSH_VP,FLANK,,0.1930677741765976,43.13095474243164,,,4
exp_hrl_v1,70,3,US_3,PUSH_VP,FLANK,,0.1930677741765976,43.13095474243164,,,4
exp_hrl_v1,70,3,US_4,PUSH_VP,ADVANCE,,0.17888130247592926,50.39462661743164,,,4
exp_hrl_v1,70,3,US_5,PUSH_VP,ADVANCE,,0.17888130247592926,50.39462661743164,,,2
exp_hrl_v1,70,3,US_6,PUSH_VP,ADVANCE,,0.17888130247592926,50.39462661743164,,,4
exp_hrl_v1,70,3,US_7,PUSH_VP,ADVANCE,,0.17888130247592926,50.39462661743164,,,2
exp_hrl_v1,70,4,US_1,PUSH_VP,ADVANCE,,0.17888130247592926,50.39462661743164,,,4
exp_hrl_v1,70,4,US_2,PUSH_VP,ADVANCE,,0.17888130247592926,50.39462661743164,,,4
exp_hrl_v1,70,4,US_3,PUSH_VP,ADVANCE,,0.20547562837600708,55.45258712768555,,,4
exp_hrl_v1,70,4,US_4,PUSH_VP,ADVANCE,,0.20547562837600708,55.45258712768555,,,4
exp_hrl_v1,70,4,US_5,PUSH_VP,ADVANCE,,0.20547562837600708,55.45258712768555,,,2
exp_hrl_v1,70,4,US_6,PUSH_VP,ADVANCE,,0.20547562837600708,55.45258712768555,,,4
exp_hrl_v1,70,4,US_7,PUSH_VP,ADVANCE,,0.20547562837600708,55.45258712768555,,,2
exp_hrl_v1,70,5,US_1,PUSH_VP,ADVANCE,,0.20547562837600708,55.45258712768555,,,4
exp_hrl_v1,70,5,US_2,PUSH_VP,ATTACK,INDIRECT,0.3427402675151825,59.27045822143555,,,4
exp_hrl_v1,70,5,US_3,PUSH_VP,ATTACK,INDIRECT,0.3427402675151825,59.27045822143555,,,4
exp_hrl_v1,70,5,US_4,PUSH_VP,ATTACK,INDIRECT,0.3427402675151825,59.27045822143555,,,4
exp_hrl_v1,70,5,US_5,PUSH_VP,ATTACK,INDIRECT,0.3427402675151825,59.27045822143555,,,2
exp_hrl_v1,70,5,US_6,PUSH_VP,ATTACK,INDIRECT,0.3427402675151825,59.27045822143555,,,4
exp_hrl_v1,70,5,US_7,PUSH_VP,ATTACK,INDIRECT,0.3427402675151825,59.27045822143555,,,2
exp_hrl_v1,70,6,US_1,PUSH_VP,ATTACK,INDIRECT,0.3427402675151825,59.27045822143555,,,4
exp_hrl_v1,70,6,US_2,PUSH_VP,ATTACK,INDIRECT,0.3427402675151825,59.27045822143555,,,4
exp_hrl_v1,70,6,US_3,PUSH_VP,ATTACK,INDIRECT,0.3427402675151825,59.27045822143555,,,4
exp_hrl_v1,70,6,US_4,PUSH_VP,ATTACK,INDIRECT,0.3427402675151825,59.27045822143555,,,4
exp_hrl_v1,70,6,US_5,HOLD_VP,ATTACK,DIRECT,0.314151793718338,56.23059844970703,,,2
exp_hrl_v1,70,6,US_6,HOLD_VP,ATTACK,DIRECT,0.314151793718338,56.23059844970703,,,4
exp_hrl_v1,71,1,US_1,PUSH_VP,ADVANCE,,0.19773367047309875,31.995033264160156,,,4
exp_hrl_v1,71,1,US_2,PUSH_VP,ADVANCE,,0.19773367047309875,31.995033264160156,,,4
exp_hrl_v1,71,1,US_3,PUSH_VP,ADVANCE,,0.19773367047309875,31.995033264160156,,,4
exp_hrl_v1,71,1,US_4,PUSH_VP,ADVANCE,,0.19773367047309875,31.995033264160156,,,4
exp_hrl_v1,71,1,US_5,PUSH_VP,ADVANCE,,0.19773367047309875,31.995033264160156,,,2
exp_hrl_v1,71,1,US_6,PUSH_VP,ADVANCE,,0.19773367047309875,31.995033264160156,,,4
exp_hrl_v1,71,1,US_7,PUSH_VP,HOLD,,0.19832457602024078,38.966827392578125,,,2
exp_hrl_v1,71,2,US_1,PUSH_VP,ADVANCE,,0.2043309062719345,41.165252685546875,,,4
exp_hrl_v1,71,2,US_2,PUSH_VP,ADVANCE,,0.2043309062719345,41.165252685546875,,,4
exp_hrl_v1,71,2,US_3,PUSH_VP,ADVANCE,,0.2043309062719345,41.165252685546875,,,4
exp_hrl_v1,71,2,US_4,PUSH_VP,ADVANCE,,0.2043309062719345,41.165252685546875,,,4
exp_hrl_v1,71,2,US_5,PUSH_VP,ADVANCE,,0.2043309062719345,41.165252685546875,,,2
exp_hrl_v1,71,2,US_6,PUSH_VP,ADVANCE,,0.2043309062719345,41.165252685546875,,,4
exp_hrl_v1,71,2,US_7,PUSH_VP,ADVANCE,,0.1907137930393219,46.40751647949219,,,2
exp_hrl_v1,71,3,US_1,PUSH_VP,ADVANCE,,0.1907137930393219,46.40751647949219,,,4
exp_hrl_v1,71,3,US_2,PUSH_VP,ADVANCE,,0.1907137930393219,46.40751647949219,,,4
exp_hrl_v1,71,3,US_3,PUSH_VP,ADVANCE,,0.1907137930393219,46.40751647949219,,,4
exp_hrl_v1,71,3,US_4,PUSH_VP,ADVANCE,,0.1907137930393219,46.40751647949219,,,4
exp_hrl_v1,71,3,US_5,PUSH_VP,ADVANCE,,0.1907137930393219,46.40751647949219,,,2
exp_hrl_v1,71,3,US_6,PUSH_VP,FLANK,,0.19751599431037903,49.63010787963867,,,4
exp_hrl_v1,71,3,US_7,PUSH_VP,FLANK,,0.19751599431037903,49.63010787963867,,,2
exp_hrl_v1,71,4,US_1,PUSH_VP,FLANK,,0.19751599431037903,49.63010787963867,,,4
exp_hrl_v1,71,4,US_2,PUSH_VP,FLANK,,0.19751599431037903,49.63010787963867,,,4
exp_hrl_v1,71,4,US_3,PUSH_VP,FLANK,,0.19751599431037903,49.63010787963867,,,4
exp_hrl_v1,71,4,US_4,PUSH_VP,ADVANCE,,0.26167094707489014,55.62947463989258,,,4
exp_hrl_v1,71,4,US_5,PUSH_VP,ADVANCE,,0.26167094707489014,55.62947463989258,,,2
exp_hrl_v1,71,4,US_6,PUSH_VP,ADVANCE,,0.26167094707489014,55.62947463989258,,,4
exp_hrl_v1,71,4,US_7,PUSH_VP,ADVANCE,,0.26167094707489014,55.62947463989258,,,2
exp_hrl_v1,71,5,US_1,PUSH_VP,ADVANCE,,0.26167094707489014,55.62947463989258,,,4
exp_hrl_v1,71,5,US_2,PUSH_VP,ADVANCE,,0.26167094707489014,55.62947463989258,,,4
exp_hrl_v1,71,5,US_3,HOLD_VP,ATTACK,DIRECT,0.13021928071975708,59.44941329956055,,,4
exp_hrl_v1,71,5,US_4,HOLD_VP,ATTACK,DIRECT,0.13021928071975708,59.44941329956055,,,4
exp_hrl_v1,71,5,US_5,HOLD_VP,ATTACK,DIRECT,0.13021928071975708,59.44941329956055,,,2
exp_hrl_v1,71,5,US_6,HOLD_VP,ATTACK,DIRECT,0.13021928071975708,59.44941329956055,,,4
exp_hrl_v1,71,5,US_7,HOLD_VP,ATTACK,DIRECT,0.13021928071975708,59.44941329956055,,,2
exp_hrl_v1,71,6,US_1,HOLD_VP,ATTACK,DIRECT,0.13021928071975708,59.44941329956055,,,4
exp_hrl_v1,72,1,US_1,HOLD_VP,FLANK,,0.1957722306251526,31.995033264160156,,,4
exp_hrl_v1,72,1,US_2,HOLD_VP,FLANK,,0.1957722306251526,31.995033264160156,,,4
exp_hrl_v1,72,1,US_3,HOLD_VP,FLANK,,0.1957722306251526,31.995033264160156,,,4
exp_hrl_v1,72,1,US_4,HOLD_VP,FLANK,,0.1957722306251526,31.995033264160156,,,4
exp_hrl_v1,72,1,US_5,HOLD_VP,FLANK,,0.1957722306251526,31.995033264160156,,,2
exp_hrl_v1,72,1,US_6,HOLD_VP,FLANK,,0.19572269916534424,38.0492057800293,,,4
exp_hrl_v1,72,1,US_7,HOLD_VP,FLANK,,0.19572269916534424,38.0492057800293,,,2
exp_hrl_v1,72,2,US_1,HOLD_VP,FLANK,,0.19572269916534424,38.0492057800293,,,4
exp_hrl_v1,72,2,US_2,HOLD_VP,FLANK,,0.19572269916534424,38.0492057800293,,,4
exp_hrl_v1,72,2,US_3,HOLD_VP,FLANK,,0.19572269916534424,38.0492057800293,,,4
exp_hrl_v1,72,2,US_4,HOLD_VP,ADVANCE,,0.19448912143707275,44.03032684326172,,,4
exp_hrl_v1,72,2,US_5,HOLD_VP,ADVANCE,,0.19448912143707275,44.03032684326172,,,2
exp_hrl_v1,72,2,US_6,HOLD_VP,ADVANCE,,0.19448912143707275,44.03032684326172,,,4
exp_hrl_v1,72,2,US_7,HOLD_VP,ADVANCE,,0.19448912143707275,44.03032684326172,,,2
exp_hrl_v1,72,3,US_1,HOLD_VP,ADVANCE,,0.19448912143707275,44.03032684326172,,,4
exp_hrl_v1,72,3,US_2,HOLD_VP,ADVANCE,,0.19448912143707275,44.03032684326172,,,4
exp_hrl_v1,72,3,US_3,HOLD_VP,ADVANCE,,0.2557337284088135,50.942718505859375,,,4
exp_hrl_v1,72,3,US_4,HOLD_VP,ADVANCE,,0.2557337284088135,50.942718505859375,,,4
exp_hrl_v1,72,3,US_5,HOLD_VP,ADVANCE,,0.2557337284088135,50.942718505859375,,,2
exp_hrl_v1,72,3,US_6,HOLD_VP,ADVANCE,,0.2557337284088135,50.942718505859375,,,4
exp_hrl_v1,72,3,US_7,HOLD_VP,ADVANCE,,0.2557337284088135,50.942718505859375,,,2
exp_hrl_v1,72,4,US_1,HOLD_VP,ADVANCE,,0.2557337284088135,50.942718505859375,,,4
exp_hrl_v1,72,4,US_2,HOLD_VP,ATTACK,DIRECT,0.2507025897502899,54.88075256347656,,,4
exp_hrl_v1,72,4,US_3,HOLD_VP,ATTACK,DIRECT,0.2507025897502899,54.88075256347656,,,4
exp_hrl_v1,72,4,US_4,HOLD_VP,ATTACK,DIRECT,0.2507025897502899,54.88075256347656,,,4
exp_hrl_v1,72,4,US_5,HOLD_VP,ATTACK,DIRECT,0.2507025897502899,54.88075256347656,,,2
exp_hrl_v1,72,4,US_6,HOLD_VP,ATTACK,DIRECT,0.2507025897502899,54.88075256347656,,,4
exp_hrl_v1,72,4,US_7,HOLD_VP,ATTACK,DIRECT,0.2507025897502899,54.88075256347656,,,2
exp_hrl_v1,72,5,US_1,HOLD_VP,ATTACK,DIRECT,0.2507025897502899,54.88075256347656,,,4
exp_hrl_v1,72,5,US_2,HOLD_VP,ATTACK,DIRECT,0.2507025897502899,54.88075256347656,,,4
exp_hrl_v1,72,5,US_3,HOLD_VP,ATTACK,DIRECT,0.2507025897502899,54.88075256347656,,,4
exp_hrl_v1,72,5,US_4,HOLD_VP,ATTACK,DIRECT,0.2507025897502899,54.88075256347656,,,4
exp_hrl_v1,72,5,US_5,HOLD_VP,ATTACK,DIRECT,0.2823743522167206,54.30084228515625,,,2
exp_hrl_v1,72,5,US_6,HOLD_VP,ATTACK,DIRECT,0.2823743522167206,54.30084228515625,,,4
exp_hrl_v1,73,1,US_1,PUSH_VP,FLANK,,0.1957722306251526,31.995033264160156,,,4
exp_hrl_v1,73,1,US_2,PUSH_VP,FLANK,,0.1957722306251526,31.995033264160156,,,4
exp_hrl_v1,73,1,US_3,PUSH_VP,FLANK,,0.1957722306251526,31.995033264160156,,,4
exp_hrl_v1,73,1,US_4,PUSH_VP,FLANK,,0.1957722306251526,31.995033264160156,,,4
exp_hrl_v1,73,1,US_5,PUSH_VP,FLANK,,0.1957722306251526,31.995033264160156,,,2
exp_hrl_v1,73,1,US_6,PUSH_VP,ADVANCE,,0.21194958686828613,38.0492057800293,,,4
exp_hrl_v1,73,1,US_7,PUSH_VP,ADVANCE,,0.21194958686828613,38.0492057800293,,,2
exp_hrl_v1,73,2,US_1,PUSH_VP,ADVANCE,,0.21194958686828613,38.0492057800293,,,4
exp_hrl_v1,73,2,US_2,PUSH_VP,ADVANCE,,0.21194958686828613,38.0492057800293,,,4
exp_hrl_v1,73,2,US_3,PUSH_VP,ADVANCE,,0.21194958686828613,38.0492057800293,,,4
exp_hrl_v1,73,2,US_4,PUSH_VP,ADVANCE,,0.21194958686828613,38.0492057800293,,,4
exp_hrl_v1,73,2,US_5,PUSH_VP,ADVANCE,,0.22744208574295044,45.439945220947266,,,2
exp_hrl_v1,73,2,US_6,PUSH_VP,ADVANCE,,0.22744208574295044,45.439945220947266,,,4
exp_hrl_v1,73,2,US_7,PUSH_VP,ADVANCE,,0.22744208574295044,45.439945220947266,,,2
exp_hrl_v1,73,3,US_1,PUSH_VP,ADVANCE,,0.22744208574295044,45.439945220947266,,,4
exp_hrl_v1,73,3,US_2,PUSH_VP,ADVANCE,,0.22744208574295044,45.439945220947266,,,4
exp_hrl_v1,73,3,US_3,PUSH_VP,ADVANCE,,0.22744208574295044,45.439945220947266,,,4
exp_hrl_v1,73,3,US_4,PUSH_VP,ADVANCE,,0.25601300597190857,51.02067565917969,,,4
exp_hrl_v1,73,3,US_5,PUSH_VP,ADVANCE,,0.25601300597190857,51.02067565917969,,,2
exp_hrl_v1,73,3,US_6,PUSH_VP,ADVANCE,,0.25601300597190857,51.02067565917969,,,4
exp_hrl_v1,73,3,US_7,PUSH_VP,ADVANCE,,0.25601300597190857,51.02067565917969,,,2
exp_hrl_v1,73,4,US_1,PUSH_VP,ADVANCE,,0.25601300597190857,51.02067565917969,,,4
exp_hrl_v1,73,4,US_2,PUSH_VP,ADVANCE,,0.25601300597190857,51.02067565917969,,,4
exp_hrl_v1,73,4,US_3,PUSH_VP,ADVANCE,,0.16075436770915985,55.434879302978516,,,4
exp_hrl_v1,73,4,US_4,PUSH_VP,ADVANCE,,0.16075436770915985,55.434879302978516,,,4
exp_hrl_v1,73,4,US_5,PUSH_VP,ADVANCE,,0.16075436770915985,55.434879302978516,,,2
exp_hrl_v1,73,4,US_6,PUSH_VP,ADVANCE,,0.16075436770915985,55.434879302978516,,,4
exp_hrl_v1,73,4,US_7,PUSH_VP,ADVANCE,,0.16075436770915985,55.434879302978516,,,2
exp_hrl_v1,73,5,US_1,PUSH_VP,ADVANCE,,0.16075436770915985,55.434879302978516,,,4
exp_hrl_v1,73,5,US_2,PUSH_VP,ADVANCE,,0.32026341557502747,59.2537841796875,,,4
exp_hrl_v1,73,5,US_3,PUSH_VP,ADVANCE,,0.32026341557502747,59.2537841796875,,,4
exp_hrl_v1,73,5,US_4,PUSH_VP,ADVANCE,,0.32026341557502747,59.2537841796875,,,4
exp_hrl_v1,73,5,US_5,PUSH_VP,ADVANCE,,0.32026341557502747,59.2537841796875,,,2
exp_hrl_v1,73,5,US_6,PUSH_VP,ADVANCE,,0.32026341557502747,59.2537841796875,,,4
exp_hrl_v1,73,5,US_7,PUSH_VP,ADVANCE,,0.32026341557502747,59.2537841796875,,,2
exp_hrl_v1,73,6,US_1,HOLD_VP,ADVANCE,,0.17849917709827423,63.322509765625,,,4
exp_hrl_v1,73,6,US_2,HOLD_VP,ADVANCE,,0.17849917709827423,63.322509765625,,,4
exp_hrl_v1,73,6,US_3,HOLD_VP,ADVANCE,,0.17849917709827423,63.322509765625,,,4
exp_hrl_v1,73,6,US_4,HOLD_VP,ADVANCE,,0.17849917709827423,63.322509765625,,,4
exp_hrl_v1,73,6,US_5,HOLD_VP,ADVANCE,,0.17849917709827423,63.322509765625,,,2
exp_hrl_v1,73,6,US_6,HOLD_VP,ADVANCE,,0.17849917709827423,63.322509765625,,,4
exp_hrl_v1,73,6,US_7,HOLD_VP,ATTACK,INDIRECT,0.4142405092716217,64.76950073242188,,,2
exp_hrl_v1,73,7,US_1,HOLD_VP,ATTACK,INDIRECT,0.4142405092716217,64.76950073242188,,,4
exp_hrl_v1,73,7,US_2,HOLD_VP,ATTACK,INDIRECT,0.4142405092716217,64.76950073242188,,,4
exp_hrl_v1,73,7,US_3,HOLD_VP,ATTACK,INDIRECT,0.4142405092716217,64.76950073242188,,,4
exp_hrl_v1,73,7,US_4,HOLD_VP,ATTACK,INDIRECT,0.4142405092716217,64.76950073242188,,,4
exp_hrl_v1,73,7,US_5,HOLD_VP,ATTACK,INDIRECT,0.4142405092716217,64.76950073242188,,,2
exp_hrl_v1,73,7,US_6,HOLD_VP,ATTACK,INDIRECT,0.4142405092716217,64.76950073242188,,,4
exp_hrl_v1,73,7,US_7,HOLD_VP,ATTACK,INDIRECT,0.4142405092716217,64.76950073242188,,,2
exp_hrl_v1,73,8,US_1,HOLD_VP,ATTACK,INDIRECT,0.4142405092716217,64.76950073242188,,,4
exp_hrl_v1,74,1,US_1,HOLD_VP,ADVANCE,,0.1955854892730713,31.995033264160156,,,4
exp_hrl_v1,74,1,US_2,HOLD_VP,ADVANCE,,0.1955854892730713,31.995033264160156,,,4
exp_hrl_v1,74,1,US_3,HOLD_VP,ADVANCE,,0.1955854892730713,31.995033264160156,,,4
exp_hrl_v1,74,1,US_4,HOLD_VP,ADVANCE,,0.1955854892730713,31.995033264160156,,,4
exp_hrl_v1,74,1,US_5,HOLD_VP,ADVANCE,,0.1955854892730713,31.995033264160156,,,2
exp_hrl_v1,74,1,US_6,HOLD_VP,ADVANCE,,0.1955854892730713,31.995033264160156,,,4
exp_hrl_v1,74,1,US_7,HOLD_VP,RETREAT,,0.19609956443309784,38.966827392578125,,,2
exp_hrl_v1,74,2,US_1,HOLD_VP,RETREAT,,0.19609956443309784,38.966827392578125,,,4
exp_hrl_v1,74,2,US_2,HOLD_VP,FLANK,,0.19127243757247925,42.3665657043457,,,4
exp_hrl_v1,74,2,US_3,HOLD_VP,FLANK,,0.19127243757247925,42.3665657043457,,,4
exp_hrl_v1,74,2,US_4,HOLD_VP,FLANK,,0.19127243757247925,42.3665657043457,,,4
exp_hrl_v1,74,2,US_5,HOLD_VP,FLANK,,0.19127243757247925,42.3665657043457,,,2
exp_hrl_v1,74,2,US_6,HOLD_VP,FLANK,,0.19127243757247925,42.3665657043457,,,4
exp_hrl_v1,74,2,US_7,HOLD_VP,ADVANCE,,0.22858841717243195,46.74364471435547,,,2
exp_hrl_v1,74,3,US_1,HOLD_VP,ADVANCE,,0.22858841717243195,46.74364471435547,,,4
exp_hrl_v1,74,3,US_2,HOLD_VP,ADVANCE,,0.22858841717243195,46.74364471435547,,,4
exp_hrl_v1,74,3,US_3,HOLD_VP,ADVANCE,,0.22858841717243195,46.74364471435547,,,4
exp_hrl_v1,74,3,US_4,HOLD_VP,ADVANCE,,0.22858841717243195,46.74364471435547,,,4
exp_hrl_v1,74,3,US_5,HOLD_VP,ADVANCE,,0.22858841717243195,46.74364471435547,,,2
exp_hrl_v1,74,3,US_6,HOLD_VP,ADVANCE,,0.18218421936035156,51.430267333984375,,,4
exp_hrl_v1,74,3,US_7,HOLD_VP,ADVANCE,,0.18218421936035156,51.430267333984375,,,2
exp_hrl_v1,74,4,US_1,HOLD_VP,ADVANCE,,0.18218421936035156,51.430267333984375,,,4
exp_hrl_v1,74,4,US_2,HOLD_VP,ADVANCE,,0.18218421936035156,51.430267333984375,,,4
exp_hrl_v1,74,4,US_3,HOLD_VP,ADVANCE,,0.18218421936035156,51.430267333984375,,,4
exp_hrl_v1,74,4,US_4,HOLD_VP,ADVANCE,,0.18218421936035156,51.430267333984375,,,4
exp_hrl_v1,74,4,US_5,HOLD_VP,FLANK,,0.16998137533664703,56.44188690185547,,,2
exp_hrl_v1,74,4,US_6,HOLD_VP,FLANK,,0.16998137533664703,56.44188690185547,,,4
exp_hrl_v1,74,4,US_7,HOLD_VP,FLANK,,0.16998137533664703,56.44188690185547,,,2
exp_hrl_v1,74,5,US_1,HOLD_VP,FLANK,,0.16998137533664703,56.44188690185547,,,4
exp_hrl_v1,74,5,US_2,HOLD_VP,FLANK,,0.16998137533664703,56.44188690185547,,,4
exp_hrl_v1,74,5,US_3,HOLD_VP,ADVANCE,,0.18779106438159943,59.236297607421875,,,4
exp_hrl_v1,74,5,US_4,HOLD_VP,ADVANCE,,0.18779106438159943,59.236297607421875,,,4
exp_hrl_v1,74,5,US_5,HOLD_VP,ADVANCE,,0.18779106438159943,59.236297607421875,,,2
exp_hrl_v1,74,5,US_6,HOLD_VP,ADVANCE,,0.18779106438159943,59.236297607421875,,,4
exp_hrl_v1,74,5,US_7,HOLD_VP,ADVANCE,,0.18779106438159943,59.236297607421875,,,2
exp_hrl_v1,74,6,US_1,HOLD_VP,ADVANCE,,0.18779106438159943,59.236297607421875,,,4
exp_hrl_v1,74,6,US_2,HOLD_VP,ATTACK,DIRECT,0.41281020641326904,62.06547927856445,,,4
exp_hrl_v1,74,6,US_3,HOLD_VP,ATTACK,DIRECT,0.41281020641326904,62.06547927856445,,,4
exp_hrl_v1,74,6,US_4,HOLD_VP,ATTACK,DIRECT,0.41281020641326904,62.06547927856445,,,4
exp_hrl_v1,74,6,US_5,HOLD_VP,ATTACK,DIRECT,0.41281020641326904,62.06547927856445,,,2
exp_hrl_v1,74,6,US_6,HOLD_VP,ATTACK,DIRECT,0.41281020641326904,62.06547927856445,,,4
exp_hrl_v1,74,6,US_7,HOLD_VP,ATTACK,DIRECT,0.41281020641326904,62.06547927856445,,,2
exp_hrl_v1,74,7,US_1,HOLD_VP,ATTACK,DIRECT,0.41281020641326904,62.06547927856445,,,4
exp_hrl_v1,74,7,US_2,HOLD_VP,ATTACK,DIRECT,0.41281020641326904,62.06547927856445,,,4
exp_hrl_v1,75,1,US_1,HOLD_VP,ADVANCE,,0.2209296077489853,31.995033264160156,,,4
exp_hrl_v1,75,1,US_2,HOLD_VP,ADVANCE,,0.2209296077489853,31.995033264160156,,,4
exp_hrl_v1,75,1,US_3,HOLD_VP,ADVANCE,,0.2209296077489853,31.995033264160156,,,4
exp_hrl_v1,75,1,US_4,HOLD_VP,ADVANCE,,0.2209296077489853,31.995033264160156,,,4
exp_hrl_v1,75,1,US_5,HOLD_VP,ADVANCE,,0.2209296077489853,31.995033264160156,,,2
exp_hrl_v1,75,1,US_6,HOLD_VP,ADVANCE,,0.2209296077489853,31.995033264160156,,,4
exp_hrl_v1,75,1,US_7,HOLD_VP,ADVANCE,,0.19832457602024078,38.966827392578125,,,2
exp_hrl_v1,75,2,US_1,HOLD_VP,ADVANCE,,0.19832457602024078,38.966827392578125,,,4
exp_hrl_v1,75,2,US_2,HOLD_VP,ADVANCE,,0.19832457602024078,38.966827392578125,,,4
exp_hrl_v1,75,2,US_3,HOLD_VP,ADVANCE,,0.19832457602024078,38.966827392578125,,,4
exp_hrl_v1,75,2,US_4,HOLD_VP,ADVANCE,,0.19832457602024078,38.966827392578125,,,4
exp_hrl_v1,75,2,US_5,HOLD_VP,ADVANCE,,0.19832457602024078,38.966827392578125,,,2
exp_hrl_v1,75,2,US_6,HOLD_VP,FLANK,,0.19315460324287415,43.13095474243164,,,4
exp_hrl_v1,75,2,US_7,HOLD_VP,FLANK,,0.19315460324287415,43.13095474243164,,,2
exp_hrl_v1,75,3,US_1,HOLD_VP,FLANK,,0.19315460324287415,43.13095474243164,,,4
exp_hrl_v1,75,3,US_2,HOLD_VP,FLANK,,0.19315460324287415,43.13095474243164,,,4
exp_hrl_v1,75,3,US_3,HOLD_VP,FLANK,,0.19315460324287415,43.13095474243164,,,4
exp_hrl_v1,75,3,US_4,HOLD_VP,FLANK,,0.18354815244674683,50.39462661743164,,,4
exp_hrl_v1,75,3,US_5,HOLD_VP,FLANK,,0.18354815244674683,50.39462661743164,,,2
exp_hrl_v1,75,3,US_6,HOLD_VP,FLANK,,0.18354815244674683,50.39462661743164,,,4
exp_hrl_v1,75,3,US_7,HOLD_VP,FLANK,,0.18354815244674683,50.39462661743164,,,2
exp_hrl_v1,75,4,US_1,HOLD_VP,FLANK,,0.18354815244674683,50.39462661743164,,,4
exp_hrl_v1,75,4,US_2,HOLD_VP,ATTACK,DIRECT,0.30112895369529724,56.231170654296875,,,4
exp_hrl_v1,75,4,US_3,HOLD_VP,ATTACK,DIRECT,0.30112895369529724,56.231170654296875,,,4
exp_hrl_v1,75,4,US_4,HOLD_VP,ATTACK,DIRECT,0.30112895369529724,56.231170654296875,,,4
exp_hrl_v1,75,4,US_5,HOLD_VP,ATTACK,DIRECT,0.30112895369529724,56.231170654296875,,,2
exp_hrl_v1,75,4,US_6,HOLD_VP,ATTACK,DIRECT,0.30112895369529724,56.231170654296875,,,4
exp_hrl_v1,75,4,US_7,HOLD_VP,ATTACK,DIRECT,0.30112895369529724,56.231170654296875,,,2
exp_hrl_v1,75,5,US_1,HOLD_VP,ATTACK,DIRECT,0.30112895369529724,56.231170654296875,,,4
exp_hrl_v1,75,5,US_2,HOLD_VP,ATTACK,DIRECT,0.30112895369529724,56.231170654296875,,,4
exp_hrl_v1,75,5,US_3,HOLD_VP,ATTACK,DIRECT,0.30112895369529724,56.231170654296875,,,4
exp_hrl_v1,75,5,US_4,HOLD_VP,ATTACK,DIRECT,0.30112895369529724,56.231170654296875,,,4
exp_hrl_v1,76,1,US_1,PUSH_VP,ADVANCE,,0.1955854892730713,31.995033264160156,,,4
exp_hrl_v1,76,1,US_2,PUSH_VP,ADVANCE,,0.1955854892730713,31.995033264160156,,,4
exp_hrl_v1,76,1,US_3,PUSH_VP,ADVANCE,,0.1955854892730713,31.995033264160156,,,4
exp_hrl_v1,76,1,US_4,PUSH_VP,ADVANCE,,0.1955854892730713,31.995033264160156,,,4
exp_hrl_v1,76,1,US_5,PUSH_VP,ADVANCE,,0.1955854892730713,31.995033264160156,,,2
exp_hrl_v1,76,1,US_6,PUSH_VP,ADVANCE,,0.1955854892730713,31.995033264160156,,,4
exp_hrl_v1,76,1,US_7,PUSH_VP,FLANK,,0.1966974139213562,38.966827392578125,,,2
exp_hrl_v1,76,2,US_1,PUSH_VP,FLANK,,0.1966974139213562,38.966827392578125,,,4
exp_hrl_v1,76,2,US_2,PUSH_VP,FLANK,,0.1966974139213562,38.966827392578125,,,4
exp_hrl_v1,76,2,US_3,PUSH_VP,FLANK,,0.1966974139213562,38.966827392578125,,,4
exp_hrl_v1,76,2,US_4,PUSH_VP,FLANK,,0.1966974139213562,38.966827392578125,,,4
exp_hrl_v1,76,2,US_5,PUSH_VP,FLANK,,0.19717855751514435,45.69208526611328,,,2
exp_hrl_v1,76,2,US_6,PUSH_VP,FLANK,,0.19717855751514435,45.69208526611328,,,4
exp_hrl_v1,76,2,US_7,PUSH_VP,FLANK,,0.19717855751514435,45.69208526611328,,,2
exp_hrl_v1,76,3,US_1,PUSH_VP,FLANK,,0.19717855751514435,45.69208526611328,,,4
exp_hrl_v1,76,3,US_2,PUSH_VP,FLANK,,0.19717855751514435,45.69208526611328,,,4
exp_hrl_v1,76,3,US_3,PUSH_VP,ADVANCE,,0.17813216149806976,51.16645812988281,,,4
exp_hrl_v1,76,3,US_4,PUSH_VP,ADVANCE,,0.17813216149806976,51.16645812988281,,,4
exp_hrl_v1,76,3,US_5,PUSH_VP,ADVANCE,,0.17813216149806976,51.16645812988281,,,2
exp_hrl_v1,76,3,US_6,PUSH_VP,ADVANCE,,0.17813216149806976,51.16645812988281,,,4
exp_hrl_v1,76,3,US_7,PUSH_VP,ADVANCE,,0.17813216149806976,51.16645812988281,,,2
exp_hrl_v1,76,4,US_1,PUSH_VP,ADVANCE,,0.17813216149806976,51.16645812988281,,,4
exp_hrl_v1,76,4,US_2,PUSH_VP,ADVANCE,,0.2031043916940689,56.217185974121094,,,4
exp_hrl_v1,76,4,US_3,PUSH_VP,ADVANCE,,0.2031043916940689,56.217185974121094,,,4
exp_hrl_v1,76,4,US_4,PUSH_VP,ADVANCE,,0.2031043916940689,56.217185974121094,,,4
exp_hrl_v1,76,4,US_5,PUSH_VP,ADVANCE,,0.2031043916940689,56.217185974121094,,,2
exp_hrl_v1,76,4,US_6,PUSH_VP,ADVANCE,,0.2031043916940689,56.217185974121094,,,4
exp_hrl_v1,76,4,US_7,PUSH_VP,ADVANCE,,0.2031043916940689,56.217185974121094,,,2
exp_hrl_v1,76,5,US_1,PUSH_VP,ADVANCE,,0.3387642204761505,59.040855407714844,,,4
exp_hrl_v1,76,5,US_2,PUSH_VP,ADVANCE,,0.3387642204761505,59.040855407714844,,,4
exp_hrl_v1,76,5,US_3,PUSH_VP,ADVANCE,,0.3387642204761505,59.040855407714844,,,4
exp_hrl_v1,76,5,US_4,PUSH_VP,ADVANCE,,0.3387642204761505,59.040855407714844,,,4
exp_hrl_v1,76,5,US_5,PUSH_VP,ADVANCE,,0.3387642204761505,59.040855407714844,,,2
exp_hrl_v1,76,5,US_6,PUSH_VP,ADVANCE,,0.3387642204761505,59.040855407714844,,,4
exp_hrl_v1,76,5,US_7,HOLD_VP,ATTACK,INDIRECT,0.39911583065986633,61.295860290527344,,,2
exp_hrl_v1,76,6,US_1,HOLD_VP,ATTACK,INDIRECT,0.39911583065986633,61.295860290527344,,,4
exp_hrl_v1,76,6,US_2,HOLD_VP,ATTACK,INDIRECT,0.39911583065986633,61.295860290527344,,,4
exp_hrl_v1,76,6,US_3,HOLD_VP,ATTACK,INDIRECT,0.39911583065986633,61.295860290527344,,,4
exp_hrl_v1,76,6,US_4,HOLD_VP,ATTACK,INDIRECT,0.39911583065986633,61.295860290527344,,,4
exp_hrl_v1,76,6,US_5,HOLD_VP,ATTACK,INDIRECT,0.39911583065986633,61.295860290527344,,,2
exp_hrl_v1,76,6,US_6,HOLD_VP,ATTACK,INDIRECT,0.39911583065986633,61.295860290527344,,,4
exp_hrl_v1,76,6,US_7,HOLD_VP,ATTACK,INDIRECT,0.39911583065986633,61.295860290527344,,,2
exp_hrl_v1,76,7,US_1,HOLD_VP,ATTACK,INDIRECT,0.39911583065986633,61.295860290527344,,,4
exp_hrl_v1,76,7,US_2,HOLD_VP,ATTACK,INDIRECT,0.39911583065986633,61.295860290527344,,,4
exp_hrl_v1,77,1,US_1,PUSH_VP,FLANK,,0.1957722306251526,31.995033264160156,,,4
exp_hrl_v1,77,1,US_2,PUSH_VP,FLANK,,0.1957722306251526,31.995033264160156,,,4
exp_hrl_v1,77,1,US_3,PUSH_VP,FLANK,,0.1957722306251526,31.995033264160156,,,4
exp_hrl_v1,77,1,US_4,PUSH_VP,FLANK,,0.1957722306251526,31.995033264160156,,,4
exp_hrl_v1,77,1,US_5,PUSH_VP,FLANK,,0.1957722306251526,31.995033264160156,,,2
exp_hrl_v1,77,1,US_6,PUSH_VP,ADVANCE,,0.19899527728557587,38.0492057800293,,,4
exp_hrl_v1,77,1,US_7,PUSH_VP,ADVANCE,,0.19899527728557587,38.0492057800293,,,2
exp_hrl_v1,77,2,US_1,PUSH_VP,ADVANCE,,0.19899527728557587,38.0492057800293,,,4
exp_hrl_v1,77,2,US_2,PUSH_VP,ADVANCE,,0.19899527728557587,38.0492057800293,,,4
exp_hrl_v1,77,2,US_3,PUSH_VP,ADVANCE,,0.19899527728557587,38.0492057800293,,,4
exp_hrl_v1,77,2,US_4,PUSH_VP,ADVANCE,,0.19899527728557587,38.0492057800293,,,4
exp_hrl_v1,77,2,US_5,PUSH_VP,ATTACK,INDIRECT,0.22744208574295044,45.439945220947266,,,2
exp_hrl_v1,77,2,US_6,PUSH_VP,ATTACK,INDIRECT,0.22744208574295044,45.439945220947266,,,4
exp_hrl_v1,77,2,US_7,PUSH_VP,ATTACK,INDIRECT,0.22744208574295044,45.439945220947266,,,2
exp_hrl_v1,77,3,US_1,PUSH_VP,ATTACK,INDIRECT,0.22744208574295044,45.439945220947266,,,4
exp_hrl_v1,77,3,US_2,PUSH_VP,ATTACK,INDIRECT,0.22744208574295044,45.439945220947266,,,4
exp_hrl_v1,77,3,US_3,PUSH_VP,ATTACK,INDIRECT,0.22744208574295044,45.439945220947266,,,4
exp_hrl_v1,77,3,US_4,PUSH_VP,ATTACK,INDIRECT,0.22744208574295044,45.439945220947266,,,4
exp_hrl_v1,77,3,US_5,PUSH_VP,ATTACK,INDIRECT,0.22744208574295044,45.439945220947266,,,2
exp_hrl_v1,77,3,US_6,PUSH_VP,ATTACK,INDIRECT,0.22744208574295044,45.439945220947266,,,4
exp_hrl_v1,77,3,US_7,PUSH_VP,ATTACK,INDIRECT,0.22744208574295044,45.439945220947266,,,2
exp_hrl_v1,78,1,US_1,ATTACK,ATTACK,INDIRECT,0.2209296077489853,31.995033264160156,,,4
exp_hrl_v1,78,1,US_2,ATTACK,ATTACK,INDIRECT,0.2209296077489853,31.995033264160156,,,4
exp_hrl_v1,78,1,US_3,ATTACK,ATTACK,INDIRECT,0.2209296077489853,31.995033264160156,,,4
exp_hrl_v1,78,1,US_4,ATTACK,ATTACK,INDIRECT,0.2209296077489853,31.995033264160156,,,4
exp_hrl_v1,78,1,US_5,ATTACK,ATTACK,INDIRECT,0.2209296077489853,31.995033264160156,,,2
exp_hrl_v1,78,1,US_6,ATTACK,ATTACK,INDIRECT,0.2209296077489853,31.995033264160156,,,4
exp_hrl_v1,78,1,US_7,ATTACK,ATTACK,INDIRECT,0.2209296077489853,31.995033264160156,,,2
exp_hrl_v1,78,2,US_1,ATTACK,ATTACK,INDIRECT,0.2209296077489853,31.995033264160156,,,4
exp_hrl_v1,78,2,US_2,ATTACK,ATTACK,INDIRECT,0.2209296077489853,31.995033264160156,,,4
exp_hrl_v1,78,2,US_3,ATTACK,ATTACK,INDIRECT,0.2209296077489853,31.995033264160156,,,4
exp_hrl_v1,78,2,US_4,ATTACK,ADVANCE,,0.18031905591487885,49.15595626831055,,,4
exp_hrl_v1,78,2,US_5,ATTACK,ADVANCE,,0.18031905591487885,49.15595626831055,,,2
exp_hrl_v1,78,2,US_6,ATTACK,ADVANCE,,0.18031905591487885,49.15595626831055,,,4
exp_hrl_v1,78,2,US_7,ATTACK,ADVANCE,,0.18031905591487885,49.15595626831055,,,2
exp_hrl_v1,78,3,US_1,ATTACK,ADVANCE,,0.18031905591487885,49.15595626831055,,,4
exp_hrl_v1,78,3,US_2,ATTACK,ADVANCE,,0.18031905591487885,49.15595626831055,,,4
exp_hrl_v1,78,3,US_3,ATTACK,ADVANCE,,0.15709351003170013,56.195438385009766,,,4
exp_hrl_v1,78,3,US_4,ATTACK,ADVANCE,,0.15709351003170013,56.195438385009766,,,4
exp_hrl_v1,78,3,US_5,ATTACK,ADVANCE,,0.15709351003170013,56.195438385009766,,,2
exp_hrl_v1,78,3,US_6,ATTACK,ADVANCE,,0.15709351003170013,56.195438385009766,,,4
exp_hrl_v1,78,3,US_7,ATTACK,ADVANCE,,0.15709351003170013,56.195438385009766,,,2
exp_hrl_v1,78,4,US_1,ATTACK,ADVANCE,,0.15709351003170013,56.195438385009766,,,4
exp_hrl_v1,78,4,US_2,ATTACK,ATTACK,DIRECT,0.1721482276916504,59.965187072753906,,,4
exp_hrl_v1,78,4,US_3,ATTACK,ATTACK,DIRECT,0.1721482276916504,59.965187072753906,,,4
exp_hrl_v1,78,4,US_4,ATTACK,ATTACK,DIRECT,0.1721482276916504,59.965187072753906,,,4
exp_hrl_v1,78,4,US_5,ATTACK,ATTACK,DIRECT,0.1721482276916504,59.965187072753906,,,2
exp_hrl_v1,78,4,US_6,ATTACK,ATTACK,DIRECT,0.1721482276916504,59.965187072753906,,,4
exp_hrl_v1,78,4,US_7,ATTACK,ATTACK,DIRECT,0.1721482276916504,59.965187072753906,,,2
exp_hrl_v1,78,5,US_1,ATTACK,ATTACK,DIRECT,0.1721482276916504,59.965187072753906,,,4
exp_hrl_v1,78,5,US_2,ATTACK,ATTACK,DIRECT,0.1721482276916504,59.965187072753906,,,4
exp_hrl_v1,78,5,US_3,ATTACK,ATTACK,DIRECT,0.1721482276916504,59.965187072753906,,,4
exp_hrl_v1,79,1,US_1,HOLD_VP,ADVANCE,,0.1955854892730713,31.995033264160156,,,4
exp_hrl_v1,79,1,US_2,HOLD_VP,ADVANCE,,0.1955854892730713,31.995033264160156,,,4
exp_hrl_v1,79,1,US_3,HOLD_VP,ADVANCE,,0.1955854892730713,31.995033264160156,,,4
exp_hrl_v1,79,1,US_4,HOLD_VP,ADVANCE,,0.1955854892730713,31.995033264160156,,,4
exp_hrl_v1,79,1,US_5,HOLD_VP,ADVANCE,,0.1955854892730713,31.995033264160156,,,2
exp_hrl_v1,79,1,US_6,HOLD_VP,ADVANCE,,0.1955854892730713,31.995033264160156,,,4
exp_hrl_v1,79,1,US_7,HOLD_VP,ADVANCE,,0.19609956443309784,38.966827392578125,,,2
exp_hrl_v1,79,2,US_1,HOLD_VP,ADVANCE,,0.19609956443309784,38.966827392578125,,,4
exp_hrl_v1,79,2,US_2,HOLD_VP,ADVANCE,,0.19609956443309784,38.966827392578125,,,4
exp_hrl_v1,79,2,US_3,HOLD_VP,ADVANCE,,0.19609956443309784,38.966827392578125,,,4
exp_hrl_v1,79,2,US_4,HOLD_VP,ADVANCE,,0.19609956443309784,38.966827392578125,,,4
exp_hrl_v1,79,2,US_5,HOLD_VP,ADVANCE,,0.19609956443309784,38.966827392578125,,,2
exp_hrl_v1,79,2,US_6,HOLD_VP,ADVANCE,,0.1930677741765976,43.13095474243164,,,4
exp_hrl_v1,79,2,US_7,HOLD_VP,ADVANCE,,0.1930677741765976,43.13095474243164,,,2
exp_hrl_v1,79,3,US_1,HOLD_VP,ADVANCE,,0.1930677741765976,43.13095474243164,,,4
exp_hrl_v1,79,3,US_2,HOLD_VP,ADVANCE,,0.1930677741765976,43.13095474243164,,,4
exp_hrl_v1,79,3,US_3,HOLD_VP,ADVANCE,,0.1930677741765976,43.13095474243164,,,4
exp_hrl_v1,79,3,US_4,HOLD_VP,ADVANCE,,0.1930677741765976,43.13095474243164,,,4
exp_hrl_v1,79,3,US_5,HOLD_VP,ADVANCE,,0.17752157151699066,51.56973648071289,,,2
exp_hrl_v1,79,3,US_6,HOLD_VP,ADVANCE,,0.17752157151699066,51.56973648071289,,,4
exp_hrl_v1,79,3,US_7,HOLD_VP,ADVANCE,,0.17752157151699066,51.56973648071289,,,2
exp_hrl_v1,79,4,US_1,HOLD_VP,ADVANCE,,0.17752157151699066,51.56973648071289,,,4
exp_hrl_v1,79,4,US_2,HOLD_VP,ADVANCE,,0.17752157151699066,51.56973648071289,,,4
exp_hrl_v1,79,4,US_3,HOLD_VP,ADVANCE,,0.17752157151699066,51.56973648071289,,,4
exp_hrl_v1,79,4,US_4,HOLD_VP,ATTACK,DIRECT,0.27733948826789856,56.64994812011719,,,4
exp_hrl_v1,79,4,US_5,HOLD_VP,ATTACK,DIRECT,0.27733948826789856,56.64994812011719,,,2
exp_hrl_v1,79,4,US_6,HOLD_VP,ATTACK,DIRECT,0.27733948826789856,56.64994812011719,,,4
exp_hrl_v1,79,4,US_7,HOLD_VP,ATTACK,DIRECT,0.27733948826789856,56.64994812011719,,,2
exp_hrl_v1,79,5,US_1,HOLD_VP,ATTACK,DIRECT,0.27733948826789856,56.64994812011719,,,4
exp_hrl_v1,79,5,US_2,HOLD_VP,ATTACK,DIRECT,0.27733948826789856,56.64994812011719,,,4
exp_hrl_v1,79,5,US_3,HOLD_VP,ATTACK,DIRECT,0.27733948826789856,56.64994812011719,,,4
exp_hrl_v1,79,5,US_4,HOLD_VP,ATTACK,DIRECT,0.27733948826789856,56.64994812011719,,,4
exp_hrl_v1,79,5,US_5,HOLD_VP,ATTACK,DIRECT,0.27733948826789856,56.64994812011719,,,2
exp_hrl_v1,79,5,US_6,HOLD_VP,ATTACK,DIRECT,0.27733948826789856,56.64994812011719,,,4
exp_hrl_v1,79,5,US_7,HOLD_VP,ADVANCE,,0.15828287601470947,57.79929733276367,,,2
exp_hrl_v1,79,6,US_1,HOLD_VP,ADVANCE,,0.15828287601470947,57.79929733276367,,,4
exp_hrl_v1,79,6,US_2,HOLD_VP,ADVANCE,,0.15828287601470947,57.79929733276367,,,4
exp_hrl_v1,79,6,US_3,HOLD_VP,ADVANCE,,0.15828287601470947,57.79929733276367,,,4
exp_hrl_v1,79,6,US_4,HOLD_VP,ADVANCE,,0.15828287601470947,57.79929733276367,,,4
exp_hrl_v1,79,6,US_5,HOLD_VP,ADVANCE,,0.15828287601470947,57.79929733276367,,,2
exp_hrl_v1,79,6,US_6,HOLD_VP,FLANK,,0.1654222458600998,57.388893127441406,,,4
exp_hrl_v1,79,6,US_7,HOLD_VP,FLANK,,0.1654222458600998,57.388893127441406,,,2
exp_hrl_v1,79,7,US_1,HOLD_VP,FLANK,,0.1654222458600998,57.388893127441406,,,4
exp_hrl_v1,79,7,US_2,HOLD_VP,FLANK,,0.1654222458600998,57.388893127441406,,,4
exp_hrl_v1,79,7,US_3,HOLD_VP,FLANK,,0.1654222458600998,57.388893127441406,,,4
exp_hrl_v1,79,7,US_4,HOLD_VP,FLANK,,0.1769700050354004,56.03866958618164,,,4
exp_hrl_v1,79,7,US_5,HOLD_VP,FLANK,,0.1769700050354004,56.03866958618164,,,2
exp_hrl_v1,79,7,US_6,HOLD_VP,FLANK,,0.1769700050354004,56.03866958618164,,,4
exp_hrl_v1,79,7,US_7,HOLD_VP,FLANK,,0.1769700050354004,56.03866958618164,,,2
exp_hrl_v1,79,8,US_1,HOLD_VP,FLANK,,0.1769700050354004,56.03866958618164,,,4
exp_hrl_v1,79,8,US_2,HOLD_VP,ATTACK,DIRECT,0.2583361864089966,52.54572296142578,,,4
exp_hrl_v1,79,8,US_3,HOLD_VP,ATTACK,DIRECT,0.2583361864089966,52.54572296142578,,,4
exp_hrl_v1,79,8,US_4,HOLD_VP,ATTACK,DIRECT,0.2583361864089966,52.54572296142578,,,4
exp_hrl_v1,79,8,US_5,HOLD_VP,ATTACK,DIRECT,0.2583361864089966,52.54572296142578,,,2
exp_hrl_v1,79,8,US_6,HOLD_VP,ATTACK,DIRECT,0.2583361864089966,52.54572296142578,,,4
exp_hrl_v1,79,8,US_7,HOLD_VP,ATTACK,DIRECT,0.2583361864089966,52.54572296142578,,,2
exp_hrl_v1,79,9,US_1,HOLD_VP,ATTACK,DIRECT,0.2583361864089966,52.54572296142578,,,4
exp_hrl_v1,80,1,US_1,HOLD_VP,ADVANCE,,0.2209296077489853,31.995033264160156,,,4
exp_hrl_v1,80,1,US_2,HOLD_VP,ADVANCE,,0.2209296077489853,31.995033264160156,,,4
exp_hrl_v1,80,1,US_3,HOLD_VP,ADVANCE,,0.2209296077489853,31.995033264160156,,,4
exp_hrl_v1,80,1,US_4,HOLD_VP,ADVANCE,,0.2209296077489853,31.995033264160156,,,4
exp_hrl_v1,80,1,US_5,HOLD_VP,ADVANCE,,0.2209296077489853,31.995033264160156,,,2
exp_hrl_v1,80,1,US_6,HOLD_VP,ADVANCE,,0.2209296077489853,31.995033264160156,,,4
exp_hrl_v1,80,1,US_7,HOLD_VP,ATTACK,DIRECT,0.21747517585754395,38.966827392578125,,,2
exp_hrl_v1,80,2,US_1,HOLD_VP,ATTACK,DIRECT,0.21747517585754395,38.966827392578125,,,4
exp_hrl_v1,80,2,US_2,HOLD_VP,ATTACK,DIRECT,0.21747517585754395,38.966827392578125,,,4
exp_hrl_v1,80,2,US_3,HOLD_VP,ATTACK,DIRECT,0.21747517585754395,38.966827392578125,,,4
exp_hrl_v1,80,2,US_4,HOLD_VP,ATTACK,DIRECT,0.21747517585754395,38.966827392578125,,,4
exp_hrl_v1,80,2,US_5,HOLD_VP,ATTACK,DIRECT,0.21747517585754395,38.966827392578125,,,2
exp_hrl_v1,80,2,US_6,HOLD_VP,ATTACK,DIRECT,0.21747517585754395,38.966827392578125,,,4
exp_hrl_v1,80,2,US_7,HOLD_VP,ATTACK,DIRECT,0.21747517585754395,38.966827392578125,,,2
exp_hrl_v1,80,3,US_1,HOLD_VP,ATTACK,DIRECT,0.21747517585754395,38.966827392578125,,,4
exp_hrl_v1,80,3,US_2,HOLD_VP,ATTACK,DIRECT,0.21747517585754395,38.966827392578125,,,4
exp_hrl_v1,80,3,US_3,HOLD_VP,FLANK,,0.16401953995227814,53.49028778076172,,,4
exp_hrl_v1,80,3,US_4,HOLD_VP,FLANK,,0.16401953995227814,53.49028778076172,,,4
exp_hrl_v1,80,3,US_5,HOLD_VP,FLANK,,0.16401953995227814,53.49028778076172,,,2
exp_hrl_v1,80,3,US_6,HOLD_VP,FLANK,,0.16401953995227814,53.49028778076172,,,4
exp_hrl_v1,80,3,US_7,HOLD_VP,FLANK,,0.16401953995227814,53.49028778076172,,,2
exp_hrl_v1,80,4,US_1,HOLD_VP,ADVANCE,,0.1447559893131256,55.87767791748047,,,4
exp_hrl_v1,80,4,US_2,HOLD_VP,ADVANCE,,0.1447559893131256,55.87767791748047,,,4
exp_hrl_v1,80,4,US_3,HOLD_VP,ADVANCE,,0.1447559893131256,55.87767791748047,,,4
exp_hrl_v1,80,4,US_4,HOLD_VP,ADVANCE,,0.1447559893131256,55.87767791748047,,,4
exp_hrl_v1,80,4,US_5,HOLD_VP,ADVANCE,,0.1447559893131256,55.87767791748047,,,2
exp_hrl_v1,80,4,US_6,HOLD_VP,ADVANCE,,0.1447559893131256,55.87767791748047,,,4
exp_hrl_v1,80,4,US_7,HOLD_VP,RETREAT,,0.1773359775543213,57.18553924560547,,,2
exp_hrl_v1,80,5,US_1,HOLD_VP,RETREAT,,0.1773359775543213,57.18553924560547,,,4
exp_hrl_v1,80,5,US_2,HOLD_VP,ATTACK,DIRECT,0.32791462540626526,56.74259948730469,,,4
exp_hrl_v1,80,5,US_3,HOLD_VP,ATTACK,DIRECT,0.32791462540626526,56.74259948730469,,,4
exp_hrl_v1,80,5,US_4,HOLD_VP,ATTACK,DIRECT,0.32791462540626526,56.74259948730469,,,4
exp_hrl_v1,81,1,US_1,ATTACK,ATTACK,DIRECT,0.2209296077489853,31.995033264160156,,,4
exp_hrl_v1,81,1,US_2,ATTACK,ATTACK,DIRECT,0.2209296077489853,31.995033264160156,,,4
exp_hrl_v1,81,1,US_3,ATTACK,ATTACK,DIRECT,0.2209296077489853,31.995033264160156,,,4
exp_hrl_v1,81,1,US_4,ATTACK,ATTACK,DIRECT,0.2209296077489853,31.995033264160156,,,4
exp_hrl_v1,81,1,US_5,ATTACK,ATTACK,DIRECT,0.2209296077489853,31.995033264160156,,,2
exp_hrl_v1,81,1,US_6,ATTACK,ATTACK,DIRECT,0.2209296077489853,31.995033264160156,,,4
exp_hrl_v1,81,1,US_7,ATTACK,ATTACK,DIRECT,0.2209296077489853,31.995033264160156,,,2
exp_hrl_v1,81,2,US_1,ATTACK,ATTACK,DIRECT,0.2209296077489853,31.995033264160156,,,4
exp_hrl_v1,81,2,US_2,ATTACK,ATTACK,DIRECT,0.2209296077489853,31.995033264160156,,,4
exp_hrl_v1,81,2,US_3,ATTACK,ATTACK,DIRECT,0.2209296077489853,31.995033264160156,,,4
exp_hrl_v1,81,2,US_4,ATTACK,ATTACK,DIRECT,0.14555318653583527,53.36323547363281,,,4
exp_hrl_v1,81,2,US_5,ATTACK,ATTACK,DIRECT,0.14555318653583527,53.36323547363281,,,2
exp_hrl_v1,81,2,US_6,ATTACK,ATTACK,DIRECT,0.14555318653583527,53.36323547363281,,,4
exp_hrl_v1,81,2,US_7,ATTACK,ATTACK,DIRECT,0.14555318653583527,53.36323547363281,,,2
exp_hrl_v1,81,3,US_1,ATTACK,ATTACK,DIRECT,0.14555318653583527,53.36323547363281,,,4
exp_hrl_v1,81,3,US_2,ATTACK,ATTACK,DIRECT,0.14555318653583527,53.36323547363281,,,4
exp_hrl_v1,81,3,US_3,ATTACK,ATTACK,DIRECT,0.14555318653583527,53.36323547363281,,,4
exp_hrl_v1,82,1,US_1,PUSH_VP,ADVANCE,,0.2209296077489853,31.995033264160156,,,4
exp_hrl_v1,82,1,US_2,PUSH_VP,ADVANCE,,0.2209296077489853,31.995033264160156,,,4
exp_hrl_v1,82,1,US_3,PUSH_VP,ADVANCE,,0.2209296077489853,31.995033264160156,,,4
exp_hrl_v1,82,1,US_4,PUSH_VP,ADVANCE,,0.2209296077489853,31.995033264160156,,,4
exp_hrl_v1,82,1,US_5,PUSH_VP,ADVANCE,,0.2209296077489853,31.995033264160156,,,2
exp_hrl_v1,82,1,US_6,PUSH_VP,ADVANCE,,0.2209296077489853,31.995033264160156,,,4
exp_hrl_v1,82,1,US_7,PUSH_VP,ADVANCE,,0.19609956443309784,38.966827392578125,,,2
exp_hrl_v1,82,2,US_1,PUSH_VP,ADVANCE,,0.19609956443309784,38.966827392578125,,,4
exp_hrl_v1,82,2,US_2,PUSH_VP,ADVANCE,,0.19609956443309784,38.966827392578125,,,4
exp_hrl_v1,82,2,US_3,PUSH_VP,ADVANCE,,0.19609956443309784,38.966827392578125,,,4
exp_hrl_v1,82,2,US_4,PUSH_VP,ADVANCE,,0.19609956443309784,38.966827392578125,,,4
exp_hrl_v1,82,2,US_5,PUSH_VP,ADVANCE,,0.19609956443309784,38.966827392578125,,,2
exp_hrl_v1,82,2,US_6,PUSH_VP,ADVANCE,,0.1971135288476944,43.13095474243164,,,4
exp_hrl_v1,82,2,US_7,PUSH_VP,ADVANCE,,0.1971135288476944,43.13095474243164,,,2
exp_hrl_v1,82,3,US_1,PUSH_VP,ADVANCE,,0.1971135288476944,43.13095474243164,,,4
exp_hrl_v1,82,3,US_2,PUSH_VP,ADVANCE,,0.1971135288476944,43.13095474243164,,,4
exp_hrl_v1,82,3,US_3,PUSH_VP,ADVANCE,,0.1971135288476944,43.13095474243164,,,4
exp_hrl_v1,82,3,US_4,PUSH_VP,ADVANCE,,0.1971135288476944,43.13095474243164,,,4
exp_hrl_v1,82,3,US_5,PUSH_VP,ADVANCE,,0.2650388479232788,51.56973648071289,,,2
exp_hrl_v1,82,3,US_6,PUSH_VP,ADVANCE,,0.2650388479232788,51.56973648071289,,,4
exp_hrl_v1,82,3,US_7,PUSH_VP,ADVANCE,,0.2650388479232788,51.56973648071289,,,2
exp_hrl_v1,82,4,US_1,PUSH_VP,ADVANCE,,0.2650388479232788,51.56973648071289,,,4
exp_hrl_v1,82,4,US_2,PUSH_VP,ADVANCE,,0.2650388479232788,51.56973648071289,,,4
exp_hrl_v1,82,4,US_3,PUSH_VP,ADVANCE,,0.2650388479232788,51.56973648071289,,,4
exp_hrl_v1,82,4,US_4,PUSH_VP,ADVANCE,,0.18428535759449005,56.64994812011719,,,4
exp_hrl_v1,82,4,US_5,PUSH_VP,ADVANCE,,0.18428535759449005,56.64994812011719,,,2
exp_hrl_v1,82,4,US_6,PUSH_VP,ADVANCE,,0.18428535759449005,56.64994812011719,,,4
exp_hrl_v1,82,4,US_7,PUSH_VP,ADVANCE,,0.18428535759449005,56.64994812011719,,,2
exp_hrl_v1,82,5,US_1,PUSH_VP,ADVANCE,,0.18428535759449005,56.64994812011719,,,4
exp_hrl_v1,82,5,US_2,PUSH_VP,ADVANCE,,0.18428535759449005,56.64994812011719,,,4
exp_hrl_v1,82,5,US_3,PUSH_VP,ADVANCE,,0.3435331881046295,59.8690185546875,,,4
exp_hrl_v1,82,5,US_4,PUSH_VP,ADVANCE,,0.3435331881046295,59.8690185546875,,,4
exp_hrl_v1,82,5,US_5,PUSH_VP,ADVANCE,,0.3435331881046295,59.8690185546875,,,2
exp_hrl_v1,82,5,US_6,PUSH_VP,ADVANCE,,0.3435331881046295,59.8690185546875,,,4
exp_hrl_v1,82,5,US_7,PUSH_VP,ADVANCE,,0.3435331881046295,59.8690185546875,,,2
exp_hrl_v1,82,6,US_1,PUSH_VP,ADVANCE,,0.3435331881046295,59.8690185546875,,,4
exp_hrl_v1,82,6,US_2,HOLD_VP,ATTACK,DIRECT,0.17676833271980286,63.512123107910156,,,4
exp_hrl_v1,82,6,US_3,HOLD_VP,ATTACK,DIRECT,0.17676833271980286,63.512123107910156,,,4
exp_hrl_v1,82,6,US_4,HOLD_VP,ATTACK,DIRECT,0.17676833271980286,63.512123107910156,,,4
exp_hrl_v1,82,6,US_5,HOLD_VP,ATTACK,DIRECT,0.17676833271980286,63.512123107910156,,,2
exp_hrl_v1,82,6,US_6,HOLD_VP,ATTACK,DIRECT,0.17676833271980286,63.512123107910156,,,4
exp_hrl_v1,82,6,US_7,HOLD_VP,ATTACK,DIRECT,0.17676833271980286,63.512123107910156,,,2
exp_hrl_v1,82,7,US_1,HOLD_VP,ATTACK,DIRECT,0.17676833271980286,63.512123107910156,,,4
exp_hrl_v1,83,1,US_1,HOLD_VP,ADVANCE,,0.2209296077489853,31.995033264160156,,,4
exp_hrl_v1,83,1,US_2,HOLD_VP,ADVANCE,,0.2209296077489853,31.995033264160156,,,4
exp_hrl_v1,83,1,US_3,HOLD_VP,ADVANCE,,0.2209296077489853,31.995033264160156,,,4
exp_hrl_v1,83,1,US_4,HOLD_VP,ADVANCE,,0.2209296077489853,31.995033264160156,,,4
exp_hrl_v1,83,1,US_5,HOLD_VP,ADVANCE,,0.2209296077489853,31.995033264160156,,,2
exp_hrl_v1,83,1,US_6,HOLD_VP,ADVANCE,,0.2209296077489853,31.995033264160156,,,4
exp_hrl_v1,83,1,US_7,HOLD_VP,FLANK,,0.1966974139213562,38.966827392578125,,,2
exp_hrl_v1,83,2,US_1,HOLD_VP,FLANK,,0.1966974139213562,38.966827392578125,,,4
exp_hrl_v1,83,2,US_2,HOLD_VP,FLANK,,0.1966974139213562,38.966827392578125,,,4
exp_hrl_v1,83,2,US_3,HOLD_VP,FLANK,,0.1966974139213562,38.966827392578125,,,4
exp_hrl_v1,83,2,US_4,HOLD_VP,FLANK,,0.1966974139213562,38.966827392578125,,,4
exp_hrl_v1,83,2,US_5,HOLD_VP,ADVANCE,,0.19041407108306885,45.69208526611328,,,2
exp_hrl_v1,83,2,US_6,HOLD_VP,ADVANCE,,0.19041407108306885,45.69208526611328,,,4
exp_hrl_v1,83,2,US_7,HOLD_VP,ADVANCE,,0.19041407108306885,45.69208526611328,,,2
exp_hrl_v1,83,3,US_1,HOLD_VP,ADVANCE,,0.19041407108306885,45.69208526611328,,,4
exp_hrl_v1,83,3,US_2,HOLD_VP,ADVANCE,,0.19041407108306885,45.69208526611328,,,4
exp_hrl_v1,83,3,US_3,HOLD_VP,ADVANCE,,0.19041407108306885,45.69208526611328,,,4
exp_hrl_v1,83,3,US_4,HOLD_VP,ADVANCE,,0.25893449783325195,50.84752655029297,,,4
exp_hrl_v1,83,3,US_5,HOLD_VP,ADVANCE,,0.25893449783325195,50.84752655029297,,,2
exp_hrl_v1,83,3,US_6,HOLD_VP,ADVANCE,,0.25893449783325195,50.84752655029297,,,4
exp_hrl_v1,83,3,US_7,HOLD_VP,ADVANCE,,0.25893449783325195,50.84752655029297,,,2
exp_hrl_v1,83,4,US_1,HOLD_VP,ADVANCE,,0.25893449783325195,50.84752655029297,,,4
exp_hrl_v1,83,4,US_2,HOLD_VP,ADVANCE,,0.25893449783325195,50.84752655029297,,,4
exp_hrl_v1,83,4,US_3,HOLD_VP,ADVANCE,,0.16147106885910034,55.34172058105469,,,4
exp_hrl_v1,83,4,US_4,HOLD_VP,ADVANCE,,0.16147106885910034,55.34172058105469,,,4
exp_hrl_v1,83,4,US_5,HOLD_VP,ADVANCE,,0.16147106885910034,55.34172058105469,,,2
exp_hrl_v1,83,4,US_6,HOLD_VP,ADVANCE,,0.16147106885910034,55.34172058105469,,,4
exp_hrl_v1,83,4,US_7,HOLD_VP,ADVANCE,,0.16147106885910034,55.34172058105469,,,2
exp_hrl_v1,83,5,US_1,HOLD_VP,ADVANCE,,0.16147106885910034,55.34172058105469,,,4
exp_hrl_v1,83,5,US_2,HOLD_VP,ATTACK,DIRECT,0.31901997327804565,59.20802307128906,,,4
exp_hrl_v1,83,5,US_3,HOLD_VP,ATTACK,DIRECT,0.31901997327804565,59.20802307128906,,,4
exp_hrl_v1,83,5,US_4,HOLD_VP,ATTACK,DIRECT,0.31901997327804565,59.20802307128906,,,4
exp_hrl_v1,83,5,US_5,HOLD_VP,ATTACK,DIRECT,0.31901997327804565,59.20802307128906,,,2
exp_hrl_v1,83,5,US_6,HOLD_VP,ATTACK,DIRECT,0.31901997327804565,59.20802307128906,,,4
exp_hrl_v1,83,5,US_7,HOLD_VP,ATTACK,DIRECT,0.31901997327804565,59.20802307128906,,,2
exp_hrl_v1,83,6,US_1,HOLD_VP,ATTACK,DIRECT,0.31901997327804565,59.20802307128906,,,4
exp_hrl_v1,83,6,US_2,HOLD_VP,ATTACK,DIRECT,0.31901997327804565,59.20802307128906,,,4
exp_hrl_v1,83,6,US_3,HOLD_VP,ATTACK,DIRECT,0.31901997327804565,59.20802307128906,,,4
exp_hrl_v1,84,1,US_1,ATTACK,FLANK,,0.1957722306251526,31.995033264160156,,,4
exp_hrl_v1,84,1,US_2,ATTACK,FLANK,,0.1957722306251526,31.995033264160156,,,4
exp_hrl_v1,84,1,US_3,ATTACK,FLANK,,0.1957722306251526,31.995033264160156,,,4
exp_hrl_v1,84,1,US_4,ATTACK,FLANK,,0.1957722306251526,31.995033264160156,,,4
exp_hrl_v1,84,1,US_5,ATTACK,FLANK,,0.1957722306251526,31.995033264160156,,,2
exp_hrl_v1,84,1,US_6,ATTACK,ADVANCE,,0.19899527728557587,38.0492057800293,,,4
exp_hrl_v1,84,1,US_7,ATTACK,ADVANCE,,0.19899527728557587,38.0492057800293,,,2
exp_hrl_v1,84,2,US_1,ATTACK,ADVANCE,,0.19899527728557587,38.0492057800293,,,4
exp_hrl_v1,84,2,US_2,ATTACK,ADVANCE,,0.19899527728557587,38.0492057800293,,,4
exp_hrl_v1,84,2,US_3,ATTACK,ADVANCE,,0.19899527728557587,38.0492057800293,,,4
exp_hrl_v1,84,2,US_4,ATTACK,ADVANCE,,0.19899527728557587,38.0492057800293,,,4
exp_hrl_v1,84,2,US_5,ATTACK,ATTACK,DIRECT,0.1905227154493332,45.439945220947266,,,2
exp_hrl_v1,84,2,US_6,ATTACK,ATTACK,DIRECT,0.1905227154493332,45.439945220947266,,,4
exp_hrl_v1,84,2,US_7,ATTACK,ATTACK,DIRECT,0.1905227154493332,45.439945220947266,,,2
exp_hrl_v1,84,3,US_1,ATTACK,ATTACK,DIRECT,0.1905227154493332,45.439945220947266,,,4
exp_hrl_v1,84,3,US_2,ATTACK,ATTACK,DIRECT,0.1905227154493332,45.439945220947266,,,4
exp_hrl_v1,84,3,US_3,ATTACK,ATTACK,DIRECT,0.1905227154493332,45.439945220947266,,,4
exp_hrl_v1,84,3,US_4,ATTACK,ATTACK,DIRECT,0.1905227154493332,45.439945220947266,,,4
exp_hrl_v1,84,3,US_5,ATTACK,ATTACK,DIRECT,0.1905227154493332,45.439945220947266,,,2
exp_hrl_v1,84,3,US_6,ATTACK,ATTACK,DIRECT,0.1905227154493332,45.439945220947266,,,4
exp_hrl_v1,84,3,US_7,ATTACK,ATTACK,DIRECT,0.1905227154493332,45.439945220947266,,,2
exp_hrl_v1,84,4,US_1,ATTACK,ATTACK,DIRECT,0.16209550201892853,52.74784851074219,,,4
exp_hrl_v1,84,4,US_2,ATTACK,ATTACK,DIRECT,0.16209550201892853,52.74784851074219,,,4
exp_hrl_v1,84,4,US_3,ATTACK,ATTACK,DIRECT,0.16209550201892853,52.74784851074219,,,4
exp_hrl_v1,85,1,US_1,PUSH_VP,ADVANCE,,0.2209296077489853,31.995033264160156,,,4
exp_hrl_v1,85,1,US_2,PUSH_VP,ADVANCE,,0.2209296077489853,31.995033264160156,,,4
exp_hrl_v1,85,1,US_3,PUSH_VP,ADVANCE,,0.2209296077489853,31.995033264160156,,,4
exp_hrl_v1,85,1,US_4,PUSH_VP,ADVANCE,,0.2209296077489853,31.995033264160156,,,4
exp_hrl_v1,85,1,US_5,PUSH_VP,ADVANCE,,0.2209296077489853,31.995033264160156,,,2
exp_hrl_v1,85,1,US_6,PUSH_VP,ADVANCE,,0.2209296077489853,31.995033264160156,,,4
exp_hrl_v1,85,1,US_7,PUSH_VP,ADVANCE,,0.19609956443309784,38.966827392578125,,,2
exp_hrl_v1,85,2,US_1,PUSH_VP,ADVANCE,,0.19609956443309784,38.966827392578125,,,4
exp_hrl_v1,85,2,US_2,PUSH_VP,ADVANCE,,0.19609956443309784,38.966827392578125,,,4
exp_hrl_v1,85,2,US_3,PUSH_VP,ADVANCE,,0.19609956443309784,38.966827392578125,,,4
exp_hrl_v1,85,2,US_4,PUSH_VP,ADVANCE,,0.19609956443309784,38.966827392578125,,,4
exp_hrl_v1,85,2,US_5,PUSH_VP,ADVANCE,,0.19609956443309784,38.966827392578125,,,2
exp_hrl_v1,85,2,US_6,PUSH_VP,FLANK,,0.19315460324287415,43.13095474243164,,,4
exp_hrl_v1,85,2,US_7,PUSH_VP,FLANK,,0.19315460324287415,43.13095474243164,,,2
exp_hrl_v1,85,3,US_1,PUSH_VP,FLANK,,0.19315460324287415,43.13095474243164,,,4
exp_hrl_v1,85,3,US_2,PUSH_VP,FLANK,,0.19315460324287415,43.13095474243164,,,4
exp_hrl_v1,85,3,US_3,PUSH_VP,FLANK,,0.19315460324287415,43.13095474243164,,,4
exp_hrl_v1,85,3,US_4,PUSH_VP,FLANK,,0.18354815244674683,50.39462661743164,,,4
exp_hrl_v1,85,3,US_5,PUSH_VP,FLANK,,0.18354815244674683,50.39462661743164,,,2
exp_hrl_v1,85,3,US_6,PUSH_VP,FLANK,,0.18354815244674683,50.39462661743164,,,4
exp_hrl_v1,85,3,US_7,PUSH_VP,FLANK,,0.18354815244674683,50.39462661743164,,,2
exp_hrl_v1,85,4,US_1,PUSH_VP,FLANK,,0.18354815244674683,50.39462661743164,,,4
exp_hrl_v1,85,4,US_2,PUSH_VP,ADVANCE,,0.20439636707305908,56.231170654296875,,,4
exp_hrl_v1,85,4,US_3,PUSH_VP,ADVANCE,,0.20439636707305908,56.231170654296875,,,4
exp_hrl_v1,85,4,US_4,PUSH_VP,ADVANCE,,0.20439636707305908,56.231170654296875,,,4
exp_hrl_v1,85,4,US_5,PUSH_VP,ADVANCE,,0.20439636707305908,56.231170654296875,,,2
exp_hrl_v1,85,4,US_6,PUSH_VP,ADVANCE,,0.20439636707305908,56.231170654296875,,,4
exp_hrl_v1,85,4,US_7,PUSH_VP,ADVANCE,,0.20439636707305908,56.231170654296875,,,2
exp_hrl_v1,85,5,US_1,PUSH_VP,ATTACK,DIRECT,0.35465916991233826,58.9710578918457,,,4
exp_hrl_v1,85,5,US_2,PUSH_VP,ATTACK,DIRECT,0.35465916991233826,58.9710578918457,,,4
exp_hrl_v1,85,5,US_3,PUSH_VP,ATTACK,DIRECT,0.35465916991233826,58.9710578918457,,,4
exp_hrl_v1,85,5,US_4,PUSH_VP,ATTACK,DIRECT,0.35465916991233826,58.9710578918457,,,4
exp_hrl_v1,85,5,US_5,PUSH_VP,ATTACK,DIRECT,0.35465916991233826,58.9710578918457,,,2
exp_hrl_v1,85,5,US_6,PUSH_VP,ATTACK,DIRECT,0.35465916991233826,58.9710578918457,,,4
exp_hrl_v1,85,5,US_7,PUSH_VP,ATTACK,DIRECT,0.35465916991233826,58.9710578918457,,,2
exp_hrl_v1,85,6,US_1,PUSH_VP,ATTACK,DIRECT,0.35465916991233826,58.9710578918457,,,4
exp_hrl_v1,85,6,US_2,PUSH_VP,ATTACK,DIRECT,0.35465916991233826,58.9710578918457,,,4
exp_hrl_v1,86,1,US_1,ATTACK,ADVANCE,,0.2209296077489853,31.995033264160156,,,4
exp_hrl_v1,86,1,US_2,ATTACK,ADVANCE,,0.2209296077489853,31.995033264160156,,,4
exp_hrl_v1,86,1,US_3,ATTACK,ADVANCE,,0.2209296077489853,31.995033264160156,,,4
exp_hrl_v1,86,1,US_4,ATTACK,ADVANCE,,0.2209296077489853,31.995033264160156,,,4
exp_hrl_v1,86,1,US_5,ATTACK,ADVANCE,,0.2209296077489853,31.995033264160156,,,2
exp_hrl_v1,86,1,US_6,ATTACK,ADVANCE,,0.2209296077489853,31.995033264160156,,,4
exp_hrl_v1,86,1,US_7,ATTACK,FLANK,,0.21747517585754395,38.966827392578125,,,2
exp_hrl_v1,86,2,US_1,ATTACK,FLANK,,0.21747517585754395,38.966827392578125,,,4
exp_hrl_v1,86,2,US_2,ATTACK,FLANK,,0.21747517585754395,38.966827392578125,,,4
exp_hrl_v1,86,2,US_3,ATTACK,FLANK,,0.21747517585754395,38.966827392578125,,,4
exp_hrl_v1,86,2,US_4,ATTACK,FLANK,,0.21747517585754395,38.966827392578125,,,4
exp_hrl_v1,86,2,US_5,ATTACK,ATTACK,DIRECT,0.22964689135551453,45.69208526611328,,,2
exp_hrl_v1,86,2,US_6,ATTACK,ATTACK,DIRECT,0.22964689135551453,45.69208526611328,,,4
exp_hrl_v1,86,2,US_7,ATTACK,ATTACK,DIRECT,0.22964689135551453,45.69208526611328,,,2
exp_hrl_v1,86,3,US_1,ATTACK,ATTACK,DIRECT,0.22964689135551453,45.69208526611328,,,4
exp_hrl_v1,86,3,US_2,ATTACK,ATTACK,DIRECT,0.22964689135551453,45.69208526611328,,,4
exp_hrl_v1,86,3,US_3,ATTACK,ATTACK,DIRECT,0.22964689135551453,45.69208526611328,,,4
exp_hrl_v1,86,3,US_4,ATTACK,ATTACK,DIRECT,0.22964689135551453,45.69208526611328,,,4
exp_hrl_v1,86,3,US_5,ATTACK,ATTACK,DIRECT,0.22964689135551453,45.69208526611328,,,2
exp_hrl_v1,86,3,US_6,ATTACK,ATTACK,DIRECT,0.22964689135551453,45.69208526611328,,,4
exp_hrl_v1,86,3,US_7,ATTACK,ATTACK,DIRECT,0.22964689135551453,45.69208526611328,,,2
exp_hrl_v1,86,4,US_1,ATTACK,ADVANCE,,0.21325081586837769,51.277915954589844,,,4
exp_hrl_v1,86,4,US_2,ATTACK,ADVANCE,,0.21325081586837769,51.277915954589844,,,4
exp_hrl_v1,86,4,US_3,ATTACK,ADVANCE,,0.21325081586837769,51.277915954589844,,,4
exp_hrl_v1,86,4,US_4,ATTACK,ADVANCE,,0.21325081586837769,51.277915954589844,,,4
exp_hrl_v1,86,4,US_5,ATTACK,ADVANCE,,0.21325081586837769,51.277915954589844,,,2
exp_hrl_v1,86,4,US_6,ATTACK,ADVANCE,,0.21325081586837769,51.277915954589844,,,4
exp_hrl_v1,86,4,US_7,ATTACK,ATTACK,DIRECT,0.2920819818973541,53.60224533081055,,,2
exp_hrl_v1,87,1,US_1,HOLD_VP,ADVANCE,,0.2209296077489853,31.995033264160156,,,4
exp_hrl_v1,87,1,US_2,HOLD_VP,ADVANCE,,0.2209296077489853,31.995033264160156,,,4
exp_hrl_v1,87,1,US_3,HOLD_VP,ADVANCE,,0.2209296077489853,31.995033264160156,,,4
exp_hrl_v1,87,1,US_4,HOLD_VP,ADVANCE,,0.2209296077489853,31.995033264160156,,,4
exp_hrl_v1,87,1,US_5,HOLD_VP,ADVANCE,,0.2209296077489853,31.995033264160156,,,2
exp_hrl_v1,87,1,US_6,HOLD_VP,ADVANCE,,0.2209296077489853,31.995033264160156,,,4
exp_hrl_v1,87,1,US_7,HOLD_VP,ADVANCE,,0.19832457602024078,38.966827392578125,,,2
exp_hrl_v1,87,2,US_1,HOLD_VP,ADVANCE,,0.19832457602024078,38.966827392578125,,,4
exp_hrl_v1,87,2,US_2,HOLD_VP,ADVANCE,,0.19832457602024078,38.966827392578125,,,4
exp_hrl_v1,87,2,US_3,HOLD_VP,ADVANCE,,0.19832457602024078,38.966827392578125,,,4
exp_hrl_v1,87,2,US_4,HOLD_VP,ADVANCE,,0.19832457602024078,38.966827392578125,,,4
exp_hrl_v1,87,2,US_5,HOLD_VP,ADVANCE,,0.19832457602024078,38.966827392578125,,,2
exp_hrl_v1,87,2,US_6,HOLD_VP,FLANK,,0.19315460324287415,43.13095474243164,,,4
exp_hrl_v1,87,2,US_7,HOLD_VP,FLANK,,0.19315460324287415,43.13095474243164,,,2
exp_hrl_v1,87,3,US_1,HOLD_VP,FLANK,,0.19315460324287415,43.13095474243164,,,4
exp_hrl_v1,87,3,US_2,HOLD_VP,FLANK,,0.19315460324287415,43.13095474243164,,,4
exp_hrl_v1,87,3,US_3,HOLD_VP,FLANK,,0.19315460324287415,43.13095474243164,,,4
exp_hrl_v1,87,3,US_4,HOLD_VP,ADVANCE,,0.19921976327896118,50.39462661743164,,,4
exp_hrl_v1,87,3,US_5,HOLD_VP,ADVANCE,,0.19921976327896118,50.39462661743164,,,2
exp_hrl_v1,87,3,US_6,HOLD_VP,ADVANCE,,0.19921976327896118,50.39462661743164,,,4
exp_hrl_v1,87,3,US_7,HOLD_VP,ADVANCE,,0.19921976327896118,50.39462661743164,,,2
exp_hrl_v1,87,4,US_1,HOLD_VP,ADVANCE,,0.19921976327896118,50.39462661743164,,,4
exp_hrl_v1,87,4,US_2,HOLD_VP,ADVANCE,,0.19921976327896118,50.39462661743164,,,4
exp_hrl_v1,87,4,US_3,HOLD_VP,ADVANCE,,0.15440940856933594,55.45258712768555,,,4
exp_hrl_v1,87,4,US_4,HOLD_VP,ADVANCE,,0.15440940856933594,55.45258712768555,,,4
exp_hrl_v1,87,4,US_5,HOLD_VP,ADVANCE,,0.15440940856933594,55.45258712768555,,,2
exp_hrl_v1,87,4,US_6,HOLD_VP,ADVANCE,,0.15440940856933594,55.45258712768555,,,4
exp_hrl_v1,87,4,US_7,HOLD_VP,ADVANCE,,0.15440940856933594,55.45258712768555,,,2
exp_hrl_v1,87,5,US_1,HOLD_VP,ADVANCE,,0.15440940856933594,55.45258712768555,,,4
exp_hrl_v1,87,5,US_2,HOLD_VP,ADVANCE,,0.13012106716632843,59.27045822143555,,,4
exp_hrl_v1,87,5,US_3,HOLD_VP,ADVANCE,,0.13012106716632843,59.27045822143555,,,4
exp_hrl_v1,87,5,US_4,HOLD_VP,ADVANCE,,0.13012106716632843,59.27045822143555,,,4
exp_hrl_v1,87,5,US_5,HOLD_VP,ADVANCE,,0.13012106716632843,59.27045822143555,,,2
exp_hrl_v1,87,5,US_6,HOLD_VP,ADVANCE,,0.13012106716632843,59.27045822143555,,,4
exp_hrl_v1,87,5,US_7,HOLD_VP,ADVANCE,,0.13012106716632843,59.27045822143555,,,2
exp_hrl_v1,87,6,US_1,HOLD_VP,ATTACK,DIRECT,0.41589289903640747,62.53553009033203,,,4
exp_hrl_v1,87,6,US_2,HOLD_VP,ATTACK,DIRECT,0.41589289903640747,62.53553009033203,,,4
exp_hrl_v1,87,6,US_3,HOLD_VP,ATTACK,DIRECT,0.41589289903640747,62.53553009033203,,,4
exp_hrl_v1,87,6,US_4,HOLD_VP,ATTACK,DIRECT,0.41589289903640747,62.53553009033203,,,4
exp_hrl_v1,87,6,US_5,HOLD_VP,ATTACK,DIRECT,0.41589289903640747,62.53553009033203,,,2
exp_hrl_v1,87,6,US_6,HOLD_VP,ATTACK,DIRECT,0.41589289903640747,62.53553009033203,,,4
exp_hrl_v1,87,6,US_7,HOLD_VP,ATTACK,DIRECT,0.41589289903640747,62.53553009033203,,,2
exp_hrl_v1,87,7,US_1,HOLD_VP,ATTACK,DIRECT,0.41589289903640747,62.53553009033203,,,4
exp_hrl_v1,87,7,US_2,HOLD_VP,ATTACK,DIRECT,0.41589289903640747,62.53553009033203,,,4
exp_hrl_v1,87,7,US_3,HOLD_VP,ATTACK,DIRECT,0.41589289903640747,62.53553009033203,,,4
exp_hrl_v1,87,7,US_4,HOLD_VP,ADVANCE,,0.21171382069587708,56.37803649902344,,,4
exp_hrl_v1,87,7,US_5,HOLD_VP,ADVANCE,,0.21171382069587708,56.37803649902344,,,2
exp_hrl_v1,87,7,US_6,HOLD_VP,ADVANCE,,0.21171382069587708,56.37803649902344,,,4
exp_hrl_v1,87,7,US_7,HOLD_VP,ADVANCE,,0.21171382069587708,56.37803649902344,,,2
exp_hrl_v1,87,8,US_1,HOLD_VP,ADVANCE,,0.21171382069587708,56.37803649902344,,,4
exp_hrl_v1,87,8,US_2,HOLD_VP,ADVANCE,,0.21171382069587708,56.37803649902344,,,4
exp_hrl_v1,87,8,US_3,HOLD_VP,ADVANCE,,0.19723927974700928,50.456321716308594,,,4
exp_hrl_v1,87,8,US_4,HOLD_VP,ADVANCE,,0.19723927974700928,50.456321716308594,,,4
exp_hrl_v1,87,8,US_5,HOLD_VP,ADVANCE,,0.19723927974700928,50.456321716308594,,,2
exp_hrl_v1,87,8,US_6,HOLD_VP,ADVANCE,,0.19723927974700928,50.456321716308594,,,4
exp_hrl_v1,87,8,US_7,HOLD_VP,ADVANCE,,0.19723927974700928,50.456321716308594,,,2
exp_hrl_v1,87,9,US_1,HOLD_VP,ADVANCE,,0.19723927974700928,50.456321716308594,,,4
exp_hrl_v1,87,9,US_2,HOLD_VP,FLANK,,0.22182126343250275,45.489234924316406,,,4
exp_hrl_v1,87,9,US_3,HOLD_VP,FLANK,,0.22182126343250275,45.489234924316406,,,4
exp_hrl_v1,87,9,US_4,HOLD_VP,FLANK,,0.22182126343250275,45.489234924316406,,,4
exp_hrl_v1,87,9,US_5,HOLD_VP,FLANK,,0.22182126343250275,45.489234924316406,,,2
exp_hrl_v1,87,9,US_6,HOLD_VP,FLANK,,0.22182126343250275,45.489234924316406,,,4
exp_hrl_v1,87,9,US_7,HOLD_VP,ADVANCE,,0.2840172052383423,42.70592498779297,,,2
exp_hrl_v1,87,10,US_1,HOLD_VP,ADVANCE,,0.2840172052383423,42.70592498779297,,,4
exp_hrl_v1,87,10,US_2,HOLD_VP,ADVANCE,,0.2840172052383423,42.70592498779297,,,4
exp_hrl_v1,87,10,US_3,HOLD_VP,ADVANCE,,0.2840172052383423,42.70592498779297,,,4
exp_hrl_v1,87,10,US_4,HOLD_VP,ADVANCE,,0.2840172052383423,42.70592498779297,,,4
exp_hrl_v1,87,10,US_5,HOLD_VP,ADVANCE,,0.2840172052383423,42.70592498779297,,,2
exp_hrl_v1,87,10,US_6,HOLD_VP,ADVANCE,,0.2434750646352768,39.241886138916016,,,4
exp_hrl_v1,87,10,US_7,HOLD_VP,ADVANCE,,0.2434750646352768,39.241886138916016,,,2
exp_hrl_v1,87,11,US_1,HOLD_VP,ADVANCE,,0.2434750646352768,39.241886138916016,,,4
exp_hrl_v1,87,11,US_2,HOLD_VP,ADVANCE,,0.2434750646352768,39.241886138916016,,,4
exp_hrl_v1,87,11,US_3,HOLD_VP,ADVANCE,,0.2434750646352768,39.241886138916016,,,4
exp_hrl_v1,87,11,US_4,HOLD_VP,ADVANCE,,0.2434750646352768,39.241886138916016,,,4
exp_hrl_v1,87,11,US_5,HOLD_VP,ATTACK,DIRECT,0.14232678711414337,35.380496978759766,,,2
exp_hrl_v1,87,11,US_6,HOLD_VP,ATTACK,DIRECT,0.14232678711414337,35.380496978759766,,,4
exp_hrl_v1,87,11,US_7,HOLD_VP,ATTACK,DIRECT,0.14232678711414337,35.380496978759766,,,2
exp_hrl_v1,88,1,US_1,HOLD_VP,ADVANCE,,0.1899789720773697,31.995033264160156,,,4
exp_hrl_v1,88,1,US_2,HOLD_VP,ADVANCE,,0.1899789720773697,31.995033264160156,,,4
exp_hrl_v1,88,1,US_3,HOLD_VP,ADVANCE,,0.1899789720773697,31.995033264160156,,,4
exp_hrl_v1,88,1,US_4,HOLD_VP,ADVANCE,,0.1899789720773697,31.995033264160156,,,4
exp_hrl_v1,88,1,US_5,HOLD_VP,ADVANCE,,0.1899789720773697,31.995033264160156,,,2
exp_hrl_v1,88,1,US_6,HOLD_VP,ADVANCE,,0.1899789720773697,31.995033264160156,,,4
exp_hrl_v1,88,1,US_7,HOLD_VP,ADVANCE,,0.19140321016311646,38.966827392578125,,,2
exp_hrl_v1,88,2,US_1,HOLD_VP,ADVANCE,,0.19140321016311646,38.966827392578125,,,4
exp_hrl_v1,88,2,US_2,HOLD_VP,ADVANCE,,0.19140321016311646,38.966827392578125,,,4
exp_hrl_v1,88,2,US_3,HOLD_VP,ADVANCE,,0.19140321016311646,38.966827392578125,,,4
exp_hrl_v1,88,2,US_4,HOLD_VP,ADVANCE,,0.19140321016311646,38.966827392578125,,,4
exp_hrl_v1,88,2,US_5,HOLD_VP,ADVANCE,,0.19140321016311646,38.966827392578125,,,2
exp_hrl_v1,88,2,US_6,HOLD_VP,ADVANCE,,0.19705842435359955,43.13095474243164,,,4
exp_hrl_v1,88,2,US_7,HOLD_VP,ADVANCE,,0.19705842435359955,43.13095474243164,,,2
exp_hrl_v1,88,3,US_1,HOLD_VP,ADVANCE,,0.19705842435359955,43.13095474243164,,,4
exp_hrl_v1,88,3,US_2,HOLD_VP,ADVANCE,,0.19705842435359955,43.13095474243164,,,4
exp_hrl_v1,88,3,US_3,HOLD_VP,ADVANCE,,0.19705842435359955,43.13095474243164,,,4
exp_hrl_v1,88,3,US_4,HOLD_VP,ADVANCE,,0.19705842435359955,43.13095474243164,,,4
exp_hrl_v1,88,3,US_5,HOLD_VP,ATTACK,DIRECT,0.2650388479232788,51.56973648071289,,,2
exp_hrl_v1,88,3,US_6,HOLD_VP,ATTACK,DIRECT,0.2650388479232788,51.56973648071289,,,4
exp_hrl_v1,88,3,US_7,HOLD_VP,ATTACK,DIRECT,0.2650388479232788,51.56973648071289,,,2
exp_hrl_v1,88,4,US_1,HOLD_VP,ATTACK,DIRECT,0.2650388479232788,51.56973648071289,,,4
exp_hrl_v1,88,4,US_2,HOLD_VP,ATTACK,DIRECT,0.2650388479232788,51.56973648071289,,,4
exp_hrl_v1,88,4,US_3,HOLD_VP,ATTACK,DIRECT,0.2650388479232788,51.56973648071289,,,4
exp_hrl_v1,88,4,US_4,HOLD_VP,ATTACK,DIRECT,0.2650388479232788,51.56973648071289,,,4
exp_hrl_v1,88,4,US_5,HOLD_VP,ATTACK,DIRECT,0.2650388479232788,51.56973648071289,,,2
exp_hrl_v1,88,4,US_6,HOLD_VP,ATTACK,DIRECT,0.2650388479232788,51.56973648071289,,,4
exp_hrl_v1,88,4,US_7,HOLD_VP,ATTACK,DIRECT,0.2650388479232788,51.56973648071289,,,2
exp_hrl_v1,88,5,US_1,HOLD_VP,ATTACK,DIRECT,0.17231425642967224,53.78239440917969,,,4
exp_hrl_v1,88,5,US_2,HOLD_VP,ATTACK,DIRECT,0.17231425642967224,53.78239440917969,,,4
exp_hrl_v1,89,1,US_1,HOLD_VP,ADVANCE,,0.19773367047309875,31.995033264160156,,,4
exp_hrl_v1,89,1,US_2,HOLD_VP,ADVANCE,,0.19773367047309875,31.995033264160156,,,4
exp_hrl_v1,89,1,US_3,HOLD_VP,ADVANCE,,0.19773367047309875,31.995033264160156,,,4
exp_hrl_v1,89,1,US_4,HOLD_VP,ADVANCE,,0.19773367047309875,31.995033264160156,,,4
exp_hrl_v1,89,1,US_5,HOLD_VP,ADVANCE,,0.19773367047309875,31.995033264160156,,,2
exp_hrl_v1,89,1,US_6,HOLD_VP,ADVANCE,,0.19773367047309875,31.995033264160156,,,4
exp_hrl_v1,89,1,US_7,HOLD_VP,ADVANCE,,0.19140321016311646,38.966827392578125,,,2
exp_hrl_v1,89,2,US_1,HOLD_VP,ADVANCE,,0.19140321016311646,38.966827392578125,,,4
exp_hrl_v1,89,2,US_2,HOLD_VP,ADVANCE,,0.19140321016311646,38.966827392578125,,,4
exp_hrl_v1,89,2,US_3,HOLD_VP,ADVANCE,,0.19140321016311646,38.966827392578125,,,4
exp_hrl_v1,89,2,US_4,HOLD_VP,ADVANCE,,0.19140321016311646,38.966827392578125,,,4
exp_hrl_v1,89,2,US_5,HOLD_VP,ADVANCE,,0.19140321016311646,38.966827392578125,,,2
exp_hrl_v1,89,2,US_6,HOLD_VP,ATTACK,DIRECT,0.21960562467575073,43.13095474243164,,,4
exp_hrl_v1,89,2,US_7,HOLD_VP,ATTACK,DIRECT,0.21960562467575073,43.13095474243164,,,2
exp_hrl_v1,89,3,US_1,HOLD_VP,ATTACK,DIRECT,0.21960562467575073,43.13095474243164,,,4
exp_hrl_v1,89,3,US_2,HOLD_VP,ATTACK,DIRECT,0.21960562467575073,43.13095474243164,,,4
exp_hrl_v1,89,3,US_3,HOLD_VP,ATTACK,DIRECT,0.21960562467575073,43.13095474243164,,,4
exp_hrl_v1,89,3,US_4,HOLD_VP,ATTACK,DIRECT,0.21960562467575073,43.13095474243164,,,4
exp_hrl_v1,89,3,US_5,HOLD_VP,ATTACK,DIRECT,0.21960562467575073,43.13095474243164,,,2
exp_hrl_v1,89,3,US_6,HOLD_VP,ATTACK,DIRECT,0.21960562467575073,43.13095474243164,,,4
exp_hrl_v1,89,3,US_7,HOLD_VP,ATTACK,DIRECT,0.21960562467575073,43.13095474243164,,,2
exp_hrl_v1,89,4,US_1,HOLD_VP,ATTACK,DIRECT,0.21960562467575073,43.13095474243164,,,4
exp_hrl_v1,89,4,US_2,HOLD_VP,ADVANCE,,0.1846119910478592,51.6717529296875,,,4
exp_hrl_v1,89,4,US_3,HOLD_VP,ADVANCE,,0.1846119910478592,51.6717529296875,,,4
exp_hrl_v1,89,4,US_4,HOLD_VP,ADVANCE,,0.1846119910478592,51.6717529296875,,,4
exp_hrl_v1,89,4,US_5,HOLD_VP,ADVANCE,,0.1846119910478592,51.6717529296875,,,2
exp_hrl_v1,89,4,US_6,HOLD_VP,ADVANCE,,0.1846119910478592,51.6717529296875,,,4
exp_hrl_v1,89,4,US_7,HOLD_VP,ADVANCE,,0.1846119910478592,51.6717529296875,,,2
exp_hrl_v1,89,5,US_1,HOLD_VP,ADVANCE,,0.22887267172336578,52.2674446105957,,,4
exp_hrl_v1,89,5,US_2,HOLD_VP,ADVANCE,,0.22887267172336578,52.2674446105957,,,4
exp_hrl_v1,89,5,US_3,HOLD_VP,ADVANCE,,0.22887267172336578,52.2674446105957,,,4
exp_hrl_v1,89,5,US_4,HOLD_VP,ADVANCE,,0.22887267172336578,52.2674446105957,,,4
exp_hrl_v1,89,5,US_5,HOLD_VP,ADVANCE,,0.22887267172336578,52.2674446105957,,,2
exp_hrl_v1,89,5,US_6,HOLD_VP,ADVANCE,,0.22887267172336578,52.2674446105957,,,4
exp_hrl_v1,89,5,US_7,HOLD_VP,ATTACK,INDIRECT,0.23952409625053406,52.743499755859375,,,2
exp_hrl_v1,89,6,US_1,HOLD_VP,ATTACK,INDIRECT,0.23952409625053406,52.743499755859375,,,4
exp_hrl_v1,90,1,US_1,PUSH_VP,ADVANCE,,0.1899789720773697,31.995033264160156,,,4
exp_hrl_v1,90,1,US_2,PUSH_VP,ADVANCE,,0.1899789720773697,31.995033264160156,,,4
exp_hrl_v1,90,1,US_3,PUSH_VP,ADVANCE,,0.1899789720773697,31.995033264160156,,,4
exp_hrl_v1,90,1,US_4,PUSH_VP,ADVANCE,,0.1899789720773697,31.995033264160156,,,4
exp_hrl_v1,90,1,US_5,PUSH_VP,ADVANCE,,0.1899789720773697,31.995033264160156,,,2
exp_hrl_v1,90,1,US_6,PUSH_VP,ADVANCE,,0.1899789720773697,31.995033264160156,,,4
exp_hrl_v1,90,1,US_7,PUSH_VP,ADVANCE,,0.19609956443309784,38.966827392578125,,,2
exp_hrl_v1,90,2,US_1,PUSH_VP,ADVANCE,,0.19609956443309784,38.966827392578125,,,4
exp_hrl_v1,90,2,US_2,PUSH_VP,ADVANCE,,0.19609956443309784,38.966827392578125,,,4
exp_hrl_v1,90,2,US_3,PUSH_VP,ADVANCE,,0.19609956443309784,38.966827392578125,,,4
exp_hrl_v1,90,2,US_4,PUSH_VP,ADVANCE,,0.19609956443309784,38.966827392578125,,,4
exp_hrl_v1,90,2,US_5,PUSH_VP,ADVANCE,,0.19609956443309784,38.966827392578125,,,2
exp_hrl_v1,90,2,US_6,PUSH_VP,FLANK,,0.19315460324287415,43.13095474243164,,,4
exp_hrl_v1,90,2,US_7,PUSH_VP,FLANK,,0.19315460324287415,43.13095474243164,,,2
exp_hrl_v1,90,3,US_1,PUSH_VP,FLANK,,0.19315460324287415,43.13095474243164,,,4
exp_hrl_v1,90,3,US_2,PUSH_VP,FLANK,,0.19315460324287415,43.13095474243164,,,4
exp_hrl_v1,90,3,US_3,PUSH_VP,FLANK,,0.19315460324287415,43.13095474243164,,,4
exp_hrl_v1,90,3,US_4,PUSH_VP,ADVANCE,,0.181901216506958,50.39462661743164,,,4
exp_hrl_v1,90,3,US_5,PUSH_VP,ADVANCE,,0.181901216506958,50.39462661743164,,,2
exp_hrl_v1,90,3,US_6,PUSH_VP,ADVANCE,,0.181901216506958,50.39462661743164,,,4
exp_hrl_v1,90,3,US_7,PUSH_VP,ADVANCE,,0.181901216506958,50.39462661743164,,,2
exp_hrl_v1,90,4,US_1,PUSH_VP,ADVANCE,,0.181901216506958,50.39462661743164,,,4
exp_hrl_v1,90,4,US_2,PUSH_VP,ADVANCE,,0.181901216506958,50.39462661743164,,,4
exp_hrl_v1,90,4,US_3,PUSH_VP,ADVANCE,,0.15440940856933594,55.45258712768555,,,4
exp_hrl_v1,90,4,US_4,PUSH_VP,ADVANCE,,0.15440940856933594,55.45258712768555,,,4
exp_hrl_v1,90,4,US_5,PUSH_VP,ADVANCE,,0.15440940856933594,55.45258712768555,,,2
exp_hrl_v1,90,4,US_6,PUSH_VP,ADVANCE,,0.15440940856933594,55.45258712768555,,,4
exp_hrl_v1,90,4,US_7,PUSH_VP,ADVANCE,,0.15440940856933594,55.45258712768555,,,2
exp_hrl_v1,90,5,US_1,PUSH_VP,ADVANCE,,0.15440940856933594,55.45258712768555,,,4
exp_hrl_v1,90,5,US_2,PUSH_VP,ADVANCE,,0.3427402675151825,59.27045822143555,,,4
exp_hrl_v1,90,5,US_3,PUSH_VP,ADVANCE,,0.3427402675151825,59.27045822143555,,,4
exp_hrl_v1,90,5,US_4,PUSH_VP,ADVANCE,,0.3427402675151825,59.27045822143555,,,4
exp_hrl_v1,90,5,US_5,PUSH_VP,ADVANCE,,0.3427402675151825,59.27045822143555,,,2
exp_hrl_v1,90,5,US_6,PUSH_VP,ADVANCE,,0.3427402675151825,59.27045822143555,,,4
exp_hrl_v1,90,5,US_7,PUSH_VP,ADVANCE,,0.3427402675151825,59.27045822143555,,,2
exp_hrl_v1,90,6,US_1,HOLD_VP,RETREAT,,0.10833622515201569,62.53553009033203,,,4
exp_hrl_v1,90,6,US_2,HOLD_VP,RETREAT,,0.10833622515201569,62.53553009033203,,,4
exp_hrl_v1,90,6,US_3,HOLD_VP,ATTACK,DIRECT,0.4225241243839264,64.29634094238281,,,4
exp_hrl_v1,90,6,US_4,HOLD_VP,ATTACK,DIRECT,0.4225241243839264,64.29634094238281,,,4
exp_hrl_v1,90,6,US_5,HOLD_VP,ATTACK,DIRECT,0.4225241243839264,64.29634094238281,,,2
exp_hrl_v1,90,6,US_6,HOLD_VP,ATTACK,DIRECT,0.4225241243839264,64.29634094238281,,,4
exp_hrl_v1,90,6,US_7,HOLD_VP,ATTACK,DIRECT,0.4225241243839264,64.29634094238281,,,2
exp_hrl_v1,90,7,US_1,HOLD_VP,ATTACK,DIRECT,0.4225241243839264,64.29634094238281,,,4
exp_hrl_v1,90,7,US_2,HOLD_VP,ATTACK,DIRECT,0.4225241243839264,64.29634094238281,,,4
exp_hrl_v1,90,7,US_3,HOLD_VP,ATTACK,DIRECT,0.4225241243839264,64.29634094238281,,,4
exp_hrl_v1,91,1,US_1,PUSH_VP,ADVANCE,,0.19773367047309875,31.995033264160156,,,4
exp_hrl_v1,91,1,US_2,PUSH_VP,ADVANCE,,0.19773367047309875,31.995033264160156,,,4
exp_hrl_v1,91,1,US_3,PUSH_VP,ADVANCE,,0.19773367047309875,31.995033264160156,,,4
exp_hrl_v1,91,1,US_4,PUSH_VP,ADVANCE,,0.19773367047309875,31.995033264160156,,,4
exp_hrl_v1,91,1,US_5,PUSH_VP,ADVANCE,,0.19773367047309875,31.995033264160156,,,2
exp_hrl_v1,91,1,US_6,PUSH_VP,ADVANCE,,0.19773367047309875,31.995033264160156,,,4
exp_hrl_v1,91,1,US_7,PUSH_VP,ADVANCE,,0.19609956443309784,38.966827392578125,,,2
exp_hrl_v1,91,2,US_1,PUSH_VP,ADVANCE,,0.19609956443309784,38.966827392578125,,,4
exp_hrl_v1,91,2,US_2,PUSH_VP,ADVANCE,,0.19609956443309784,38.966827392578125,,,4
exp_hrl_v1,91,2,US_3,PUSH_VP,ADVANCE,,0.19609956443309784,38.966827392578125,,,4
exp_hrl_v1,91,2,US_4,PUSH_VP,ADVANCE,,0.19609956443309784,38.966827392578125,,,4
exp_hrl_v1,91,2,US_5,PUSH_VP,ADVANCE,,0.19609956443309784,38.966827392578125,,,2
exp_hrl_v1,91,2,US_6,PUSH_VP,HOLD,,0.1971135288476944,43.13095474243164,,,4
exp_hrl_v1,91,2,US_7,PUSH_VP,ADVANCE,,0.23021534085273743,47.457435607910156,,,2
exp_hrl_v1,91,3,US_1,PUSH_VP,ADVANCE,,0.23021534085273743,47.457435607910156,,,4
exp_hrl_v1,91,3,US_2,PUSH_VP,ADVANCE,,0.23021534085273743,47.457435607910156,,,4
exp_hrl_v1,91,3,US_3,PUSH_VP,ADVANCE,,0.23021534085273743,47.457435607910156,,,4
exp_hrl_v1,91,3,US_4,PUSH_VP,ADVANCE,,0.23021534085273743,47.457435607910156,,,4
exp_hrl_v1,91,3,US_5,PUSH_VP,ADVANCE,,0.23021534085273743,47.457435607910156,,,2
exp_hrl_v1,91,3,US_6,PUSH_VP,ADVANCE,,0.18652893602848053,50.76158905029297,,,4
exp_hrl_v1,91,3,US_7,PUSH_VP,ADVANCE,,0.18652893602848053,50.76158905029297,,,2
exp_hrl_v1,91,4,US_1,PUSH_VP,ADVANCE,,0.18652893602848053,50.76158905029297,,,4
exp_hrl_v1,91,4,US_2,PUSH_VP,ADVANCE,,0.18652893602848053,50.76158905029297,,,4
exp_hrl_v1,91,4,US_3,PUSH_VP,ADVANCE,,0.18652893602848053,50.76158905029297,,,4
exp_hrl_v1,91,4,US_4,PUSH_VP,ADVANCE,,0.18652893602848053,50.76158905029297,,,4
exp_hrl_v1,91,4,US_5,PUSH_VP,ATTACK,DIRECT,0.2766742706298828,56.27308654785156,,,2
exp_hrl_v1,91,4,US_6,PUSH_VP,ATTACK,DIRECT,0.2766742706298828,56.27308654785156,,,4
exp_hrl_v1,91,4,US_7,PUSH_VP,ATTACK,DIRECT,0.2766742706298828,56.27308654785156,,,2
exp_hrl_v1,91,5,US_1,PUSH_VP,ATTACK,DIRECT,0.2766742706298828,56.27308654785156,,,4
exp_hrl_v1,91,5,US_2,PUSH_VP,ATTACK,DIRECT,0.2766742706298828,56.27308654785156,,,4
exp_hrl_v1,91,5,US_3,PUSH_VP,ATTACK,DIRECT,0.2766742706298828,56.27308654785156,,,4
exp_hrl_v1,91,5,US_4,PUSH_VP,ATTACK,DIRECT,0.2766742706298828,56.27308654785156,,,4
exp_hrl_v1,91,5,US_5,PUSH_VP,ATTACK,DIRECT,0.2766742706298828,56.27308654785156,,,2
exp_hrl_v1,92,1,US_1,PUSH_VP,ADVANCE,,0.1899789720773697,31.995033264160156,,,4
exp_hrl_v1,92,1,US_2,PUSH_VP,ADVANCE,,0.1899789720773697,31.995033264160156,,,4
exp_hrl_v1,92,1,US_3,PUSH_VP,ADVANCE,,0.1899789720773697,31.995033264160156,,,4
exp_hrl_v1,92,1,US_4,PUSH_VP,ADVANCE,,0.1899789720773697,31.995033264160156,,,4
exp_hrl_v1,92,1,US_5,PUSH_VP,ADVANCE,,0.1899789720773697,31.995033264160156,,,2
exp_hrl_v1,92,1,US_6,PUSH_VP,ADVANCE,,0.1899789720773697,31.995033264160156,,,4
exp_hrl_v1,92,1,US_7,PUSH_VP,ADVANCE,,0.19140321016311646,38.966827392578125,,,2
exp_hrl_v1,92,2,US_1,PUSH_VP,ADVANCE,,0.19140321016311646,38.966827392578125,,,4
exp_hrl_v1,92,2,US_2,PUSH_VP,ADVANCE,,0.19140321016311646,38.966827392578125,,,4
exp_hrl_v1,92,2,US_3,PUSH_VP,ADVANCE,,0.19140321016311646,38.966827392578125,,,4
exp_hrl_v1,92,2,US_4,PUSH_VP,ADVANCE,,0.19140321016311646,38.966827392578125,,,4
exp_hrl_v1,92,2,US_5,PUSH_VP,ADVANCE,,0.19140321016311646,38.966827392578125,,,2
exp_hrl_v1,92,2,US_6,PUSH_VP,ADVANCE,,0.21960562467575073,43.13095474243164,,,4
exp_hrl_v1,92,2,US_7,PUSH_VP,ADVANCE,,0.21960562467575073,43.13095474243164,,,2
exp_hrl_v1,92,3,US_1,PUSH_VP,ADVANCE,,0.21960562467575073,43.13095474243164,,,4
exp_hrl_v1,92,3,US_2,PUSH_VP,ADVANCE,,0.21960562467575073,43.13095474243164,,,4
exp_hrl_v1,92,3,US_3,PUSH_VP,ADVANCE,,0.21960562467575073,43.13095474243164,,,4
exp_hrl_v1,92,3,US_4,PUSH_VP,ADVANCE,,0.21960562467575073,43.13095474243164,,,4
exp_hrl_v1,92,3,US_5,PUSH_VP,ATTACK,DIRECT,0.2650388479232788,51.56973648071289,,,2
exp_hrl_v1,92,3,US_6,PUSH_VP,ATTACK,DIRECT,0.2650388479232788,51.56973648071289,,,4
exp_hrl_v1,92,3,US_7,PUSH_VP,ATTACK,DIRECT,0.2650388479232788,51.56973648071289,,,2
exp_hrl_v1,92,4,US_1,PUSH_VP,ATTACK,DIRECT,0.2650388479232788,51.56973648071289,,,4
exp_hrl_v1,92,4,US_2,PUSH_VP,ATTACK,DIRECT,0.2650388479232788,51.56973648071289,,,4
exp_hrl_v1,92,4,US_3,PUSH_VP,ATTACK,DIRECT,0.2650388479232788,51.56973648071289,,,4
exp_hrl_v1,92,4,US_4,PUSH_VP,ATTACK,DIRECT,0.2650388479232788,51.56973648071289,,,4
exp_hrl_v1,92,4,US_5,PUSH_VP,ATTACK,DIRECT,0.2650388479232788,51.56973648071289,,,2
exp_hrl_v1,92,4,US_6,PUSH_VP,ATTACK,DIRECT,0.2650388479232788,51.56973648071289,,,4
exp_hrl_v1,92,4,US_7,PUSH_VP,ATTACK,DIRECT,0.2650388479232788,51.56973648071289,,,2
exp_hrl_v1,92,5,US_1,PUSH_VP,ADVANCE,,0.16619938611984253,53.08301544189453,,,4
exp_hrl_v1,92,5,US_2,PUSH_VP,ADVANCE,,0.16619938611984253,53.08301544189453,,,4
exp_hrl_v1,92,5,US_3,PUSH_VP,ADVANCE,,0.16619938611984253,53.08301544189453,,,4
exp_hrl_v1,92,5,US_4,PUSH_VP,ADVANCE,,0.16619938611984253,53.08301544189453,,,4
exp_hrl_v1,92,5,US_5,PUSH_VP,ADVANCE,,0.16619938611984253,53.08301544189453,,,2
exp_hrl_v1,92,5,US_6,PUSH_VP,ADVANCE,,0.16619938611984253,53.08301544189453,,,4
exp_hrl_v1,92,5,US_7,PUSH_VP,FLANK,,0.17110511660575867,54.40658187866211,,,2
exp_hrl_v1,92,6,US_1,PUSH_VP,FLANK,,0.17110511660575867,54.40658187866211,,,4
exp_hrl_v1,92,6,US_2,PUSH_VP,FLANK,,0.17110511660575867,54.40658187866211,,,4
exp_hrl_v1,92,6,US_3,PUSH_VP,FLANK,,0.17110511660575867,54.40658187866211,,,4
exp_hrl_v1,92,6,US_4,PUSH_VP,FLANK,,0.17110511660575867,54.40658187866211,,,4
exp_hrl_v1,92,6,US_5,HOLD_VP,ADVANCE,,0.2554723918437958,52.441978454589844,,,2
exp_hrl_v1,92,6,US_6,HOLD_VP,ADVANCE,,0.2554723918437958,52.441978454589844,,,4
exp_hrl_v1,92,6,US_7,HOLD_VP,ADVANCE,,0.2554723918437958,52.441978454589844,,,2
exp_hrl_v1,92,7,US_1,HOLD_VP,ADVANCE,,0.2554723918437958,52.441978454589844,,,4
exp_hrl_v1,92,7,US_2,HOLD_VP,ADVANCE,,0.2554723918437958,52.441978454589844,,,4
exp_hrl_v1,92,7,US_3,HOLD_VP,ADVANCE,,0.2554723918437958,52.441978454589844,,,4
exp_hrl_v1,92,7,US_4,HOLD_VP,ADVANCE,,0.19509495794773102,49.288211822509766,,,4
exp_hrl_v1,92,7,US_5,HOLD_VP,ADVANCE,,0.19509495794773102,49.288211822509766,,,2
exp_hrl_v1,92,7,US_6,HOLD_VP,ADVANCE,,0.19509495794773102,49.288211822509766,,,4
exp_hrl_v1,92,7,US_7,HOLD_VP,ADVANCE,,0.19509495794773102,49.288211822509766,,,2
exp_hrl_v1,92,8,US_1,HOLD_VP,ADVANCE,,0.19509495794773102,49.288211822509766,,,4
exp_hrl_v1,92,8,US_2,HOLD_VP,ADVANCE,,0.19509495794773102,49.288211822509766,,,4
exp_hrl_v1,92,8,US_3,HOLD_VP,ADVANCE,,0.1553805023431778,45.732330322265625,,,4
exp_hrl_v1,92,8,US_4,HOLD_VP,ADVANCE,,0.1553805023431778,45.732330322265625,,,4
exp_hrl_v1,92,8,US_5,HOLD_VP,ADVANCE,,0.1553805023431778,45.732330322265625,,,2
exp_hrl_v1,92,8,US_6,HOLD_VP,ADVANCE,,0.1553805023431778,45.732330322265625,,,4
exp_hrl_v1,92,8,US_7,HOLD_VP,ADVANCE,,0.1553805023431778,45.732330322265625,,,2
exp_hrl_v1,92,9,US_1,HOLD_VP,ADVANCE,,0.1553805023431778,45.732330322265625,,,4
exp_hrl_v1,92,9,US_2,HOLD_VP,ATTACK,DIRECT,0.2211235761642456,41.32221984863281,,,4
exp_hrl_v1,92,9,US_3,HOLD_VP,ATTACK,DIRECT,0.2211235761642456,41.32221984863281,,,4
exp_hrl_v1,93,1,US_1,ATTACK,ADVANCE,,0.2209296077489853,31.995033264160156,,,4
exp_hrl_v1,93,1,US_2,ATTACK,ADVANCE,,0.2209296077489853,31.995033264160156,,,4
exp_hrl_v1,93,1,US_3,ATTACK,ADVANCE,,0.2209296077489853,31.995033264160156,,,4
exp_hrl_v1,93,1,US_4,ATTACK,ADVANCE,,0.2209296077489853,31.995033264160156,,,4
exp_hrl_v1,93,1,US_5,ATTACK,ADVANCE,,0.2209296077489853,31.995033264160156,,,2
exp_hrl_v1,93,1,US_6,ATTACK,ADVANCE,,0.2209296077489853,31.995033264160156,,,4
exp_hrl_v1,93,1,US_7,ATTACK,ATTACK,DIRECT,0.1966974139213562,38.966827392578125,,,2
exp_hrl_v1,93,2,US_1,ATTACK,ATTACK,DIRECT,0.1966974139213562,38.966827392578125,,,4
exp_hrl_v1,93,2,US_2,ATTACK,ATTACK,DIRECT,0.1966974139213562,38.966827392578125,,,4
exp_hrl_v1,93,2,US_3,ATTACK,ATTACK,DIRECT,0.1966974139213562,38.966827392578125,,,4
exp_hrl_v1,93,2,US_4,ATTACK,ATTACK,DIRECT,0.1966974139213562,38.966827392578125,,,4
exp_hrl_v1,93,2,US_5,ATTACK,ATTACK,DIRECT,0.1966974139213562,38.966827392578125,,,2
exp_hrl_v1,93,2,US_6,ATTACK,ATTACK,DIRECT,0.1966974139213562,38.966827392578125,,,4
exp_hrl_v1,93,2,US_7,ATTACK,ATTACK,DIRECT,0.1966974139213562,38.966827392578125,,,2
exp_hrl_v1,93,3,US_1,ATTACK,ATTACK,DIRECT,0.1966974139213562,38.966827392578125,,,4
exp_hrl_v1,93,3,US_2,ATTACK,ATTACK,DIRECT,0.1966974139213562,38.966827392578125,,,4
exp_hrl_v1,93,3,US_3,ATTACK,ADVANCE,,0.18792451918125153,52.004730224609375,,,4
exp_hrl_v1,93,3,US_4,ATTACK,ADVANCE,,0.18792451918125153,52.004730224609375,,,4
exp_hrl_v1,93,3,US_5,ATTACK,ADVANCE,,0.18792451918125153,52.004730224609375,,,2
exp_hrl_v1,93,3,US_6,ATTACK,ADVANCE,,0.18792451918125153,52.004730224609375,,,4
exp_hrl_v1,93,3,US_7,ATTACK,ADVANCE,,0.18792451918125153,52.004730224609375,,,2
exp_hrl_v1,93,4,US_1,ATTACK,ADVANCE,,0.18792451918125153,52.004730224609375,,,4
exp_hrl_v1,93,4,US_2,ATTACK,ADVANCE,,0.18596406280994415,54.50425720214844,,,4
exp_hrl_v1,93,4,US_3,ATTACK,ADVANCE,,0.18596406280994415,54.50425720214844,,,4
exp_hrl_v1,93,4,US_4,ATTACK,ADVANCE,,0.18596406280994415,54.50425720214844,,,4
exp_hrl_v1,93,4,US_5,ATTACK,ADVANCE,,0.18596406280994415,54.50425720214844,,,2
exp_hrl_v1,93,4,US_6,ATTACK,ADVANCE,,0.18596406280994415,54.50425720214844,,,4
exp_hrl_v1,93,4,US_7,ATTACK,ADVANCE,,0.18596406280994415,54.50425720214844,,,2
exp_hrl_v1,93,5,US_1,ATTACK,ATTACK,DIRECT,0.17379266023635864,53.44844055175781,,,4
exp_hrl_v1,94,1,US_1,PUSH_VP,ADVANCE,,0.1955854892730713,31.995033264160156,,,4
exp_hrl_v1,94,1,US_2,PUSH_VP,ADVANCE,,0.1955854892730713,31.995033264160156,,,4
exp_hrl_v1,94,1,US_3,PUSH_VP,ADVANCE,,0.1955854892730713,31.995033264160156,,,4
exp_hrl_v1,94,1,US_4,PUSH_VP,ADVANCE,,0.1955854892730713,31.995033264160156,,,4
exp_hrl_v1,94,1,US_5,PUSH_VP,ADVANCE,,0.1955854892730713,31.995033264160156,,,2
exp_hrl_v1,94,1,US_6,PUSH_VP,ADVANCE,,0.1955854892730713,31.995033264160156,,,4
exp_hrl_v1,94,1,US_7,PUSH_VP,FLANK,,0.1966974139213562,38.966827392578125,,,2
exp_hrl_v1,94,2,US_1,PUSH_VP,FLANK,,0.1966974139213562,38.966827392578125,,,4
exp_hrl_v1,94,2,US_2,PUSH_VP,FLANK,,0.1966974139213562,38.966827392578125,,,4
exp_hrl_v1,94,2,US_3,PUSH_VP,FLANK,,0.1966974139213562,38.966827392578125,,,4
exp_hrl_v1,94,2,US_4,PUSH_VP,FLANK,,0.1966974139213562,38.966827392578125,,,4
exp_hrl_v1,94,2,US_5,PUSH_VP,ADVANCE,,0.19041407108306885,45.69208526611328,,,2
exp_hrl_v1,94,2,US_6,PUSH_VP,ADVANCE,,0.19041407108306885,45.69208526611328,,,4
exp_hrl_v1,94,2,US_7,PUSH_VP,ADVANCE,,0.19041407108306885,45.69208526611328,,,2
exp_hrl_v1,94,3,US_1,PUSH_VP,ADVANCE,,0.19041407108306885,45.69208526611328,,,4
exp_hrl_v1,94,3,US_2,PUSH_VP,ADVANCE,,0.19041407108306885,45.69208526611328,,,4
exp_hrl_v1,94,3,US_3,PUSH_VP,ADVANCE,,0.19041407108306885,45.69208526611328,,,4
exp_hrl_v1,94,3,US_4,PUSH_VP,ATTACK,DIRECT,0.25893449783325195,50.84752655029297,,,4
exp_hrl_v1,94,3,US_5,PUSH_VP,ATTACK,DIRECT,0.25893449783325195,50.84752655029297,,,2
exp_hrl_v1,94,3,US_6,PUSH_VP,ATTACK,DIRECT,0.25893449783325195,50.84752655029297,,,4
exp_hrl_v1,94,3,US_7,PUSH_VP,ATTACK,DIRECT,0.25893449783325195,50.84752655029297,,,2
exp_hrl_v1,94,4,US_1,PUSH_VP,ATTACK,DIRECT,0.25893449783325195,50.84752655029297,,,4
exp_hrl_v1,94,4,US_2,PUSH_VP,ATTACK,DIRECT,0.25893449783325195,50.84752655029297,,,4
exp_hrl_v1,94,4,US_3,PUSH_VP,ATTACK,DIRECT,0.25893449783325195,50.84752655029297,,,4
exp_hrl_v1,94,4,US_4,PUSH_VP,ATTACK,DIRECT,0.25893449783325195,50.84752655029297,,,4
exp_hrl_v1,94,4,US_5,PUSH_VP,ATTACK,DIRECT,0.25893449783325195,50.84752655029297,,,2
exp_hrl_v1,94,4,US_6,PUSH_VP,ATTACK,DIRECT,0.25893449783325195,50.84752655029297,,,4
exp_hrl_v1,94,4,US_7,PUSH_VP,FLANK,,0.18371428549289703,54.50008010864258,,,2
exp_hrl_v1,94,5,US_1,PUSH_VP,FLANK,,0.18371428549289703,54.50008010864258,,,4
exp_hrl_v1,94,5,US_2,PUSH_VP,FLANK,,0.18371428549289703,54.50008010864258,,,4
exp_hrl_v1,94,5,US_3,PUSH_VP,FLANK,,0.18371428549289703,54.50008010864258,,,4
exp_hrl_v1,94,5,US_4,PUSH_VP,FLANK,,0.18371428549289703,54.50008010864258,,,4
exp_hrl_v1,94,5,US_5,PUSH_VP,FLANK,,0.17361828684806824,54.575836181640625,,,2
exp_hrl_v1,94,5,US_6,PUSH_VP,FLANK,,0.17361828684806824,54.575836181640625,,,4
exp_hrl_v1,94,5,US_7,PUSH_VP,FLANK,,0.17361828684806824,54.575836181640625,,,2
exp_hrl_v1,94,6,US_1,PUSH_VP,FLANK,,0.17361828684806824,54.575836181640625,,,4
exp_hrl_v1,94,6,US_2,PUSH_VP,FLANK,,0.17361828684806824,54.575836181640625,,,4
exp_hrl_v1,94,6,US_3,HOLD_VP,FLANK,,0.18331560492515564,51.409244537353516,,,4
exp_hrl_v1,94,6,US_4,HOLD_VP,FLANK,,0.18331560492515564,51.409244537353516,,,4
exp_hrl_v1,94,6,US_5,HOLD_VP,FLANK,,0.18331560492515564,51.409244537353516,,,2
exp_hrl_v1,94,6,US_6,HOLD_VP,FLANK,,0.18331560492515564,51.409244537353516,,,4
exp_hrl_v1,94,6,US_7,HOLD_VP,FLANK,,0.18331560492515564,51.409244537353516,,,2
exp_hrl_v1,94,7,US_1,HOLD_VP,ATTACK,DIRECT,0.30068546533584595,48.09170150756836,,,4
exp_hrl_v1,95,1,US_1,PUSH_VP,ADVANCE,,0.1899789720773697,31.995033264160156,,,4
exp_hrl_v1,95,1,US_2,PUSH_VP,ADVANCE,,0.1899789720773697,31.995033264160156,,,4
exp_hrl_v1,95,1,US_3,PUSH_VP,ADVANCE,,0.1899789720773697,31.995033264160156,,,4
exp_hrl_v1,95,1,US_4,PUSH_VP,ADVANCE,,0.1899789720773697,31.995033264160156,,,4
exp_hrl_v1,95,1,US_5,PUSH_VP,ADVANCE,,0.1899789720773697,31.995033264160156,,,2
exp_hrl_v1,95,1,US_6,PUSH_VP,ADVANCE,,0.1899789720773697,31.995033264160156,,,4
exp_hrl_v1,95,1,US_7,PUSH_VP,ADVANCE,,0.19140321016311646,38.966827392578125,,,2
exp_hrl_v1,95,2,US_1,PUSH_VP,ADVANCE,,0.19140321016311646,38.966827392578125,,,4
exp_hrl_v1,95,2,US_2,PUSH_VP,ADVANCE,,0.19140321016311646,38.966827392578125,,,4
exp_hrl_v1,95,2,US_3,PUSH_VP,ADVANCE,,0.19140321016311646,38.966827392578125,,,4
exp_hrl_v1,95,2,US_4,PUSH_VP,ADVANCE,,0.19140321016311646,38.966827392578125,,,4
exp_hrl_v1,95,2,US_5,PUSH_VP,ADVANCE,,0.19140321016311646,38.966827392578125,,,2
exp_hrl_v1,95,2,US_6,PUSH_VP,ADVANCE,,0.19705842435359955,43.13095474243164,,,4
exp_hrl_v1,95,2,US_7,PUSH_VP,ADVANCE,,0.19705842435359955,43.13095474243164,,,2
exp_hrl_v1,95,3,US_1,PUSH_VP,ADVANCE,,0.19705842435359955,43.13095474243164,,,4
exp_hrl_v1,95,3,US_2,PUSH_VP,ADVANCE,,0.19705842435359955,43.13095474243164,,,4
exp_hrl_v1,95,3,US_3,PUSH_VP,ADVANCE,,0.19705842435359955,43.13095474243164,,,4
exp_hrl_v1,95,3,US_4,PUSH_VP,ADVANCE,,0.19705842435359955,43.13095474243164,,,4
exp_hrl_v1,95,3,US_5,PUSH_VP,ADVANCE,,0.17752157151699066,51.56973648071289,,,2
exp_hrl_v1,95,3,US_6,PUSH_VP,ADVANCE,,0.17752157151699066,51.56973648071289,,,4
exp_hrl_v1,95,3,US_7,PUSH_VP,ADVANCE,,0.17752157151699066,51.56973648071289,,,2
exp_hrl_v1,95,4,US_1,PUSH_VP,ADVANCE,,0.17752157151699066,51.56973648071289,,,4
exp_hrl_v1,95,4,US_2,PUSH_VP,ADVANCE,,0.17752157151699066,51.56973648071289,,,4
exp_hrl_v1,95,4,US_3,PUSH_VP,ADVANCE,,0.17752157151699066,51.56973648071289,,,4
exp_hrl_v1,95,4,US_4,PUSH_VP,ADVANCE,,0.27733948826789856,56.64994812011719,,,4
exp_hrl_v1,95,4,US_5,PUSH_VP,ADVANCE,,0.27733948826789856,56.64994812011719,,,2
exp_hrl_v1,95,4,US_6,PUSH_VP,ADVANCE,,0.27733948826789856,56.64994812011719,,,4
exp_hrl_v1,95,4,US_7,PUSH_VP,ADVANCE,,0.27733948826789856,56.64994812011719,,,2
exp_hrl_v1,95,5,US_1,PUSH_VP,ADVANCE,,0.27733948826789856,56.64994812011719,,,4
exp_hrl_v1,95,5,US_2,PUSH_VP,ADVANCE,,0.27733948826789856,56.64994812011719,,,4
exp_hrl_v1,95,5,US_3,PUSH_VP,ADVANCE,,0.1741279512643814,59.8690185546875,,,4
exp_hrl_v1,95,5,US_4,PUSH_VP,ADVANCE,,0.1741279512643814,59.8690185546875,,,4
exp_hrl_v1,95,5,US_5,PUSH_VP,ADVANCE,,0.1741279512643814,59.8690185546875,,,2
exp_hrl_v1,95,5,US_6,PUSH_VP,ADVANCE,,0.1741279512643814,59.8690185546875,,,4
exp_hrl_v1,95,5,US_7,PUSH_VP,ADVANCE,,0.1741279512643814,59.8690185546875,,,2
exp_hrl_v1,95,6,US_1,PUSH_VP,ADVANCE,,0.1741279512643814,59.8690185546875,,,4
exp_hrl_v1,95,6,US_2,HOLD_VP,FLANK,,0.14809121191501617,63.512123107910156,,,4
exp_hrl_v1,95,6,US_3,HOLD_VP,FLANK,,0.14809121191501617,63.512123107910156,,,4
exp_hrl_v1,95,6,US_4,HOLD_VP,FLANK,,0.14809121191501617,63.512123107910156,,,4
exp_hrl_v1,95,6,US_5,HOLD_VP,FLANK,,0.14809121191501617,63.512123107910156,,,2
exp_hrl_v1,95,6,US_6,HOLD_VP,FLANK,,0.14809121191501617,63.512123107910156,,,4
exp_hrl_v1,95,6,US_7,HOLD_VP,ATTACK,DIRECT,0.4083448052406311,64.93453216552734,,,2
exp_hrl_v1,95,7,US_1,HOLD_VP,ATTACK,DIRECT,0.4083448052406311,64.93453216552734,,,4
exp_hrl_v1,95,7,US_2,HOLD_VP,ATTACK,DIRECT,0.4083448052406311,64.93453216552734,,,4
exp_hrl_v1,95,7,US_3,HOLD_VP,ATTACK,DIRECT,0.4083448052406311,64.93453216552734,,,4
exp_hrl_v1,95,7,US_4,HOLD_VP,ATTACK,DIRECT,0.4083448052406311,64.93453216552734,,,4
exp_hrl_v1,95,7,US_5,HOLD_VP,ATTACK,DIRECT,0.4083448052406311,64.93453216552734,,,2
exp_hrl_v1,95,7,US_6,HOLD_VP,ATTACK,DIRECT,0.4083448052406311,64.93453216552734,,,4
exp_hrl_v1,95,7,US_7,HOLD_VP,ATTACK,DIRECT,0.4083448052406311,64.93453216552734,,,2
exp_hrl_v1,95,8,US_1,HOLD_VP,ATTACK,DIRECT,0.4083448052406311,64.93453216552734,,,4
exp_hrl_v1,95,8,US_2,HOLD_VP,ATTACK,DIRECT,0.4083448052406311,64.93453216552734,,,4
exp_hrl_v1,96,1,US_1,PUSH_VP,ADVANCE,,0.1899789720773697,31.995033264160156,,,4
exp_hrl_v1,96,1,US_2,PUSH_VP,ADVANCE,,0.1899789720773697,31.995033264160156,,,4
exp_hrl_v1,96,1,US_3,PUSH_VP,ADVANCE,,0.1899789720773697,31.995033264160156,,,4
exp_hrl_v1,96,1,US_4,PUSH_VP,ADVANCE,,0.1899789720773697,31.995033264160156,,,4
exp_hrl_v1,96,1,US_5,PUSH_VP,ADVANCE,,0.1899789720773697,31.995033264160156,,,2
exp_hrl_v1,96,1,US_6,PUSH_VP,ADVANCE,,0.1899789720773697,31.995033264160156,,,4
exp_hrl_v1,96,1,US_7,PUSH_VP,ADVANCE,,0.19609956443309784,38.966827392578125,,,2
exp_hrl_v1,96,2,US_1,PUSH_VP,ADVANCE,,0.19609956443309784,38.966827392578125,,,4
exp_hrl_v1,96,2,US_2,PUSH_VP,ADVANCE,,0.19609956443309784,38.966827392578125,,,4
exp_hrl_v1,96,2,US_3,PUSH_VP,ADVANCE,,0.19609956443309784,38.966827392578125,,,4
exp_hrl_v1,96,2,US_4,PUSH_VP,ADVANCE,,0.19609956443309784,38.966827392578125,,,4
exp_hrl_v1,96,2,US_5,PUSH_VP,ADVANCE,,0.19609956443309784,38.966827392578125,,,2
exp_hrl_v1,96,2,US_6,PUSH_VP,ADVANCE,,0.1930677741765976,43.13095474243164,,,4
exp_hrl_v1,96,2,US_7,PUSH_VP,ADVANCE,,0.1930677741765976,43.13095474243164,,,2
exp_hrl_v1,96,3,US_1,PUSH_VP,ADVANCE,,0.1930677741765976,43.13095474243164,,,4
exp_hrl_v1,96,3,US_2,PUSH_VP,ADVANCE,,0.1930677741765976,43.13095474243164,,,4
exp_hrl_v1,96,3,US_3,PUSH_VP,ADVANCE,,0.1930677741765976,43.13095474243164,,,4
exp_hrl_v1,96,3,US_4,PUSH_VP,ADVANCE,,0.1930677741765976,43.13095474243164,,,4
exp_hrl_v1,96,3,US_5,PUSH_VP,FLANK,,0.18429358303546906,51.56973648071289,,,2
exp_hrl_v1,96,3,US_6,PUSH_VP,FLANK,,0.18429358303546906,51.56973648071289,,,4
exp_hrl_v1,96,3,US_7,PUSH_VP,FLANK,,0.18429358303546906,51.56973648071289,,,2
exp_hrl_v1,96,4,US_1,PUSH_VP,FLANK,,0.18429358303546906,51.56973648071289,,,4
exp_hrl_v1,96,4,US_2,PUSH_VP,FLANK,,0.18429358303546906,51.56973648071289,,,4
exp_hrl_v1,96,4,US_3,PUSH_VP,ADVANCE,,0.15722118318080902,55.64869689941406,,,4
exp_hrl_v1,96,4,US_4,PUSH_VP,ADVANCE,,0.15722118318080902,55.64869689941406,,,4
exp_hrl_v1,96,4,US_5,PUSH_VP,ADVANCE,,0.15722118318080902,55.64869689941406,,,2
exp_hrl_v1,96,4,US_6,PUSH_VP,ADVANCE,,0.15722118318080902,55.64869689941406,,,4
exp_hrl_v1,96,4,US_7,PUSH_VP,ADVANCE,,0.15722118318080902,55.64869689941406,,,2
exp_hrl_v1,96,5,US_1,PUSH_VP,ADVANCE,,0.15722118318080902,55.64869689941406,,,4
exp_hrl_v1,96,5,US_2,PUSH_VP,ADVANCE,,0.33531293272972107,59.29676818847656,,,4
exp_hrl_v1,96,5,US_3,PUSH_VP,ADVANCE,,0.33531293272972107,59.29676818847656,,,4
exp_hrl_v1,96,5,US_4,PUSH_VP,ADVANCE,,0.33531293272972107,59.29676818847656,,,4
exp_hrl_v1,96,5,US_5,PUSH_VP,ADVANCE,,0.33531293272972107,59.29676818847656,,,2
exp_hrl_v1,96,5,US_6,PUSH_VP,ADVANCE,,0.33531293272972107,59.29676818847656,,,4
exp_hrl_v1,96,5,US_7,PUSH_VP,ADVANCE,,0.33531293272972107,59.29676818847656,,,2
exp_hrl_v1,96,6,US_1,HOLD_VP,ATTACK,DIRECT,0.4022119343280792,61.97447967529297,,,4
exp_hrl_v1,96,6,US_2,HOLD_VP,ATTACK,DIRECT,0.4022119343280792,61.97447967529297,,,4
exp_hrl_v1,96,6,US_3,HOLD_VP,ATTACK,DIRECT,0.4022119343280792,61.97447967529297,,,4
exp_hrl_v1,96,6,US_4,HOLD_VP,ATTACK,DIRECT,0.4022119343280792,61.97447967529297,,,4
exp_hrl_v1,96,6,US_5,HOLD_VP,ATTACK,DIRECT,0.4022119343280792,61.97447967529297,,,2
exp_hrl_v1,96,6,US_6,HOLD_VP,ATTACK,DIRECT,0.4022119343280792,61.97447967529297,,,4
exp_hrl_v1,96,6,US_7,HOLD_VP,ATTACK,DIRECT,0.4022119343280792,61.97447967529297,,,2
exp_hrl_v1,97,1,US_1,HOLD_VP,ADVANCE,,0.19773367047309875,31.995033264160156,,,4
exp_hrl_v1,97,1,US_2,HOLD_VP,ADVANCE,,0.19773367047309875,31.995033264160156,,,4
exp_hrl_v1,97,1,US_3,HOLD_VP,ADVANCE,,0.19773367047309875,31.995033264160156,,,4
exp_hrl_v1,97,1,US_4,HOLD_VP,ADVANCE,,0.19773367047309875,31.995033264160156,,,4
exp_hrl_v1,97,1,US_5,HOLD_VP,ADVANCE,,0.19773367047309875,31.995033264160156,,,2
exp_hrl_v1,97,1,US_6,HOLD_VP,ADVANCE,,0.19773367047309875,31.995033264160156,,,4
exp_hrl_v1,97,1,US_7,HOLD_VP,ADVANCE,,0.21747517585754395,38.966827392578125,,,2
exp_hrl_v1,97,2,US_1,HOLD_VP,ADVANCE,,0.21747517585754395,38.966827392578125,,,4
exp_hrl_v1,97,2,US_2,HOLD_VP,ADVANCE,,0.21747517585754395,38.966827392578125,,,4
exp_hrl_v1,97,2,US_3,HOLD_VP,ADVANCE,,0.21747517585754395,38.966827392578125,,,4
exp_hrl_v1,97,2,US_4,HOLD_VP,ADVANCE,,0.21747517585754395,38.966827392578125,,,4
exp_hrl_v1,97,2,US_5,HOLD_VP,ADVANCE,,0.21747517585754395,38.966827392578125,,,2
exp_hrl_v1,97,2,US_6,HOLD_VP,FLANK,,0.19315460324287415,43.13095474243164,,,4
exp_hrl_v1,97,2,US_7,HOLD_VP,FLANK,,0.19315460324287415,43.13095474243164,,,2
exp_hrl_v1,97,3,US_1,HOLD_VP,FLANK,,0.19315460324287415,43.13095474243164,,,4
exp_hrl_v1,97,3,US_2,HOLD_VP,FLANK,,0.19315460324287415,43.13095474243164,,,4
exp_hrl_v1,97,3,US_3,HOLD_VP,FLANK,,0.19315460324287415,43.13095474243164,,,4
exp_hrl_v1,97,3,US_4,HOLD_VP,FLANK,,0.18354815244674683,50.39462661743164,,,4
exp_hrl_v1,97,3,US_5,HOLD_VP,FLANK,,0.18354815244674683,50.39462661743164,,,2
exp_hrl_v1,97,3,US_6,HOLD_VP,FLANK,,0.18354815244674683,50.39462661743164,,,4
exp_hrl_v1,97,3,US_7,HOLD_VP,FLANK,,0.18354815244674683,50.39462661743164,,,2
exp_hrl_v1,97,4,US_1,HOLD_VP,FLANK,,0.18354815244674683,50.39462661743164,,,4
exp_hrl_v1,97,4,US_2,HOLD_VP,ADVANCE,,0.20439636707305908,56.231170654296875,,,4
exp_hrl_v1,97,4,US_3,HOLD_VP,ADVANCE,,0.20439636707305908,56.231170654296875,,,4
exp_hrl_v1,97,4,US_4,HOLD_VP,ADVANCE,,0.20439636707305908,56.231170654296875,,,4
exp_hrl_v1,97,4,US_5,HOLD_VP,ADVANCE,,0.20439636707305908,56.231170654296875,,,2
exp_hrl_v1,97,4,US_6,HOLD_VP,ADVANCE,,0.20439636707305908,56.231170654296875,,,4
exp_hrl_v1,97,4,US_7,HOLD_VP,ADVANCE,,0.20439636707305908,56.231170654296875,,,2
exp_hrl_v1,97,5,US_1,HOLD_VP,ADVANCE,,0.1706276386976242,58.9710578918457,,,4
exp_hrl_v1,97,5,US_2,HOLD_VP,ADVANCE,,0.1706276386976242,58.9710578918457,,,4
exp_hrl_v1,97,5,US_3,HOLD_VP,ADVANCE,,0.1706276386976242,58.9710578918457,,,4
exp_hrl_v1,97,5,US_4,HOLD_VP,ADVANCE,,0.1706276386976242,58.9710578918457,,,4
exp_hrl_v1,97,5,US_5,HOLD_VP,ADVANCE,,0.1706276386976242,58.9710578918457,,,2
exp_hrl_v1,97,5,US_6,HOLD_VP,ADVANCE,,0.1706276386976242,58.9710578918457,,,4
exp_hrl_v1,97,5,US_7,HOLD_VP,ADVANCE,,0.17780457437038422,60.44908905029297,,,2
exp_hrl_v1,97,6,US_1,HOLD_VP,ADVANCE,,0.17780457437038422,60.44908905029297,,,4
exp_hrl_v1,97,6,US_2,HOLD_VP,ADVANCE,,0.17780457437038422,60.44908905029297,,,4
exp_hrl_v1,97,6,US_3,HOLD_VP,ADVANCE,,0.17780457437038422,60.44908905029297,,,4
exp_hrl_v1,97,6,US_4,HOLD_VP,ADVANCE,,0.17780457437038422,60.44908905029297,,,4
exp_hrl_v1,97,6,US_5,HOLD_VP,ADVANCE,,0.17780457437038422,60.44908905029297,,,2
exp_hrl_v1,97,6,US_6,HOLD_VP,ATTACK,INDIRECT,0.4269309937953949,62.57646560668945,,,4
exp_hrl_v1,97,6,US_7,HOLD_VP,ATTACK,INDIRECT,0.4269309937953949,62.57646560668945,,,2
exp_hrl_v1,97,7,US_1,HOLD_VP,ATTACK,INDIRECT,0.4269309937953949,62.57646560668945,,,4
exp_hrl_v1,97,7,US_2,HOLD_VP,ATTACK,INDIRECT,0.4269309937953949,62.57646560668945,,,4
exp_hrl_v1,97,7,US_3,HOLD_VP,ATTACK,INDIRECT,0.4269309937953949,62.57646560668945,,,4
exp_hrl_v1,97,7,US_4,HOLD_VP,ATTACK,INDIRECT,0.4269309937953949,62.57646560668945,,,4
exp_hrl_v1,97,7,US_5,HOLD_VP,ATTACK,INDIRECT,0.4269309937953949,62.57646560668945,,,2
exp_hrl_v1,97,7,US_6,HOLD_VP,ATTACK,INDIRECT,0.4269309937953949,62.57646560668945,,,4
exp_hrl_v1,98,1,US_1,PUSH_VP,ADVANCE,,0.2209296077489853,31.995033264160156,,,4
exp_hrl_v1,98,1,US_2,PUSH_VP,ADVANCE,,0.2209296077489853,31.995033264160156,,,4
exp_hrl_v1,98,1,US_3,PUSH_VP,ADVANCE,,0.2209296077489853,31.995033264160156,,,4
exp_hrl_v1,98,1,US_4,PUSH_VP,ADVANCE,,0.2209296077489853,31.995033264160156,,,4
exp_hrl_v1,98,1,US_5,PUSH_VP,ADVANCE,,0.2209296077489853,31.995033264160156,,,2
exp_hrl_v1,98,1,US_6,PUSH_VP,ADVANCE,,0.2209296077489853,31.995033264160156,,,4
exp_hrl_v1,98,1,US_7,PUSH_VP,ADVANCE,,0.19609956443309784,38.966827392578125,,,2
exp_hrl_v1,98,2,US_1,PUSH_VP,ADVANCE,,0.19609956443309784,38.966827392578125,,,4
exp_hrl_v1,98,2,US_2,PUSH_VP,ADVANCE,,0.19609956443309784,38.966827392578125,,,4
exp_hrl_v1,98,2,US_3,PUSH_VP,ADVANCE,,0.19609956443309784,38.966827392578125,,,4
exp_hrl_v1,98,2,US_4,PUSH_VP,ADVANCE,,0.19609956443309784,38.966827392578125,,,4
exp_hrl_v1,98,2,US_5,PUSH_VP,ADVANCE,,0.19609956443309784,38.966827392578125,,,2
exp_hrl_v1,98,2,US_6,PUSH_VP,ADVANCE,,0.19315460324287415,43.13095474243164,,,4
exp_hrl_v1,98,2,US_7,PUSH_VP,ADVANCE,,0.19315460324287415,43.13095474243164,,,2
exp_hrl_v1,98,3,US_1,PUSH_VP,ADVANCE,,0.19315460324287415,43.13095474243164,,,4
exp_hrl_v1,98,3,US_2,PUSH_VP,ADVANCE,,0.19315460324287415,43.13095474243164,,,4
exp_hrl_v1,98,3,US_3,PUSH_VP,ADVANCE,,0.19315460324287415,43.13095474243164,,,4
exp_hrl_v1,98,3,US_4,PUSH_VP,ADVANCE,,0.19315460324287415,43.13095474243164,,,4
exp_hrl_v1,98,3,US_5,PUSH_VP,ADVANCE,,0.17456643283367157,51.56973648071289,,,2
exp_hrl_v1,98,3,US_6,PUSH_VP,ADVANCE,,0.17456643283367157,51.56973648071289,,,4
exp_hrl_v1,98,3,US_7,PUSH_VP,ADVANCE,,0.17456643283367157,51.56973648071289,,,2
exp_hrl_v1,98,4,US_1,PUSH_VP,ADVANCE,,0.17456643283367157,51.56973648071289,,,4
exp_hrl_v1,98,4,US_2,PUSH_VP,ADVANCE,,0.17456643283367157,51.56973648071289,,,4
exp_hrl_v1,98,4,US_3,PUSH_VP,ADVANCE,,0.17456643283367157,51.56973648071289,,,4
exp_hrl_v1,98,4,US_4,PUSH_VP,FLANK,,0.17885638773441315,56.64994812011719,,,4
exp_hrl_v1,98,4,US_5,PUSH_VP,FLANK,,0.17885638773441315,56.64994812011719,,,2
exp_hrl_v1,98,4,US_6,PUSH_VP,FLANK,,0.17885638773441315,56.64994812011719,,,4
exp_hrl_v1,98,4,US_7,PUSH_VP,FLANK,,0.17885638773441315,56.64994812011719,,,2
exp_hrl_v1,98,5,US_1,PUSH_VP,FLANK,,0.17885638773441315,56.64994812011719,,,4
exp_hrl_v1,98,5,US_2,PUSH_VP,ADVANCE,,0.33783021569252014,59.704410552978516,,,4
exp_hrl_v1,98,5,US_3,PUSH_VP,ADVANCE,,0.33783021569252014,59.704410552978516,,,4
exp_hrl_v1,98,5,US_4,PUSH_VP,ADVANCE,,0.33783021569252014,59.704410552978516,,,4
exp_hrl_v1,98,5,US_5,PUSH_VP,ADVANCE,,0.33783021569252014,59.704410552978516,,,2
exp_hrl_v1,98,5,US_6,PUSH_VP,ADVANCE,,0.33783021569252014,59.704410552978516,,,4
exp_hrl_v1,98,5,US_7,PUSH_VP,ADVANCE,,0.33783021569252014,59.704410552978516,,,2
exp_hrl_v1,98,6,US_1,HOLD_VP,ATTACK,DIRECT,0.1520567536354065,63.44143295288086,,,4
exp_hrl_v1,98,6,US_2,HOLD_VP,ATTACK,DIRECT,0.1520567536354065,63.44143295288086,,,4
exp_hrl_v1,98,6,US_3,HOLD_VP,ATTACK,DIRECT,0.1520567536354065,63.44143295288086,,,4
exp_hrl_v1,98,6,US_4,HOLD_VP,ATTACK,DIRECT,0.1520567536354065,63.44143295288086,,,4
exp_hrl_v1,98,6,US_5,HOLD_VP,ATTACK,DIRECT,0.1520567536354065,63.44143295288086,,,2
exp_hrl_v1,98,6,US_6,HOLD_VP,ATTACK,DIRECT,0.1520567536354065,63.44143295288086,,,4
exp_hrl_v1,98,6,US_7,HOLD_VP,ATTACK,DIRECT,0.1520567536354065,63.44143295288086,,,2
exp_hrl_v1,98,7,US_1,HOLD_VP,ATTACK,DIRECT,0.1520567536354065,63.44143295288086,,,4
exp_hrl_v1,99,1,US_1,HOLD_VP,ATTACK,DIRECT,0.2209296077489853,31.995033264160156,,,4
exp_hrl_v1,99,1,US_2,HOLD_VP,ATTACK,DIRECT,0.2209296077489853,31.995033264160156,,,4
exp_hrl_v1,99,1,US_3,HOLD_VP,ATTACK,DIRECT,0.2209296077489853,31.995033264160156,,,4
exp_hrl_v1,99,1,US_4,HOLD_VP,ATTACK,DIRECT,0.2209296077489853,31.995033264160156,,,4
exp_hrl_v1,99,1,US_5,HOLD_VP,ATTACK,DIRECT,0.2209296077489853,31.995033264160156,,,2
exp_hrl_v1,99,1,US_6,HOLD_VP,ATTACK,DIRECT,0.2209296077489853,31.995033264160156,,,4
exp_hrl_v1,99,1,US_7,HOLD_VP,ATTACK,DIRECT,0.2209296077489853,31.995033264160156,,,2
exp_hrl_v1,99,2,US_1,HOLD_VP,ATTACK,DIRECT,0.2209296077489853,31.995033264160156,,,4
exp_hrl_v1,99,2,US_2,HOLD_VP,ATTACK,DIRECT,0.2209296077489853,31.995033264160156,,,4
exp_hrl_v1,99,2,US_3,HOLD_VP,ATTACK,DIRECT,0.2209296077489853,31.995033264160156,,,4
exp_hrl_v1,99,2,US_4,HOLD_VP,ADVANCE,,0.37719714641571045,53.48384094238281,,,4
exp_hrl_v1,99,2,US_5,HOLD_VP,ADVANCE,,0.37719714641571045,53.48384094238281,,,2
exp_hrl_v1,99,2,US_6,HOLD_VP,ADVANCE,,0.37719714641571045,53.48384094238281,,,4
exp_hrl_v1,99,2,US_7,HOLD_VP,ADVANCE,,0.37719714641571045,53.48384094238281,,,2
exp_hrl_v1,99,3,US_1,HOLD_VP,ADVANCE,,0.37719714641571045,53.48384094238281,,,4
exp_hrl_v1,99,3,US_2,HOLD_VP,ADVANCE,,0.37719714641571045,53.48384094238281,,,4
exp_hrl_v1,99,3,US_3,HOLD_VP,ADVANCE,,0.13810525834560394,57.23743438720703,,,4
exp_hrl_v1,99,3,US_4,HOLD_VP,ADVANCE,,0.13810525834560394,57.23743438720703,,,4
exp_hrl_v1,99,3,US_5,HOLD_VP,ADVANCE,,0.13810525834560394,57.23743438720703,,,2
exp_hrl_v1,99,3,US_6,HOLD_VP,ADVANCE,,0.13810525834560394,57.23743438720703,,,4
exp_hrl_v1,99,3,US_7,HOLD_VP,ADVANCE,,0.13810525834560394,57.23743438720703,,,2
exp_hrl_v1,99,4,US_1,HOLD_VP,ADVANCE,,0.13810525834560394,57.23743438720703,,,4
exp_hrl_v1,99,4,US_2,HOLD_VP,FLANK,,0.156666561961174,57.18816375732422,,,4
exp_hrl_v1,99,4,US_3,HOLD_VP,FLANK,,0.156666561961174,57.18816375732422,,,4
exp_hrl_v1,99,4,US_4,HOLD_VP,FLANK,,0.156666561961174,57.18816375732422,,,4
exp_hrl_v1,99,4,US_5,HOLD_VP,FLANK,,0.156666561961174,57.18816375732422,,,2
exp_hrl_v1,99,4,US_6,HOLD_VP,FLANK,,0.156666561961174,57.18816375732422,,,4
exp_hrl_v1,99,4,US_7,HOLD_VP,ADVANCE,,0.1612420231103897,57.28298568725586,,,2
exp_hrl_v1,99,5,US_1,HOLD_VP,ADVANCE,,0.1612420231103897,57.28298568725586,,,4
exp_hrl_v1,99,5,US_2,HOLD_VP,ADVANCE,,0.1612420231103897,57.28298568725586,,,4
exp_hrl_v1,99,5,US_3,HOLD_VP,ADVANCE,,0.1612420231103897,57.28298568725586,,,4
exp_hrl_v1,99,5,US_4,HOLD_VP,ADVANCE,,0.1612420231103897,57.28298568725586,,,4
exp_hrl_v1,99,5,US_5,HOLD_VP,ADVANCE,,0.1612420231103897,57.28298568725586,,,2
exp_hrl_v1,99,5,US_6,HOLD_VP,ADVANCE,,0.167874276638031,57.00900650024414,,,4
exp_hrl_v1,99,5,US_7,HOLD_VP,ADVANCE,,0.167874276638031,57.00900650024414,,,2
exp_hrl_v1,99,6,US_1,HOLD_VP,ADVANCE,,0.167874276638031,57.00900650024414,,,4
exp_hrl_v1,99,6,US_2,HOLD_VP,ADVANCE,,0.167874276638031,57.00900650024414,,,4
exp_hrl_v1,99,6,US_3,HOLD_VP,ADVANCE,,0.167874276638031,57.00900650024414,,,4
exp_hrl_v1,99,6,US_4,HOLD_VP,ADVANCE,,0.167874276638031,57.00900650024414,,,4
exp_hrl_v1,99,6,US_5,HOLD_VP,ATTACK,DIRECT,0.19250349700450897,55.89460754394531,,,2
exp_hrl_v1,99,6,US_6,HOLD_VP,ATTACK,DIRECT,0.19250349700450897,55.89460754394531,,,4
exp_hrl_v1,99,6,US_7,HOLD_VP,ATTACK,DIRECT,0.19250349700450897,55.89460754394531,,,2
exp_hrl_v1,99,7,US_1,HOLD_VP,ATTACK,DIRECT,0.19250349700450897,55.89460754394531,,,4
exp_hrl_v1,100,1,US_1,PUSH_VP,ADVANCE,,0.1955854892730713,31.995033264160156,,,4
exp_hrl_v1,100,1,US_2,PUSH_VP,ADVANCE,,0.1955854892730713,31.995033264160156,,,4
exp_hrl_v1,100,1,US_3,PUSH_VP,ADVANCE,,0.1955854892730713,31.995033264160156,,,4
exp_hrl_v1,100,1,US_4,PUSH_VP,ADVANCE,,0.1955854892730713,31.995033264160156,,,4
exp_hrl_v1,100,1,US_5,PUSH_VP,ADVANCE,,0.1955854892730713,31.995033264160156,,,2
exp_hrl_v1,100,1,US_6,PUSH_VP,ADVANCE,,0.1955854892730713,31.995033264160156,,,4
exp_hrl_v1,100,1,US_7,PUSH_VP,ADVANCE,,0.19609956443309784,38.966827392578125,,,2
exp_hrl_v1,100,2,US_1,PUSH_VP,ADVANCE,,0.19609956443309784,38.966827392578125,,,4
exp_hrl_v1,100,2,US_2,PUSH_VP,ADVANCE,,0.19609956443309784,38.966827392578125,,,4
exp_hrl_v1,100,2,US_3,PUSH_VP,ADVANCE,,0.19609956443309784,38.966827392578125,,,4
exp_hrl_v1,100,2,US_4,PUSH_VP,ADVANCE,,0.19609956443309784,38.966827392578125,,,4
exp_hrl_v1,100,2,US_5,PUSH_VP,ADVANCE,,0.19609956443309784,38.966827392578125,,,2
exp_hrl_v1,100,2,US_6,PUSH_VP,ADVANCE,,0.1971135288476944,43.13095474243164,,,4
exp_hrl_v1,100,2,US_7,PUSH_VP,ADVANCE,,0.1971135288476944,43.13095474243164,,,2
exp_hrl_v1,100,3,US_1,PUSH_VP,ADVANCE,,0.1971135288476944,43.13095474243164,,,4
exp_hrl_v1,100,3,US_2,PUSH_VP,ADVANCE,,0.1971135288476944,43.13095474243164,,,4
exp_hrl_v1,100,3,US_3,PUSH_VP,ADVANCE,,0.1971135288476944,43.13095474243164,,,4
exp_hrl_v1,100,3,US_4,PUSH_VP,ADVANCE,,0.1971135288476944,43.13095474243164,,,4
exp_hrl_v1,100,3,US_5,PUSH_VP,FLANK,,0.18429358303546906,51.56973648071289,,,2
exp_hrl_v1,100,3,US_6,PUSH_VP,FLANK,,0.18429358303546906,51.56973648071289,,,4
exp_hrl_v1,100,3,US_7,PUSH_VP,FLANK,,0.18429358303546906,51.56973648071289,,,2
exp_hrl_v1,100,4,US_1,PUSH_VP,FLANK,,0.18429358303546906,51.56973648071289,,,4
exp_hrl_v1,100,4,US_2,PUSH_VP,FLANK,,0.18429358303546906,51.56973648071289,,,4
exp_hrl_v1,100,4,US_3,PUSH_VP,ADVANCE,,0.20974594354629517,55.64869689941406,,,4
exp_hrl_v1,100,4,US_4,PUSH_VP,ADVANCE,,0.20974594354629517,55.64869689941406,,,4
exp_hrl_v1,100,4,US_5,PUSH_VP,ADVANCE,,0.20974594354629517,55.64869689941406,,,2
exp_hrl_v1,100,4,US_6,PUSH_VP,ADVANCE,,0.20974594354629517,55.64869689941406,,,4
exp_hrl_v1,100,4,US_7,PUSH_VP,ADVANCE,,0.20974594354629517,55.64869689941406,,,2
exp_hrl_v1,100,5,US_1,PUSH_VP,ADVANCE,,0.20974594354629517,55.64869689941406,,,4
exp_hrl_v1,100,5,US_2,PUSH_VP,ADVANCE,,0.13074275851249695,59.29676818847656,,,4
exp_hrl_v1,100,5,US_3,PUSH_VP,ADVANCE,,0.13074275851249695,59.29676818847656,,,4
exp_hrl_v1,100,5,US_4,PUSH_VP,ADVANCE,,0.13074275851249695,59.29676818847656,,,4
exp_hrl_v1,100,5,US_5,PUSH_VP,ADVANCE,,0.13074275851249695,59.29676818847656,,,2
exp_hrl_v1,100,5,US_6,PUSH_VP,ADVANCE,,0.13074275851249695,59.29676818847656,,,4
exp_hrl_v1,100,5,US_7,PUSH_VP,ADVANCE,,0.13074275851249695,59.29676818847656,,,2
exp_hrl_v1,100,6,US_1,HOLD_VP,ATTACK,DIRECT,0.17873826622962952,61.97447967529297,,,4
exp_hrl_v1,100,6,US_2,HOLD_VP,ATTACK,DIRECT,0.17873826622962952,61.97447967529297,,,4
exp_hrl_v1,100,6,US_3,HOLD_VP,ATTACK,DIRECT,0.17873826622962952,61.97447967529297,,,4
exp_hrl_v1,100,6,US_4,HOLD_VP,ATTACK,DIRECT,0.17873826622962952,61.97447967529297,,,4
exp_hrl_v1,100,6,US_5,HOLD_VP,ATTACK,DIRECT,0.17873826622962952,61.97447967529297,,,2
exp_hrl_v1,100,6,US_6,HOLD_VP,ATTACK,DIRECT,0.17873826622962952,61.97447967529297,,,4
exp_hrl_v1,100,6,US_7,HOLD_VP,ATTACK,DIRECT,0.17873826622962952,61.97447967529297,,,2
exp_hrl_v1,100,7,US_1,HOLD_VP,ATTACK,DIRECT,0.17873826622962952,61.97447967529297,,,4
exp_hrl_v1,100,7,US_2,HOLD_VP,ATTACK,DIRECT,0.17873826622962952,61.97447967529297,,,4
exp_hrl_v1,101,1,US_1,PUSH_VP,FLANK,,0.1957722306251526,31.995033264160156,,,4
exp_hrl_v1,101,1,US_2,PUSH_VP,FLANK,,0.1957722306251526,31.995033264160156,,,4
exp_hrl_v1,101,1,US_3,PUSH_VP,FLANK,,0.1957722306251526,31.995033264160156,,,4
exp_hrl_v1,101,1,US_4,PUSH_VP,FLANK,,0.1957722306251526,31.995033264160156,,,4
exp_hrl_v1,101,1,US_5,PUSH_VP,FLANK,,0.1957722306251526,31.995033264160156,,,2
exp_hrl_v1,101,1,US_6,PUSH_VP,FLANK,,0.19572269916534424,38.0492057800293,,,4
exp_hrl_v1,101,1,US_7,PUSH_VP,FLANK,,0.19572269916534424,38.0492057800293,,,2
exp_hrl_v1,101,2,US_1,PUSH_VP,FLANK,,0.19572269916534424,38.0492057800293,,,4
exp_hrl_v1,101,2,US_2,PUSH_VP,FLANK,,0.19572269916534424,38.0492057800293,,,4
exp_hrl_v1,101,2,US_3,PUSH_VP,FLANK,,0.19572269916534424,38.0492057800293,,,4
exp_hrl_v1,101,2,US_4,PUSH_VP,ADVANCE,,0.19275128841400146,44.03032684326172,,,4
exp_hrl_v1,101,2,US_5,PUSH_VP,ADVANCE,,0.19275128841400146,44.03032684326172,,,2
exp_hrl_v1,101,2,US_6,PUSH_VP,ADVANCE,,0.19275128841400146,44.03032684326172,,,4
exp_hrl_v1,101,2,US_7,PUSH_VP,ADVANCE,,0.19275128841400146,44.03032684326172,,,2
exp_hrl_v1,101,3,US_1,PUSH_VP,ADVANCE,,0.19275128841400146,44.03032684326172,,,4
exp_hrl_v1,101,3,US_2,PUSH_VP,ADVANCE,,0.19275128841400146,44.03032684326172,,,4
exp_hrl_v1,101,3,US_3,PUSH_VP,ADVANCE,,0.20072638988494873,50.942718505859375,,,4
exp_hrl_v1,101,3,US_4,PUSH_VP,ADVANCE,,0.20072638988494873,50.942718505859375,,,4
exp_hrl_v1,101,3,US_5,PUSH_VP,ADVANCE,,0.20072638988494873,50.942718505859375,,,2
exp_hrl_v1,101,3,US_6,PUSH_VP,ADVANCE,,0.20072638988494873,50.942718505859375,,,4
exp_hrl_v1,101,3,US_7,PUSH_VP,ADVANCE,,0.20072638988494873,50.942718505859375,,,2
exp_hrl_v1,101,4,US_1,PUSH_VP,ADVANCE,,0.20072638988494873,50.942718505859375,,,4
exp_hrl_v1,101,4,US_2,PUSH_VP,ADVANCE,,0.2507025897502899,54.88075256347656,,,4
exp_hrl_v1,101,4,US_3,PUSH_VP,ADVANCE,,0.2507025897502899,54.88075256347656,,,4
exp_hrl_v1,101,4,US_4,PUSH_VP,ADVANCE,,0.2507025897502899,54.88075256347656,,,4
exp_hrl_v1,101,4,US_5,PUSH_VP,ADVANCE,,0.2507025897502899,54.88075256347656,,,2
exp_hrl_v1,101,4,US_6,PUSH_VP,ADVANCE,,0.2507025897502899,54.88075256347656,,,4
exp_hrl_v1,101,4,US_7,PUSH_VP,ADVANCE,,0.2507025897502899,54.88075256347656,,,2
exp_hrl_v1,101,5,US_1,PUSH_VP,ATTACK,DIRECT,0.17885762453079224,59.0903434753418,,,4
exp_hrl_v1,101,5,US_2,PUSH_VP,ATTACK,DIRECT,0.17885762453079224,59.0903434753418,,,4
exp_hrl_v1,101,5,US_3,PUSH_VP,ATTACK,DIRECT,0.17885762453079224,59.0903434753418,,,4
exp_hrl_v1,101,5,US_4,PUSH_VP,ATTACK,DIRECT,0.17885762453079224,59.0903434753418,,,4
exp_hrl_v1,101,5,US_5,PUSH_VP,ATTACK,DIRECT,0.17885762453079224,59.0903434753418,,,2
exp_hrl_v1,101,5,US_6,PUSH_VP,ATTACK,DIRECT,0.17885762453079224,59.0903434753418,,,4
exp_hrl_v1,101,5,US_7,PUSH_VP,ATTACK,DIRECT,0.17885762453079224,59.0903434753418,,,2
exp_hrl_v1,101,6,US_1,PUSH_VP,ATTACK,DIRECT,0.17885762453079224,59.0903434753418,,,4
exp_hrl_v1,101,6,US_2,PUSH_VP,ATTACK,DIRECT,0.17885762453079224,59.0903434753418,,,4
exp_hrl_v1,102,1,US_1,PUSH_VP,FLANK,,0.1957722306251526,31.995033264160156,,,4
exp_hrl_v1,102,1,US_2,PUSH_VP,FLANK,,0.1957722306251526,31.995033264160156,,,4
exp_hrl_v1,102,1,US_3,PUSH_VP,FLANK,,0.1957722306251526,31.995033264160156,,,4
exp_hrl_v1,102,1,US_4,PUSH_VP,FLANK,,0.1957722306251526,31.995033264160156,,,4
exp_hrl_v1,102,1,US_5,PUSH_VP,FLANK,,0.1957722306251526,31.995033264160156,,,2
exp_hrl_v1,102,1,US_6,PUSH_VP,ADVANCE,,0.21194958686828613,38.0492057800293,,,4
exp_hrl_v1,102,1,US_7,PUSH_VP,ADVANCE,,0.21194958686828613,38.0492057800293,,,2
exp_hrl_v1,102,2,US_1,PUSH_VP,ADVANCE,,0.21194958686828613,38.0492057800293,,,4
exp_hrl_v1,102,2,US_2,PUSH_VP,ADVANCE,,0.21194958686828613,38.0492057800293,,,4
exp_hrl_v1,102,2,US_3,PUSH_VP,ADVANCE,,0.21194958686828613,38.0492057800293,,,4
exp_hrl_v1,102,2,US_4,PUSH_VP,ADVANCE,,0.21194958686828613,38.0492057800293,,,4
exp_hrl_v1,102,2,US_5,PUSH_VP,ADVANCE,,0.1905227154493332,45.439945220947266,,,2
exp_hrl_v1,102,2,US_6,PUSH_VP,ADVANCE,,0.1905227154493332,45.439945220947266,,,4
exp_hrl_v1,102,2,US_7,PUSH_VP,ADVANCE,,0.1905227154493332,45.439945220947266,,,2
exp_hrl_v1,102,3,US_1,PUSH_VP,ADVANCE,,0.1905227154493332,45.439945220947266,,,4
exp_hrl_v1,102,3,US_2,PUSH_VP,ADVANCE,,0.1905227154493332,45.439945220947266,,,4
exp_hrl_v1,102,3,US_3,PUSH_VP,ADVANCE,,0.1905227154493332,45.439945220947266,,,4
exp_hrl_v1,102,3,US_4,PUSH_VP,ADVANCE,,0.17650194466114044,51.02067565917969,,,4
exp_hrl_v1,102,3,US_5,PUSH_VP,ADVANCE,,0.17650194466114044,51.02067565917969,,,2
exp_hrl_v1,102,3,US_6,PUSH_VP,ADVANCE,,0.17650194466114044,51.02067565917969,,,4
exp_hrl_v1,102,3,US_7,PUSH_VP,ADVANCE,,0.17650194466114044,51.02067565917969,,,2
exp_hrl_v1,102,4,US_1,PUSH_VP,ADVANCE,,0.17650194466114044,51.02067565917969,,,4
exp_hrl_v1,102,4,US_2,PUSH_VP,ADVANCE,,0.17650194466114044,51.02067565917969,,,4
exp_hrl_v1,102,4,US_3,PUSH_VP,ATTACK,DIRECT,0.21220670640468597,55.434879302978516,,,4
exp_hrl_v1,102,4,US_4,PUSH_VP,ATTACK,DIRECT,0.21220670640468597,55.434879302978516,,,4
exp_hrl_v1,102,4,US_5,PUSH_VP,ATTACK,DIRECT,0.21220670640468597,55.434879302978516,,,2
exp_hrl_v1,102,4,US_6,PUSH_VP,ATTACK,DIRECT,0.21220670640468597,55.434879302978516,,,4
exp_hrl_v1,102,4,US_7,PUSH_VP,ATTACK,DIRECT,0.21220670640468597,55.434879302978516,,,2
exp_hrl_v1,102,5,US_1,PUSH_VP,ATTACK,DIRECT,0.21220670640468597,55.434879302978516,,,4
exp_hrl_v1,102,5,US_2,PUSH_VP,ATTACK,DIRECT,0.21220670640468597,55.434879302978516,,,4
exp_hrl_v1,102,5,US_3,PUSH_VP,ATTACK,DIRECT,0.21220670640468597,55.434879302978516,,,4
exp_hrl_v1,102,5,US_4,PUSH_VP,ATTACK,DIRECT,0.21220670640468597,55.434879302978516,,,4
exp_hrl_v1,102,5,US_5,PUSH_VP,ATTACK,DIRECT,0.21220670640468597,55.434879302978516,,,2
exp_hrl_v1,102,5,US_6,PUSH_VP,ADVANCE,,0.20643898844718933,54.293983459472656,,,4
exp_hrl_v1,102,5,US_7,PUSH_VP,ADVANCE,,0.20643898844718933,54.293983459472656,,,2
exp_hrl_v1,102,6,US_1,PUSH_VP,ADVANCE,,0.20643898844718933,54.293983459472656,,,4
exp_hrl_v1,102,6,US_2,PUSH_VP,ADVANCE,,0.20643898844718933,54.293983459472656,,,4
exp_hrl_v1,102,6,US_3,PUSH_VP,ADVANCE,,0.20643898844718933,54.293983459472656,,,4
exp_hrl_v1,102,6,US_4,PUSH_VP,ADVANCE,,0.20643898844718933,54.293983459472656,,,4
exp_hrl_v1,102,6,US_5,HOLD_VP,ADVANCE,,0.23071283102035522,52.251338958740234,,,2
exp_hrl_v1,102,6,US_6,HOLD_VP,ADVANCE,,0.23071283102035522,52.251338958740234,,,4
exp_hrl_v1,102,6,US_7,HOLD_VP,ADVANCE,,0.23071283102035522,52.251338958740234,,,2
exp_hrl_v1,102,7,US_1,HOLD_VP,ADVANCE,,0.23071283102035522,52.251338958740234,,,4
exp_hrl_v1,102,7,US_2,HOLD_VP,ADVANCE,,0.23071283102035522,52.251338958740234,,,4
exp_hrl_v1,102,7,US_3,HOLD_VP,ADVANCE,,0.23071283102035522,52.251338958740234,,,4
exp_hrl_v1,102,7,US_4,HOLD_VP,ADVANCE,,0.290469765663147,49.77928161621094,,,4
exp_hrl_v1,102,7,US_5,HOLD_VP,ADVANCE,,0.290469765663147,49.77928161621094,,,2
exp_hrl_v1,102,7,US_6,HOLD_VP,ADVANCE,,0.290469765663147,49.77928161621094,,,4
exp_hrl_v1,102,7,US_7,HOLD_VP,ADVANCE,,0.290469765663147,49.77928161621094,,,2
exp_hrl_v1,102,8,US_1,HOLD_VP,ADVANCE,,0.290469765663147,49.77928161621094,,,4
exp_hrl_v1,102,8,US_2,HOLD_VP,ADVANCE,,0.290469765663147,49.77928161621094,,,4
exp_hrl_v1,102,8,US_3,HOLD_VP,ADVANCE,,0.20221129059791565,46.64154052734375,,,4
exp_hrl_v1,102,8,US_4,HOLD_VP,ADVANCE,,0.20221129059791565,46.64154052734375,,,4
exp_hrl_v1,102,8,US_5,HOLD_VP,ADVANCE,,0.20221129059791565,46.64154052734375,,,2
exp_hrl_v1,102,8,US_6,HOLD_VP,ADVANCE,,0.20221129059791565,46.64154052734375,,,4
exp_hrl_v1,102,8,US_7,HOLD_VP,ADVANCE,,0.20221129059791565,46.64154052734375,,,2
exp_hrl_v1,102,9,US_1,HOLD_VP,ADVANCE,,0.20221129059791565,46.64154052734375,,,4
exp_hrl_v1,102,9,US_2,HOLD_VP,ADVANCE,,0.14518722891807556,42.430660247802734,,,4
exp_hrl_v1,102,9,US_3,HOLD_VP,ADVANCE,,0.14518722891807556,42.430660247802734,,,4
exp_hrl_v1,102,9,US_4,HOLD_VP,ADVANCE,,0.14518722891807556,42.430660247802734,,,4
exp_hrl_v1,102,9,US_5,HOLD_VP,ADVANCE,,0.14518722891807556,42.430660247802734,,,2
exp_hrl_v1,102,9,US_6,HOLD_VP,ADVANCE,,0.14518722891807556,42.430660247802734,,,4
exp_hrl_v1,102,9,US_7,HOLD_VP,ADVANCE,,0.14518722891807556,42.430660247802734,,,2
exp_hrl_v1,102,10,US_1,HOLD_VP,ATTACK,DIRECT,0.26631441712379456,38.48551940917969,,,4
exp_hrl_v1,103,1,US_1,HOLD_VP,ADVANCE,,0.1899789720773697,31.995033264160156,,,4
exp_hrl_v1,103,1,US_2,HOLD_VP,ADVANCE,,0.1899789720773697,31.995033264160156,,,4
exp_hrl_v1,103,1,US_3,HOLD_VP,ADVANCE,,0.1899789720773697,31.995033264160156,,,4
exp_hrl_v1,103,1,US_4,HOLD_VP,ADVANCE,,0.1899789720773697,31.995033264160156,,,4
exp_hrl_v1,103,1,US_5,HOLD_VP,ADVANCE,,0.1899789720773697,31.995033264160156,,,2
exp_hrl_v1,103,1,US_6,HOLD_VP,ADVANCE,,0.1899789720773697,31.995033264160156,,,4
exp_hrl_v1,103,1,US_7,HOLD_VP,ADVANCE,,0.19832457602024078,38.966827392578125,,,2
exp_hrl_v1,103,2,US_1,HOLD_VP,ADVANCE,,0.19832457602024078,38.966827392578125,,,4
exp_hrl_v1,103,2,US_2,HOLD_VP,ADVANCE,,0.19832457602024078,38.966827392578125,,,4
exp_hrl_v1,103,2,US_3,HOLD_VP,ADVANCE,,0.19832457602024078,38.966827392578125,,,4
exp_hrl_v1,103,2,US_4,HOLD_VP,ADVANCE,,0.19832457602024078,38.966827392578125,,,4
exp_hrl_v1,103,2,US_5,HOLD_VP,ADVANCE,,0.19832457602024078,38.966827392578125,,,2
exp_hrl_v1,103,2,US_6,HOLD_VP,ADVANCE,,0.1971135288476944,43.13095474243164,,,4
exp_hrl_v1,103,2,US_7,HOLD_VP,ADVANCE,,0.1971135288476944,43.13095474243164,,,2
exp_hrl_v1,103,3,US_1,HOLD_VP,ADVANCE,,0.1971135288476944,43.13095474243164,,,4
exp_hrl_v1,103,3,US_2,HOLD_VP,ADVANCE,,0.1971135288476944,43.13095474243164,,,4
exp_hrl_v1,103,3,US_3,HOLD_VP,ADVANCE,,0.1971135288476944,43.13095474243164,,,4
exp_hrl_v1,103,3,US_4,HOLD_VP,ADVANCE,,0.1971135288476944,43.13095474243164,,,4
exp_hrl_v1,103,3,US_5,HOLD_VP,ADVANCE,,0.17752157151699066,51.56973648071289,,,2
exp_hrl_v1,103,3,US_6,HOLD_VP,ADVANCE,,0.17752157151699066,51.56973648071289,,,4
exp_hrl_v1,103,3,US_7,HOLD_VP,ADVANCE,,0.17752157151699066,51.56973648071289,,,2
exp_hrl_v1,103,4,US_1,HOLD_VP,ADVANCE,,0.17752157151699066,51.56973648071289,,,4
exp_hrl_v1,103,4,US_2,HOLD_VP,ADVANCE,,0.17752157151699066,51.56973648071289,,,4
exp_hrl_v1,103,4,US_3,HOLD_VP,ADVANCE,,0.17752157151699066,51.56973648071289,,,4
exp_hrl_v1,103,4,US_4,HOLD_VP,RETREAT,,0.15115459263324738,56.64994812011719,,,4
exp_hrl_v1,103,4,US_5,HOLD_VP,RETREAT,,0.15115459263324738,56.64994812011719,,,2
exp_hrl_v1,103,4,US_6,HOLD_VP,ADVANCE,,0.14656101167201996,57.3979606628418,,,4
exp_hrl_v1,103,4,US_7,HOLD_VP,ADVANCE,,0.14656101167201996,57.3979606628418,,,2
exp_hrl_v1,103,5,US_1,HOLD_VP,ADVANCE,,0.14656101167201996,57.3979606628418,,,4
exp_hrl_v1,103,5,US_2,HOLD_VP,ADVANCE,,0.14656101167201996,57.3979606628418,,,4
exp_hrl_v1,103,5,US_3,HOLD_VP,ADVANCE,,0.14656101167201996,57.3979606628418,,,4
exp_hrl_v1,103,5,US_4,HOLD_VP,ADVANCE,,0.14656101167201996,57.3979606628418,,,4
exp_hrl_v1,103,5,US_5,HOLD_VP,FLANK,,0.16043278574943542,60.395057678222656,,,2
exp_hrl_v1,103,5,US_6,HOLD_VP,FLANK,,0.16043278574943542,60.395057678222656,,,4
exp_hrl_v1,103,5,US_7,HOLD_VP,FLANK,,0.16043278574943542,60.395057678222656,,,2
exp_hrl_v1,103,6,US_1,HOLD_VP,FLANK,,0.16043278574943542,60.395057678222656,,,4
exp_hrl_v1,103,6,US_2,HOLD_VP,FLANK,,0.16043278574943542,60.395057678222656,,,4
exp_hrl_v1,103,6,US_3,HOLD_VP,FLANK,,0.14594964683055878,63.619140625,,,4
exp_hrl_v1,103,6,US_4,HOLD_VP,FLANK,,0.14594964683055878,63.619140625,,,4
exp_hrl_v1,103,6,US_5,HOLD_VP,FLANK,,0.14594964683055878,63.619140625,,,2
exp_hrl_v1,103,6,US_6,HOLD_VP,FLANK,,0.14594964683055878,63.619140625,,,4
exp_hrl_v1,103,6,US_7,HOLD_VP,FLANK,,0.14594964683055878,63.619140625,,,2
exp_hrl_v1,103,7,US_1,HOLD_VP,ATTACK,DIRECT,0.4111637771129608,65.5825424194336,,,4
exp_hrl_v1,103,7,US_2,HOLD_VP,ATTACK,DIRECT,0.4111637771129608,65.5825424194336,,,4
exp_hrl_v1,103,7,US_3,HOLD_VP,ATTACK,DIRECT,0.4111637771129608,65.5825424194336,,,4
exp_hrl_v1,103,7,US_4,HOLD_VP,ATTACK,DIRECT,0.4111637771129608,65.5825424194336,,,4
exp_hrl_v1,103,7,US_5,HOLD_VP,ATTACK,DIRECT,0.4111637771129608,65.5825424194336,,,2
exp_hrl_v1,103,7,US_6,HOLD_VP,ATTACK,DIRECT,0.4111637771129608,65.5825424194336,,,4
exp_hrl_v1,103,7,US_7,HOLD_VP,ATTACK,DIRECT,0.4111637771129608,65.5825424194336,,,2
exp_hrl_v1,103,8,US_1,HOLD_VP,ATTACK,DIRECT,0.4111637771129608,65.5825424194336,,,4
exp_hrl_v1,103,8,US_2,HOLD_VP,ATTACK,DIRECT,0.4111637771129608,65.5825424194336,,,4
exp_hrl_v1,103,8,US_3,HOLD_VP,ATTACK,DIRECT,0.4111637771129608,65.5825424194336,,,4
exp_hrl_v1,104,1,US_1,ATTACK,ATTACK,DIRECT,0.1955854892730713,31.995033264160156,,,4
exp_hrl_v1,104,1,US_2,ATTACK,ATTACK,DIRECT,0.1955854892730713,31.995033264160156,,,4
exp_hrl_v1,104,1,US_3,ATTACK,ATTACK,DIRECT,0.1955854892730713,31.995033264160156,,,4
exp_hrl_v1,104,1,US_4,ATTACK,ATTACK,DIRECT,0.1955854892730713,31.995033264160156,,,4
exp_hrl_v1,104,1,US_5,ATTACK,ATTACK,DIRECT,0.1955854892730713,31.995033264160156,,,2
exp_hrl_v1,104,1,US_6,ATTACK,ATTACK,DIRECT,0.1955854892730713,31.995033264160156,,,4
exp_hrl_v1,104,1,US_7,ATTACK,ATTACK,DIRECT,0.1955854892730713,31.995033264160156,,,2
exp_hrl_v1,104,2,US_1,ATTACK,ATTACK,DIRECT,0.1955854892730713,31.995033264160156,,,4
exp_hrl_v1,104,2,US_2,ATTACK,ATTACK,DIRECT,0.1955854892730713,31.995033264160156,,,4
exp_hrl_v1,104,2,US_3,ATTACK,ATTACK,DIRECT,0.1955854892730713,31.995033264160156,,,4
exp_hrl_v1,104,2,US_4,ATTACK,ATTACK,DIRECT,0.15652766823768616,53.581764221191406,,,4
exp_hrl_v1,104,2,US_5,ATTACK,ATTACK,DIRECT,0.15652766823768616,53.581764221191406,,,2
exp_hrl_v1,104,2,US_6,ATTACK,ATTACK,DIRECT,0.15652766823768616,53.581764221191406,,,4
exp_hrl_v1,104,2,US_7,ATTACK,ATTACK,DIRECT,0.15652766823768616,53.581764221191406,,,2
exp_hrl_v1,104,3,US_1,ATTACK,ATTACK,DIRECT,0.15652766823768616,53.581764221191406,,,4
exp_hrl_v1,104,3,US_2,ATTACK,ATTACK,DIRECT,0.15652766823768616,53.581764221191406,,,4
exp_hrl_v1,104,3,US_3,ATTACK,ATTACK,DIRECT,0.15652766823768616,53.581764221191406,,,4
exp_hrl_v1,104,3,US_4,ATTACK,ATTACK,DIRECT,0.15652766823768616,53.581764221191406,,,4
exp_hrl_v1,104,3,US_5,ATTACK,ATTACK,DIRECT,0.15652766823768616,53.581764221191406,,,2
exp_hrl_v1,104,3,US_6,ATTACK,ATTACK,DIRECT,0.15652766823768616,53.581764221191406,,,4
exp_hrl_v1,104,3,US_7,ATTACK,ADVANCE,,0.32905513048171997,54.430580139160156,,,2
exp_hrl_v1,104,4,US_1,ATTACK,ADVANCE,,0.32905513048171997,54.430580139160156,,,4
exp_hrl_v1,104,4,US_2,ATTACK,ADVANCE,,0.32905513048171997,54.430580139160156,,,4
exp_hrl_v1,104,4,US_3,ATTACK,ADVANCE,,0.32905513048171997,54.430580139160156,,,4
exp_hrl_v1,104,4,US_4,ATTACK,ADVANCE,,0.32905513048171997,54.430580139160156,,,4
exp_hrl_v1,104,4,US_5,ATTACK,ADVANCE,,0.32905513048171997,54.430580139160156,,,2
exp_hrl_v1,104,4,US_6,ATTACK,FLANK,,0.17100359499454498,54.4683952331543,,,4
exp_hrl_v1,104,4,US_7,ATTACK,FLANK,,0.17100359499454498,54.4683952331543,,,2
exp_hrl_v1,104,5,US_1,ATTACK,FLANK,,0.17100359499454498,54.4683952331543,,,4
exp_hrl_v1,104,5,US_2,ATTACK,FLANK,,0.17100359499454498,54.4683952331543,,,4
exp_hrl_v1,104,5,US_3,ATTACK,FLANK,,0.17100359499454498,54.4683952331543,,,4
exp_hrl_v1,104,5,US_4,ATTACK,ADVANCE,,0.16755957901477814,52.70857238769531,,,4
exp_hrl_v1,104,5,US_5,ATTACK,ADVANCE,,0.16755957901477814,52.70857238769531,,,2
exp_hrl_v1,104,5,US_6,ATTACK,ADVANCE,,0.16755957901477814,52.70857238769531,,,4
exp_hrl_v1,104,5,US_7,ATTACK,ADVANCE,,0.16755957901477814,52.70857238769531,,,2
exp_hrl_v1,104,6,US_1,ATTACK,ADVANCE,,0.16755957901477814,52.70857238769531,,,4
exp_hrl_v1,104,6,US_2,ATTACK,ADVANCE,,0.16755957901477814,52.70857238769531,,,4
exp_hrl_v1,104,6,US_3,ATTACK,ADVANCE,,0.28670451045036316,49.61531448364258,,,4
exp_hrl_v1,104,6,US_4,ATTACK,ADVANCE,,0.28670451045036316,49.61531448364258,,,4
exp_hrl_v1,104,6,US_5,ATTACK,ADVANCE,,0.28670451045036316,49.61531448364258,,,2
exp_hrl_v1,104,6,US_6,ATTACK,ADVANCE,,0.28670451045036316,49.61531448364258,,,4
exp_hrl_v1,104,6,US_7,ATTACK,ADVANCE,,0.28670451045036316,49.61531448364258,,,2
exp_hrl_v1,104,7,US_1,ATTACK,ADVANCE,,0.28670451045036316,49.61531448364258,,,4
exp_hrl_v1,104,7,US_2,HOLD_VP,ADVANCE,,0.2001342922449112,46.403045654296875,,,4
exp_hrl_v1,104,7,US_3,HOLD_VP,ADVANCE,,0.2001342922449112,46.403045654296875,,,4
exp_hrl_v1,104,7,US_4,HOLD_VP,ADVANCE,,0.2001342922449112,46.403045654296875,,,4
exp_hrl_v1,104,7,US_5,HOLD_VP,ADVANCE,,0.2001342922449112,46.403045654296875,,,2
exp_hrl_v1,104,7,US_6,HOLD_VP,ADVANCE,,0.2001342922449112,46.403045654296875,,,4
exp_hrl_v1,104,7,US_7,HOLD_VP,ADVANCE,,0.2001342922449112,46.403045654296875,,,2
exp_hrl_v1,104,8,US_1,HOLD_VP,ATTACK,DIRECT,0.3058808743953705,43.10175323486328,,,4
exp_hrl_v1,104,8,US_2,HOLD_VP,ATTACK,DIRECT,0.3058808743953705,43.10175323486328,,,4
exp_hrl_v1,105,1,US_1,PUSH_VP,ADVANCE,,0.1955854892730713,31.995033264160156,,,4
exp_hrl_v1,105,1,US_2,PUSH_VP,ADVANCE,,0.1955854892730713,31.995033264160156,,,4
exp_hrl_v1,105,1,US_3,PUSH_VP,ADVANCE,,0.1955854892730713,31.995033264160156,,,4
exp_hrl_v1,105,1,US_4,PUSH_VP,ADVANCE,,0.1955854892730713,31.995033264160156,,,4
exp_hrl_v1,105,1,US_5,PUSH_VP,ADVANCE,,0.1955854892730713,31.995033264160156,,,2
exp_hrl_v1,105,1,US_6,PUSH_VP,ADVANCE,,0.1955854892730713,31.995033264160156,,,4
exp_hrl_v1,105,1,US_7,PUSH_VP,ADVANCE,,0.21747517585754395,38.966827392578125,,,2
exp_hrl_v1,105,2,US_1,PUSH_VP,ADVANCE,,0.21747517585754395,38.966827392578125,,,4
exp_hrl_v1,105,2,US_2,PUSH_VP,ADVANCE,,0.21747517585754395,38.966827392578125,,,4
exp_hrl_v1,105,2,US_3,PUSH_VP,ADVANCE,,0.21747517585754395,38.966827392578125,,,4
exp_hrl_v1,105,2,US_4,PUSH_VP,ADVANCE,,0.21747517585754395,38.966827392578125,,,4
exp_hrl_v1,105,2,US_5,PUSH_VP,ADVANCE,,0.21747517585754395,38.966827392578125,,,2
exp_hrl_v1,105,2,US_6,PUSH_VP,ADVANCE,,0.21960562467575073,43.13095474243164,,,4
exp_hrl_v1,105,2,US_7,PUSH_VP,ADVANCE,,0.21960562467575073,43.13095474243164,,,2
exp_hrl_v1,105,3,US_1,PUSH_VP,ADVANCE,,0.21960562467575073,43.13095474243164,,,4
exp_hrl_v1,105,3,US_2,PUSH_VP,ADVANCE,,0.21960562467575073,43.13095474243164,,,4
exp_hrl_v1,105,3,US_3,PUSH_VP,ADVANCE,,0.21960562467575073,43.13095474243164,,,4
exp_hrl_v1,105,3,US_4,PUSH_VP,ADVANCE,,0.21960562467575073,43.13095474243164,,,4
exp_hrl_v1,105,3,US_5,PUSH_VP,ADVANCE,,0.2650388479232788,51.56973648071289,,,2
exp_hrl_v1,105,3,US_6,PUSH_VP,ADVANCE,,0.2650388479232788,51.56973648071289,,,4
exp_hrl_v1,105,3,US_7,PUSH_VP,ADVANCE,,0.2650388479232788,51.56973648071289,,,2
exp_hrl_v1,105,4,US_1,PUSH_VP,ADVANCE,,0.2650388479232788,51.56973648071289,,,4
exp_hrl_v1,105,4,US_2,PUSH_VP,ADVANCE,,0.2650388479232788,51.56973648071289,,,4
exp_hrl_v1,105,4,US_3,PUSH_VP,ADVANCE,,0.2650388479232788,51.56973648071289,,,4
exp_hrl_v1,105,4,US_4,PUSH_VP,ADVANCE,,0.15115459263324738,56.64994812011719,,,4
exp_hrl_v1,105,4,US_5,PUSH_VP,ADVANCE,,0.15115459263324738,56.64994812011719,,,2
exp_hrl_v1,105,4,US_6,PUSH_VP,ADVANCE,,0.15115459263324738,56.64994812011719,,,4
exp_hrl_v1,105,4,US_7,PUSH_VP,ADVANCE,,0.15115459263324738,56.64994812011719,,,2
exp_hrl_v1,105,5,US_1,PUSH_VP,ADVANCE,,0.15115459263324738,56.64994812011719,,,4
exp_hrl_v1,105,5,US_2,PUSH_VP,ADVANCE,,0.15115459263324738,56.64994812011719,,,4
exp_hrl_v1,105,5,US_3,PUSH_VP,ADVANCE,,0.18875157833099365,59.8690185546875,,,4
exp_hrl_v1,105,5,US_4,PUSH_VP,ADVANCE,,0.18875157833099365,59.8690185546875,,,4
exp_hrl_v1,105,5,US_5,PUSH_VP,ADVANCE,,0.18875157833099365,59.8690185546875,,,2
exp_hrl_v1,105,5,US_6,PUSH_VP,ADVANCE,,0.18875157833099365,59.8690185546875,,,4
exp_hrl_v1,105,5,US_7,PUSH_VP,ADVANCE,,0.18875157833099365,59.8690185546875,,,2
exp_hrl_v1,105,6,US_1,PUSH_VP,ADVANCE,,0.18875157833099365,59.8690185546875,,,4
exp_hrl_v1,105,6,US_2,HOLD_VP,ATTACK,DIRECT,0.4188794493675232,63.512123107910156,,,4
exp_hrl_v1,105,6,US_3,HOLD_VP,ATTACK,DIRECT,0.4188794493675232,63.512123107910156,,,4
exp_hrl_v1,105,6,US_4,HOLD_VP,ATTACK,DIRECT,0.4188794493675232,63.512123107910156,,,4
exp_hrl_v1,105,6,US_5,HOLD_VP,ATTACK,DIRECT,0.4188794493675232,63.512123107910156,,,2
exp_hrl_v1,105,6,US_6,HOLD_VP,ATTACK,DIRECT,0.4188794493675232,63.512123107910156,,,4
exp_hrl_v1,105,6,US_7,HOLD_VP,ATTACK,DIRECT,0.4188794493675232,63.512123107910156,,,2
exp_hrl_v1,105,7,US_1,HOLD_VP,ATTACK,DIRECT,0.4188794493675232,63.512123107910156,,,4
exp_hrl_v1,106,1,US_1,PUSH_VP,FLANK,,0.1957722306251526,31.995033264160156,,,4
exp_hrl_v1,106,1,US_2,PUSH_VP,FLANK,,0.1957722306251526,31.995033264160156,,,4
exp_hrl_v1,106,1,US_3,PUSH_VP,FLANK,,0.1957722306251526,31.995033264160156,,,4
exp_hrl_v1,106,1,US_4,PUSH_VP,FLANK,,0.1957722306251526,31.995033264160156,,,4
exp_hrl_v1,106,1,US_5,PUSH_VP,FLANK,,0.1957722306251526,31.995033264160156,,,2
exp_hrl_v1,106,1,US_6,PUSH_VP,FLANK,,0.19572269916534424,38.0492057800293,,,4
exp_hrl_v1,106,1,US_7,PUSH_VP,FLANK,,0.19572269916534424,38.0492057800293,,,2
exp_hrl_v1,106,2,US_1,PUSH_VP,FLANK,,0.19572269916534424,38.0492057800293,,,4
exp_hrl_v1,106,2,US_2,PUSH_VP,FLANK,,0.19572269916534424,38.0492057800293,,,4
exp_hrl_v1,106,2,US_3,PUSH_VP,FLANK,,0.19572269916534424,38.0492057800293,,,4
exp_hrl_v1,106,2,US_4,PUSH_VP,ADVANCE,,0.19275128841400146,44.03032684326172,,,4
exp_hrl_v1,106,2,US_5,PUSH_VP,ADVANCE,,0.19275128841400146,44.03032684326172,,,2
exp_hrl_v1,106,2,US_6,PUSH_VP,ADVANCE,,0.19275128841400146,44.03032684326172,,,4
exp_hrl_v1,106,2,US_7,PUSH_VP,ADVANCE,,0.19275128841400146,44.03032684326172,,,2
exp_hrl_v1,106,3,US_1,PUSH_VP,ADVANCE,,0.19275128841400146,44.03032684326172,,,4
exp_hrl_v1,106,3,US_2,PUSH_VP,ADVANCE,,0.19275128841400146,44.03032684326172,,,4
exp_hrl_v1,106,3,US_3,PUSH_VP,ADVANCE,,0.17792055010795593,50.942718505859375,,,4
exp_hrl_v1,106,3,US_4,PUSH_VP,ADVANCE,,0.17792055010795593,50.942718505859375,,,4
exp_hrl_v1,106,3,US_5,PUSH_VP,ADVANCE,,0.17792055010795593,50.942718505859375,,,2
exp_hrl_v1,106,3,US_6,PUSH_VP,ADVANCE,,0.17792055010795593,50.942718505859375,,,4
exp_hrl_v1,106,3,US_7,PUSH_VP,ADVANCE,,0.17792055010795593,50.942718505859375,,,2
exp_hrl_v1,106,4,US_1,PUSH_VP,ADVANCE,,0.17792055010795593,50.942718505859375,,,4
exp_hrl_v1,106,4,US_2,PUSH_VP,HOLD,,0.18423819541931152,54.88075256347656,,,4
exp_hrl_v1,106,4,US_3,PUSH_VP,ADVANCE,,0.1502976268529892,57.08705139160156,,,4
exp_hrl_v1,106,4,US_4,PUSH_VP,ADVANCE,,0.1502976268529892,57.08705139160156,,,4
exp_hrl_v1,106,4,US_5,PUSH_VP,ADVANCE,,0.1502976268529892,57.08705139160156,,,2
exp_hrl_v1,106,4,US_6,PUSH_VP,ADVANCE,,0.1502976268529892,57.08705139160156,,,4
exp_hrl_v1,106,4,US_7,PUSH_VP,ADVANCE,,0.1502976268529892,57.08705139160156,,,2
exp_hrl_v1,106,5,US_1,PUSH_VP,ADVANCE,,0.1502976268529892,57.08705139160156,,,4
exp_hrl_v1,106,5,US_2,HOLD_VP,ATTACK,INDIRECT,0.3431553840637207,60.010406494140625,,,4
exp_hrl_v1,106,5,US_3,HOLD_VP,ATTACK,INDIRECT,0.3431553840637207,60.010406494140625,,,4
exp_hrl_v1,106,5,US_4,HOLD_VP,ATTACK,INDIRECT,0.3431553840637207,60.010406494140625,,,4
exp_hrl_v1,106,5,US_5,HOLD_VP,ATTACK,INDIRECT,0.3431553840637207,60.010406494140625,,,2
exp_hrl_v1,106,5,US_6,HOLD_VP,ATTACK,INDIRECT,0.3431553840637207,60.010406494140625,,,4
exp_hrl_v1,106,5,US_7,HOLD_VP,ATTACK,INDIRECT,0.3431553840637207,60.010406494140625,,,2
exp_hrl_v1,106,6,US_1,HOLD_VP,ATTACK,INDIRECT,0.3431553840637207,60.010406494140625,,,4
exp_hrl_v1,106,6,US_2,HOLD_VP,ATTACK,INDIRECT,0.3431553840637207,60.010406494140625,,,4
exp_hrl_v1,106,6,US_3,HOLD_VP,ATTACK,INDIRECT,0.3431553840637207,60.010406494140625,,,4
exp_hrl_v1,106,6,US_4,HOLD_VP,ATTACK,INDIRECT,0.3431553840637207,60.010406494140625,,,4
exp_hrl_v1,107,1,US_1,HOLD_VP,ADVANCE,,0.2209296077489853,31.995033264160156,,,4
exp_hrl_v1,107,1,US_2,HOLD_VP,ADVANCE,,0.2209296077489853,31.995033264160156,,,4
exp_hrl_v1,107,1,US_3,HOLD_VP,ADVANCE,,0.2209296077489853,31.995033264160156,,,4
exp_hrl_v1,107,1,US_4,HOLD_VP,ADVANCE,,0.2209296077489853,31.995033264160156,,,4
exp_hrl_v1,107,1,US_5,HOLD_VP,ADVANCE,,0.2209296077489853,31.995033264160156,,,2
exp_hrl_v1,107,1,US_6,HOLD_VP,ADVANCE,,0.2209296077489853,31.995033264160156,,,4
exp_hrl_v1,107,1,US_7,HOLD_VP,ADVANCE,,0.19832457602024078,38.966827392578125,,,2
exp_hrl_v1,107,2,US_1,HOLD_VP,ADVANCE,,0.19832457602024078,38.966827392578125,,,4
exp_hrl_v1,107,2,US_2,HOLD_VP,ADVANCE,,0.19832457602024078,38.966827392578125,,,4
exp_hrl_v1,107,2,US_3,HOLD_VP,ADVANCE,,0.19832457602024078,38.966827392578125,,,4
exp_hrl_v1,107,2,US_4,HOLD_VP,ADVANCE,,0.19832457602024078,38.966827392578125,,,4
exp_hrl_v1,107,2,US_5,HOLD_VP,ADVANCE,,0.19832457602024078,38.966827392578125,,,2
exp_hrl_v1,107,2,US_6,HOLD_VP,ATTACK,DIRECT,0.21960562467575073,43.13095474243164,,,4
exp_hrl_v1,107,2,US_7,HOLD_VP,ATTACK,DIRECT,0.21960562467575073,43.13095474243164,,,2
exp_hrl_v1,107,3,US_1,HOLD_VP,ATTACK,DIRECT,0.21960562467575073,43.13095474243164,,,4
exp_hrl_v1,107,3,US_2,HOLD_VP,ATTACK,DIRECT,0.21960562467575073,43.13095474243164,,,4
exp_hrl_v1,107,3,US_3,HOLD_VP,ATTACK,DIRECT,0.21960562467575073,43.13095474243164,,,4
exp_hrl_v1,107,3,US_4,HOLD_VP,ATTACK,DIRECT,0.21960562467575073,43.13095474243164,,,4
exp_hrl_v1,107,3,US_5,HOLD_VP,ATTACK,DIRECT,0.21960562467575073,43.13095474243164,,,2
exp_hrl_v1,107,3,US_6,HOLD_VP,ATTACK,DIRECT,0.21960562467575073,43.13095474243164,,,4
exp_hrl_v1,107,3,US_7,HOLD_VP,ATTACK,DIRECT,0.21960562467575073,43.13095474243164,,,2
exp_hrl_v1,107,4,US_1,HOLD_VP,ATTACK,DIRECT,0.21960562467575073,43.13095474243164,,,4
exp_hrl_v1,108,1,US_1,PUSH_VP,ADVANCE,,0.19773367047309875,31.995033264160156,,,4
exp_hrl_v1,108,1,US_2,PUSH_VP,ADVANCE,,0.19773367047309875,31.995033264160156,,,4
exp_hrl_v1,108,1,US_3,PUSH_VP,ADVANCE,,0.19773367047309875,31.995033264160156,,,4
exp_hrl_v1,108,1,US_4,PUSH_VP,ADVANCE,,0.19773367047309875,31.995033264160156,,,4
exp_hrl_v1,108,1,US_5,PUSH_VP,ADVANCE,,0.19773367047309875,31.995033264160156,,,2
exp_hrl_v1,108,1,US_6,PUSH_VP,ADVANCE,,0.19773367047309875,31.995033264160156,,,4
exp_hrl_v1,108,1,US_7,PUSH_VP,ADVANCE,,0.19140321016311646,38.966827392578125,,,2
exp_hrl_v1,108,2,US_1,PUSH_VP,ADVANCE,,0.19140321016311646,38.966827392578125,,,4
exp_hrl_v1,108,2,US_2,PUSH_VP,ADVANCE,,0.19140321016311646,38.966827392578125,,,4
exp_hrl_v1,108,2,US_3,PUSH_VP,ADVANCE,,0.19140321016311646,38.966827392578125,,,4
exp_hrl_v1,108,2,US_4,PUSH_VP,ADVANCE,,0.19140321016311646,38.966827392578125,,,4
exp_hrl_v1,108,2,US_5,PUSH_VP,ADVANCE,,0.19140321016311646,38.966827392578125,,,2
exp_hrl_v1,108,2,US_6,PUSH_VP,ADVANCE,,0.19705842435359955,43.13095474243164,,,4
exp_hrl_v1,108,2,US_7,PUSH_VP,ADVANCE,,0.19705842435359955,43.13095474243164,,,2
exp_hrl_v1,108,3,US_1,PUSH_VP,ADVANCE,,0.19705842435359955,43.13095474243164,,,4
exp_hrl_v1,108,3,US_2,PUSH_VP,ADVANCE,,0.19705842435359955,43.13095474243164,,,4
exp_hrl_v1,108,3,US_3,PUSH_VP,ADVANCE,,0.19705842435359955,43.13095474243164,,,4
exp_hrl_v1,108,3,US_4,PUSH_VP,ADVANCE,,0.19705842435359955,43.13095474243164,,,4
exp_hrl_v1,108,3,US_5,PUSH_VP,ADVANCE,,0.1985795646905899,51.56973648071289,,,2
exp_hrl_v1,108,3,US_6,PUSH_VP,ADVANCE,,0.1985795646905899,51.56973648071289,,,4
exp_hrl_v1,108,3,US_7,PUSH_VP,ADVANCE,,0.1985795646905899,51.56973648071289,,,2
exp_hrl_v1,108,4,US_1,PUSH_VP,ADVANCE,,0.1985795646905899,51.56973648071289,,,4
exp_hrl_v1,108,4,US_2,PUSH_VP,ADVANCE,,0.1985795646905899,51.56973648071289,,,4
exp_hrl_v1,108,4,US_3,PUSH_VP,ADVANCE,,0.1985795646905899,51.56973648071289,,,4
exp_hrl_v1,108,4,US_4,PUSH_VP,ADVANCE,,0.20836415886878967,56.64994812011719,,,4
exp_hrl_v1,108,4,US_5,PUSH_VP,ADVANCE,,0.20836415886878967,56.64994812011719,,,2
exp_hrl_v1,108,4,US_6,PUSH_VP,ADVANCE,,0.20836415886878967,56.64994812011719,,,4
exp_hrl_v1,108,4,US_7,PUSH_VP,ADVANCE,,0.20836415886878967,56.64994812011719,,,2
exp_hrl_v1,108,5,US_1,PUSH_VP,ADVANCE,,0.20836415886878967,56.64994812011719,,,4
exp_hrl_v1,108,5,US_2,PUSH_VP,ADVANCE,,0.20836415886878967,56.64994812011719,,,4
exp_hrl_v1,108,5,US_3,PUSH_VP,FLANK,,0.1661796122789383,59.8690185546875,,,4
exp_hrl_v1,108,5,US_4,PUSH_VP,FLANK,,0.1661796122789383,59.8690185546875,,,4
exp_hrl_v1,108,5,US_5,PUSH_VP,FLANK,,0.1661796122789383,59.8690185546875,,,2
exp_hrl_v1,108,5,US_6,PUSH_VP,FLANK,,0.1661796122789383,59.8690185546875,,,4
exp_hrl_v1,108,5,US_7,PUSH_VP,FLANK,,0.1661796122789383,59.8690185546875,,,2
exp_hrl_v1,108,6,US_1,HOLD_VP,ATTACK,DIRECT,0.15177582204341888,63.512123107910156,,,4
exp_hrl_v1,108,6,US_2,HOLD_VP,ATTACK,DIRECT,0.15177582204341888,63.512123107910156,,,4
exp_hrl_v1,108,6,US_3,HOLD_VP,ATTACK,DIRECT,0.15177582204341888,63.512123107910156,,,4
exp_hrl_v1,108,6,US_4,HOLD_VP,ATTACK,DIRECT,0.15177582204341888,63.512123107910156,,,4
exp_hrl_v1,108,6,US_5,HOLD_VP,ATTACK,DIRECT,0.15177582204341888,63.512123107910156,,,2
exp_hrl_v1,108,6,US_6,HOLD_VP,ATTACK,DIRECT,0.15177582204341888,63.512123107910156,,,4
exp_hrl_v1,108,6,US_7,HOLD_VP,ATTACK,DIRECT,0.15177582204341888,63.512123107910156,,,2
exp_hrl_v1,108,7,US_1,HOLD_VP,ATTACK,DIRECT,0.15177582204341888,63.512123107910156,,,4
exp_hrl_v1,108,7,US_2,HOLD_VP,ATTACK,DIRECT,0.15177582204341888,63.512123107910156,,,4
exp_hrl_v1,109,1,US_1,HOLD_VP,FLANK,,0.2209296077489853,31.995033264160156,,,4
exp_hrl_v1,109,1,US_2,HOLD_VP,FLANK,,0.2209296077489853,31.995033264160156,,,4
exp_hrl_v1,109,1,US_3,HOLD_VP,FLANK,,0.2209296077489853,31.995033264160156,,,4
exp_hrl_v1,109,1,US_4,HOLD_VP,FLANK,,0.2209296077489853,31.995033264160156,,,4
exp_hrl_v1,109,1,US_5,HOLD_VP,FLANK,,0.2209296077489853,31.995033264160156,,,2
exp_hrl_v1,109,1,US_6,HOLD_VP,ADVANCE,,0.19899527728557587,38.0492057800293,,,4
exp_hrl_v1,109,1,US_7,HOLD_VP,ADVANCE,,0.19899527728557587,38.0492057800293,,,2
exp_hrl_v1,109,2,US_1,HOLD_VP,ADVANCE,,0.19899527728557587,38.0492057800293,,,4
exp_hrl_v1,109,2,US_2,HOLD_VP,ADVANCE,,0.19899527728557587,38.0492057800293,,,4
exp_hrl_v1,109,2,US_3,HOLD_VP,ADVANCE,,0.19899527728557587,38.0492057800293,,,4
exp_hrl_v1,109,2,US_4,HOLD_VP,ADVANCE,,0.19899527728557587,38.0492057800293,,,4
exp_hrl_v1,109,2,US_5,HOLD_VP,ADVANCE,,0.1905227154493332,45.439945220947266,,,2
exp_hrl_v1,109,2,US_6,HOLD_VP,ADVANCE,,0.1905227154493332,45.439945220947266,,,4
exp_hrl_v1,109,2,US_7,HOLD_VP,ADVANCE,,0.1905227154493332,45.439945220947266,,,2
exp_hrl_v1,109,3,US_1,HOLD_VP,ADVANCE,,0.1905227154493332,45.439945220947266,,,4
exp_hrl_v1,109,3,US_2,HOLD_VP,ADVANCE,,0.1905227154493332,45.439945220947266,,,4
exp_hrl_v1,109,3,US_3,HOLD_VP,ADVANCE,,0.1905227154493332,45.439945220947266,,,4
exp_hrl_v1,109,3,US_4,HOLD_VP,FLANK,,0.17650194466114044,51.02067565917969,,,4
exp_hrl_v1,109,3,US_5,HOLD_VP,FLANK,,0.17650194466114044,51.02067565917969,,,2
exp_hrl_v1,109,3,US_6,HOLD_VP,FLANK,,0.17650194466114044,51.02067565917969,,,4
exp_hrl_v1,109,3,US_7,HOLD_VP,FLANK,,0.17650194466114044,51.02067565917969,,,2
exp_hrl_v1,109,4,US_1,HOLD_VP,FLANK,,0.17650194466114044,51.02067565917969,,,4
exp_hrl_v1,109,4,US_2,HOLD_VP,ATTACK,DIRECT,0.25423023104667664,55.23048782348633,,,4
exp_hrl_v1,109,4,US_3,HOLD_VP,ATTACK,DIRECT,0.25423023104667664,55.23048782348633,,,4
exp_hrl_v1,109,4,US_4,HOLD_VP,ATTACK,DIRECT,0.25423023104667664,55.23048782348633,,,4
exp_hrl_v1,109,4,US_5,HOLD_VP,ATTACK,DIRECT,0.25423023104667664,55.23048782348633,,,2
exp_hrl_v1,109,4,US_6,HOLD_VP,ATTACK,DIRECT,0.25423023104667664,55.23048782348633,,,4
exp_hrl_v1,109,4,US_7,HOLD_VP,ATTACK,DIRECT,0.25423023104667664,55.23048782348633,,,2
exp_hrl_v1,109,5,US_1,HOLD_VP,ATTACK,DIRECT,0.25423023104667664,55.23048782348633,,,4
exp_hrl_v1,109,5,US_2,HOLD_VP,ATTACK,DIRECT,0.25423023104667664,55.23048782348633,,,4
exp_hrl_v1,109,5,US_3,HOLD_VP,ATTACK,DIRECT,0.25423023104667664,55.23048782348633,,,4
exp_hrl_v1,109,5,US_4,HOLD_VP,ATTACK,DIRECT,0.25423023104667664,55.23048782348633,,,4
exp_hrl_v1,109,5,US_5,HOLD_VP,ATTACK,DIRECT,0.36176449060440063,57.878570556640625,,,2
exp_hrl_v1,109,5,US_6,HOLD_VP,ATTACK,DIRECT,0.36176449060440063,57.878570556640625,,,4
exp_hrl_v1,109,5,US_7,HOLD_VP,ATTACK,DIRECT,0.36176449060440063,57.878570556640625,,,2
exp_hrl_v1,109,6,US_1,HOLD_VP,ATTACK,DIRECT,0.36176449060440063,57.878570556640625,,,4
exp_hrl_v1,110,1,US_1,PUSH_VP,ADVANCE,,0.19773367047309875,31.995033264160156,,,4
exp_hrl_v1,110,1,US_2,PUSH_VP,ADVANCE,,0.19773367047309875,31.995033264160156,,,4
exp_hrl_v1,110,1,US_3,PUSH_VP,ADVANCE,,0.19773367047309875,31.995033264160156,,,4
exp_hrl_v1,110,1,US_4,PUSH_VP,ADVANCE,,0.19773367047309875,31.995033264160156,,,4
exp_hrl_v1,110,1,US_5,PUSH_VP,ADVANCE,,0.19773367047309875,31.995033264160156,,,2
exp_hrl_v1,110,1,US_6,PUSH_VP,ADVANCE,,0.19773367047309875,31.995033264160156,,,4
exp_hrl_v1,110,1,US_7,PUSH_VP,FLANK,,0.1966974139213562,38.966827392578125,,,2
exp_hrl_v1,110,2,US_1,PUSH_VP,FLANK,,0.1966974139213562,38.966827392578125,,,4
exp_hrl_v1,110,2,US_2,PUSH_VP,FLANK,,0.1966974139213562,38.966827392578125,,,4
exp_hrl_v1,110,2,US_3,PUSH_VP,FLANK,,0.1966974139213562,38.966827392578125,,,4
exp_hrl_v1,110,2,US_4,PUSH_VP,FLANK,,0.1966974139213562,38.966827392578125,,,4
exp_hrl_v1,110,2,US_5,PUSH_VP,ADVANCE,,0.19041407108306885,45.69208526611328,,,2
exp_hrl_v1,110,2,US_6,PUSH_VP,ADVANCE,,0.19041407108306885,45.69208526611328,,,4
exp_hrl_v1,110,2,US_7,PUSH_VP,ADVANCE,,0.19041407108306885,45.69208526611328,,,2
exp_hrl_v1,110,3,US_1,PUSH_VP,ADVANCE,,0.19041407108306885,45.69208526611328,,,4
exp_hrl_v1,110,3,US_2,PUSH_VP,ADVANCE,,0.19041407108306885,45.69208526611328,,,4
exp_hrl_v1,110,3,US_3,PUSH_VP,ADVANCE,,0.19041407108306885,45.69208526611328,,,4
exp_hrl_v1,110,3,US_4,PUSH_VP,ADVANCE,,0.18378423154354095,50.84752655029297,,,4
exp_hrl_v1,110,3,US_5,PUSH_VP,ADVANCE,,0.18378423154354095,50.84752655029297,,,2
exp_hrl_v1,110,3,US_6,PUSH_VP,ADVANCE,,0.18378423154354095,50.84752655029297,,,4
exp_hrl_v1,110,3,US_7,PUSH_VP,ADVANCE,,0.18378423154354095,50.84752655029297,,,2
exp_hrl_v1,110,4,US_1,PUSH_VP,ADVANCE,,0.18378423154354095,50.84752655029297,,,4
exp_hrl_v1,110,4,US_2,PUSH_VP,ADVANCE,,0.18378423154354095,50.84752655029297,,,4
exp_hrl_v1,110,4,US_3,PUSH_VP,ADVANCE,,0.21153970062732697,55.34172058105469,,,4
exp_hrl_v1,110,4,US_4,PUSH_VP,ADVANCE,,0.21153970062732697,55.34172058105469,,,4
exp_hrl_v1,110,4,US_5,PUSH_VP,ADVANCE,,0.21153970062732697,55.34172058105469,,,2
exp_hrl_v1,110,4,US_6,PUSH_VP,ADVANCE,,0.21153970062732697,55.34172058105469,,,4
exp_hrl_v1,110,4,US_7,PUSH_VP,ADVANCE,,0.21153970062732697,55.34172058105469,,,2
exp_hrl_v1,110,5,US_1,PUSH_VP,ADVANCE,,0.21153970062732697,55.34172058105469,,,4
exp_hrl_v1,110,5,US_2,PUSH_VP,ADVANCE,,0.19796794652938843,59.20802307128906,,,4
exp_hrl_v1,110,5,US_3,PUSH_VP,ADVANCE,,0.19796794652938843,59.20802307128906,,,4
exp_hrl_v1,110,5,US_4,PUSH_VP,ADVANCE,,0.19796794652938843,59.20802307128906,,,4
exp_hrl_v1,110,5,US_5,PUSH_VP,ADVANCE,,0.19796794652938843,59.20802307128906,,,2
exp_hrl_v1,110,5,US_6,PUSH_VP,ADVANCE,,0.19796794652938843,59.20802307128906,,,4
exp_hrl_v1,110,5,US_7,PUSH_VP,ADVANCE,,0.19796794652938843,59.20802307128906,,,2
exp_hrl_v1,110,6,US_1,HOLD_VP,ATTACK,DIRECT,0.15258656442165375,63.310359954833984,,,4
exp_hrl_v1,110,6,US_2,HOLD_VP,ATTACK,DIRECT,0.15258656442165375,63.310359954833984,,,4
exp_hrl_v1,110,6,US_3,HOLD_VP,ATTACK,DIRECT,0.15258656442165375,63.310359954833984,,,4
exp_hrl_v1,110,6,US_4,HOLD_VP,ATTACK,DIRECT,0.15258656442165375,63.310359954833984,,,4
exp_hrl_v1,110,6,US_5,HOLD_VP,ATTACK,DIRECT,0.15258656442165375,63.310359954833984,,,2
exp_hrl_v1,110,6,US_6,HOLD_VP,ATTACK,DIRECT,0.15258656442165375,63.310359954833984,,,4
exp_hrl_v1,110,6,US_7,HOLD_VP,ATTACK,DIRECT,0.15258656442165375,63.310359954833984,,,2
exp_hrl_v1,110,7,US_1,HOLD_VP,ATTACK,DIRECT,0.15258656442165375,63.310359954833984,,,4
exp_hrl_v1,110,7,US_2,HOLD_VP,ATTACK,DIRECT,0.15258656442165375,63.310359954833984,,,4
exp_hrl_v1,111,1,US_1,PUSH_VP,ADVANCE,,0.1899789720773697,31.995033264160156,,,4
exp_hrl_v1,111,1,US_2,PUSH_VP,ADVANCE,,0.1899789720773697,31.995033264160156,,,4
exp_hrl_v1,111,1,US_3,PUSH_VP,ADVANCE,,0.1899789720773697,31.995033264160156,,,4
exp_hrl_v1,111,1,US_4,PUSH_VP,ADVANCE,,0.1899789720773697,31.995033264160156,,,4
exp_hrl_v1,111,1,US_5,PUSH_VP,ADVANCE,,0.1899789720773697,31.995033264160156,,,2
exp_hrl_v1,111,1,US_6,PUSH_VP,ADVANCE,,0.1899789720773697,31.995033264160156,,,4
exp_hrl_v1,111,1,US_7,PUSH_VP,ADVANCE,,0.19140321016311646,38.966827392578125,,,2
exp_hrl_v1,111,2,US_1,PUSH_VP,ADVANCE,,0.19140321016311646,38.966827392578125,,,4
exp_hrl_v1,111,2,US_2,PUSH_VP,ADVANCE,,0.19140321016311646,38.966827392578125,,,4
exp_hrl_v1,111,2,US_3,PUSH_VP,ADVANCE,,0.19140321016311646,38.966827392578125,,,4
exp_hrl_v1,111,2,US_4,PUSH_VP,ADVANCE,,0.19140321016311646,38.966827392578125,,,4
exp_hrl_v1,111,2,US_5,PUSH_VP,ADVANCE,,0.19140321016311646,38.966827392578125,,,2
exp_hrl_v1,111,2,US_6,PUSH_VP,ADVANCE,,0.19705842435359955,43.13095474243164,,,4
exp_hrl_v1,111,2,US_7,PUSH_VP,ADVANCE,,0.19705842435359955,43.13095474243164,,,2
exp_hrl_v1,111,3,US_1,PUSH_VP,ADVANCE,,0.19705842435359955,43.13095474243164,,,4
exp_hrl_v1,111,3,US_2,PUSH_VP,ADVANCE,,0.19705842435359955,43.13095474243164,,,4
exp_hrl_v1,111,3,US_3,PUSH_VP,ADVANCE,,0.19705842435359955,43.13095474243164,,,4
exp_hrl_v1,111,3,US_4,PUSH_VP,ADVANCE,,0.19705842435359955,43.13095474243164,,,4
exp_hrl_v1,111,3,US_5,PUSH_VP,FLANK,,0.18429358303546906,51.56973648071289,,,2
exp_hrl_v1,111,3,US_6,PUSH_VP,FLANK,,0.18429358303546906,51.56973648071289,,,4
exp_hrl_v1,111,3,US_7,PUSH_VP,FLANK,,0.18429358303546906,51.56973648071289,,,2
exp_hrl_v1,111,4,US_1,PUSH_VP,FLANK,,0.18429358303546906,51.56973648071289,,,4
exp_hrl_v1,111,4,US_2,PUSH_VP,FLANK,,0.18429358303546906,51.56973648071289,,,4
exp_hrl_v1,111,4,US_3,PUSH_VP,FLANK,,0.1846194565296173,55.64869689941406,,,4
exp_hrl_v1,111,4,US_4,PUSH_VP,FLANK,,0.1846194565296173,55.64869689941406,,,4
exp_hrl_v1,111,4,US_5,PUSH_VP,FLANK,,0.1846194565296173,55.64869689941406,,,2
exp_hrl_v1,111,4,US_6,PUSH_VP,FLANK,,0.1846194565296173,55.64869689941406,,,4
exp_hrl_v1,111,4,US_7,PUSH_VP,FLANK,,0.1846194565296173,55.64869689941406,,,2
exp_hrl_v1,111,5,US_1,PUSH_VP,ADVANCE,,0.33531293272972107,59.29676818847656,,,4
exp_hrl_v1,111,5,US_2,PUSH_VP,ADVANCE,,0.33531293272972107,59.29676818847656,,,4
exp_hrl_v1,111,5,US_3,PUSH_VP,ADVANCE,,0.33531293272972107,59.29676818847656,,,4
exp_hrl_v1,111,5,US_4,PUSH_VP,ADVANCE,,0.33531293272972107,59.29676818847656,,,4
exp_hrl_v1,111,5,US_5,PUSH_VP,ADVANCE,,0.33531293272972107,59.29676818847656,,,2
exp_hrl_v1,111,5,US_6,PUSH_VP,ADVANCE,,0.33531293272972107,59.29676818847656,,,4
exp_hrl_v1,111,5,US_7,HOLD_VP,ATTACK,DIRECT,0.4085007905960083,62.07042694091797,,,2
exp_hrl_v1,111,6,US_1,HOLD_VP,ATTACK,DIRECT,0.4085007905960083,62.07042694091797,,,4
exp_hrl_v1,111,6,US_2,HOLD_VP,ATTACK,DIRECT,0.4085007905960083,62.07042694091797,,,4
exp_hrl_v1,111,6,US_3,HOLD_VP,ATTACK,DIRECT,0.4085007905960083,62.07042694091797,,,4
exp_hrl_v1,111,6,US_4,HOLD_VP,ATTACK,DIRECT,0.4085007905960083,62.07042694091797,,,4
exp_hrl_v1,111,6,US_5,HOLD_VP,ATTACK,DIRECT,0.4085007905960083,62.07042694091797,,,2
exp_hrl_v1,111,6,US_6,HOLD_VP,ATTACK,DIRECT,0.4085007905960083,62.07042694091797,,,4
exp_hrl_v1,111,6,US_7,HOLD_VP,ATTACK,DIRECT,0.4085007905960083,62.07042694091797,,,2
exp_hrl_v1,111,7,US_1,HOLD_VP,ATTACK,DIRECT,0.4085007905960083,62.07042694091797,,,4
exp_hrl_v1,112,1,US_1,PUSH_VP,FLANK,,0.1957722306251526,31.995033264160156,,,4
exp_hrl_v1,112,1,US_2,PUSH_VP,FLANK,,0.1957722306251526,31.995033264160156,,,4
exp_hrl_v1,112,1,US_3,PUSH_VP,FLANK,,0.1957722306251526,31.995033264160156,,,4
exp_hrl_v1,112,1,US_4,PUSH_VP,FLANK,,0.1957722306251526,31.995033264160156,,,4
exp_hrl_v1,112,1,US_5,PUSH_VP,FLANK,,0.1957722306251526,31.995033264160156,,,2
exp_hrl_v1,112,1,US_6,PUSH_VP,ADVANCE,,0.20154522359371185,38.0492057800293,,,4
exp_hrl_v1,112,1,US_7,PUSH_VP,ADVANCE,,0.20154522359371185,38.0492057800293,,,2
exp_hrl_v1,112,2,US_1,PUSH_VP,ADVANCE,,0.20154522359371185,38.0492057800293,,,4
exp_hrl_v1,112,2,US_2,PUSH_VP,ADVANCE,,0.20154522359371185,38.0492057800293,,,4
exp_hrl_v1,112,2,US_3,PUSH_VP,ADVANCE,,0.20154522359371185,38.0492057800293,,,4
exp_hrl_v1,112,2,US_4,PUSH_VP,ADVANCE,,0.20154522359371185,38.0492057800293,,,4
exp_hrl_v1,112,2,US_5,PUSH_VP,ADVANCE,,0.1881471872329712,45.439945220947266,,,2
exp_hrl_v1,112,2,US_6,PUSH_VP,ADVANCE,,0.1881471872329712,45.439945220947266,,,4
exp_hrl_v1,112,2,US_7,PUSH_VP,ADVANCE,,0.1881471872329712,45.439945220947266,,,2
exp_hrl_v1,112,3,US_1,PUSH_VP,ADVANCE,,0.1881471872329712,45.439945220947266,,,4
exp_hrl_v1,112,3,US_2,PUSH_VP,ADVANCE,,0.1881471872329712,45.439945220947266,,,4
exp_hrl_v1,112,3,US_3,PUSH_VP,ADVANCE,,0.1881471872329712,45.439945220947266,,,4
exp_hrl_v1,112,3,US_4,PUSH_VP,HOLD,,0.17650194466114044,51.02067565917969,,,4
exp_hrl_v1,112,3,US_5,PUSH_VP,ADVANCE,,0.27317944169044495,53.94939041137695,,,2
exp_hrl_v1,112,3,US_6,PUSH_VP,ADVANCE,,0.27317944169044495,53.94939041137695,,,4
exp_hrl_v1,112,3,US_7,PUSH_VP,ADVANCE,,0.27317944169044495,53.94939041137695,,,2
exp_hrl_v1,112,4,US_1,PUSH_VP,ADVANCE,,0.27317944169044495,53.94939041137695,,,4
exp_hrl_v1,112,4,US_2,PUSH_VP,ADVANCE,,0.27317944169044495,53.94939041137695,,,4
exp_hrl_v1,112,4,US_3,PUSH_VP,ADVANCE,,0.27317944169044495,53.94939041137695,,,4
exp_hrl_v1,112,4,US_4,PUSH_VP,ADVANCE,,0.18664343655109406,57.78970718383789,,,4
exp_hrl_v1,112,4,US_5,PUSH_VP,ADVANCE,,0.18664343655109406,57.78970718383789,,,2
exp_hrl_v1,112,4,US_6,PUSH_VP,ADVANCE,,0.18664343655109406,57.78970718383789,,,4
exp_hrl_v1,112,4,US_7,PUSH_VP,ADVANCE,,0.18664343655109406,57.78970718383789,,,2
exp_hrl_v1,112,5,US_1,PUSH_VP,ADVANCE,,0.18664343655109406,57.78970718383789,,,4
exp_hrl_v1,112,5,US_2,PUSH_VP,ADVANCE,,0.18664343655109406,57.78970718383789,,,4
exp_hrl_v1,112,5,US_3,HOLD_VP,ATTACK,DIRECT,0.35539209842681885,60.2254638671875,,,4
exp_hrl_v1,112,5,US_4,HOLD_VP,ATTACK,DIRECT,0.35539209842681885,60.2254638671875,,,4
exp_hrl_v1,112,5,US_5,HOLD_VP,ATTACK,DIRECT,0.35539209842681885,60.2254638671875,,,2
exp_hrl_v1,112,5,US_6,HOLD_VP,ATTACK,DIRECT,0.35539209842681885,60.2254638671875,,,4
exp_hrl_v1,112,5,US_7,HOLD_VP,ATTACK,DIRECT,0.35539209842681885,60.2254638671875,,,2
exp_hrl_v1,112,6,US_1,HOLD_VP,ATTACK,DIRECT,0.35539209842681885,60.2254638671875,,,4
exp_hrl_v1,112,6,US_2,HOLD_VP,ATTACK,DIRECT,0.35539209842681885,60.2254638671875,,,4
exp_hrl_v1,112,6,US_3,HOLD_VP,ATTACK,DIRECT,0.35539209842681885,60.2254638671875,,,4
exp_hrl_v1,112,6,US_4,HOLD_VP,ATTACK,DIRECT,0.35539209842681885,60.2254638671875,,,4
exp_hrl_v1,113,1,US_1,PUSH_VP,FLANK,,0.1957722306251526,31.995033264160156,,,4
exp_hrl_v1,113,1,US_2,PUSH_VP,FLANK,,0.1957722306251526,31.995033264160156,,,4
exp_hrl_v1,113,1,US_3,PUSH_VP,FLANK,,0.1957722306251526,31.995033264160156,,,4
exp_hrl_v1,113,1,US_4,PUSH_VP,FLANK,,0.1957722306251526,31.995033264160156,,,4
exp_hrl_v1,113,1,US_5,PUSH_VP,FLANK,,0.1957722306251526,31.995033264160156,,,2
exp_hrl_v1,113,1,US_6,PUSH_VP,ADVANCE,,0.21194958686828613,38.0492057800293,,,4
exp_hrl_v1,113,1,US_7,PUSH_VP,ADVANCE,,0.21194958686828613,38.0492057800293,,,2
exp_hrl_v1,113,2,US_1,PUSH_VP,ADVANCE,,0.21194958686828613,38.0492057800293,,,4
exp_hrl_v1,113,2,US_2,PUSH_VP,ADVANCE,,0.21194958686828613,38.0492057800293,,,4
exp_hrl_v1,113,2,US_3,PUSH_VP,ADVANCE,,0.21194958686828613,38.0492057800293,,,4
exp_hrl_v1,113,2,US_4,PUSH_VP,ADVANCE,,0.21194958686828613,38.0492057800293,,,4
exp_hrl_v1,113,2,US_5,PUSH_VP,ADVANCE,,0.19800324738025665,45.439945220947266,,,2
exp_hrl_v1,113,2,US_6,PUSH_VP,ADVANCE,,0.19800324738025665,45.439945220947266,,,4
exp_hrl_v1,113,2,US_7,PUSH_VP,ADVANCE,,0.19800324738025665,45.439945220947266,,,2
exp_hrl_v1,113,3,US_1,PUSH_VP,ADVANCE,,0.19800324738025665,45.439945220947266,,,4
exp_hrl_v1,113,3,US_2,PUSH_VP,ADVANCE,,0.19800324738025665,45.439945220947266,,,4
exp_hrl_v1,113,3,US_3,PUSH_VP,ADVANCE,,0.19800324738025665,45.439945220947266,,,4
exp_hrl_v1,113,3,US_4,PUSH_VP,ADVANCE,,0.19930428266525269,51.02067565917969,,,4
exp_hrl_v1,113,3,US_5,PUSH_VP,ADVANCE,,0.19930428266525269,51.02067565917969,,,2
exp_hrl_v1,113,3,US_6,PUSH_VP,ADVANCE,,0.19930428266525269,51.02067565917969,,,4
exp_hrl_v1,113,3,US_7,PUSH_VP,ADVANCE,,0.19930428266525269,51.02067565917969,,,2
exp_hrl_v1,113,4,US_1,PUSH_VP,ADVANCE,,0.19930428266525269,51.02067565917969,,,4
exp_hrl_v1,113,4,US_2,PUSH_VP,ADVANCE,,0.19930428266525269,51.02067565917969,,,4
exp_hrl_v1,113,4,US_3,PUSH_VP,ADVANCE,,0.18369968235492706,55.434879302978516,,,4
exp_hrl_v1,113,4,US_4,PUSH_VP,ADVANCE,,0.18369968235492706,55.434879302978516,,,4
exp_hrl_v1,113,4,US_5,PUSH_VP,ADVANCE,,0.18369968235492706,55.434879302978516,,,2
exp_hrl_v1,113,4,US_6,PUSH_VP,ADVANCE,,0.18369968235492706,55.434879302978516,,,4
exp_hrl_v1,113,4,US_7,PUSH_VP,ADVANCE,,0.18369968235492706,55.434879302978516,,,2
exp_hrl_v1,113,5,US_1,PUSH_VP,ADVANCE,,0.18369968235492706,55.434879302978516,,,4
exp_hrl_v1,113,5,US_2,PUSH_VP,ADVANCE,,0.13340196013450623,59.2537841796875,,,4
exp_hrl_v1,113,5,US_3,PUSH_VP,ADVANCE,,0.13340196013450623,59.2537841796875,,,4
exp_hrl_v1,113,5,US_4,PUSH_VP,ADVANCE,,0.13340196013450623,59.2537841796875,,,4
exp_hrl_v1,113,5,US_5,PUSH_VP,ADVANCE,,0.13340196013450623,59.2537841796875,,,2
exp_hrl_v1,113,5,US_6,PUSH_VP,ADVANCE,,0.13340196013450623,59.2537841796875,,,4
exp_hrl_v1,113,5,US_7,PUSH_VP,ADVANCE,,0.13340196013450623,59.2537841796875,,,2
exp_hrl_v1,113,6,US_1,HOLD_VP,ATTACK,DIRECT,0.41576534509658813,63.322509765625,,,4
exp_hrl_v1,113,6,US_2,HOLD_VP,ATTACK,DIRECT,0.41576534509658813,63.322509765625,,,4
exp_hrl_v1,113,6,US_3,HOLD_VP,ATTACK,DIRECT,0.41576534509658813,63.322509765625,,,4
exp_hrl_v1,113,6,US_4,HOLD_VP,ATTACK,DIRECT,0.41576534509658813,63.322509765625,,,4
exp_hrl_v1,113,6,US_5,HOLD_VP,ATTACK,DIRECT,0.41576534509658813,63.322509765625,,,2
exp_hrl_v1,113,6,US_6,HOLD_VP,ATTACK,DIRECT,0.41576534509658813,63.322509765625,,,4
exp_hrl_v1,113,6,US_7,HOLD_VP,ATTACK,DIRECT,0.41576534509658813,63.322509765625,,,2
exp_hrl_v1,113,7,US_1,HOLD_VP,ATTACK,DIRECT,0.41576534509658813,63.322509765625,,,4
exp_hrl_v1,113,7,US_2,HOLD_VP,ATTACK,DIRECT,0.41576534509658813,63.322509765625,,,4
exp_hrl_v1,114,1,US_1,PUSH_VP,FLANK,,0.1957722306251526,31.995033264160156,,,4
exp_hrl_v1,114,1,US_2,PUSH_VP,FLANK,,0.1957722306251526,31.995033264160156,,,4
exp_hrl_v1,114,1,US_3,PUSH_VP,FLANK,,0.1957722306251526,31.995033264160156,,,4
exp_hrl_v1,114,1,US_4,PUSH_VP,FLANK,,0.1957722306251526,31.995033264160156,,,4
exp_hrl_v1,114,1,US_5,PUSH_VP,FLANK,,0.1957722306251526,31.995033264160156,,,2
exp_hrl_v1,114,1,US_6,PUSH_VP,ADVANCE,,0.19178712368011475,38.0492057800293,,,4
exp_hrl_v1,114,1,US_7,PUSH_VP,ADVANCE,,0.19178712368011475,38.0492057800293,,,2
exp_hrl_v1,114,2,US_1,PUSH_VP,ADVANCE,,0.19178712368011475,38.0492057800293,,,4
exp_hrl_v1,114,2,US_2,PUSH_VP,ADVANCE,,0.19178712368011475,38.0492057800293,,,4
exp_hrl_v1,114,2,US_3,PUSH_VP,ADVANCE,,0.19178712368011475,38.0492057800293,,,4
exp_hrl_v1,114,2,US_4,PUSH_VP,ADVANCE,,0.19178712368011475,38.0492057800293,,,4
exp_hrl_v1,114,2,US_5,PUSH_VP,ADVANCE,,0.19800324738025665,45.439945220947266,,,2
exp_hrl_v1,114,2,US_6,PUSH_VP,ADVANCE,,0.19800324738025665,45.439945220947266,,,4
exp_hrl_v1,114,2,US_7,PUSH_VP,ADVANCE,,0.19800324738025665,45.439945220947266,,,2
exp_hrl_v1,114,3,US_1,PUSH_VP,ADVANCE,,0.19800324738025665,45.439945220947266,,,4
exp_hrl_v1,114,3,US_2,PUSH_VP,ADVANCE,,0.19800324738025665,45.439945220947266,,,4
exp_hrl_v1,114,3,US_3,PUSH_VP,ADVANCE,,0.19800324738025665,45.439945220947266,,,4
exp_hrl_v1,114,3,US_4,PUSH_VP,ATTACK,DIRECT,0.25601300597190857,51.02067565917969,,,4
exp_hrl_v1,114,3,US_5,PUSH_VP,ATTACK,DIRECT,0.25601300597190857,51.02067565917969,,,2
exp_hrl_v1,114,3,US_6,PUSH_VP,ATTACK,DIRECT,0.25601300597190857,51.02067565917969,,,4
exp_hrl_v1,114,3,US_7,PUSH_VP,ATTACK,DIRECT,0.25601300597190857,51.02067565917969,,,2
exp_hrl_v1,114,4,US_1,PUSH_VP,ATTACK,DIRECT,0.25601300597190857,51.02067565917969,,,4
exp_hrl_v1,114,4,US_2,PUSH_VP,ATTACK,DIRECT,0.25601300597190857,51.02067565917969,,,4
exp_hrl_v1,114,4,US_3,PUSH_VP,ATTACK,DIRECT,0.25601300597190857,51.02067565917969,,,4
exp_hrl_v1,114,4,US_4,PUSH_VP,ATTACK,DIRECT,0.25601300597190857,51.02067565917969,,,4
exp_hrl_v1,114,4,US_5,PUSH_VP,ATTACK,DIRECT,0.25601300597190857,51.02067565917969,,,2
exp_hrl_v1,114,4,US_6,PUSH_VP,ATTACK,DIRECT,0.25601300597190857,51.02067565917969,,,4
exp_hrl_v1,115,1,US_1,PUSH_VP,FLANK,,0.1957722306251526,31.995033264160156,,,4
exp_hrl_v1,115,1,US_2,PUSH_VP,FLANK,,0.1957722306251526,31.995033264160156,,,4
exp_hrl_v1,115,1,US_3,PUSH_VP,FLANK,,0.1957722306251526,31.995033264160156,,,4
exp_hrl_v1,115,1,US_4,PUSH_VP,FLANK,,0.1957722306251526,31.995033264160156,,,4
exp_hrl_v1,115,1,US_5,PUSH_VP,FLANK,,0.1957722306251526,31.995033264160156,,,2
exp_hrl_v1,115,1,US_6,PUSH_VP,FLANK,,0.19572269916534424,38.0492057800293,,,4
exp_hrl_v1,115,1,US_7,PUSH_VP,FLANK,,0.19572269916534424,38.0492057800293,,,2
exp_hrl_v1,115,2,US_1,PUSH_VP,FLANK,,0.19572269916534424,38.0492057800293,,,4
exp_hrl_v1,115,2,US_2,PUSH_VP,FLANK,,0.19572269916534424,38.0492057800293,,,4
exp_hrl_v1,115,2,US_3,PUSH_VP,FLANK,,0.19572269916534424,38.0492057800293,,,4
exp_hrl_v1,115,2,US_4,PUSH_VP,ADVANCE,,0.20036914944648743,44.03032684326172,,,4
exp_hrl_v1,115,2,US_5,PUSH_VP,ADVANCE,,0.20036914944648743,44.03032684326172,,,2
exp_hrl_v1,115,2,US_6,PUSH_VP,ADVANCE,,0.20036914944648743,44.03032684326172,,,4
exp_hrl_v1,115,2,US_7,PUSH_VP,ADVANCE,,0.20036914944648743,44.03032684326172,,,2
exp_hrl_v1,115,3,US_1,PUSH_VP,ADVANCE,,0.20036914944648743,44.03032684326172,,,4
exp_hrl_v1,115,3,US_2,PUSH_VP,ADVANCE,,0.20036914944648743,44.03032684326172,,,4
exp_hrl_v1,115,3,US_3,PUSH_VP,ADVANCE,,0.2557337284088135,50.942718505859375,,,4
exp_hrl_v1,115,3,US_4,PUSH_VP,ADVANCE,,0.2557337284088135,50.942718505859375,,,4
exp_hrl_v1,115,3,US_5,PUSH_VP,ADVANCE,,0.2557337284088135,50.942718505859375,,,2
exp_hrl_v1,115,3,US_6,PUSH_VP,ADVANCE,,0.2557337284088135,50.942718505859375,,,4
exp_hrl_v1,115,3,US_7,PUSH_VP,ADVANCE,,0.2557337284088135,50.942718505859375,,,2
exp_hrl_v1,115,4,US_1,PUSH_VP,ADVANCE,,0.2557337284088135,50.942718505859375,,,4
exp_hrl_v1,115,4,US_2,PUSH_VP,ADVANCE,,0.16355957090854645,54.88075256347656,,,4
exp_hrl_v1,115,4,US_3,PUSH_VP,ADVANCE,,0.16355957090854645,54.88075256347656,,,4
exp_hrl_v1,115,4,US_4,PUSH_VP,ADVANCE,,0.16355957090854645,54.88075256347656,,,4
exp_hrl_v1,115,4,US_5,PUSH_VP,ADVANCE,,0.16355957090854645,54.88075256347656,,,2
exp_hrl_v1,115,4,US_6,PUSH_VP,ADVANCE,,0.16355957090854645,54.88075256347656,,,4
exp_hrl_v1,115,4,US_7,PUSH_VP,ADVANCE,,0.16355957090854645,54.88075256347656,,,2
exp_hrl_v1,115,5,US_1,PUSH_VP,ADVANCE,,0.13485518097877502,59.0903434753418,,,4
exp_hrl_v1,115,5,US_2,PUSH_VP,ADVANCE,,0.13485518097877502,59.0903434753418,,,4
exp_hrl_v1,115,5,US_3,PUSH_VP,ADVANCE,,0.13485518097877502,59.0903434753418,,,4
exp_hrl_v1,115,5,US_4,PUSH_VP,ADVANCE,,0.13485518097877502,59.0903434753418,,,4
exp_hrl_v1,115,5,US_5,PUSH_VP,ADVANCE,,0.13485518097877502,59.0903434753418,,,2
exp_hrl_v1,115,5,US_6,PUSH_VP,ADVANCE,,0.13485518097877502,59.0903434753418,,,4
exp_hrl_v1,115,5,US_7,HOLD_VP,ATTACK,DIRECT,0.37585899233818054,60.976417541503906,,,2
exp_hrl_v1,115,6,US_1,HOLD_VP,ATTACK,DIRECT,0.37585899233818054,60.976417541503906,,,4
exp_hrl_v1,115,6,US_2,HOLD_VP,ATTACK,DIRECT,0.37585899233818054,60.976417541503906,,,4
exp_hrl_v1,115,6,US_3,HOLD_VP,ATTACK,DIRECT,0.37585899233818054,60.976417541503906,,,4
exp_hrl_v1,115,6,US_4,HOLD_VP,ATTACK,DIRECT,0.37585899233818054,60.976417541503906,,,4
exp_hrl_v1,116,1,US_1,PUSH_VP,ADVANCE,,0.1899789720773697,31.995033264160156,,,4
exp_hrl_v1,116,1,US_2,PUSH_VP,ADVANCE,,0.1899789720773697,31.995033264160156,,,4
exp_hrl_v1,116,1,US_3,PUSH_VP,ADVANCE,,0.1899789720773697,31.995033264160156,,,4
exp_hrl_v1,116,1,US_4,PUSH_VP,ADVANCE,,0.1899789720773697,31.995033264160156,,,4
exp_hrl_v1,116,1,US_5,PUSH_VP,ADVANCE,,0.1899789720773697,31.995033264160156,,,2
exp_hrl_v1,116,1,US_6,PUSH_VP,ADVANCE,,0.1899789720773697,31.995033264160156,,,4
exp_hrl_v1,116,1,US_7,PUSH_VP,FLANK,,0.1966974139213562,38.966827392578125,,,2
exp_hrl_v1,116,2,US_1,PUSH_VP,FLANK,,0.1966974139213562,38.966827392578125,,,4
exp_hrl_v1,116,2,US_2,PUSH_VP,FLANK,,0.1966974139213562,38.966827392578125,,,4
exp_hrl_v1,116,2,US_3,PUSH_VP,FLANK,,0.1966974139213562,38.966827392578125,,,4
exp_hrl_v1,116,2,US_4,PUSH_VP,FLANK,,0.1966974139213562,38.966827392578125,,,4
exp_hrl_v1,116,2,US_5,PUSH_VP,ADVANCE,,0.19041407108306885,45.69208526611328,,,2
exp_hrl_v1,116,2,US_6,PUSH_VP,ADVANCE,,0.19041407108306885,45.69208526611328,,,4
exp_hrl_v1,116,2,US_7,PUSH_VP,ADVANCE,,0.19041407108306885,45.69208526611328,,,2
exp_hrl_v1,116,3,US_1,PUSH_VP,ADVANCE,,0.19041407108306885,45.69208526611328,,,4
exp_hrl_v1,116,3,US_2,PUSH_VP,ADVANCE,,0.19041407108306885,45.69208526611328,,,4
exp_hrl_v1,116,3,US_3,PUSH_VP,ADVANCE,,0.19041407108306885,45.69208526611328,,,4
exp_hrl_v1,116,3,US_4,PUSH_VP,ADVANCE,,0.1976102590560913,50.84752655029297,,,4
exp_hrl_v1,116,3,US_5,PUSH_VP,ADVANCE,,0.1976102590560913,50.84752655029297,,,2
exp_hrl_v1,116,3,US_6,PUSH_VP,ADVANCE,,0.1976102590560913,50.84752655029297,,,4
exp_hrl_v1,116,3,US_7,PUSH_VP,ADVANCE,,0.1976102590560913,50.84752655029297,,,2
exp_hrl_v1,116,4,US_1,PUSH_VP,ADVANCE,,0.1976102590560913,50.84752655029297,,,4
exp_hrl_v1,116,4,US_2,PUSH_VP,ADVANCE,,0.1976102590560913,50.84752655029297,,,4
exp_hrl_v1,116,4,US_3,PUSH_VP,ADVANCE,,0.2586578130722046,55.34172058105469,,,4
exp_hrl_v1,116,4,US_4,PUSH_VP,ADVANCE,,0.2586578130722046,55.34172058105469,,,4
exp_hrl_v1,116,4,US_5,PUSH_VP,ADVANCE,,0.2586578130722046,55.34172058105469,,,2
exp_hrl_v1,116,4,US_6,PUSH_VP,ADVANCE,,0.2586578130722046,55.34172058105469,,,4
exp_hrl_v1,116,4,US_7,PUSH_VP,ADVANCE,,0.2586578130722046,55.34172058105469,,,2
exp_hrl_v1,116,5,US_1,PUSH_VP,ADVANCE,,0.2586578130722046,55.34172058105469,,,4
exp_hrl_v1,116,5,US_2,PUSH_VP,ADVANCE,,0.19796794652938843,59.20802307128906,,,4
exp_hrl_v1,116,5,US_3,PUSH_VP,ADVANCE,,0.19796794652938843,59.20802307128906,,,4
exp_hrl_v1,116,5,US_4,PUSH_VP,ADVANCE,,0.19796794652938843,59.20802307128906,,,4
exp_hrl_v1,116,5,US_5,PUSH_VP,ADVANCE,,0.19796794652938843,59.20802307128906,,,2
exp_hrl_v1,116,5,US_6,PUSH_VP,ADVANCE,,0.19796794652938843,59.20802307128906,,,4
exp_hrl_v1,116,5,US_7,PUSH_VP,ADVANCE,,0.19796794652938843,59.20802307128906,,,2
exp_hrl_v1,116,6,US_1,HOLD_VP,ADVANCE,,0.17867331206798553,63.310359954833984,,,4
exp_hrl_v1,116,6,US_2,HOLD_VP,ADVANCE,,0.17867331206798553,63.310359954833984,,,4
exp_hrl_v1,116,6,US_3,HOLD_VP,ADVANCE,,0.17867331206798553,63.310359954833984,,,4
exp_hrl_v1,116,6,US_4,HOLD_VP,ADVANCE,,0.17867331206798553,63.310359954833984,,,4
exp_hrl_v1,116,6,US_5,HOLD_VP,ADVANCE,,0.17867331206798553,63.310359954833984,,,2
exp_hrl_v1,116,6,US_6,HOLD_VP,ADVANCE,,0.17867331206798553,63.310359954833984,,,4
exp_hrl_v1,116,6,US_7,HOLD_VP,ADVANCE,,0.1842452734708786,65.0668716430664,,,2
exp_hrl_v1,116,7,US_1,HOLD_VP,ADVANCE,,0.1842452734708786,65.0668716430664,,,4
exp_hrl_v1,116,7,US_2,HOLD_VP,ADVANCE,,0.1842452734708786,65.0668716430664,,,4
exp_hrl_v1,116,7,US_3,HOLD_VP,ADVANCE,,0.1842452734708786,65.0668716430664,,,4
exp_hrl_v1,116,7,US_4,HOLD_VP,ADVANCE,,0.1842452734708786,65.0668716430664,,,4
exp_hrl_v1,116,7,US_5,HOLD_VP,ADVANCE,,0.1842452734708786,65.0668716430664,,,2
exp_hrl_v1,116,7,US_6,HOLD_VP,ATTACK,DIRECT,0.3756133019924164,66.64080047607422,,,4
exp_hrl_v1,116,7,US_7,HOLD_VP,ATTACK,DIRECT,0.3756133019924164,66.64080047607422,,,2
exp_hrl_v1,116,8,US_1,HOLD_VP,ATTACK,DIRECT,0.3756133019924164,66.64080047607422,,,4
exp_hrl_v1,116,8,US_2,HOLD_VP,ATTACK,DIRECT,0.3756133019924164,66.64080047607422,,,4
exp_hrl_v1,116,8,US_3,HOLD_VP,ATTACK,DIRECT,0.3756133019924164,66.64080047607422,,,4
exp_hrl_v1,116,8,US_4,HOLD_VP,ATTACK,DIRECT,0.3756133019924164,66.64080047607422,,,4
exp_hrl_v1,116,8,US_5,HOLD_VP,ATTACK,DIRECT,0.3756133019924164,66.64080047607422,,,2
exp_hrl_v1,116,8,US_6,HOLD_VP,ATTACK,DIRECT,0.3756133019924164,66.64080047607422,,,4
exp_hrl_v1,116,8,US_7,HOLD_VP,ATTACK,DIRECT,0.3756133019924164,66.64080047607422,,,2
exp_hrl_v1,117,1,US_1,HOLD_VP,ADVANCE,,0.1899789720773697,31.995033264160156,,,4
exp_hrl_v1,117,1,US_2,HOLD_VP,ADVANCE,,0.1899789720773697,31.995033264160156,,,4
exp_hrl_v1,117,1,US_3,HOLD_VP,ADVANCE,,0.1899789720773697,31.995033264160156,,,4
exp_hrl_v1,117,1,US_4,HOLD_VP,ADVANCE,,0.1899789720773697,31.995033264160156,,,4
exp_hrl_v1,117,1,US_5,HOLD_VP,ADVANCE,,0.1899789720773697,31.995033264160156,,,2
exp_hrl_v1,117,1,US_6,HOLD_VP,ADVANCE,,0.1899789720773697,31.995033264160156,,,4
exp_hrl_v1,117,1,US_7,HOLD_VP,ADVANCE,,0.19832457602024078,38.966827392578125,,,2
exp_hrl_v1,117,2,US_1,HOLD_VP,ADVANCE,,0.19832457602024078,38.966827392578125,,,4
exp_hrl_v1,117,2,US_2,HOLD_VP,ADVANCE,,0.19832457602024078,38.966827392578125,,,4
exp_hrl_v1,117,2,US_3,HOLD_VP,ADVANCE,,0.19832457602024078,38.966827392578125,,,4
exp_hrl_v1,117,2,US_4,HOLD_VP,ADVANCE,,0.19832457602024078,38.966827392578125,,,4
exp_hrl_v1,117,2,US_5,HOLD_VP,ADVANCE,,0.19832457602024078,38.966827392578125,,,2
exp_hrl_v1,117,2,US_6,HOLD_VP,FLANK,,0.1971135288476944,43.13095474243164,,,4
exp_hrl_v1,117,2,US_7,HOLD_VP,FLANK,,0.1971135288476944,43.13095474243164,,,2
exp_hrl_v1,117,3,US_1,HOLD_VP,FLANK,,0.1971135288476944,43.13095474243164,,,4
exp_hrl_v1,117,3,US_2,HOLD_VP,FLANK,,0.1971135288476944,43.13095474243164,,,4
exp_hrl_v1,117,3,US_3,HOLD_VP,FLANK,,0.1971135288476944,43.13095474243164,,,4
exp_hrl_v1,117,3,US_4,HOLD_VP,ATTACK,DIRECT,0.2564496099948883,50.39462661743164,,,4
exp_hrl_v1,117,3,US_5,HOLD_VP,ATTACK,DIRECT,0.2564496099948883,50.39462661743164,,,2
exp_hrl_v1,117,3,US_6,HOLD_VP,ATTACK,DIRECT,0.2564496099948883,50.39462661743164,,,4
exp_hrl_v1,117,3,US_7,HOLD_VP,ATTACK,DIRECT,0.2564496099948883,50.39462661743164,,,2
exp_hrl_v1,117,4,US_1,HOLD_VP,ATTACK,DIRECT,0.2564496099948883,50.39462661743164,,,4
exp_hrl_v1,117,4,US_2,HOLD_VP,ATTACK,DIRECT,0.2564496099948883,50.39462661743164,,,4
exp_hrl_v1,117,4,US_3,HOLD_VP,ATTACK,DIRECT,0.2564496099948883,50.39462661743164,,,4
exp_hrl_v1,117,4,US_4,HOLD_VP,ATTACK,DIRECT,0.2564496099948883,50.39462661743164,,,4
exp_hrl_v1,117,4,US_5,HOLD_VP,ATTACK,DIRECT,0.2564496099948883,50.39462661743164,,,2
exp_hrl_v1,117,4,US_6,HOLD_VP,ATTACK,DIRECT,0.2564496099948883,50.39462661743164,,,4
exp_hrl_v1,117,4,US_7,HOLD_VP,FLANK,,0.17027238011360168,54.380882263183594,,,2
exp_hrl_v1,117,5,US_1,HOLD_VP,FLANK,,0.17027238011360168,54.380882263183594,,,4
exp_hrl_v1,117,5,US_2,HOLD_VP,FLANK,,0.17027238011360168,54.380882263183594,,,4
exp_hrl_v1,117,5,US_3,HOLD_VP,FLANK,,0.17027238011360168,54.380882263183594,,,4
exp_hrl_v1,117,5,US_4,HOLD_VP,FLANK,,0.17027238011360168,54.380882263183594,,,4
exp_hrl_v1,117,5,US_5,HOLD_VP,FLANK,,0.16653625667095184,55.84904479980469,,,2
exp_hrl_v1,117,5,US_6,HOLD_VP,FLANK,,0.16653625667095184,55.84904479980469,,,4
exp_hrl_v1,117,5,US_7,HOLD_VP,FLANK,,0.16653625667095184,55.84904479980469,,,2
exp_hrl_v1,117,6,US_1,HOLD_VP,FLANK,,0.16653625667095184,55.84904479980469,,,4
exp_hrl_v1,117,6,US_2,HOLD_VP,FLANK,,0.16653625667095184,55.84904479980469,,,4
exp_hrl_v1,117,6,US_3,ATTACK,ATTACK,INDIRECT,0.2907959520816803,55.87495422363281,,,4
exp_hrl_v1,117,6,US_4,ATTACK,ATTACK,INDIRECT,0.2907959520816803,55.87495422363281,,,4
exp_hrl_v1,117,6,US_5,ATTACK,ATTACK,INDIRECT,0.2907959520816803,55.87495422363281,,,2
exp_hrl_v1,117,6,US_6,ATTACK,ATTACK,INDIRECT,0.2907959520816803,55.87495422363281,,,4
exp_hrl_v1,118,1,US_1,PUSH_VP,ADVANCE,,0.19773367047309875,31.995033264160156,,,4
exp_hrl_v1,118,1,US_2,PUSH_VP,ADVANCE,,0.19773367047309875,31.995033264160156,,,4
exp_hrl_v1,118,1,US_3,PUSH_VP,ADVANCE,,0.19773367047309875,31.995033264160156,,,4
exp_hrl_v1,118,1,US_4,PUSH_VP,ADVANCE,,0.19773367047309875,31.995033264160156,,,4
exp_hrl_v1,118,1,US_5,PUSH_VP,ADVANCE,,0.19773367047309875,31.995033264160156,,,2
exp_hrl_v1,118,1,US_6,PUSH_VP,ADVANCE,,0.19773367047309875,31.995033264160156,,,4
exp_hrl_v1,118,1,US_7,PUSH_VP,ADVANCE,,0.19609956443309784,38.966827392578125,,,2
exp_hrl_v1,118,2,US_1,PUSH_VP,ADVANCE,,0.19609956443309784,38.966827392578125,,,4
exp_hrl_v1,118,2,US_2,PUSH_VP,ADVANCE,,0.19609956443309784,38.966827392578125,,,4
exp_hrl_v1,118,2,US_3,PUSH_VP,ADVANCE,,0.19609956443309784,38.966827392578125,,,4
exp_hrl_v1,118,2,US_4,PUSH_VP,ADVANCE,,0.19609956443309784,38.966827392578125,,,4
exp_hrl_v1,118,2,US_5,PUSH_VP,ADVANCE,,0.19609956443309784,38.966827392578125,,,2
exp_hrl_v1,118,2,US_6,PUSH_VP,ADVANCE,,0.1930677741765976,43.13095474243164,,,4
exp_hrl_v1,118,2,US_7,PUSH_VP,ADVANCE,,0.1930677741765976,43.13095474243164,,,2
exp_hrl_v1,118,3,US_1,PUSH_VP,ADVANCE,,0.1930677741765976,43.13095474243164,,,4
exp_hrl_v1,118,3,US_2,PUSH_VP,ADVANCE,,0.1930677741765976,43.13095474243164,,,4
exp_hrl_v1,118,3,US_3,PUSH_VP,ADVANCE,,0.1930677741765976,43.13095474243164,,,4
exp_hrl_v1,118,3,US_4,PUSH_VP,ADVANCE,,0.1930677741765976,43.13095474243164,,,4
exp_hrl_v1,118,3,US_5,PUSH_VP,ATTACK,DIRECT,0.2650388479232788,51.56973648071289,,,2
exp_hrl_v1,118,3,US_6,PUSH_VP,ATTACK,DIRECT,0.2650388479232788,51.56973648071289,,,4
exp_hrl_v1,118,3,US_7,PUSH_VP,ATTACK,DIRECT,0.2650388479232788,51.56973648071289,,,2
exp_hrl_v1,118,4,US_1,PUSH_VP,ATTACK,DIRECT,0.2650388479232788,51.56973648071289,,,4
exp_hrl_v1,118,4,US_2,PUSH_VP,ATTACK,DIRECT,0.2650388479232788,51.56973648071289,,,4
exp_hrl_v1,118,4,US_3,PUSH_VP,ATTACK,DIRECT,0.2650388479232788,51.56973648071289,,,4
exp_hrl_v1,118,4,US_4,PUSH_VP,ATTACK,DIRECT,0.2650388479232788,51.56973648071289,,,4
exp_hrl_v1,118,4,US_5,PUSH_VP,ATTACK,DIRECT,0.2650388479232788,51.56973648071289,,,2
exp_hrl_v1,118,4,US_6,PUSH_VP,ATTACK,DIRECT,0.2650388479232788,51.56973648071289,,,4
exp_hrl_v1,118,4,US_7,PUSH_VP,ATTACK,DIRECT,0.2650388479232788,51.56973648071289,,,2
exp_hrl_v1,118,5,US_1,PUSH_VP,ADVANCE,,0.16071729362010956,52.343841552734375,,,4
exp_hrl_v1,118,5,US_2,PUSH_VP,ADVANCE,,0.16071729362010956,52.343841552734375,,,4
exp_hrl_v1,118,5,US_3,PUSH_VP,ADVANCE,,0.16071729362010956,52.343841552734375,,,4
exp_hrl_v1,118,5,US_4,PUSH_VP,ADVANCE,,0.16071729362010956,52.343841552734375,,,4
exp_hrl_v1,118,5,US_5,PUSH_VP,ADVANCE,,0.16071729362010956,52.343841552734375,,,2
exp_hrl_v1,118,5,US_6,PUSH_VP,ADVANCE,,0.16071729362010956,52.343841552734375,,,4
exp_hrl_v1,118,5,US_7,PUSH_VP,FLANK,,0.17397478222846985,53.27164077758789,,,2
exp_hrl_v1,118,6,US_1,PUSH_VP,FLANK,,0.17397478222846985,53.27164077758789,,,4
exp_hrl_v1,118,6,US_2,PUSH_VP,FLANK,,0.17397478222846985,53.27164077758789,,,4
exp_hrl_v1,118,6,US_3,PUSH_VP,FLANK,,0.17397478222846985,53.27164077758789,,,4
exp_hrl_v1,118,6,US_4,PUSH_VP,FLANK,,0.17397478222846985,53.27164077758789,,,4
exp_hrl_v1,118,6,US_5,HOLD_VP,ATTACK,INDIRECT,0.19530650973320007,51.279930114746094,,,2
exp_hrl_v1,118,6,US_6,HOLD_VP,ATTACK,INDIRECT,0.19530650973320007,51.279930114746094,,,4
exp_hrl_v1,119,1,US_1,HOLD_VP,HOLD,,0.1955854892730713,31.995033264160156,,,4
exp_hrl_v1,119,1,US_2,HOLD_VP,ADVANCE,,0.1967502236366272,39.74595642089844,,,4
exp_hrl_v1,119,1,US_3,HOLD_VP,ADVANCE,,0.1967502236366272,39.74595642089844,,,4
exp_hrl_v1,119,1,US_4,HOLD_VP,ADVANCE,,0.1967502236366272,39.74595642089844,,,4
exp_hrl_v1,119,1,US_5,HOLD_VP,ADVANCE,,0.1967502236366272,39.74595642089844,,,2
exp_hrl_v1,119,1,US_6,HOLD_VP,ADVANCE,,0.1967502236366272,39.74595642089844,,,4
exp_hrl_v1,119,1,US_7,HOLD_VP,ADVANCE,,0.1967502236366272,39.74595642089844,,,2
exp_hrl_v1,119,2,US_1,HOLD_VP,ADVANCE,,0.1921928972005844,40.59425354003906,,,4
exp_hrl_v1,119,2,US_2,HOLD_VP,ADVANCE,,0.1921928972005844,40.59425354003906,,,4
exp_hrl_v1,119,2,US_3,HOLD_VP,ADVANCE,,0.1921928972005844,40.59425354003906,,,4
exp_hrl_v1,119,2,US_4,HOLD_VP,ADVANCE,,0.1921928972005844,40.59425354003906,,,4
exp_hrl_v1,119,2,US_5,HOLD_VP,ADVANCE,,0.1921928972005844,40.59425354003906,,,2
exp_hrl_v1,119,2,US_6,HOLD_VP,ADVANCE,,0.1921928972005844,40.59425354003906,,,4
exp_hrl_v1,119,2,US_7,HOLD_VP,ADVANCE,,0.19066274166107178,46.79468536376953,,,2
exp_hrl_v1,119,3,US_1,HOLD_VP,ADVANCE,,0.19066274166107178,46.79468536376953,,,4
exp_hrl_v1,119,3,US_2,HOLD_VP,ADVANCE,,0.19066274166107178,46.79468536376953,,,4
exp_hrl_v1,119,3,US_3,HOLD_VP,ADVANCE,,0.19066274166107178,46.79468536376953,,,4
exp_hrl_v1,119,3,US_4,HOLD_VP,ADVANCE,,0.19066274166107178,46.79468536376953,,,4
exp_hrl_v1,119,3,US_5,HOLD_VP,ADVANCE,,0.19066274166107178,46.79468536376953,,,2
exp_hrl_v1,119,3,US_6,HOLD_VP,FLANK,,0.1879320591688156,50.883872985839844,,,4
exp_hrl_v1,119,3,US_7,HOLD_VP,FLANK,,0.1879320591688156,50.883872985839844,,,2
exp_hrl_v1,119,4,US_1,HOLD_VP,FLANK,,0.1879320591688156,50.883872985839844,,,4
exp_hrl_v1,119,4,US_2,HOLD_VP,FLANK,,0.1879320591688156,50.883872985839844,,,4
exp_hrl_v1,119,4,US_3,HOLD_VP,FLANK,,0.1879320591688156,50.883872985839844,,,4
exp_hrl_v1,119,4,US_4,HOLD_VP,FLANK,,0.2938418388366699,56.194000244140625,,,4
exp_hrl_v1,119,4,US_5,HOLD_VP,FLANK,,0.2938418388366699,56.194000244140625,,,2
exp_hrl_v1,119,4,US_6,HOLD_VP,FLANK,,0.2938418388366699,56.194000244140625,,,4
exp_hrl_v1,119,4,US_7,HOLD_VP,FLANK,,0.2938418388366699,56.194000244140625,,,2
exp_hrl_v1,119,5,US_1,HOLD_VP,FLANK,,0.2938418388366699,56.194000244140625,,,4
exp_hrl_v1,119,5,US_2,HOLD_VP,ATTACK,INDIRECT,0.3560216426849365,59.90289306640625,,,4
exp_hrl_v1,119,5,US_3,HOLD_VP,ATTACK,INDIRECT,0.3560216426849365,59.90289306640625,,,4
exp_hrl_v1,119,5,US_4,HOLD_VP,ATTACK,INDIRECT,0.3560216426849365,59.90289306640625,,,4
exp_hrl_v1,119,5,US_5,HOLD_VP,ATTACK,INDIRECT,0.3560216426849365,59.90289306640625,,,2
exp_hrl_v1,119,5,US_6,HOLD_VP,ATTACK,INDIRECT,0.3560216426849365,59.90289306640625,,,4
exp_hrl_v1,119,5,US_7,HOLD_VP,ATTACK,INDIRECT,0.3560216426849365,59.90289306640625,,,2
exp_hrl_v1,119,6,US_1,HOLD_VP,ATTACK,INDIRECT,0.3560216426849365,59.90289306640625,,,4
exp_hrl_v1,119,6,US_2,HOLD_VP,ATTACK,INDIRECT,0.3560216426849365,59.90289306640625,,,4
exp_hrl_v1,119,6,US_3,HOLD_VP,ATTACK,INDIRECT,0.3560216426849365,59.90289306640625,,,4
exp_hrl_v1,120,1,US_1,PUSH_VP,FLANK,,0.1957722306251526,31.995033264160156,,,4
exp_hrl_v1,120,1,US_2,PUSH_VP,FLANK,,0.1957722306251526,31.995033264160156,,,4
exp_hrl_v1,120,1,US_3,PUSH_VP,FLANK,,0.1957722306251526,31.995033264160156,,,4
exp_hrl_v1,120,1,US_4,PUSH_VP,FLANK,,0.1957722306251526,31.995033264160156,,,4
exp_hrl_v1,120,1,US_5,PUSH_VP,FLANK,,0.1957722306251526,31.995033264160156,,,2
exp_hrl_v1,120,1,US_6,PUSH_VP,ADVANCE,,0.21194958686828613,38.0492057800293,,,4
exp_hrl_v1,120,1,US_7,PUSH_VP,ADVANCE,,0.21194958686828613,38.0492057800293,,,2
exp_hrl_v1,120,2,US_1,PUSH_VP,ADVANCE,,0.21194958686828613,38.0492057800293,,,4
exp_hrl_v1,120,2,US_2,PUSH_VP,ADVANCE,,0.21194958686828613,38.0492057800293,,,4
exp_hrl_v1,120,2,US_3,PUSH_VP,ADVANCE,,0.21194958686828613,38.0492057800293,,,4
exp_hrl_v1,120,2,US_4,PUSH_VP,ADVANCE,,0.21194958686828613,38.0492057800293,,,4
exp_hrl_v1,120,2,US_5,PUSH_VP,ADVANCE,,0.22744208574295044,45.439945220947266,,,2
exp_hrl_v1,120,2,US_6,PUSH_VP,ADVANCE,,0.22744208574295044,45.439945220947266,,,4
exp_hrl_v1,120,2,US_7,PUSH_VP,ADVANCE,,0.22744208574295044,45.439945220947266,,,2
exp_hrl_v1,120,3,US_1,PUSH_VP,ADVANCE,,0.22744208574295044,45.439945220947266,,,4
exp_hrl_v1,120,3,US_2,PUSH_VP,ADVANCE,,0.22744208574295044,45.439945220947266,,,4
exp_hrl_v1,120,3,US_3,PUSH_VP,ADVANCE,,0.22744208574295044,45.439945220947266,,,4
exp_hrl_v1,120,3,US_4,PUSH_VP,ADVANCE,,0.1822824478149414,51.02067565917969,,,4
exp_hrl_v1,120,3,US_5,PUSH_VP,ADVANCE,,0.1822824478149414,51.02067565917969,,,2
exp_hrl_v1,120,3,US_6,PUSH_VP,ADVANCE,,0.1822824478149414,51.02067565917969,,,4
exp_hrl_v1,120,3,US_7,PUSH_VP,ADVANCE,,0.1822824478149414,51.02067565917969,,,2
exp_hrl_v1,120,4,US_1,PUSH_VP,ADVANCE,,0.1822824478149414,51.02067565917969,,,4
exp_hrl_v1,120,4,US_2,PUSH_VP,ADVANCE,,0.1822824478149414,51.02067565917969,,,4
exp_hrl_v1,120,4,US_3,PUSH_VP,ADVANCE,,0.2572968900203705,55.434879302978516,,,4
exp_hrl_v1,120,4,US_4,PUSH_VP,ADVANCE,,0.2572968900203705,55.434879302978516,,,4
exp_hrl_v1,120,4,US_5,PUSH_VP,ADVANCE,,0.2572968900203705,55.434879302978516,,,2
exp_hrl_v1,120,4,US_6,PUSH_VP,ADVANCE,,0.2572968900203705,55.434879302978516,,,4
exp_hrl_v1,120,4,US_7,PUSH_VP,ADVANCE,,0.2572968900203705,55.434879302978516,,,2
exp_hrl_v1,120,5,US_1,PUSH_VP,ADVANCE,,0.2572968900203705,55.434879302978516,,,4
exp_hrl_v1,120,5,US_2,PUSH_VP,ADVANCE,,0.1783926784992218,59.2537841796875,,,4
exp_hrl_v1,120,5,US_3,PUSH_VP,ADVANCE,,0.1783926784992218,59.2537841796875,,,4
exp_hrl_v1,120,5,US_4,PUSH_VP,ADVANCE,,0.1783926784992218,59.2537841796875,,,4
exp_hrl_v1,120,5,US_5,PUSH_VP,ADVANCE,,0.1783926784992218,59.2537841796875,,,2
exp_hrl_v1,120,5,US_6,PUSH_VP,ADVANCE,,0.1783926784992218,59.2537841796875,,,4
exp_hrl_v1,120,5,US_7,PUSH_VP,ADVANCE,,0.1783926784992218,59.2537841796875,,,2
exp_hrl_v1,120,6,US_1,HOLD_VP,ATTACK,DIRECT,0.41576534509658813,63.322509765625,,,4
exp_hrl_v1,120,6,US_2,HOLD_VP,ATTACK,DIRECT,0.41576534509658813,63.322509765625,,,4
exp_hrl_v1,120,6,US_3,HOLD_VP,ATTACK,DIRECT,0.41576534509658813,63.322509765625,,,4
exp_hrl_v1,120,6,US_4,HOLD_VP,ATTACK,DIRECT,0.41576534509658813,63.322509765625,,,4
exp_hrl_v1,120,6,US_5,HOLD_VP,ATTACK,DIRECT,0.41576534509658813,63.322509765625,,,2
exp_hrl_v1,120,6,US_6,HOLD_VP,ATTACK,DIRECT,0.41576534509658813,63.322509765625,,,4
exp_hrl_v1,120,6,US_7,HOLD_VP,ATTACK,DIRECT,0.41576534509658813,63.322509765625,,,2
exp_hrl_v1,120,7,US_1,HOLD_VP,ATTACK,DIRECT,0.41576534509658813,63.322509765625,,,4
exp_hrl_v1,121,1,US_1,PUSH_VP,ADVANCE,,0.19773367047309875,31.995033264160156,,,4
exp_hrl_v1,121,1,US_2,PUSH_VP,ADVANCE,,0.19773367047309875,31.995033264160156,,,4
exp_hrl_v1,121,1,US_3,PUSH_VP,ADVANCE,,0.19773367047309875,31.995033264160156,,,4
exp_hrl_v1,121,1,US_4,PUSH_VP,ADVANCE,,0.19773367047309875,31.995033264160156,,,4
exp_hrl_v1,121,1,US_5,PUSH_VP,ADVANCE,,0.19773367047309875,31.995033264160156,,,2
exp_hrl_v1,121,1,US_6,PUSH_VP,ADVANCE,,0.19773367047309875,31.995033264160156,,,4
exp_hrl_v1,121,1,US_7,PUSH_VP,ADVANCE,,0.21747517585754395,38.966827392578125,,,2
exp_hrl_v1,121,2,US_1,PUSH_VP,ADVANCE,,0.21747517585754395,38.966827392578125,,,4
exp_hrl_v1,121,2,US_2,PUSH_VP,ADVANCE,,0.21747517585754395,38.966827392578125,,,4
exp_hrl_v1,121,2,US_3,PUSH_VP,ADVANCE,,0.21747517585754395,38.966827392578125,,,4
exp_hrl_v1,121,2,US_4,PUSH_VP,ADVANCE,,0.21747517585754395,38.966827392578125,,,4
exp_hrl_v1,121,2,US_5,PUSH_VP,ADVANCE,,0.21747517585754395,38.966827392578125,,,2
exp_hrl_v1,121,2,US_6,PUSH_VP,ATTACK,INDIRECT,0.21960562467575073,43.13095474243164,,,4
exp_hrl_v1,121,2,US_7,PUSH_VP,ATTACK,INDIRECT,0.21960562467575073,43.13095474243164,,,2
exp_hrl_v1,121,3,US_1,PUSH_VP,ATTACK,INDIRECT,0.21960562467575073,43.13095474243164,,,4
exp_hrl_v1,121,3,US_2,PUSH_VP,ATTACK,INDIRECT,0.21960562467575073,43.13095474243164,,,4
exp_hrl_v1,121,3,US_3,PUSH_VP,ATTACK,INDIRECT,0.21960562467575073,43.13095474243164,,,4
exp_hrl_v1,121,3,US_4,PUSH_VP,ATTACK,INDIRECT,0.21960562467575073,43.13095474243164,,,4
exp_hrl_v1,121,3,US_5,PUSH_VP,ATTACK,INDIRECT,0.21960562467575073,43.13095474243164,,,2
exp_hrl_v1,121,3,US_6,PUSH_VP,ATTACK,INDIRECT,0.21960562467575073,43.13095474243164,,,4
exp_hrl_v1,121,3,US_7,PUSH_VP,ATTACK,INDIRECT,0.21960562467575073,43.13095474243164,,,2
exp_hrl_v1,121,4,US_1,PUSH_VP,ATTACK,INDIRECT,0.21960562467575073,43.13095474243164,,,4
exp_hrl_v1,121,4,US_2,PUSH_VP,ADVANCE,,0.2103850394487381,51.00627136230469,,,4
exp_hrl_v1,121,4,US_3,PUSH_VP,ADVANCE,,0.2103850394487381,51.00627136230469,,,4
exp_hrl_v1,121,4,US_4,PUSH_VP,ADVANCE,,0.2103850394487381,51.00627136230469,,,4
exp_hrl_v1,121,4,US_5,PUSH_VP,ADVANCE,,0.2103850394487381,51.00627136230469,,,2
exp_hrl_v1,121,4,US_6,PUSH_VP,ADVANCE,,0.2103850394487381,51.00627136230469,,,4
exp_hrl_v1,121,4,US_7,PUSH_VP,ADVANCE,,0.2103850394487381,51.00627136230469,,,2
exp_hrl_v1,121,5,US_1,PUSH_VP,ADVANCE,,0.15149720013141632,51.265438079833984,,,4
exp_hrl_v1,121,5,US_2,PUSH_VP,ADVANCE,,0.15149720013141632,51.265438079833984,,,4
exp_hrl_v1,121,5,US_3,PUSH_VP,ADVANCE,,0.15149720013141632,51.265438079833984,,,4
exp_hrl_v1,121,5,US_4,PUSH_VP,ADVANCE,,0.15149720013141632,51.265438079833984,,,4
exp_hrl_v1,121,5,US_5,PUSH_VP,ADVANCE,,0.15149720013141632,51.265438079833984,,,2
exp_hrl_v1,121,5,US_6,PUSH_VP,ADVANCE,,0.15149720013141632,51.265438079833984,,,4
exp_hrl_v1,121,5,US_7,PUSH_VP,FLANK,,0.1731446236371994,51.670310974121094,,,2
exp_hrl_v1,121,6,US_1,PUSH_VP,FLANK,,0.1731446236371994,51.670310974121094,,,4
exp_hrl_v1,121,6,US_2,PUSH_VP,FLANK,,0.1731446236371994,51.670310974121094,,,4
exp_hrl_v1,121,6,US_3,PUSH_VP,FLANK,,0.1731446236371994,51.670310974121094,,,4
exp_hrl_v1,121,6,US_4,PUSH_VP,FLANK,,0.1731446236371994,51.670310974121094,,,4
exp_hrl_v1,121,6,US_5,HOLD_VP,RETREAT,,0.1504807025194168,49.98920440673828,,,2
exp_hrl_v1,121,6,US_6,HOLD_VP,RETREAT,,0.1504807025194168,49.98920440673828,,,4
exp_hrl_v1,121,6,US_7,HOLD_VP,ADVANCE,,0.1736505925655365,49.22856903076172,,,2
exp_hrl_v1,121,7,US_1,HOLD_VP,ADVANCE,,0.1736505925655365,49.22856903076172,,,4
exp_hrl_v1,121,7,US_2,HOLD_VP,ADVANCE,,0.1736505925655365,49.22856903076172,,,4
exp_hrl_v1,121,7,US_3,HOLD_VP,ADVANCE,,0.1736505925655365,49.22856903076172,,,4
exp_hrl_v1,121,7,US_4,HOLD_VP,ADVANCE,,0.1736505925655365,49.22856903076172,,,4
exp_hrl_v1,121,7,US_5,HOLD_VP,ADVANCE,,0.1736505925655365,49.22856903076172,,,2
exp_hrl_v1,121,7,US_6,HOLD_VP,ATTACK,INDIRECT,0.1525416225194931,46.35639953613281,,,4
exp_hrl_v1,122,1,US_1,PUSH_VP,ADVANCE,,0.19773367047309875,31.995033264160156,,,4
exp_hrl_v1,122,1,US_2,PUSH_VP,ADVANCE,,0.19773367047309875,31.995033264160156,,,4
exp_hrl_v1,122,1,US_3,PUSH_VP,ADVANCE,,0.19773367047309875,31.995033264160156,,,4
exp_hrl_v1,122,1,US_4,PUSH_VP,ADVANCE,,0.19773367047309875,31.995033264160156,,,4
exp_hrl_v1,122,1,US_5,PUSH_VP,ADVANCE,,0.19773367047309875,31.995033264160156,,,2
exp_hrl_v1,122,1,US_6,PUSH_VP,ADVANCE,,0.19773367047309875,31.995033264160156,,,4
exp_hrl_v1,122,1,US_7,PUSH_VP,ADVANCE,,0.21747517585754395,38.966827392578125,,,2
exp_hrl_v1,122,2,US_1,PUSH_VP,ADVANCE,,0.21747517585754395,38.966827392578125,,,4
exp_hrl_v1,122,2,US_2,PUSH_VP,ADVANCE,,0.21747517585754395,38.966827392578125,,,4
exp_hrl_v1,122,2,US_3,PUSH_VP,ADVANCE,,0.21747517585754395,38.966827392578125,,,4
exp_hrl_v1,122,2,US_4,PUSH_VP,ADVANCE,,0.21747517585754395,38.966827392578125,,,4
exp_hrl_v1,122,2,US_5,PUSH_VP,ADVANCE,,0.21747517585754395,38.966827392578125,,,2
exp_hrl_v1,122,2,US_6,PUSH_VP,ADVANCE,,0.21960562467575073,43.13095474243164,,,4
exp_hrl_v1,122,2,US_7,PUSH_VP,ADVANCE,,0.21960562467575073,43.13095474243164,,,2
exp_hrl_v1,122,3,US_1,PUSH_VP,ADVANCE,,0.21960562467575073,43.13095474243164,,,4
exp_hrl_v1,122,3,US_2,PUSH_VP,ADVANCE,,0.21960562467575073,43.13095474243164,,,4
exp_hrl_v1,122,3,US_3,PUSH_VP,ADVANCE,,0.21960562467575073,43.13095474243164,,,4
exp_hrl_v1,122,3,US_4,PUSH_VP,ADVANCE,,0.21960562467575073,43.13095474243164,,,4
exp_hrl_v1,122,3,US_5,PUSH_VP,ADVANCE,,0.2650388479232788,51.56973648071289,,,2
exp_hrl_v1,122,3,US_6,PUSH_VP,ADVANCE,,0.2650388479232788,51.56973648071289,,,4
exp_hrl_v1,122,3,US_7,PUSH_VP,ADVANCE,,0.2650388479232788,51.56973648071289,,,2
exp_hrl_v1,122,4,US_1,PUSH_VP,ADVANCE,,0.2650388479232788,51.56973648071289,,,4
exp_hrl_v1,122,4,US_2,PUSH_VP,ADVANCE,,0.2650388479232788,51.56973648071289,,,4
exp_hrl_v1,122,4,US_3,PUSH_VP,ADVANCE,,0.2650388479232788,51.56973648071289,,,4
exp_hrl_v1,122,4,US_4,PUSH_VP,ADVANCE,,0.27733948826789856,56.64994812011719,,,4
exp_hrl_v1,122,4,US_5,PUSH_VP,ADVANCE,,0.27733948826789856,56.64994812011719,,,2
exp_hrl_v1,122,4,US_6,PUSH_VP,ADVANCE,,0.27733948826789856,56.64994812011719,,,4
exp_hrl_v1,122,4,US_7,PUSH_VP,ADVANCE,,0.27733948826789856,56.64994812011719,,,2
exp_hrl_v1,122,5,US_1,PUSH_VP,ADVANCE,,0.27733948826789856,56.64994812011719,,,4
exp_hrl_v1,122,5,US_2,PUSH_VP,ADVANCE,,0.27733948826789856,56.64994812011719,,,4
exp_hrl_v1,122,5,US_3,PUSH_VP,ADVANCE,,0.1741279512643814,59.8690185546875,,,4
exp_hrl_v1,122,5,US_4,PUSH_VP,ADVANCE,,0.1741279512643814,59.8690185546875,,,4
exp_hrl_v1,122,5,US_5,PUSH_VP,ADVANCE,,0.1741279512643814,59.8690185546875,,,2
exp_hrl_v1,122,5,US_6,PUSH_VP,ADVANCE,,0.1741279512643814,59.8690185546875,,,4
exp_hrl_v1,122,5,US_7,PUSH_VP,ADVANCE,,0.1741279512643814,59.8690185546875,,,2
exp_hrl_v1,122,6,US_1,PUSH_VP,ADVANCE,,0.1741279512643814,59.8690185546875,,,4
exp_hrl_v1,122,6,US_2,HOLD_VP,ATTACK,DIRECT,0.14809121191501617,63.512123107910156,,,4
exp_hrl_v1,122,6,US_3,HOLD_VP,ATTACK,DIRECT,0.14809121191501617,63.512123107910156,,,4
exp_hrl_v1,122,6,US_4,HOLD_VP,ATTACK,DIRECT,0.14809121191501617,63.512123107910156,,,4
exp_hrl_v1,122,6,US_5,HOLD_VP,ATTACK,DIRECT,0.14809121191501617,63.512123107910156,,,2
exp_hrl_v1,122,6,US_6,HOLD_VP,ATTACK,DIRECT,0.14809121191501617,63.512123107910156,,,4
exp_hrl_v1,122,6,US_7,HOLD_VP,ATTACK,DIRECT,0.14809121191501617,63.512123107910156,,,2
exp_hrl_v1,122,7,US_1,HOLD_VP,ATTACK,DIRECT,0.14809121191501617,63.512123107910156,,,4
exp_hrl_v1,122,7,US_2,HOLD_VP,ATTACK,DIRECT,0.14809121191501617,63.512123107910156,,,4
exp_hrl_v1,123,1,US_1,ATTACK,ADVANCE,,0.1955854892730713,31.995033264160156,,,4
exp_hrl_v1,123,1,US_2,ATTACK,ADVANCE,,0.1955854892730713,31.995033264160156,,,4
exp_hrl_v1,123,1,US_3,ATTACK,ADVANCE,,0.1955854892730713,31.995033264160156,,,4
exp_hrl_v1,123,1,US_4,ATTACK,ADVANCE,,0.1955854892730713,31.995033264160156,,,4
exp_hrl_v1,123,1,US_5,ATTACK,ADVANCE,,0.1955854892730713,31.995033264160156,,,2
exp_hrl_v1,123,1,US_6,ATTACK,ADVANCE,,0.1955854892730713,31.995033264160156,,,4
exp_hrl_v1,123,1,US_7,ATTACK,ADVANCE,,0.1966974139213562,38.966827392578125,,,2
exp_hrl_v1,123,2,US_1,ATTACK,ADVANCE,,0.1966974139213562,38.966827392578125,,,4
exp_hrl_v1,123,2,US_2,ATTACK,ADVANCE,,0.1966974139213562,38.966827392578125,,,4
exp_hrl_v1,123,2,US_3,ATTACK,ADVANCE,,0.1966974139213562,38.966827392578125,,,4
exp_hrl_v1,123,2,US_4,ATTACK,ADVANCE,,0.1966974139213562,38.966827392578125,,,4
exp_hrl_v1,123,2,US_5,ATTACK,ADVANCE,,0.1966974139213562,38.966827392578125,,,2
exp_hrl_v1,123,2,US_6,ATTACK,ADVANCE,,0.21960562467575073,43.13095474243164,,,4
exp_hrl_v1,123,2,US_7,ATTACK,ADVANCE,,0.21960562467575073,43.13095474243164,,,2
exp_hrl_v1,123,3,US_1,ATTACK,ADVANCE,,0.21960562467575073,43.13095474243164,,,4
exp_hrl_v1,123,3,US_2,ATTACK,ADVANCE,,0.21960562467575073,43.13095474243164,,,4
exp_hrl_v1,123,3,US_3,ATTACK,ADVANCE,,0.21960562467575073,43.13095474243164,,,4
exp_hrl_v1,123,3,US_4,ATTACK,ADVANCE,,0.21960562467575073,43.13095474243164,,,4
exp_hrl_v1,123,3,US_5,ATTACK,ADVANCE,,0.1985795646905899,51.56973648071289,,,2
exp_hrl_v1,123,3,US_6,ATTACK,ADVANCE,,0.1985795646905899,51.56973648071289,,,4
exp_hrl_v1,123,3,US_7,ATTACK,ADVANCE,,0.1985795646905899,51.56973648071289,,,2
exp_hrl_v1,123,4,US_1,ATTACK,ADVANCE,,0.1985795646905899,51.56973648071289,,,4
exp_hrl_v1,123,4,US_2,ATTACK,ADVANCE,,0.1985795646905899,51.56973648071289,,,4
exp_hrl_v1,123,4,US_3,ATTACK,ADVANCE,,0.1985795646905899,51.56973648071289,,,4
exp_hrl_v1,123,4,US_4,ATTACK,ATTACK,DIRECT,0.18428535759449005,56.64994812011719,,,4
exp_hrl_v1,123,4,US_5,ATTACK,ATTACK,DIRECT,0.18428535759449005,56.64994812011719,,,2
exp_hrl_v1,123,4,US_6,ATTACK,ATTACK,DIRECT,0.18428535759449005,56.64994812011719,,,4
exp_hrl_v1,123,4,US_7,ATTACK,ATTACK,DIRECT,0.18428535759449005,56.64994812011719,,,2
exp_hrl_v1,123,5,US_1,ATTACK,ATTACK,DIRECT,0.18428535759449005,56.64994812011719,,,4
exp_hrl_v1,123,5,US_2,ATTACK,ATTACK,DIRECT,0.18428535759449005,56.64994812011719,,,4
exp_hrl_v1,123,5,US_3,ATTACK,ATTACK,DIRECT,0.18428535759449005,56.64994812011719,,,4
exp_hrl_v1,123,5,US_4,ATTACK,ATTACK,DIRECT,0.18428535759449005,56.64994812011719,,,4
exp_hrl_v1,123,5,US_5,ATTACK,ATTACK,DIRECT,0.18428535759449005,56.64994812011719,,,2
exp_hrl_v1,123,5,US_6,ATTACK,ATTACK,DIRECT,0.18428535759449005,56.64994812011719,,,4
exp_hrl_v1,123,5,US_7,ATTACK,ATTACK,DIRECT,0.15652243793010712,57.428436279296875,,,2
exp_hrl_v1,123,6,US_1,ATTACK,ATTACK,DIRECT,0.15652243793010712,57.428436279296875,,,4
exp_hrl_v1,124,1,US_1,ATTACK,RETREAT,,0.19773367047309875,31.995033264160156,,,4
exp_hrl_v1,124,1,US_2,ATTACK,RETREAT,,0.19773367047309875,31.995033264160156,,,4
exp_hrl_v1,124,1,US_3,ATTACK,ADVANCE,,0.19898450374603271,39.331787109375,,,4
exp_hrl_v1,124,1,US_4,ATTACK,ADVANCE,,0.19898450374603271,39.331787109375,,,4
exp_hrl_v1,124,1,US_5,ATTACK,ADVANCE,,0.19898450374603271,39.331787109375,,,2
exp_hrl_v1,124,1,US_6,ATTACK,ADVANCE,,0.19898450374603271,39.331787109375,,,4
exp_hrl_v1,124,1,US_7,ATTACK,ADVANCE,,0.19898450374603271,39.331787109375,,,2
exp_hrl_v1,124,2,US_1,ATTACK,ADVANCE,,0.19898450374603271,39.331787109375,,,4
exp_hrl_v1,124,2,US_2,ATTACK,ADVANCE,,0.21709340810775757,41.62881851196289,,,4
exp_hrl_v1,124,2,US_3,ATTACK,ADVANCE,,0.21709340810775757,41.62881851196289,,,4
exp_hrl_v1,124,2,US_4,ATTACK,ADVANCE,,0.21709340810775757,41.62881851196289,,,4
exp_hrl_v1,124,2,US_5,ATTACK,ADVANCE,,0.21709340810775757,41.62881851196289,,,2
exp_hrl_v1,124,2,US_6,ATTACK,ADVANCE,,0.21709340810775757,41.62881851196289,,,4
exp_hrl_v1,124,2,US_7,ATTACK,ADVANCE,,0.21709340810775757,41.62881851196289,,,2
exp_hrl_v1,124,3,US_1,ATTACK,ADVANCE,,0.18693292140960693,46.48809814453125,,,4
exp_hrl_v1,124,3,US_2,ATTACK,ADVANCE,,0.18693292140960693,46.48809814453125,,,4
exp_hrl_v1,124,3,US_3,ATTACK,ADVANCE,,0.18693292140960693,46.48809814453125,,,4
exp_hrl_v1,124,3,US_4,ATTACK,ADVANCE,,0.18693292140960693,46.48809814453125,,,4
exp_hrl_v1,124,3,US_5,ATTACK,ADVANCE,,0.18693292140960693,46.48809814453125,,,2
exp_hrl_v1,124,3,US_6,ATTACK,ADVANCE,,0.18693292140960693,46.48809814453125,,,4
exp_hrl_v1,124,3,US_7,ATTACK,ATTACK,DIRECT,0.2734452188014984,52.90082550048828,,,2
exp_hrl_v1,124,4,US_1,ATTACK,ATTACK,DIRECT,0.2734452188014984,52.90082550048828,,,4
exp_hrl_v1,124,4,US_2,ATTACK,ATTACK,DIRECT,0.2734452188014984,52.90082550048828,,,4
exp_hrl_v1,124,4,US_3,ATTACK,ATTACK,DIRECT,0.2734452188014984,52.90082550048828,,,4
exp_hrl_v1,124,4,US_4,ATTACK,ATTACK,DIRECT,0.2734452188014984,52.90082550048828,,,4
exp_hrl_v1,124,4,US_5,ATTACK,ATTACK,DIRECT,0.2734452188014984,52.90082550048828,,,2
exp_hrl_v1,124,4,US_6,ATTACK,ATTACK,DIRECT,0.2734452188014984,52.90082550048828,,,4
exp_hrl_v1,124,4,US_7,ATTACK,ATTACK,DIRECT,0.2734452188014984,52.90082550048828,,,2
exp_hrl_v1,124,5,US_1,ATTACK,ATTACK,DIRECT,0.2734452188014984,52.90082550048828,,,4
exp_hrl_v1,125,1,US_1,PUSH_VP,FLANK,,0.1957722306251526,31.995033264160156,,,4
exp_hrl_v1,125,1,US_2,PUSH_VP,FLANK,,0.1957722306251526,31.995033264160156,,,4
exp_hrl_v1,125,1,US_3,PUSH_VP,FLANK,,0.1957722306251526,31.995033264160156,,,4
exp_hrl_v1,125,1,US_4,PUSH_VP,FLANK,,0.1957722306251526,31.995033264160156,,,4
exp_hrl_v1,125,1,US_5,PUSH_VP,FLANK,,0.1957722306251526,31.995033264160156,,,2
exp_hrl_v1,125,1,US_6,PUSH_VP,ADVANCE,,0.20154522359371185,38.0492057800293,,,4
exp_hrl_v1,125,1,US_7,PUSH_VP,ADVANCE,,0.20154522359371185,38.0492057800293,,,2
exp_hrl_v1,125,2,US_1,PUSH_VP,ADVANCE,,0.20154522359371185,38.0492057800293,,,4
exp_hrl_v1,125,2,US_2,PUSH_VP,ADVANCE,,0.20154522359371185,38.0492057800293,,,4
exp_hrl_v1,125,2,US_3,PUSH_VP,ADVANCE,,0.20154522359371185,38.0492057800293,,,4
exp_hrl_v1,125,2,US_4,PUSH_VP,ADVANCE,,0.20154522359371185,38.0492057800293,,,4
exp_hrl_v1,125,2,US_5,PUSH_VP,ADVANCE,,0.1905227154493332,45.439945220947266,,,2
exp_hrl_v1,125,2,US_6,PUSH_VP,ADVANCE,,0.1905227154493332,45.439945220947266,,,4
exp_hrl_v1,125,2,US_7,PUSH_VP,ADVANCE,,0.1905227154493332,45.439945220947266,,,2
exp_hrl_v1,125,3,US_1,PUSH_VP,ADVANCE,,0.1905227154493332,45.439945220947266,,,4
exp_hrl_v1,125,3,US_2,PUSH_VP,ADVANCE,,0.1905227154493332,45.439945220947266,,,4
exp_hrl_v1,125,3,US_3,PUSH_VP,ADVANCE,,0.1905227154493332,45.439945220947266,,,4
exp_hrl_v1,125,3,US_4,PUSH_VP,ADVANCE,,0.19930428266525269,51.02067565917969,,,4
exp_hrl_v1,125,3,US_5,PUSH_VP,ADVANCE,,0.19930428266525269,51.02067565917969,,,2
exp_hrl_v1,125,3,US_6,PUSH_VP,ADVANCE,,0.19930428266525269,51.02067565917969,,,4
exp_hrl_v1,125,3,US_7,PUSH_VP,ADVANCE,,0.19930428266525269,51.02067565917969,,,2
exp_hrl_v1,125,4,US_1,PUSH_VP,ADVANCE,,0.19930428266525269,51.02067565917969,,,4
exp_hrl_v1,125,4,US_2,PUSH_VP,ADVANCE,,0.19930428266525269,51.02067565917969,,,4
exp_hrl_v1,125,4,US_3,PUSH_VP,ATTACK,DIRECT,0.2572968900203705,55.434879302978516,,,4
exp_hrl_v1,125,4,US_4,PUSH_VP,ATTACK,DIRECT,0.2572968900203705,55.434879302978516,,,4
exp_hrl_v1,125,4,US_5,PUSH_VP,ATTACK,DIRECT,0.2572968900203705,55.434879302978516,,,2
exp_hrl_v1,125,4,US_6,PUSH_VP,ATTACK,DIRECT,0.2572968900203705,55.434879302978516,,,4
exp_hrl_v1,125,4,US_7,PUSH_VP,ATTACK,DIRECT,0.2572968900203705,55.434879302978516,,,2
exp_hrl_v1,125,5,US_1,PUSH_VP,ATTACK,DIRECT,0.2572968900203705,55.434879302978516,,,4
exp_hrl_v1,125,5,US_2,PUSH_VP,ATTACK,DIRECT,0.2572968900203705,55.434879302978516,,,4
exp_hrl_v1,125,5,US_3,PUSH_VP,ATTACK,DIRECT,0.2572968900203705,55.434879302978516,,,4
exp_hrl_v1,125,5,US_4,PUSH_VP,ATTACK,DIRECT,0.2572968900203705,55.434879302978516,,,4
exp_hrl_v1,125,5,US_5,PUSH_VP,ATTACK,DIRECT,0.2572968900203705,55.434879302978516,,,2
exp_hrl_v1,125,5,US_6,PUSH_VP,ADVANCE,,0.1507231742143631,58.96717071533203,,,4
exp_hrl_v1,125,5,US_7,PUSH_VP,ADVANCE,,0.1507231742143631,58.96717071533203,,,2
exp_hrl_v1,125,6,US_1,PUSH_VP,ADVANCE,,0.1507231742143631,58.96717071533203,,,4
exp_hrl_v1,125,6,US_2,PUSH_VP,ADVANCE,,0.1507231742143631,58.96717071533203,,,4
exp_hrl_v1,125,6,US_3,PUSH_VP,ADVANCE,,0.1507231742143631,58.96717071533203,,,4
exp_hrl_v1,125,6,US_4,PUSH_VP,ADVANCE,,0.1507231742143631,58.96717071533203,,,4
exp_hrl_v1,125,6,US_5,HOLD_VP,ADVANCE,,0.1692492514848709,59.71258544921875,,,2
exp_hrl_v1,125,6,US_6,HOLD_VP,ADVANCE,,0.1692492514848709,59.71258544921875,,,4
exp_hrl_v1,125,6,US_7,HOLD_VP,ADVANCE,,0.1692492514848709,59.71258544921875,,,2
exp_hrl_v1,125,7,US_1,HOLD_VP,ADVANCE,,0.1692492514848709,59.71258544921875,,,4
exp_hrl_v1,125,7,US_2,HOLD_VP,ADVANCE,,0.1692492514848709,59.71258544921875,,,4
exp_hrl_v1,125,7,US_3,HOLD_VP,ADVANCE,,0.1692492514848709,59.71258544921875,,,4
exp_hrl_v1,125,7,US_4,HOLD_VP,ATTACK,INDIRECT,0.2609230875968933,57.76174545288086,,,4
exp_hrl_v1,125,7,US_5,HOLD_VP,ATTACK,INDIRECT,0.2609230875968933,57.76174545288086,,,2
exp_hrl_v1,125,7,US_6,HOLD_VP,ATTACK,INDIRECT,0.2609230875968933,57.76174545288086,,,4
exp_hrl_v1,125,7,US_7,HOLD_VP,ATTACK,INDIRECT,0.2609230875968933,57.76174545288086,,,2
exp_hrl_v1,125,8,US_1,HOLD_VP,ATTACK,INDIRECT,0.2609230875968933,57.76174545288086,,,4
exp_hrl_v1,125,8,US_2,HOLD_VP,ATTACK,INDIRECT,0.2609230875968933,57.76174545288086,,,4
exp_hrl_v1,126,1,US_1,PUSH_VP,FLANK,,0.1957722306251526,31.995033264160156,,,4
exp_hrl_v1,126,1,US_2,PUSH_VP,FLANK,,0.1957722306251526,31.995033264160156,,,4
exp_hrl_v1,126,1,US_3,PUSH_VP,FLANK,,0.1957722306251526,31.995033264160156,,,4
exp_hrl_v1,126,1,US_4,PUSH_VP,FLANK,,0.1957722306251526,31.995033264160156,,,4
exp_hrl_v1,126,1,US_5,PUSH_VP,FLANK,,0.1957722306251526,31.995033264160156,,,2
exp_hrl_v1,126,1,US_6,PUSH_VP,ADVANCE,,0.19899527728557587,38.0492057800293,,,4
exp_hrl_v1,126,1,US_7,PUSH_VP,ADVANCE,,0.19899527728557587,38.0492057800293,,,2
exp_hrl_v1,126,2,US_1,PUSH_VP,ADVANCE,,0.19899527728557587,38.0492057800293,,,4
exp_hrl_v1,126,2,US_2,PUSH_VP,ADVANCE,,0.19899527728557587,38.0492057800293,,,4
exp_hrl_v1,126,2,US_3,PUSH_VP,ADVANCE,,0.19899527728557587,38.0492057800293,,,4
exp_hrl_v1,126,2,US_4,PUSH_VP,ADVANCE,,0.19899527728557587,38.0492057800293,,,4
exp_hrl_v1,126,2,US_5,PUSH_VP,ADVANCE,,0.1905227154493332,45.439945220947266,,,2
exp_hrl_v1,126,2,US_6,PUSH_VP,ADVANCE,,0.1905227154493332,45.439945220947266,,,4
exp_hrl_v1,126,2,US_7,PUSH_VP,ADVANCE,,0.1905227154493332,45.439945220947266,,,2
exp_hrl_v1,126,3,US_1,PUSH_VP,ADVANCE,,0.1905227154493332,45.439945220947266,,,4
exp_hrl_v1,126,3,US_2,PUSH_VP,ADVANCE,,0.1905227154493332,45.439945220947266,,,4
exp_hrl_v1,126,3,US_3,PUSH_VP,ADVANCE,,0.1905227154493332,45.439945220947266,,,4
exp_hrl_v1,126,3,US_4,PUSH_VP,ADVANCE,,0.19930428266525269,51.02067565917969,,,4
exp_hrl_v1,126,3,US_5,PUSH_VP,ADVANCE,,0.19930428266525269,51.02067565917969,,,2
exp_hrl_v1,126,3,US_6,PUSH_VP,ADVANCE,,0.19930428266525269,51.02067565917969,,,4
exp_hrl_v1,126,3,US_7,PUSH_VP,ADVANCE,,0.19930428266525269,51.02067565917969,,,2
exp_hrl_v1,126,4,US_1,PUSH_VP,ADVANCE,,0.19930428266525269,51.02067565917969,,,4
exp_hrl_v1,126,4,US_2,PUSH_VP,ADVANCE,,0.19930428266525269,51.02067565917969,,,4
exp_hrl_v1,126,4,US_3,PUSH_VP,ADVANCE,,0.18369968235492706,55.434879302978516,,,4
exp_hrl_v1,126,4,US_4,PUSH_VP,ADVANCE,,0.18369968235492706,55.434879302978516,,,4
exp_hrl_v1,126,4,US_5,PUSH_VP,ADVANCE,,0.18369968235492706,55.434879302978516,,,2
exp_hrl_v1,126,4,US_6,PUSH_VP,ADVANCE,,0.18369968235492706,55.434879302978516,,,4
exp_hrl_v1,126,4,US_7,PUSH_VP,ADVANCE,,0.18369968235492706,55.434879302978516,,,2
exp_hrl_v1,126,5,US_1,PUSH_VP,ADVANCE,,0.18369968235492706,55.434879302978516,,,4
exp_hrl_v1,126,5,US_2,PUSH_VP,ADVANCE,,0.1783926784992218,59.2537841796875,,,4
exp_hrl_v1,126,5,US_3,PUSH_VP,ADVANCE,,0.1783926784992218,59.2537841796875,,,4
exp_hrl_v1,126,5,US_4,PUSH_VP,ADVANCE,,0.1783926784992218,59.2537841796875,,,4
exp_hrl_v1,126,5,US_5,PUSH_VP,ADVANCE,,0.1783926784992218,59.2537841796875,,,2
exp_hrl_v1,126,5,US_6,PUSH_VP,ADVANCE,,0.1783926784992218,59.2537841796875,,,4
exp_hrl_v1,126,5,US_7,PUSH_VP,ADVANCE,,0.1783926784992218,59.2537841796875,,,2
exp_hrl_v1,126,6,US_1,HOLD_VP,ATTACK,DIRECT,0.41576534509658813,63.322509765625,,,4
exp_hrl_v1,126,6,US_2,HOLD_VP,ATTACK,DIRECT,0.41576534509658813,63.322509765625,,,4
exp_hrl_v1,126,6,US_3,HOLD_VP,ATTACK,DIRECT,0.41576534509658813,63.322509765625,,,4
exp_hrl_v1,126,6,US_4,HOLD_VP,ATTACK,DIRECT,0.41576534509658813,63.322509765625,,,4
exp_hrl_v1,126,6,US_5,HOLD_VP,ATTACK,DIRECT,0.41576534509658813,63.322509765625,,,2
exp_hrl_v1,126,6,US_6,HOLD_VP,ATTACK,DIRECT,0.41576534509658813,63.322509765625,,,4
exp_hrl_v1,126,6,US_7,HOLD_VP,ATTACK,DIRECT,0.41576534509658813,63.322509765625,,,2
exp_hrl_v1,126,7,US_1,HOLD_VP,ATTACK,DIRECT,0.41576534509658813,63.322509765625,,,4
exp_hrl_v1,126,7,US_2,HOLD_VP,ATTACK,DIRECT,0.41576534509658813,63.322509765625,,,4
exp_hrl_v1,127,1,US_1,ATTACK,ADVANCE,,0.19773367047309875,31.995033264160156,,,4
exp_hrl_v1,127,1,US_2,ATTACK,ADVANCE,,0.19773367047309875,31.995033264160156,,,4
exp_hrl_v1,127,1,US_3,ATTACK,ADVANCE,,0.19773367047309875,31.995033264160156,,,4
exp_hrl_v1,127,1,US_4,ATTACK,ADVANCE,,0.19773367047309875,31.995033264160156,,,4
exp_hrl_v1,127,1,US_5,ATTACK,ADVANCE,,0.19773367047309875,31.995033264160156,,,2
exp_hrl_v1,127,1,US_6,ATTACK,ADVANCE,,0.19773367047309875,31.995033264160156,,,4
exp_hrl_v1,127,1,US_7,ATTACK,ADVANCE,,0.19832457602024078,38.966827392578125,,,2
exp_hrl_v1,127,2,US_1,ATTACK,ADVANCE,,0.19832457602024078,38.966827392578125,,,4
exp_hrl_v1,127,2,US_2,ATTACK,ADVANCE,,0.19832457602024078,38.966827392578125,,,4
exp_hrl_v1,127,2,US_3,ATTACK,ADVANCE,,0.19832457602024078,38.966827392578125,,,4
exp_hrl_v1,127,2,US_4,ATTACK,ADVANCE,,0.19832457602024078,38.966827392578125,,,4
exp_hrl_v1,127,2,US_5,ATTACK,ADVANCE,,0.19832457602024078,38.966827392578125,,,2
exp_hrl_v1,127,2,US_6,ATTACK,ATTACK,DIRECT,0.19705842435359955,43.13095474243164,,,4
exp_hrl_v1,127,2,US_7,ATTACK,ATTACK,DIRECT,0.19705842435359955,43.13095474243164,,,2
exp_hrl_v1,127,3,US_1,ATTACK,ATTACK,DIRECT,0.19705842435359955,43.13095474243164,,,4
exp_hrl_v1,127,3,US_2,ATTACK,ATTACK,DIRECT,0.19705842435359955,43.13095474243164,,,4
exp_hrl_v1,127,3,US_3,ATTACK,ATTACK,DIRECT,0.19705842435359955,43.13095474243164,,,4
exp_hrl_v1,127,3,US_4,ATTACK,ATTACK,DIRECT,0.19705842435359955,43.13095474243164,,,4
exp_hrl_v1,127,3,US_5,ATTACK,ATTACK,DIRECT,0.19705842435359955,43.13095474243164,,,2
exp_hrl_v1,127,3,US_6,ATTACK,ATTACK,DIRECT,0.19705842435359955,43.13095474243164,,,4
exp_hrl_v1,127,3,US_7,ATTACK,ATTACK,DIRECT,0.19705842435359955,43.13095474243164,,,2
exp_hrl_v1,127,4,US_1,ATTACK,ATTACK,DIRECT,0.19705842435359955,43.13095474243164,,,4
exp_hrl_v1,128,1,US_1,ATTACK,ADVANCE,,0.19773367047309875,31.995033264160156,,,4
exp_hrl_v1,128,1,US_2,ATTACK,ADVANCE,,0.19773367047309875,31.995033264160156,,,4
exp_hrl_v1,128,1,US_3,ATTACK,ADVANCE,,0.19773367047309875,31.995033264160156,,,4
exp_hrl_v1,128,1,US_4,ATTACK,ADVANCE,,0.19773367047309875,31.995033264160156,,,4
exp_hrl_v1,128,1,US_5,ATTACK,ADVANCE,,0.19773367047309875,31.995033264160156,,,2
exp_hrl_v1,128,1,US_6,ATTACK,ADVANCE,,0.19773367047309875,31.995033264160156,,,4
exp_hrl_v1,128,1,US_7,ATTACK,ADVANCE,,0.21747517585754395,38.966827392578125,,,2
exp_hrl_v1,128,2,US_1,ATTACK,ADVANCE,,0.21747517585754395,38.966827392578125,,,4
exp_hrl_v1,128,2,US_2,ATTACK,ADVANCE,,0.21747517585754395,38.966827392578125,,,4
exp_hrl_v1,128,2,US_3,ATTACK,ADVANCE,,0.21747517585754395,38.966827392578125,,,4
exp_hrl_v1,128,2,US_4,ATTACK,ADVANCE,,0.21747517585754395,38.966827392578125,,,4
exp_hrl_v1,128,2,US_5,ATTACK,ADVANCE,,0.21747517585754395,38.966827392578125,,,2
exp_hrl_v1,128,2,US_6,ATTACK,ATTACK,DIRECT,0.1971135288476944,43.13095474243164,,,4
exp_hrl_v1,128,2,US_7,ATTACK,ATTACK,DIRECT,0.1971135288476944,43.13095474243164,,,2
exp_hrl_v1,128,3,US_1,ATTACK,ATTACK,DIRECT,0.1971135288476944,43.13095474243164,,,4
exp_hrl_v1,128,3,US_2,ATTACK,ATTACK,DIRECT,0.1971135288476944,43.13095474243164,,,4
exp_hrl_v1,128,3,US_3,ATTACK,ATTACK,DIRECT,0.1971135288476944,43.13095474243164,,,4
exp_hrl_v1,128,3,US_4,ATTACK,ATTACK,DIRECT,0.1971135288476944,43.13095474243164,,,4
exp_hrl_v1,128,3,US_5,ATTACK,ATTACK,DIRECT,0.1971135288476944,43.13095474243164,,,2
exp_hrl_v1,128,3,US_6,ATTACK,ATTACK,DIRECT,0.1971135288476944,43.13095474243164,,,4
exp_hrl_v1,128,3,US_7,ATTACK,ATTACK,DIRECT,0.1971135288476944,43.13095474243164,,,2
exp_hrl_v1,128,4,US_1,ATTACK,ATTACK,DIRECT,0.1971135288476944,43.13095474243164,,,4
exp_hrl_v1,128,4,US_2,ATTACK,ADVANCE,,0.1844269037246704,55.576080322265625,,,4
exp_hrl_v1,128,4,US_3,ATTACK,ADVANCE,,0.1844269037246704,55.576080322265625,,,4
exp_hrl_v1,128,4,US_4,ATTACK,ADVANCE,,0.1844269037246704,55.576080322265625,,,4
exp_hrl_v1,128,4,US_5,ATTACK,ADVANCE,,0.1844269037246704,55.576080322265625,,,2
exp_hrl_v1,128,4,US_6,ATTACK,ADVANCE,,0.1844269037246704,55.576080322265625,,,4
exp_hrl_v1,128,4,US_7,ATTACK,ADVANCE,,0.1844269037246704,55.576080322265625,,,2
exp_hrl_v1,128,5,US_1,ATTACK,FLANK,,0.15580786764621735,57.06428146362305,,,4
exp_hrl_v1,128,5,US_2,ATTACK,FLANK,,0.15580786764621735,57.06428146362305,,,4
exp_hrl_v1,128,5,US_3,ATTACK,FLANK,,0.15580786764621735,57.06428146362305,,,4
exp_hrl_v1,128,5,US_4,ATTACK,FLANK,,0.15580786764621735,57.06428146362305,,,4
exp_hrl_v1,128,5,US_5,ATTACK,FLANK,,0.15580786764621735,57.06428146362305,,,2
exp_hrl_v1,128,5,US_6,ATTACK,ATTACK,DIRECT,0.36986806988716125,57.7227783203125,,,4
exp_hrl_v1,128,5,US_7,ATTACK,ATTACK,DIRECT,0.36986806988716125,57.7227783203125,,,2
exp_hrl_v1,128,6,US_1,ATTACK,ATTACK,DIRECT,0.36986806988716125,57.7227783203125,,,4
exp_hrl_v1,128,6,US_2,ATTACK,ATTACK,DIRECT,0.36986806988716125,57.7227783203125,,,4
exp_hrl_v1,128,6,US_3,ATTACK,ATTACK,DIRECT,0.36986806988716125,57.7227783203125,,,4
exp_hrl_v1,128,6,US_4,ATTACK,ATTACK,DIRECT,0.36986806988716125,57.7227783203125,,,4
exp_hrl_v1,128,6,US_5,ATTACK,ATTACK,DIRECT,0.36986806988716125,57.7227783203125,,,2
exp_hrl_v1,128,6,US_6,ATTACK,ATTACK,DIRECT,0.36986806988716125,57.7227783203125,,,4
exp_hrl_v1,129,1,US_1,HOLD_VP,FLANK,,0.1957722306251526,31.995033264160156,,,4
exp_hrl_v1,129,1,US_2,HOLD_VP,FLANK,,0.1957722306251526,31.995033264160156,,,4
exp_hrl_v1,129,1,US_3,HOLD_VP,FLANK,,0.1957722306251526,31.995033264160156,,,4
exp_hrl_v1,129,1,US_4,HOLD_VP,FLANK,,0.1957722306251526,31.995033264160156,,,4
exp_hrl_v1,129,1,US_5,HOLD_VP,FLANK,,0.1957722306251526,31.995033264160156,,,2
exp_hrl_v1,129,1,US_6,HOLD_VP,ADVANCE,,0.19178712368011475,38.0492057800293,,,4
exp_hrl_v1,129,1,US_7,HOLD_VP,ADVANCE,,0.19178712368011475,38.0492057800293,,,2
exp_hrl_v1,129,2,US_1,HOLD_VP,ADVANCE,,0.19178712368011475,38.0492057800293,,,4
exp_hrl_v1,129,2,US_2,HOLD_VP,ADVANCE,,0.19178712368011475,38.0492057800293,,,4
exp_hrl_v1,129,2,US_3,HOLD_VP,ADVANCE,,0.19178712368011475,38.0492057800293,,,4
exp_hrl_v1,129,2,US_4,HOLD_VP,ADVANCE,,0.19178712368011475,38.0492057800293,,,4
exp_hrl_v1,129,2,US_5,HOLD_VP,ADVANCE,,0.19800324738025665,45.439945220947266,,,2
exp_hrl_v1,129,2,US_6,HOLD_VP,ADVANCE,,0.19800324738025665,45.439945220947266,,,4
exp_hrl_v1,129,2,US_7,HOLD_VP,ADVANCE,,0.19800324738025665,45.439945220947266,,,2
exp_hrl_v1,129,3,US_1,HOLD_VP,ADVANCE,,0.19800324738025665,45.439945220947266,,,4
exp_hrl_v1,129,3,US_2,HOLD_VP,ADVANCE,,0.19800324738025665,45.439945220947266,,,4
exp_hrl_v1,129,3,US_3,HOLD_VP,ADVANCE,,0.19800324738025665,45.439945220947266,,,4
exp_hrl_v1,129,3,US_4,HOLD_VP,ADVANCE,,0.1822824478149414,51.02067565917969,,,4
exp_hrl_v1,129,3,US_5,HOLD_VP,ADVANCE,,0.1822824478149414,51.02067565917969,,,2
exp_hrl_v1,129,3,US_6,HOLD_VP,ADVANCE,,0.1822824478149414,51.02067565917969,,,4
exp_hrl_v1,129,3,US_7,HOLD_VP,ADVANCE,,0.1822824478149414,51.02067565917969,,,2
exp_hrl_v1,129,4,US_1,HOLD_VP,ADVANCE,,0.1822824478149414,51.02067565917969,,,4
exp_hrl_v1,129,4,US_2,HOLD_VP,ADVANCE,,0.1822824478149414,51.02067565917969,,,4
exp_hrl_v1,129,4,US_3,HOLD_VP,ATTACK,DIRECT,0.2572968900203705,55.434879302978516,,,4
exp_hrl_v1,129,4,US_4,HOLD_VP,ATTACK,DIRECT,0.2572968900203705,55.434879302978516,,,4
exp_hrl_v1,129,4,US_5,HOLD_VP,ATTACK,DIRECT,0.2572968900203705,55.434879302978516,,,2
exp_hrl_v1,129,4,US_6,HOLD_VP,ATTACK,DIRECT,0.2572968900203705,55.434879302978516,,,4
exp_hrl_v1,129,4,US_7,HOLD_VP,ATTACK,DIRECT,0.2572968900203705,55.434879302978516,,,2
exp_hrl_v1,129,5,US_1,HOLD_VP,ATTACK,DIRECT,0.2572968900203705,55.434879302978516,,,4
exp_hrl_v1,129,5,US_2,HOLD_VP,ATTACK,DIRECT,0.2572968900203705,55.434879302978516,,,4
exp_hrl_v1,129,5,US_3,HOLD_VP,ATTACK,DIRECT,0.2572968900203705,55.434879302978516,,,4
exp_hrl_v1,129,5,US_4,HOLD_VP,ATTACK,DIRECT,0.2572968900203705,55.434879302978516,,,4
exp_hrl_v1,129,5,US_5,HOLD_VP,ATTACK,DIRECT,0.2572968900203705,55.434879302978516,,,2
exp_hrl_v1,129,5,US_6,HOLD_VP,ADVANCE,,0.17883135378360748,56.473846435546875,,,4
exp_hrl_v1,129,5,US_7,HOLD_VP,ADVANCE,,0.17883135378360748,56.473846435546875,,,2
exp_hrl_v1,129,6,US_1,HOLD_VP,ADVANCE,,0.17883135378360748,56.473846435546875,,,4
exp_hrl_v1,129,6,US_2,HOLD_VP,ADVANCE,,0.17883135378360748,56.473846435546875,,,4
exp_hrl_v1,129,6,US_3,HOLD_VP,ADVANCE,,0.17883135378360748,56.473846435546875,,,4
exp_hrl_v1,129,6,US_4,HOLD_VP,ADVANCE,,0.17883135378360748,56.473846435546875,,,4
exp_hrl_v1,129,6,US_5,HOLD_VP,ADVANCE,,0.17392636835575104,55.467403411865234,,,2
exp_hrl_v1,129,6,US_6,HOLD_VP,ADVANCE,,0.17392636835575104,55.467403411865234,,,4
exp_hrl_v1,129,6,US_7,HOLD_VP,ADVANCE,,0.17392636835575104,55.467403411865234,,,2
exp_hrl_v1,129,7,US_1,HOLD_VP,ADVANCE,,0.17392636835575104,55.467403411865234,,,4
exp_hrl_v1,129,7,US_2,HOLD_VP,ADVANCE,,0.17392636835575104,55.467403411865234,,,4
exp_hrl_v1,129,7,US_3,HOLD_VP,ADVANCE,,0.17392636835575104,55.467403411865234,,,4
exp_hrl_v1,129,7,US_4,HOLD_VP,ATTACK,INDIRECT,0.19770102202892303,52.573211669921875,,,4
exp_hrl_v1,129,7,US_5,HOLD_VP,ATTACK,INDIRECT,0.19770102202892303,52.573211669921875,,,2
exp_hrl_v1,129,7,US_6,HOLD_VP,ATTACK,INDIRECT,0.19770102202892303,52.573211669921875,,,4
exp_hrl_v1,129,7,US_7,HOLD_VP,ATTACK,INDIRECT,0.19770102202892303,52.573211669921875,,,2
exp_hrl_v1,129,8,US_1,HOLD_VP,ATTACK,INDIRECT,0.19770102202892303,52.573211669921875,,,4
exp_hrl_v1,130,1,US_1,HOLD_VP,ADVANCE,,0.1899789720773697,31.995033264160156,,,4
exp_hrl_v1,130,1,US_2,HOLD_VP,ADVANCE,,0.1899789720773697,31.995033264160156,,,4
exp_hrl_v1,130,1,US_3,HOLD_VP,ADVANCE,,0.1899789720773697,31.995033264160156,,,4
exp_hrl_v1,130,1,US_4,HOLD_VP,ADVANCE,,0.1899789720773697,31.995033264160156,,,4
exp_hrl_v1,130,1,US_5,HOLD_VP,ADVANCE,,0.1899789720773697,31.995033264160156,,,2
exp_hrl_v1,130,1,US_6,HOLD_VP,ADVANCE,,0.1899789720773697,31.995033264160156,,,4
exp_hrl_v1,130,1,US_7,HOLD_VP,ADVANCE,,0.1966974139213562,38.966827392578125,,,2
exp_hrl_v1,130,2,US_1,HOLD_VP,ADVANCE,,0.1966974139213562,38.966827392578125,,,4
exp_hrl_v1,130,2,US_2,HOLD_VP,ADVANCE,,0.1966974139213562,38.966827392578125,,,4
exp_hrl_v1,130,2,US_3,HOLD_VP,ADVANCE,,0.1966974139213562,38.966827392578125,,,4
exp_hrl_v1,130,2,US_4,HOLD_VP,ADVANCE,,0.1966974139213562,38.966827392578125,,,4
exp_hrl_v1,130,2,US_5,HOLD_VP,ADVANCE,,0.1966974139213562,38.966827392578125,,,2
exp_hrl_v1,130,2,US_6,HOLD_VP,ATTACK,DIRECT,0.1971135288476944,43.13095474243164,,,4
exp_hrl_v1,130,2,US_7,HOLD_VP,ATTACK,DIRECT,0.1971135288476944,43.13095474243164,,,2
exp_hrl_v1,130,3,US_1,HOLD_VP,ATTACK,DIRECT,0.1971135288476944,43.13095474243164,,,4
exp_hrl_v1,130,3,US_2,HOLD_VP,ATTACK,DIRECT,0.1971135288476944,43.13095474243164,,,4
exp_hrl_v1,130,3,US_3,HOLD_VP,ATTACK,DIRECT,0.1971135288476944,43.13095474243164,,,4
exp_hrl_v1,130,3,US_4,HOLD_VP,ATTACK,DIRECT,0.1971135288476944,43.13095474243164,,,4
exp_hrl_v1,130,3,US_5,HOLD_VP,ATTACK,DIRECT,0.1971135288476944,43.13095474243164,,,2
exp_hrl_v1,130,3,US_6,HOLD_VP,ATTACK,DIRECT,0.1971135288476944,43.13095474243164,,,4
exp_hrl_v1,130,3,US_7,HOLD_VP,ATTACK,DIRECT,0.1971135288476944,43.13095474243164,,,2
exp_hrl_v1,131,1,US_1,HOLD_VP,ADVANCE,,0.1899789720773697,31.995033264160156,,,4
exp_hrl_v1,131,1,US_2,HOLD_VP,ADVANCE,,0.1899789720773697,31.995033264160156,,,4
exp_hrl_v1,131,1,US_3,HOLD_VP,ADVANCE,,0.1899789720773697,31.995033264160156,,,4
exp_hrl_v1,131,1,US_4,HOLD_VP,ADVANCE,,0.1899789720773697,31.995033264160156,,,4
exp_hrl_v1,131,1,US_5,HOLD_VP,ADVANCE,,0.1899789720773697,31.995033264160156,,,2
exp_hrl_v1,131,1,US_6,HOLD_VP,ADVANCE,,0.1899789720773697,31.995033264160156,,,4
exp_hrl_v1,131,1,US_7,HOLD_VP,ADVANCE,,0.19140321016311646,38.966827392578125,,,2
exp_hrl_v1,131,2,US_1,HOLD_VP,ADVANCE,,0.19140321016311646,38.966827392578125,,,4
exp_hrl_v1,131,2,US_2,HOLD_VP,ADVANCE,,0.19140321016311646,38.966827392578125,,,4
exp_hrl_v1,131,2,US_3,HOLD_VP,ADVANCE,,0.19140321016311646,38.966827392578125,,,4
exp_hrl_v1,131,2,US_4,HOLD_VP,ADVANCE,,0.19140321016311646,38.966827392578125,,,4
exp_hrl_v1,131,2,US_5,HOLD_VP,ADVANCE,,0.19140321016311646,38.966827392578125,,,2
exp_hrl_v1,131,2,US_6,HOLD_VP,HOLD,,0.1971135288476944,43.13095474243164,,,4
exp_hrl_v1,131,2,US_7,HOLD_VP,ADVANCE,,0.18247760832309723,47.457435607910156,,,2
exp_hrl_v1,131,3,US_1,HOLD_VP,ADVANCE,,0.18247760832309723,47.457435607910156,,,4
exp_hrl_v1,131,3,US_2,HOLD_VP,ADVANCE,,0.18247760832309723,47.457435607910156,,,4
exp_hrl_v1,131,3,US_3,HOLD_VP,ADVANCE,,0.18247760832309723,47.457435607910156,,,4
exp_hrl_v1,131,3,US_4,HOLD_VP,ADVANCE,,0.18247760832309723,47.457435607910156,,,4
exp_hrl_v1,131,3,US_5,HOLD_VP,ADVANCE,,0.18247760832309723,47.457435607910156,,,2
exp_hrl_v1,131,3,US_6,HOLD_VP,ADVANCE,,0.1983611285686493,50.76158905029297,,,4
exp_hrl_v1,131,3,US_7,HOLD_VP,ADVANCE,,0.1983611285686493,50.76158905029297,,,2
exp_hrl_v1,131,4,US_1,HOLD_VP,ADVANCE,,0.1983611285686493,50.76158905029297,,,4
exp_hrl_v1,131,4,US_2,HOLD_VP,ADVANCE,,0.1983611285686493,50.76158905029297,,,4
exp_hrl_v1,131,4,US_3,HOLD_VP,ADVANCE,,0.1983611285686493,50.76158905029297,,,4
exp_hrl_v1,131,4,US_4,HOLD_VP,ADVANCE,,0.1983611285686493,50.76158905029297,,,4
exp_hrl_v1,131,4,US_5,HOLD_VP,ATTACK,DIRECT,0.2766742706298828,56.27308654785156,,,2
exp_hrl_v1,131,4,US_6,HOLD_VP,ATTACK,DIRECT,0.2766742706298828,56.27308654785156,,,4
exp_hrl_v1,131,4,US_7,HOLD_VP,ATTACK,DIRECT,0.2766742706298828,56.27308654785156,,,2
exp_hrl_v1,131,5,US_1,HOLD_VP,ATTACK,DIRECT,0.2766742706298828,56.27308654785156,,,4
exp_hrl_v1,131,5,US_2,HOLD_VP,ATTACK,DIRECT,0.2766742706298828,56.27308654785156,,,4
exp_hrl_v1,131,5,US_3,HOLD_VP,ATTACK,DIRECT,0.2766742706298828,56.27308654785156,,,4
exp_hrl_v1,131,5,US_4,HOLD_VP,ATTACK,DIRECT,0.2766742706298828,56.27308654785156,,,4
exp_hrl_v1,131,5,US_5,HOLD_VP,ATTACK,DIRECT,0.2766742706298828,56.27308654785156,,,2
exp_hrl_v1,131,5,US_6,HOLD_VP,ATTACK,DIRECT,0.2766742706298828,56.27308654785156,,,4
exp_hrl_v1,131,5,US_7,HOLD_VP,ATTACK,DIRECT,0.2766742706298828,56.27308654785156,,,2
exp_hrl_v1,131,6,US_1,HOLD_VP,ADVANCE,,0.16845430433750153,55.59452819824219,,,4
exp_hrl_v1,131,6,US_2,HOLD_VP,ADVANCE,,0.16845430433750153,55.59452819824219,,,4
exp_hrl_v1,131,6,US_3,HOLD_VP,ADVANCE,,0.16845430433750153,55.59452819824219,,,4
exp_hrl_v1,131,6,US_4,HOLD_VP,ADVANCE,,0.16845430433750153,55.59452819824219,,,4
exp_hrl_v1,131,6,US_5,HOLD_VP,ADVANCE,,0.16845430433750153,55.59452819824219,,,2
exp_hrl_v1,131,6,US_6,HOLD_VP,ADVANCE,,0.16845430433750153,55.59452819824219,,,4
exp_hrl_v1,131,6,US_7,HOLD_VP,ADVANCE,,0.28730249404907227,55.90132522583008,,,2
exp_hrl_v1,131,7,US_1,HOLD_VP,ADVANCE,,0.28730249404907227,55.90132522583008,,,4
exp_hrl_v1,131,7,US_2,HOLD_VP,ADVANCE,,0.28730249404907227,55.90132522583008,,,4
exp_hrl_v1,131,7,US_3,HOLD_VP,ADVANCE,,0.28730249404907227,55.90132522583008,,,4
exp_hrl_v1,131,7,US_4,HOLD_VP,ADVANCE,,0.28730249404907227,55.90132522583008,,,4
exp_hrl_v1,131,7,US_5,HOLD_VP,ADVANCE,,0.28730249404907227,55.90132522583008,,,2
exp_hrl_v1,131,7,US_6,HOLD_VP,ADVANCE,,0.16614235937595367,53.337989807128906,,,4
exp_hrl_v1,131,7,US_7,HOLD_VP,ADVANCE,,0.16614235937595367,53.337989807128906,,,2
exp_hrl_v1,131,8,US_1,HOLD_VP,ADVANCE,,0.16614235937595367,53.337989807128906,,,4
exp_hrl_v1,131,8,US_2,HOLD_VP,ADVANCE,,0.16614235937595367,53.337989807128906,,,4
exp_hrl_v1,131,8,US_3,HOLD_VP,ADVANCE,,0.16614235937595367,53.337989807128906,,,4
exp_hrl_v1,131,8,US_4,HOLD_VP,ADVANCE,,0.16614235937595367,53.337989807128906,,,4
exp_hrl_v1,131,8,US_5,HOLD_VP,ADVANCE,,0.2003919780254364,49.5021858215332,,,2
exp_hrl_v1,131,8,US_6,HOLD_VP,ADVANCE,,0.2003919780254364,49.5021858215332,,,4
exp_hrl_v1,131,8,US_7,HOLD_VP,ADVANCE,,0.2003919780254364,49.5021858215332,,,2
exp_hrl_v1,131,9,US_1,HOLD_VP,ADVANCE,,0.2003919780254364,49.5021858215332,,,4
exp_hrl_v1,131,9,US_2,HOLD_VP,ADVANCE,,0.2003919780254364,49.5021858215332,,,4
exp_hrl_v1,131,9,US_3,HOLD_VP,ADVANCE,,0.2003919780254364,49.5021858215332,,,4
exp_hrl_v1,131,9,US_4,HOLD_VP,ATTACK,DIRECT,0.2145485281944275,45.418251037597656,,,4
exp_hrl_v1,131,9,US_5,HOLD_VP,ATTACK,DIRECT,0.2145485281944275,45.418251037597656,,,2
exp_hrl_v1,131,9,US_6,HOLD_VP,ATTACK,DIRECT,0.2145485281944275,45.418251037597656,,,4
exp_hrl_v1,131,9,US_7,HOLD_VP,ATTACK,DIRECT,0.2145485281944275,45.418251037597656,,,2
exp_hrl_v1,132,1,US_1,HOLD_VP,FLANK,,0.1957722306251526,31.995033264160156,,,4
exp_hrl_v1,132,1,US_2,HOLD_VP,FLANK,,0.1957722306251526,31.995033264160156,,,4
exp_hrl_v1,132,1,US_3,HOLD_VP,FLANK,,0.1957722306251526,31.995033264160156,,,4
exp_hrl_v1,132,1,US_4,HOLD_VP,FLANK,,0.1957722306251526,31.995033264160156,,,4
exp_hrl_v1,132,1,US_5,HOLD_VP,FLANK,,0.1957722306251526,31.995033264160156,,,2
exp_hrl_v1,132,1,US_6,HOLD_VP,RETREAT,,0.19899527728557587,38.0492057800293,,,4
exp_hrl_v1,132,1,US_7,HOLD_VP,RETREAT,,0.19899527728557587,38.0492057800293,,,2
exp_hrl_v1,132,2,US_1,HOLD_VP,ADVANCE,,0.2148967981338501,40.97883224487305,,,4
exp_hrl_v1,132,2,US_2,HOLD_VP,ADVANCE,,0.2148967981338501,40.97883224487305,,,4
exp_hrl_v1,132,2,US_3,HOLD_VP,ADVANCE,,0.2148967981338501,40.97883224487305,,,4
exp_hrl_v1,132,2,US_4,HOLD_VP,ADVANCE,,0.2148967981338501,40.97883224487305,,,4
exp_hrl_v1,132,2,US_5,HOLD_VP,ADVANCE,,0.2148967981338501,40.97883224487305,,,2
exp_hrl_v1,132,2,US_6,HOLD_VP,ADVANCE,,0.2148967981338501,40.97883224487305,,,4
exp_hrl_v1,132,2,US_7,HOLD_VP,ADVANCE,,0.19932976365089417,46.276668548583984,,,2
exp_hrl_v1,132,3,US_1,HOLD_VP,ADVANCE,,0.19932976365089417,46.276668548583984,,,4
exp_hrl_v1,132,3,US_2,HOLD_VP,ADVANCE,,0.19932976365089417,46.276668548583984,,,4
exp_hrl_v1,132,3,US_3,HOLD_VP,ADVANCE,,0.19932976365089417,46.276668548583984,,,4
exp_hrl_v1,132,3,US_4,HOLD_VP,ADVANCE,,0.19932976365089417,46.276668548583984,,,4
exp_hrl_v1,132,3,US_5,HOLD_VP,ADVANCE,,0.19932976365089417,46.276668548583984,,,2
exp_hrl_v1,132,3,US_6,HOLD_VP,RETREAT,,0.18535839021205902,50.937034606933594,,,4
exp_hrl_v1,132,3,US_7,HOLD_VP,RETREAT,,0.18535839021205902,50.937034606933594,,,2
exp_hrl_v1,132,4,US_1,HOLD_VP,ADVANCE,,0.2120770514011383,54.6568603515625,,,4
exp_hrl_v1,132,4,US_2,HOLD_VP,ADVANCE,,0.2120770514011383,54.6568603515625,,,4
exp_hrl_v1,132,4,US_3,HOLD_VP,ADVANCE,,0.2120770514011383,54.6568603515625,,,4
exp_hrl_v1,132,4,US_4,HOLD_VP,ADVANCE,,0.2120770514011383,54.6568603515625,,,4
exp_hrl_v1,132,4,US_5,HOLD_VP,ADVANCE,,0.2120770514011383,54.6568603515625,,,2
exp_hrl_v1,132,4,US_6,HOLD_VP,ADVANCE,,0.2120770514011383,54.6568603515625,,,4
exp_hrl_v1,132,4,US_7,HOLD_VP,FLANK,,0.17199116945266724,58.19890594482422,,,2
exp_hrl_v1,132,5,US_1,HOLD_VP,FLANK,,0.17199116945266724,58.19890594482422,,,4
exp_hrl_v1,132,5,US_2,HOLD_VP,FLANK,,0.17199116945266724,58.19890594482422,,,4
exp_hrl_v1,132,5,US_3,HOLD_VP,FLANK,,0.17199116945266724,58.19890594482422,,,4
exp_hrl_v1,132,5,US_4,HOLD_VP,FLANK,,0.17199116945266724,58.19890594482422,,,4
exp_hrl_v1,132,5,US_5,HOLD_VP,ATTACK,DIRECT,0.36588385701179504,60.66362380981445,,,2
exp_hrl_v1,132,5,US_6,HOLD_VP,ATTACK,DIRECT,0.36588385701179504,60.66362380981445,,,4
exp_hrl_v1,132,5,US_7,HOLD_VP,ATTACK,DIRECT,0.36588385701179504,60.66362380981445,,,2
exp_hrl_v1,132,6,US_1,HOLD_VP,ATTACK,DIRECT,0.36588385701179504,60.66362380981445,,,4
exp_hrl_v1,132,6,US_2,HOLD_VP,ATTACK,DIRECT,0.36588385701179504,60.66362380981445,,,4
exp_hrl_v1,132,6,US_3,HOLD_VP,ATTACK,DIRECT,0.36588385701179504,60.66362380981445,,,4
exp_hrl_v1,132,6,US_4,HOLD_VP,ATTACK,DIRECT,0.36588385701179504,60.66362380981445,,,4
exp_hrl_v1,132,6,US_5,HOLD_VP,ATTACK,DIRECT,0.36588385701179504,60.66362380981445,,,2
exp_hrl_v1,132,6,US_6,HOLD_VP,ATTACK,DIRECT,0.36588385701179504,60.66362380981445,,,4
exp_hrl_v1,132,6,US_7,HOLD_VP,ATTACK,DIRECT,0.36588385701179504,60.66362380981445,,,2
exp_hrl_v1,132,7,US_1,HOLD_VP,ATTACK,INDIRECT,0.343374639749527,58.05494689941406,,,4
exp_hrl_v1,132,7,US_2,HOLD_VP,ATTACK,INDIRECT,0.343374639749527,58.05494689941406,,,4
exp_hrl_v1,132,7,US_3,HOLD_VP,ATTACK,INDIRECT,0.343374639749527,58.05494689941406,,,4
exp_hrl_v1,133,1,US_1,PUSH_VP,ADVANCE,,0.19773367047309875,31.995033264160156,,,4
exp_hrl_v1,133,1,US_2,PUSH_VP,ADVANCE,,0.19773367047309875,31.995033264160156,,,4
exp_hrl_v1,133,1,US_3,PUSH_VP,ADVANCE,,0.19773367047309875,31.995033264160156,,,4
exp_hrl_v1,133,1,US_4,PUSH_VP,ADVANCE,,0.19773367047309875,31.995033264160156,,,4
exp_hrl_v1,133,1,US_5,PUSH_VP,ADVANCE,,0.19773367047309875,31.995033264160156,,,2
exp_hrl_v1,133,1,US_6,PUSH_VP,ADVANCE,,0.19773367047309875,31.995033264160156,,,4
exp_hrl_v1,133,1,US_7,PUSH_VP,FLANK,,0.1966974139213562,38.966827392578125,,,2
exp_hrl_v1,133,2,US_1,PUSH_VP,FLANK,,0.1966974139213562,38.966827392578125,,,4
exp_hrl_v1,133,2,US_2,PUSH_VP,FLANK,,0.1966974139213562,38.966827392578125,,,4
exp_hrl_v1,133,2,US_3,PUSH_VP,FLANK,,0.1966974139213562,38.966827392578125,,,4
exp_hrl_v1,133,2,US_4,PUSH_VP,FLANK,,0.1966974139213562,38.966827392578125,,,4
exp_hrl_v1,133,2,US_5,PUSH_VP,ADVANCE,,0.22964689135551453,45.69208526611328,,,2
exp_hrl_v1,133,2,US_6,PUSH_VP,ADVANCE,,0.22964689135551453,45.69208526611328,,,4
exp_hrl_v1,133,2,US_7,PUSH_VP,ADVANCE,,0.22964689135551453,45.69208526611328,,,2
exp_hrl_v1,133,3,US_1,PUSH_VP,ADVANCE,,0.22964689135551453,45.69208526611328,,,4
exp_hrl_v1,133,3,US_2,PUSH_VP,ADVANCE,,0.22964689135551453,45.69208526611328,,,4
exp_hrl_v1,133,3,US_3,PUSH_VP,ADVANCE,,0.22964689135551453,45.69208526611328,,,4
exp_hrl_v1,133,3,US_4,PUSH_VP,ADVANCE,,0.25893449783325195,50.84752655029297,,,4
exp_hrl_v1,133,3,US_5,PUSH_VP,ADVANCE,,0.25893449783325195,50.84752655029297,,,2
exp_hrl_v1,133,3,US_6,PUSH_VP,ADVANCE,,0.25893449783325195,50.84752655029297,,,4
exp_hrl_v1,133,3,US_7,PUSH_VP,ADVANCE,,0.25893449783325195,50.84752655029297,,,2
exp_hrl_v1,133,4,US_1,PUSH_VP,ADVANCE,,0.25893449783325195,50.84752655029297,,,4
exp_hrl_v1,133,4,US_2,PUSH_VP,ADVANCE,,0.25893449783325195,50.84752655029297,,,4
exp_hrl_v1,133,4,US_3,PUSH_VP,ADVANCE,,0.2586578130722046,55.34172058105469,,,4
exp_hrl_v1,133,4,US_4,PUSH_VP,ADVANCE,,0.2586578130722046,55.34172058105469,,,4
exp_hrl_v1,133,4,US_5,PUSH_VP,ADVANCE,,0.2586578130722046,55.34172058105469,,,2
exp_hrl_v1,133,4,US_6,PUSH_VP,ADVANCE,,0.2586578130722046,55.34172058105469,,,4
exp_hrl_v1,133,4,US_7,PUSH_VP,ADVANCE,,0.2586578130722046,55.34172058105469,,,2
exp_hrl_v1,133,5,US_1,PUSH_VP,ADVANCE,,0.2586578130722046,55.34172058105469,,,4
exp_hrl_v1,133,5,US_2,PUSH_VP,ADVANCE,,0.31901997327804565,59.20802307128906,,,4
exp_hrl_v1,133,5,US_3,PUSH_VP,ADVANCE,,0.31901997327804565,59.20802307128906,,,4
exp_hrl_v1,133,5,US_4,PUSH_VP,ADVANCE,,0.31901997327804565,59.20802307128906,,,4
exp_hrl_v1,133,5,US_5,PUSH_VP,ADVANCE,,0.31901997327804565,59.20802307128906,,,2
exp_hrl_v1,133,5,US_6,PUSH_VP,ADVANCE,,0.31901997327804565,59.20802307128906,,,4
exp_hrl_v1,133,5,US_7,PUSH_VP,ADVANCE,,0.31901997327804565,59.20802307128906,,,2
exp_hrl_v1,133,6,US_1,HOLD_VP,ATTACK,DIRECT,0.41557252407073975,63.310359954833984,,,4
exp_hrl_v1,133,6,US_2,HOLD_VP,ATTACK,DIRECT,0.41557252407073975,63.310359954833984,,,4
exp_hrl_v1,133,6,US_3,HOLD_VP,ATTACK,DIRECT,0.41557252407073975,63.310359954833984,,,4
exp_hrl_v1,133,6,US_4,HOLD_VP,ATTACK,DIRECT,0.41557252407073975,63.310359954833984,,,4
exp_hrl_v1,133,6,US_5,HOLD_VP,ATTACK,DIRECT,0.41557252407073975,63.310359954833984,,,2
exp_hrl_v1,133,6,US_6,HOLD_VP,ATTACK,DIRECT,0.41557252407073975,63.310359954833984,,,4
exp_hrl_v1,133,6,US_7,HOLD_VP,ATTACK,DIRECT,0.41557252407073975,63.310359954833984,,,2
exp_hrl_v1,133,7,US_1,HOLD_VP,ATTACK,DIRECT,0.41557252407073975,63.310359954833984,,,4
exp_hrl_v1,134,1,US_1,PUSH_VP,ADVANCE,,0.19773367047309875,31.995033264160156,,,4
exp_hrl_v1,134,1,US_2,PUSH_VP,ADVANCE,,0.19773367047309875,31.995033264160156,,,4
exp_hrl_v1,134,1,US_3,PUSH_VP,ADVANCE,,0.19773367047309875,31.995033264160156,,,4
exp_hrl_v1,134,1,US_4,PUSH_VP,ADVANCE,,0.19773367047309875,31.995033264160156,,,4
exp_hrl_v1,134,1,US_5,PUSH_VP,ADVANCE,,0.19773367047309875,31.995033264160156,,,2
exp_hrl_v1,134,1,US_6,PUSH_VP,ADVANCE,,0.19773367047309875,31.995033264160156,,,4
exp_hrl_v1,134,1,US_7,PUSH_VP,ADVANCE,,0.19832457602024078,38.966827392578125,,,2
exp_hrl_v1,134,2,US_1,PUSH_VP,ADVANCE,,0.19832457602024078,38.966827392578125,,,4
exp_hrl_v1,134,2,US_2,PUSH_VP,ADVANCE,,0.19832457602024078,38.966827392578125,,,4
exp_hrl_v1,134,2,US_3,PUSH_VP,ADVANCE,,0.19832457602024078,38.966827392578125,,,4
exp_hrl_v1,134,2,US_4,PUSH_VP,ADVANCE,,0.19832457602024078,38.966827392578125,,,4
exp_hrl_v1,134,2,US_5,PUSH_VP,ADVANCE,,0.19832457602024078,38.966827392578125,,,2
exp_hrl_v1,134,2,US_6,PUSH_VP,ADVANCE,,0.19705842435359955,43.13095474243164,,,4
exp_hrl_v1,134,2,US_7,PUSH_VP,ADVANCE,,0.19705842435359955,43.13095474243164,,,2
exp_hrl_v1,134,3,US_1,PUSH_VP,ADVANCE,,0.19705842435359955,43.13095474243164,,,4
exp_hrl_v1,134,3,US_2,PUSH_VP,ADVANCE,,0.19705842435359955,43.13095474243164,,,4
exp_hrl_v1,134,3,US_3,PUSH_VP,ADVANCE,,0.19705842435359955,43.13095474243164,,,4
exp_hrl_v1,134,3,US_4,PUSH_VP,ADVANCE,,0.19705842435359955,43.13095474243164,,,4
exp_hrl_v1,134,3,US_5,PUSH_VP,ADVANCE,,0.1985795646905899,51.56973648071289,,,2
exp_hrl_v1,134,3,US_6,PUSH_VP,ADVANCE,,0.1985795646905899,51.56973648071289,,,4
exp_hrl_v1,134,3,US_7,PUSH_VP,ADVANCE,,0.1985795646905899,51.56973648071289,,,2
exp_hrl_v1,134,4,US_1,PUSH_VP,ADVANCE,,0.1985795646905899,51.56973648071289,,,4
exp_hrl_v1,134,4,US_2,PUSH_VP,ADVANCE,,0.1985795646905899,51.56973648071289,,,4
exp_hrl_v1,134,4,US_3,PUSH_VP,ADVANCE,,0.1985795646905899,51.56973648071289,,,4
exp_hrl_v1,134,4,US_4,PUSH_VP,ADVANCE,,0.18428535759449005,56.64994812011719,,,4
exp_hrl_v1,134,4,US_5,PUSH_VP,ADVANCE,,0.18428535759449005,56.64994812011719,,,2
exp_hrl_v1,134,4,US_6,PUSH_VP,ADVANCE,,0.18428535759449005,56.64994812011719,,,4
exp_hrl_v1,134,4,US_7,PUSH_VP,ADVANCE,,0.18428535759449005,56.64994812011719,,,2
exp_hrl_v1,134,5,US_1,PUSH_VP,ADVANCE,,0.18428535759449005,56.64994812011719,,,4
exp_hrl_v1,134,5,US_2,PUSH_VP,ADVANCE,,0.18428535759449005,56.64994812011719,,,4
exp_hrl_v1,134,5,US_3,PUSH_VP,ADVANCE,,0.1274077147245407,59.8690185546875,,,4
exp_hrl_v1,134,5,US_4,PUSH_VP,ADVANCE,,0.1274077147245407,59.8690185546875,,,4
exp_hrl_v1,134,5,US_5,PUSH_VP,ADVANCE,,0.1274077147245407,59.8690185546875,,,2
exp_hrl_v1,134,5,US_6,PUSH_VP,ADVANCE,,0.1274077147245407,59.8690185546875,,,4
exp_hrl_v1,134,5,US_7,PUSH_VP,ADVANCE,,0.1274077147245407,59.8690185546875,,,2
exp_hrl_v1,134,6,US_1,PUSH_VP,ADVANCE,,0.1274077147245407,59.8690185546875,,,4
exp_hrl_v1,134,6,US_2,HOLD_VP,ATTACK,DIRECT,0.15177582204341888,63.512123107910156,,,4
exp_hrl_v1,134,6,US_3,HOLD_VP,ATTACK,DIRECT,0.15177582204341888,63.512123107910156,,,4
exp_hrl_v1,134,6,US_4,HOLD_VP,ATTACK,DIRECT,0.15177582204341888,63.512123107910156,,,4
exp_hrl_v1,134,6,US_5,HOLD_VP,ATTACK,DIRECT,0.15177582204341888,63.512123107910156,,,2
exp_hrl_v1,134,6,US_6,HOLD_VP,ATTACK,DIRECT,0.15177582204341888,63.512123107910156,,,4
exp_hrl_v1,134,6,US_7,HOLD_VP,ATTACK,DIRECT,0.15177582204341888,63.512123107910156,,,2
exp_hrl_v1,134,7,US_1,HOLD_VP,ATTACK,DIRECT,0.15177582204341888,63.512123107910156,,,4
exp_hrl_v1,134,7,US_2,HOLD_VP,ATTACK,DIRECT,0.15177582204341888,63.512123107910156,,,4
exp_hrl_v1,134,7,US_3,HOLD_VP,ATTACK,DIRECT,0.15177582204341888,63.512123107910156,,,4
exp_hrl_v1,134,7,US_4,HOLD_VP,ATTACK,DIRECT,0.15177582204341888,63.512123107910156,,,4
exp_hrl_v1,134,7,US_5,HOLD_VP,ATTACK,INDIRECT,0.24342340230941772,54.145668029785156,,,2
exp_hrl_v1,134,7,US_6,HOLD_VP,ATTACK,INDIRECT,0.24342340230941772,54.145668029785156,,,4
exp_hrl_v1,135,1,US_1,PUSH_VP,ADVANCE,,0.1899789720773697,31.995033264160156,,,4
exp_hrl_v1,135,1,US_2,PUSH_VP,ADVANCE,,0.1899789720773697,31.995033264160156,,,4
exp_hrl_v1,135,1,US_3,PUSH_VP,ADVANCE,,0.1899789720773697,31.995033264160156,,,4
exp_hrl_v1,135,1,US_4,PUSH_VP,ADVANCE,,0.1899789720773697,31.995033264160156,,,4
exp_hrl_v1,135,1,US_5,PUSH_VP,ADVANCE,,0.1899789720773697,31.995033264160156,,,2
exp_hrl_v1,135,1,US_6,PUSH_VP,ADVANCE,,0.1899789720773697,31.995033264160156,,,4
exp_hrl_v1,135,1,US_7,PUSH_VP,ADVANCE,,0.19140321016311646,38.966827392578125,,,2
exp_hrl_v1,135,2,US_1,PUSH_VP,ADVANCE,,0.19140321016311646,38.966827392578125,,,4
exp_hrl_v1,135,2,US_2,PUSH_VP,ADVANCE,,0.19140321016311646,38.966827392578125,,,4
exp_hrl_v1,135,2,US_3,PUSH_VP,ADVANCE,,0.19140321016311646,38.966827392578125,,,4
exp_hrl_v1,135,2,US_4,PUSH_VP,ADVANCE,,0.19140321016311646,38.966827392578125,,,4
exp_hrl_v1,135,2,US_5,PUSH_VP,ADVANCE,,0.19140321016311646,38.966827392578125,,,2
exp_hrl_v1,135,2,US_6,PUSH_VP,ADVANCE,,0.19705842435359955,43.13095474243164,,,4
exp_hrl_v1,135,2,US_7,PUSH_VP,ADVANCE,,0.19705842435359955,43.13095474243164,,,2
exp_hrl_v1,135,3,US_1,PUSH_VP,ADVANCE,,0.19705842435359955,43.13095474243164,,,4
exp_hrl_v1,135,3,US_2,PUSH_VP,ADVANCE,,0.19705842435359955,43.13095474243164,,,4
exp_hrl_v1,135,3,US_3,PUSH_VP,ADVANCE,,0.19705842435359955,43.13095474243164,,,4
exp_hrl_v1,135,3,US_4,PUSH_VP,ADVANCE,,0.19705842435359955,43.13095474243164,,,4
exp_hrl_v1,135,3,US_5,PUSH_VP,FLANK,,0.18429358303546906,51.56973648071289,,,2
exp_hrl_v1,135,3,US_6,PUSH_VP,FLANK,,0.18429358303546906,51.56973648071289,,,4
exp_hrl_v1,135,3,US_7,PUSH_VP,FLANK,,0.18429358303546906,51.56973648071289,,,2
exp_hrl_v1,135,4,US_1,PUSH_VP,FLANK,,0.18429358303546906,51.56973648071289,,,4
exp_hrl_v1,135,4,US_2,PUSH_VP,FLANK,,0.18429358303546906,51.56973648071289,,,4
exp_hrl_v1,135,4,US_3,PUSH_VP,ADVANCE,,0.15722118318080902,55.64869689941406,,,4
exp_hrl_v1,135,4,US_4,PUSH_VP,ADVANCE,,0.15722118318080902,55.64869689941406,,,4
exp_hrl_v1,135,4,US_5,PUSH_VP,ADVANCE,,0.15722118318080902,55.64869689941406,,,2
exp_hrl_v1,135,4,US_6,PUSH_VP,ADVANCE,,0.15722118318080902,55.64869689941406,,,4
exp_hrl_v1,135,4,US_7,PUSH_VP,ADVANCE,,0.15722118318080902,55.64869689941406,,,2
exp_hrl_v1,135,5,US_1,PUSH_VP,ADVANCE,,0.15722118318080902,55.64869689941406,,,4
exp_hrl_v1,135,5,US_2,PUSH_VP,ADVANCE,,0.19443176686763763,59.29676818847656,,,4
exp_hrl_v1,135,5,US_3,PUSH_VP,ADVANCE,,0.19443176686763763,59.29676818847656,,,4
exp_hrl_v1,135,5,US_4,PUSH_VP,ADVANCE,,0.19443176686763763,59.29676818847656,,,4
exp_hrl_v1,135,5,US_5,PUSH_VP,ADVANCE,,0.19443176686763763,59.29676818847656,,,2
exp_hrl_v1,135,5,US_6,PUSH_VP,ADVANCE,,0.19443176686763763,59.29676818847656,,,4
exp_hrl_v1,135,5,US_7,PUSH_VP,ADVANCE,,0.19443176686763763,59.29676818847656,,,2
exp_hrl_v1,135,6,US_1,HOLD_VP,ADVANCE,,0.17873826622962952,61.97447967529297,,,4
exp_hrl_v1,135,6,US_2,HOLD_VP,ADVANCE,,0.17873826622962952,61.97447967529297,,,4
exp_hrl_v1,135,6,US_3,HOLD_VP,ADVANCE,,0.17873826622962952,61.97447967529297,,,4
exp_hrl_v1,135,6,US_4,HOLD_VP,ADVANCE,,0.17873826622962952,61.97447967529297,,,4
exp_hrl_v1,135,6,US_5,HOLD_VP,ADVANCE,,0.17873826622962952,61.97447967529297,,,2
exp_hrl_v1,135,6,US_6,HOLD_VP,ADVANCE,,0.17873826622962952,61.97447967529297,,,4
exp_hrl_v1,135,6,US_7,HOLD_VP,ATTACK,DIRECT,0.42847996950149536,63.43370819091797,,,2
exp_hrl_v1,135,7,US_1,HOLD_VP,ATTACK,DIRECT,0.42847996950149536,63.43370819091797,,,4
exp_hrl_v1,135,7,US_2,HOLD_VP,ATTACK,DIRECT,0.42847996950149536,63.43370819091797,,,4
exp_hrl_v1,135,7,US_3,HOLD_VP,ATTACK,DIRECT,0.42847996950149536,63.43370819091797,,,4
exp_hrl_v1,135,7,US_4,HOLD_VP,ATTACK,DIRECT,0.42847996950149536,63.43370819091797,,,4
exp_hrl_v1,135,7,US_5,HOLD_VP,ATTACK,DIRECT,0.42847996950149536,63.43370819091797,,,2
exp_hrl_v1,135,7,US_6,HOLD_VP,ATTACK,DIRECT,0.42847996950149536,63.43370819091797,,,4
exp_hrl_v1,135,7,US_7,HOLD_VP,ATTACK,DIRECT,0.42847996950149536,63.43370819091797,,,2
exp_hrl_v1,135,8,US_1,HOLD_VP,ATTACK,DIRECT,0.42847996950149536,63.43370819091797,,,4
exp_hrl_v1,136,1,US_1,PUSH_VP,ADVANCE,,0.2209296077489853,31.995033264160156,,,4
exp_hrl_v1,136,1,US_2,PUSH_VP,ADVANCE,,0.2209296077489853,31.995033264160156,,,4
exp_hrl_v1,136,1,US_3,PUSH_VP,ADVANCE,,0.2209296077489853,31.995033264160156,,,4
exp_hrl_v1,136,1,US_4,PUSH_VP,ADVANCE,,0.2209296077489853,31.995033264160156,,,4
exp_hrl_v1,136,1,US_5,PUSH_VP,ADVANCE,,0.2209296077489853,31.995033264160156,,,2
exp_hrl_v1,136,1,US_6,PUSH_VP,ADVANCE,,0.2209296077489853,31.995033264160156,,,4
exp_hrl_v1,136,1,US_7,PUSH_VP,FLANK,,0.1966974139213562,38.966827392578125,,,2
exp_hrl_v1,136,2,US_1,PUSH_VP,FLANK,,0.1966974139213562,38.966827392578125,,,4
exp_hrl_v1,136,2,US_2,PUSH_VP,FLANK,,0.1966974139213562,38.966827392578125,,,4
exp_hrl_v1,136,2,US_3,PUSH_VP,FLANK,,0.1966974139213562,38.966827392578125,,,4
exp_hrl_v1,136,2,US_4,PUSH_VP,FLANK,,0.1966974139213562,38.966827392578125,,,4
exp_hrl_v1,136,2,US_5,PUSH_VP,ADVANCE,,0.18582558631896973,45.69208526611328,,,2
exp_hrl_v1,136,2,US_6,PUSH_VP,ADVANCE,,0.18582558631896973,45.69208526611328,,,4
exp_hrl_v1,136,2,US_7,PUSH_VP,ADVANCE,,0.18582558631896973,45.69208526611328,,,2
exp_hrl_v1,136,3,US_1,PUSH_VP,ADVANCE,,0.18582558631896973,45.69208526611328,,,4
exp_hrl_v1,136,3,US_2,PUSH_VP,ADVANCE,,0.18582558631896973,45.69208526611328,,,4
exp_hrl_v1,136,3,US_3,PUSH_VP,ADVANCE,,0.18582558631896973,45.69208526611328,,,4
exp_hrl_v1,136,3,US_4,PUSH_VP,ADVANCE,,0.18378423154354095,50.84752655029297,,,4
exp_hrl_v1,136,3,US_5,PUSH_VP,ADVANCE,,0.18378423154354095,50.84752655029297,,,2
exp_hrl_v1,136,3,US_6,PUSH_VP,ADVANCE,,0.18378423154354095,50.84752655029297,,,4
exp_hrl_v1,136,3,US_7,PUSH_VP,ADVANCE,,0.18378423154354095,50.84752655029297,,,2
exp_hrl_v1,136,4,US_1,PUSH_VP,ADVANCE,,0.18378423154354095,50.84752655029297,,,4
exp_hrl_v1,136,4,US_2,PUSH_VP,ADVANCE,,0.18378423154354095,50.84752655029297,,,4
exp_hrl_v1,136,4,US_3,PUSH_VP,FLANK,,0.18584688007831573,55.34172058105469,,,4
exp_hrl_v1,136,4,US_4,PUSH_VP,FLANK,,0.18584688007831573,55.34172058105469,,,4
exp_hrl_v1,136,4,US_5,PUSH_VP,FLANK,,0.18584688007831573,55.34172058105469,,,2
exp_hrl_v1,136,4,US_6,PUSH_VP,FLANK,,0.18584688007831573,55.34172058105469,,,4
exp_hrl_v1,136,4,US_7,PUSH_VP,FLANK,,0.18584688007831573,55.34172058105469,,,2
exp_hrl_v1,136,5,US_1,PUSH_VP,ADVANCE,,0.17092899978160858,59.20802307128906,,,4
exp_hrl_v1,136,5,US_2,PUSH_VP,ADVANCE,,0.17092899978160858,59.20802307128906,,,4
exp_hrl_v1,136,5,US_3,PUSH_VP,ADVANCE,,0.17092899978160858,59.20802307128906,,,4
exp_hrl_v1,136,5,US_4,PUSH_VP,ADVANCE,,0.17092899978160858,59.20802307128906,,,4
exp_hrl_v1,136,5,US_5,PUSH_VP,ADVANCE,,0.17092899978160858,59.20802307128906,,,2
exp_hrl_v1,136,5,US_6,PUSH_VP,ADVANCE,,0.17092899978160858,59.20802307128906,,,4
exp_hrl_v1,136,5,US_7,HOLD_VP,ADVANCE,,0.18074354529380798,61.696353912353516,,,2
exp_hrl_v1,136,6,US_1,HOLD_VP,ADVANCE,,0.18074354529380798,61.696353912353516,,,4
exp_hrl_v1,136,6,US_2,HOLD_VP,ADVANCE,,0.18074354529380798,61.696353912353516,,,4
exp_hrl_v1,136,6,US_3,HOLD_VP,ADVANCE,,0.18074354529380798,61.696353912353516,,,4
exp_hrl_v1,136,6,US_4,HOLD_VP,ADVANCE,,0.18074354529380798,61.696353912353516,,,4
exp_hrl_v1,136,6,US_5,HOLD_VP,ADVANCE,,0.18074354529380798,61.696353912353516,,,2
exp_hrl_v1,136,6,US_6,HOLD_VP,ADVANCE,,0.15141887962818146,64.3533706665039,,,4
exp_hrl_v1,136,6,US_7,HOLD_VP,ADVANCE,,0.15141887962818146,64.3533706665039,,,2
exp_hrl_v1,136,7,US_1,HOLD_VP,ADVANCE,,0.15141887962818146,64.3533706665039,,,4
exp_hrl_v1,136,7,US_2,HOLD_VP,ADVANCE,,0.15141887962818146,64.3533706665039,,,4
exp_hrl_v1,136,7,US_3,HOLD_VP,ADVANCE,,0.15141887962818146,64.3533706665039,,,4
exp_hrl_v1,136,7,US_4,HOLD_VP,ADVANCE,,0.15141887962818146,64.3533706665039,,,4
exp_hrl_v1,136,7,US_5,HOLD_VP,ATTACK,INDIRECT,0.3951258063316345,66.2176284790039,,,2
exp_hrl_v1,136,7,US_6,HOLD_VP,ATTACK,INDIRECT,0.3951258063316345,66.2176284790039,,,4
exp_hrl_v1,136,7,US_7,HOLD_VP,ATTACK,INDIRECT,0.3951258063316345,66.2176284790039,,,2
exp_hrl_v1,136,8,US_1,HOLD_VP,ATTACK,INDIRECT,0.3951258063316345,66.2176284790039,,,4
exp_hrl_v1,136,8,US_2,HOLD_VP,ATTACK,INDIRECT,0.3951258063316345,66.2176284790039,,,4
exp_hrl_v1,136,8,US_3,HOLD_VP,ATTACK,INDIRECT,0.3951258063316345,66.2176284790039,,,4
exp_hrl_v1,136,8,US_4,HOLD_VP,ATTACK,INDIRECT,0.3951258063316345,66.2176284790039,,,4
exp_hrl_v1,136,8,US_5,HOLD_VP,ATTACK,INDIRECT,0.3951258063316345,66.2176284790039,,,2
exp_hrl_v1,136,8,US_6,HOLD_VP,ATTACK,INDIRECT,0.3951258063316345,66.2176284790039,,,4
exp_hrl_v1,136,8,US_7,HOLD_VP,ATTACK,INDIRECT,0.3951258063316345,66.2176284790039,,,2
exp_hrl_v1,136,9,US_1,HOLD_VP,ADVANCE,,0.14914964139461517,53.842994689941406,,,4
exp_hrl_v1,136,9,US_2,HOLD_VP,ADVANCE,,0.14914964139461517,53.842994689941406,,,4
exp_hrl_v1,136,9,US_3,HOLD_VP,ADVANCE,,0.14914964139461517,53.842994689941406,,,4
exp_hrl_v1,136,9,US_4,HOLD_VP,ADVANCE,,0.14914964139461517,53.842994689941406,,,4
exp_hrl_v1,136,9,US_5,HOLD_VP,ADVANCE,,0.14914964139461517,53.842994689941406,,,2
exp_hrl_v1,136,9,US_6,HOLD_VP,ADVANCE,,0.14914964139461517,53.842994689941406,,,4
exp_hrl_v1,136,9,US_7,HOLD_VP,FLANK,,0.22795414924621582,47.52275085449219,,,2
exp_hrl_v1,136,10,US_1,HOLD_VP,FLANK,,0.22795414924621582,47.52275085449219,,,4
exp_hrl_v1,136,10,US_2,HOLD_VP,FLANK,,0.22795414924621582,47.52275085449219,,,4
exp_hrl_v1,136,10,US_3,HOLD_VP,FLANK,,0.22795414924621582,47.52275085449219,,,4
exp_hrl_v1,136,10,US_4,HOLD_VP,FLANK,,0.22795414924621582,47.52275085449219,,,4
exp_hrl_v1,136,10,US_5,HOLD_VP,ADVANCE,,0.2685152590274811,42.01508331298828,,,2
exp_hrl_v1,136,10,US_6,HOLD_VP,ADVANCE,,0.2685152590274811,42.01508331298828,,,4
exp_hrl_v1,136,10,US_7,HOLD_VP,ADVANCE,,0.2685152590274811,42.01508331298828,,,2
exp_hrl_v1,136,11,US_1,HOLD_VP,ADVANCE,,0.2685152590274811,42.01508331298828,,,4
exp_hrl_v1,136,11,US_2,HOLD_VP,ADVANCE,,0.2685152590274811,42.01508331298828,,,4
exp_hrl_v1,136,11,US_3,HOLD_VP,ADVANCE,,0.2685152590274811,42.01508331298828,,,4
exp_hrl_v1,136,11,US_4,HOLD_VP,ADVANCE,,0.2549535930156708,37.37239074707031,,,4
exp_hrl_v1,136,11,US_5,HOLD_VP,ADVANCE,,0.2549535930156708,37.37239074707031,,,2
exp_hrl_v1,136,11,US_6,HOLD_VP,ADVANCE,,0.2549535930156708,37.37239074707031,,,4
exp_hrl_v1,136,11,US_7,HOLD_VP,ADVANCE,,0.2549535930156708,37.37239074707031,,,2
exp_hrl_v1,137,1,US_1,ATTACK,RETREAT,,0.19773367047309875,31.995033264160156,,,4
exp_hrl_v1,137,1,US_2,ATTACK,RETREAT,,0.19773367047309875,31.995033264160156,,,4
exp_hrl_v1,137,1,US_3,ATTACK,ADVANCE,,0.21641144156455994,39.331787109375,,,4
exp_hrl_v1,137,1,US_4,ATTACK,ADVANCE,,0.21641144156455994,39.331787109375,,,4
exp_hrl_v1,137,1,US_5,ATTACK,ADVANCE,,0.21641144156455994,39.331787109375,,,2
exp_hrl_v1,137,1,US_6,ATTACK,ADVANCE,,0.21641144156455994,39.331787109375,,,4
exp_hrl_v1,137,1,US_7,ATTACK,ADVANCE,,0.21641144156455994,39.331787109375,,,2
exp_hrl_v1,137,2,US_1,ATTACK,ADVANCE,,0.21641144156455994,39.331787109375,,,4
exp_hrl_v1,137,2,US_2,ATTACK,ATTACK,DIRECT,0.1947241723537445,41.62881851196289,,,4
exp_hrl_v1,137,2,US_3,ATTACK,ATTACK,DIRECT,0.1947241723537445,41.62881851196289,,,4
exp_hrl_v1,137,2,US_4,ATTACK,ATTACK,DIRECT,0.1947241723537445,41.62881851196289,,,4
exp_hrl_v1,137,2,US_5,ATTACK,ATTACK,DIRECT,0.1947241723537445,41.62881851196289,,,2
exp_hrl_v1,137,2,US_6,ATTACK,ATTACK,DIRECT,0.1947241723537445,41.62881851196289,,,4
exp_hrl_v1,137,2,US_7,ATTACK,ATTACK,DIRECT,0.1947241723537445,41.62881851196289,,,2
exp_hrl_v1,137,3,US_1,ATTACK,ATTACK,DIRECT,0.1947241723537445,41.62881851196289,,,4
exp_hrl_v1,137,3,US_2,ATTACK,ATTACK,DIRECT,0.1947241723537445,41.62881851196289,,,4
exp_hrl_v1,137,3,US_3,ATTACK,ATTACK,DIRECT,0.1947241723537445,41.62881851196289,,,4
exp_hrl_v1,137,3,US_4,ATTACK,ATTACK,DIRECT,0.1947241723537445,41.62881851196289,,,4
exp_hrl_v1,137,3,US_5,ATTACK,ATTACK,DIRECT,0.31380894780158997,53.22137451171875,,,2
exp_hrl_v1,137,3,US_6,ATTACK,ATTACK,DIRECT,0.31380894780158997,53.22137451171875,,,4
exp_hrl_v1,137,3,US_7,ATTACK,ATTACK,DIRECT,0.31380894780158997,53.22137451171875,,,2
exp_hrl_v1,137,4,US_1,ATTACK,ATTACK,DIRECT,0.31380894780158997,53.22137451171875,,,4
exp_hrl_v1,137,4,US_2,ATTACK,ATTACK,DIRECT,0.31380894780158997,53.22137451171875,,,4
exp_hrl_v1,137,4,US_3,ATTACK,ATTACK,DIRECT,0.31380894780158997,53.22137451171875,,,4
exp_hrl_v1,137,4,US_4,ATTACK,ATTACK,DIRECT,0.31380894780158997,53.22137451171875,,,4
exp_hrl_v1,137,4,US_5,ATTACK,ATTACK,DIRECT,0.31380894780158997,53.22137451171875,,,2
exp_hrl_v1,137,4,US_6,ATTACK,ATTACK,DIRECT,0.31380894780158997,53.22137451171875,,,4
exp_hrl_v1,138,1,US_1,PUSH_VP,FLANK,,0.1957722306251526,31.995033264160156,,,4
exp_hrl_v1,138,1,US_2,PUSH_VP,FLANK,,0.1957722306251526,31.995033264160156,,,4
exp_hrl_v1,138,1,US_3,PUSH_VP,FLANK,,0.1957722306251526,31.995033264160156,,,4
exp_hrl_v1,138,1,US_4,PUSH_VP,FLANK,,0.1957722306251526,31.995033264160156,,,4
exp_hrl_v1,138,1,US_5,PUSH_VP,FLANK,,0.1957722306251526,31.995033264160156,,,2
exp_hrl_v1,138,1,US_6,PUSH_VP,HOLD,,0.20154522359371185,38.0492057800293,,,4
exp_hrl_v1,138,1,US_7,PUSH_VP,ADVANCE,,0.20095579326152802,40.68621063232422,,,2
exp_hrl_v1,138,2,US_1,PUSH_VP,ADVANCE,,0.20095579326152802,40.68621063232422,,,4
exp_hrl_v1,138,2,US_2,PUSH_VP,ADVANCE,,0.20095579326152802,40.68621063232422,,,4
exp_hrl_v1,138,2,US_3,PUSH_VP,ADVANCE,,0.20095579326152802,40.68621063232422,,,4
exp_hrl_v1,138,2,US_4,PUSH_VP,ADVANCE,,0.20095579326152802,40.68621063232422,,,4
exp_hrl_v1,138,2,US_5,PUSH_VP,ADVANCE,,0.20095579326152802,40.68621063232422,,,2
exp_hrl_v1,138,2,US_6,PUSH_VP,ADVANCE,,0.20244581997394562,43.972877502441406,,,4
exp_hrl_v1,138,2,US_7,PUSH_VP,ADVANCE,,0.20244581997394562,43.972877502441406,,,2
exp_hrl_v1,138,3,US_1,PUSH_VP,ADVANCE,,0.20244581997394562,43.972877502441406,,,4
exp_hrl_v1,138,3,US_2,PUSH_VP,ADVANCE,,0.20244581997394562,43.972877502441406,,,4
exp_hrl_v1,138,3,US_3,PUSH_VP,ADVANCE,,0.20244581997394562,43.972877502441406,,,4
exp_hrl_v1,138,3,US_4,PUSH_VP,ADVANCE,,0.20244581997394562,43.972877502441406,,,4
exp_hrl_v1,138,3,US_5,PUSH_VP,ATTACK,INDIRECT,0.25857409834861755,51.72123718261719,,,2
exp_hrl_v1,138,3,US_6,PUSH_VP,ATTACK,INDIRECT,0.25857409834861755,51.72123718261719,,,4
exp_hrl_v1,138,3,US_7,PUSH_VP,ATTACK,INDIRECT,0.25857409834861755,51.72123718261719,,,2
exp_hrl_v1,138,4,US_1,PUSH_VP,ATTACK,INDIRECT,0.25857409834861755,51.72123718261719,,,4
exp_hrl_v1,138,4,US_2,PUSH_VP,ATTACK,INDIRECT,0.25857409834861755,51.72123718261719,,,4
exp_hrl_v1,138,4,US_3,PUSH_VP,ATTACK,INDIRECT,0.25857409834861755,51.72123718261719,,,4
exp_hrl_v1,138,4,US_4,PUSH_VP,ATTACK,INDIRECT,0.25857409834861755,51.72123718261719,,,4
exp_hrl_v1,138,4,US_5,PUSH_VP,ATTACK,INDIRECT,0.25857409834861755,51.72123718261719,,,2
exp_hrl_v1,138,4,US_6,PUSH_VP,ATTACK,INDIRECT,0.25857409834861755,51.72123718261719,,,4
exp_hrl_v1,138,4,US_7,PUSH_VP,ATTACK,INDIRECT,0.25857409834861755,51.72123718261719,,,2
exp_hrl_v1,139,1,US_1,PUSH_VP,ADVANCE,,0.1955854892730713,31.995033264160156,,,4
exp_hrl_v1,139,1,US_2,PUSH_VP,ADVANCE,,0.1955854892730713,31.995033264160156,,,4
exp_hrl_v1,139,1,US_3,PUSH_VP,ADVANCE,,0.1955854892730713,31.995033264160156,,,4
exp_hrl_v1,139,1,US_4,PUSH_VP,ADVANCE,,0.1955854892730713,31.995033264160156,,,4
exp_hrl_v1,139,1,US_5,PUSH_VP,ADVANCE,,0.1955854892730713,31.995033264160156,,,2
exp_hrl_v1,139,1,US_6,PUSH_VP,ADVANCE,,0.1955854892730713,31.995033264160156,,,4
exp_hrl_v1,139,1,US_7,PUSH_VP,FLANK,,0.1966974139213562,38.966827392578125,,,2
exp_hrl_v1,139,2,US_1,PUSH_VP,FLANK,,0.1966974139213562,38.966827392578125,,,4
exp_hrl_v1,139,2,US_2,PUSH_VP,FLANK,,0.1966974139213562,38.966827392578125,,,4
exp_hrl_v1,139,2,US_3,PUSH_VP,FLANK,,0.1966974139213562,38.966827392578125,,,4
exp_hrl_v1,139,2,US_4,PUSH_VP,FLANK,,0.1966974139213562,38.966827392578125,,,4
exp_hrl_v1,139,2,US_5,PUSH_VP,RETREAT,,0.19693492352962494,45.69208526611328,,,2
exp_hrl_v1,139,2,US_6,PUSH_VP,RETREAT,,0.19693492352962494,45.69208526611328,,,4
exp_hrl_v1,139,2,US_7,PUSH_VP,ADVANCE,,0.1977377086877823,48.17653274536133,,,2
exp_hrl_v1,139,3,US_1,PUSH_VP,ADVANCE,,0.1977377086877823,48.17653274536133,,,4
exp_hrl_v1,139,3,US_2,PUSH_VP,ADVANCE,,0.1977377086877823,48.17653274536133,,,4
exp_hrl_v1,139,3,US_3,PUSH_VP,ADVANCE,,0.1977377086877823,48.17653274536133,,,4
exp_hrl_v1,139,3,US_4,PUSH_VP,ADVANCE,,0.1977377086877823,48.17653274536133,,,4
exp_hrl_v1,139,3,US_5,PUSH_VP,ADVANCE,,0.1977377086877823,48.17653274536133,,,2
exp_hrl_v1,139,3,US_6,PUSH_VP,FLANK,,0.18859390914440155,51.10852813720703,,,4
exp_hrl_v1,139,3,US_7,PUSH_VP,FLANK,,0.18859390914440155,51.10852813720703,,,2
exp_hrl_v1,139,4,US_1,PUSH_VP,FLANK,,0.18859390914440155,51.10852813720703,,,4
exp_hrl_v1,139,4,US_2,PUSH_VP,FLANK,,0.18859390914440155,51.10852813720703,,,4
exp_hrl_v1,139,4,US_3,PUSH_VP,FLANK,,0.18859390914440155,51.10852813720703,,,4
exp_hrl_v1,139,4,US_4,PUSH_VP,ADVANCE,,0.1829157918691635,56.569183349609375,,,4
exp_hrl_v1,139,4,US_5,PUSH_VP,ADVANCE,,0.1829157918691635,56.569183349609375,,,2
exp_hrl_v1,139,4,US_6,PUSH_VP,ADVANCE,,0.1829157918691635,56.569183349609375,,,4
exp_hrl_v1,139,4,US_7,PUSH_VP,ADVANCE,,0.1829157918691635,56.569183349609375,,,2
exp_hrl_v1,139,5,US_1,PUSH_VP,ADVANCE,,0.1829157918691635,56.569183349609375,,,4
exp_hrl_v1,139,5,US_2,PUSH_VP,ADVANCE,,0.1829157918691635,56.569183349609375,,,4
exp_hrl_v1,139,5,US_3,HOLD_VP,ATTACK,DIRECT,0.12674099206924438,59.85874557495117,,,4
exp_hrl_v1,139,5,US_4,HOLD_VP,ATTACK,DIRECT,0.12674099206924438,59.85874557495117,,,4
exp_hrl_v1,139,5,US_5,HOLD_VP,ATTACK,DIRECT,0.12674099206924438,59.85874557495117,,,2
exp_hrl_v1,139,5,US_6,HOLD_VP,ATTACK,DIRECT,0.12674099206924438,59.85874557495117,,,4
exp_hrl_v1,139,5,US_7,HOLD_VP,ATTACK,DIRECT,0.12674099206924438,59.85874557495117,,,2
exp_hrl_v1,139,6,US_1,HOLD_VP,ATTACK,DIRECT,0.12674099206924438,59.85874557495117,,,4
exp_hrl_v1,139,6,US_2,HOLD_VP,ATTACK,DIRECT,0.12674099206924438,59.85874557495117,,,4
exp_hrl_v1,139,6,US_3,HOLD_VP,ATTACK,DIRECT,0.12674099206924438,59.85874557495117,,,4
exp_hrl_v1,140,1,US_1,PUSH_VP,ADVANCE,,0.19773367047309875,31.995033264160156,,,4
exp_hrl_v1,140,1,US_2,PUSH_VP,ADVANCE,,0.19773367047309875,31.995033264160156,,,4
exp_hrl_v1,140,1,US_3,PUSH_VP,ADVANCE,,0.19773367047309875,31.995033264160156,,,4
exp_hrl_v1,140,1,US_4,PUSH_VP,ADVANCE,,0.19773367047309875,31.995033264160156,,,4
exp_hrl_v1,140,1,US_5,PUSH_VP,ADVANCE,,0.19773367047309875,31.995033264160156,,,2
exp_hrl_v1,140,1,US_6,PUSH_VP,ADVANCE,,0.19773367047309875,31.995033264160156,,,4
exp_hrl_v1,140,1,US_7,PUSH_VP,FLANK,,0.1966974139213562,38.966827392578125,,,2
exp_hrl_v1,140,2,US_1,PUSH_VP,FLANK,,0.1966974139213562,38.966827392578125,,,4
exp_hrl_v1,140,2,US_2,PUSH_VP,FLANK,,0.1966974139213562,38.966827392578125,,,4
exp_hrl_v1,140,2,US_3,PUSH_VP,FLANK,,0.1966974139213562,38.966827392578125,,,4
exp_hrl_v1,140,2,US_4,PUSH_VP,FLANK,,0.1966974139213562,38.966827392578125,,,4
exp_hrl_v1,140,2,US_5,PUSH_VP,FLANK,,0.19717855751514435,45.69208526611328,,,2
exp_hrl_v1,140,2,US_6,PUSH_VP,FLANK,,0.19717855751514435,45.69208526611328,,,4
exp_hrl_v1,140,2,US_7,PUSH_VP,FLANK,,0.19717855751514435,45.69208526611328,,,2
exp_hrl_v1,140,3,US_1,PUSH_VP,FLANK,,0.19717855751514435,45.69208526611328,,,4
exp_hrl_v1,140,3,US_2,PUSH_VP,FLANK,,0.19717855751514435,45.69208526611328,,,4
exp_hrl_v1,140,3,US_3,PUSH_VP,ADVANCE,,0.17813216149806976,51.16645812988281,,,4
exp_hrl_v1,140,3,US_4,PUSH_VP,ADVANCE,,0.17813216149806976,51.16645812988281,,,4
exp_hrl_v1,140,3,US_5,PUSH_VP,ADVANCE,,0.17813216149806976,51.16645812988281,,,2
exp_hrl_v1,140,3,US_6,PUSH_VP,ADVANCE,,0.17813216149806976,51.16645812988281,,,4
exp_hrl_v1,140,3,US_7,PUSH_VP,ADVANCE,,0.17813216149806976,51.16645812988281,,,2
exp_hrl_v1,140,4,US_1,PUSH_VP,ADVANCE,,0.17813216149806976,51.16645812988281,,,4
exp_hrl_v1,140,4,US_2,PUSH_VP,ADVANCE,,0.30108508467674255,56.217185974121094,,,4
exp_hrl_v1,140,4,US_3,PUSH_VP,ADVANCE,,0.30108508467674255,56.217185974121094,,,4
exp_hrl_v1,140,4,US_4,PUSH_VP,ADVANCE,,0.30108508467674255,56.217185974121094,,,4
exp_hrl_v1,140,4,US_5,PUSH_VP,ADVANCE,,0.30108508467674255,56.217185974121094,,,2
exp_hrl_v1,140,4,US_6,PUSH_VP,ADVANCE,,0.30108508467674255,56.217185974121094,,,4
exp_hrl_v1,140,4,US_7,PUSH_VP,ADVANCE,,0.30108508467674255,56.217185974121094,,,2
exp_hrl_v1,140,5,US_1,PUSH_VP,ADVANCE,,0.3387642204761505,59.040855407714844,,,4
exp_hrl_v1,140,5,US_2,PUSH_VP,ADVANCE,,0.3387642204761505,59.040855407714844,,,4
exp_hrl_v1,140,5,US_3,PUSH_VP,ADVANCE,,0.3387642204761505,59.040855407714844,,,4
exp_hrl_v1,140,5,US_4,PUSH_VP,ADVANCE,,0.3387642204761505,59.040855407714844,,,4
exp_hrl_v1,140,5,US_5,PUSH_VP,ADVANCE,,0.3387642204761505,59.040855407714844,,,2
exp_hrl_v1,140,5,US_6,PUSH_VP,ADVANCE,,0.3387642204761505,59.040855407714844,,,4
exp_hrl_v1,140,5,US_7,HOLD_VP,ATTACK,INDIRECT,0.39911583065986633,61.295860290527344,,,2
exp_hrl_v1,140,6,US_1,HOLD_VP,ATTACK,INDIRECT,0.39911583065986633,61.295860290527344,,,4
exp_hrl_v1,140,6,US_2,HOLD_VP,ATTACK,INDIRECT,0.39911583065986633,61.295860290527344,,,4
exp_hrl_v1,140,6,US_3,HOLD_VP,ATTACK,INDIRECT,0.39911583065986633,61.295860290527344,,,4
exp_hrl_v1,140,6,US_4,HOLD_VP,ATTACK,INDIRECT,0.39911583065986633,61.295860290527344,,,4
exp_hrl_v1,140,6,US_5,HOLD_VP,ATTACK,INDIRECT,0.39911583065986633,61.295860290527344,,,2
exp_hrl_v1,140,6,US_6,HOLD_VP,ATTACK,INDIRECT,0.39911583065986633,61.295860290527344,,,4
exp_hrl_v1,140,6,US_7,HOLD_VP,ATTACK,INDIRECT,0.39911583065986633,61.295860290527344,,,2
exp_hrl_v1,140,7,US_1,HOLD_VP,ATTACK,INDIRECT,0.39911583065986633,61.295860290527344,,,4
exp_hrl_v1,140,7,US_2,HOLD_VP,ATTACK,INDIRECT,0.39911583065986633,61.295860290527344,,,4
exp_hrl_v1,141,1,US_1,PUSH_VP,ADVANCE,,0.1899789720773697,31.995033264160156,,,4
exp_hrl_v1,141,1,US_2,PUSH_VP,ADVANCE,,0.1899789720773697,31.995033264160156,,,4
exp_hrl_v1,141,1,US_3,PUSH_VP,ADVANCE,,0.1899789720773697,31.995033264160156,,,4
exp_hrl_v1,141,1,US_4,PUSH_VP,ADVANCE,,0.1899789720773697,31.995033264160156,,,4
exp_hrl_v1,141,1,US_5,PUSH_VP,ADVANCE,,0.1899789720773697,31.995033264160156,,,2
exp_hrl_v1,141,1,US_6,PUSH_VP,ADVANCE,,0.1899789720773697,31.995033264160156,,,4
exp_hrl_v1,141,1,US_7,PUSH_VP,ADVANCE,,0.21747517585754395,38.966827392578125,,,2
exp_hrl_v1,141,2,US_1,PUSH_VP,ADVANCE,,0.21747517585754395,38.966827392578125,,,4
exp_hrl_v1,141,2,US_2,PUSH_VP,ADVANCE,,0.21747517585754395,38.966827392578125,,,4
exp_hrl_v1,141,2,US_3,PUSH_VP,ADVANCE,,0.21747517585754395,38.966827392578125,,,4
exp_hrl_v1,141,2,US_4,PUSH_VP,ADVANCE,,0.21747517585754395,38.966827392578125,,,4
exp_hrl_v1,141,2,US_5,PUSH_VP,ADVANCE,,0.21747517585754395,38.966827392578125,,,2
exp_hrl_v1,141,2,US_6,PUSH_VP,ADVANCE,,0.1971135288476944,43.13095474243164,,,4
exp_hrl_v1,141,2,US_7,PUSH_VP,ADVANCE,,0.1971135288476944,43.13095474243164,,,2
exp_hrl_v1,141,3,US_1,PUSH_VP,ADVANCE,,0.1971135288476944,43.13095474243164,,,4
exp_hrl_v1,141,3,US_2,PUSH_VP,ADVANCE,,0.1971135288476944,43.13095474243164,,,4
exp_hrl_v1,141,3,US_3,PUSH_VP,ADVANCE,,0.1971135288476944,43.13095474243164,,,4
exp_hrl_v1,141,3,US_4,PUSH_VP,ADVANCE,,0.1971135288476944,43.13095474243164,,,4
exp_hrl_v1,141,3,US_5,PUSH_VP,ADVANCE,,0.2650388479232788,51.56973648071289,,,2
exp_hrl_v1,141,3,US_6,PUSH_VP,ADVANCE,,0.2650388479232788,51.56973648071289,,,4
exp_hrl_v1,141,3,US_7,PUSH_VP,ADVANCE,,0.2650388479232788,51.56973648071289,,,2
exp_hrl_v1,141,4,US_1,PUSH_VP,ADVANCE,,0.2650388479232788,51.56973648071289,,,4
exp_hrl_v1,141,4,US_2,PUSH_VP,ADVANCE,,0.2650388479232788,51.56973648071289,,,4
exp_hrl_v1,141,4,US_3,PUSH_VP,ADVANCE,,0.2650388479232788,51.56973648071289,,,4
exp_hrl_v1,141,4,US_4,PUSH_VP,FLANK,,0.27733948826789856,56.64994812011719,,,4
exp_hrl_v1,141,4,US_5,PUSH_VP,FLANK,,0.27733948826789856,56.64994812011719,,,2
exp_hrl_v1,141,4,US_6,PUSH_VP,FLANK,,0.27733948826789856,56.64994812011719,,,4
exp_hrl_v1,141,4,US_7,PUSH_VP,FLANK,,0.27733948826789856,56.64994812011719,,,2
exp_hrl_v1,141,5,US_1,PUSH_VP,FLANK,,0.27733948826789856,56.64994812011719,,,4
exp_hrl_v1,141,5,US_2,PUSH_VP,ADVANCE,,0.33783021569252014,59.704410552978516,,,4
exp_hrl_v1,141,5,US_3,PUSH_VP,ADVANCE,,0.33783021569252014,59.704410552978516,,,4
exp_hrl_v1,141,5,US_4,PUSH_VP,ADVANCE,,0.33783021569252014,59.704410552978516,,,4
exp_hrl_v1,141,5,US_5,PUSH_VP,ADVANCE,,0.33783021569252014,59.704410552978516,,,2
exp_hrl_v1,141,5,US_6,PUSH_VP,ADVANCE,,0.33783021569252014,59.704410552978516,,,4
exp_hrl_v1,141,5,US_7,PUSH_VP,ADVANCE,,0.33783021569252014,59.704410552978516,,,2
exp_hrl_v1,141,6,US_1,HOLD_VP,ATTACK,DIRECT,0.418788343667984,63.44143295288086,,,4
exp_hrl_v1,141,6,US_2,HOLD_VP,ATTACK,DIRECT,0.418788343667984,63.44143295288086,,,4
exp_hrl_v1,141,6,US_3,HOLD_VP,ATTACK,DIRECT,0.418788343667984,63.44143295288086,,,4
exp_hrl_v1,141,6,US_4,HOLD_VP,ATTACK,DIRECT,0.418788343667984,63.44143295288086,,,4
exp_hrl_v1,141,6,US_5,HOLD_VP,ATTACK,DIRECT,0.418788343667984,63.44143295288086,,,2
exp_hrl_v1,141,6,US_6,HOLD_VP,ATTACK,DIRECT,0.418788343667984,63.44143295288086,,,4
exp_hrl_v1,141,6,US_7,HOLD_VP,ATTACK,DIRECT,0.418788343667984,63.44143295288086,,,2
exp_hrl_v1,141,7,US_1,HOLD_VP,ATTACK,DIRECT,0.418788343667984,63.44143295288086,,,4
exp_hrl_v1,141,7,US_2,HOLD_VP,ATTACK,DIRECT,0.418788343667984,63.44143295288086,,,4
exp_hrl_v1,141,7,US_3,HOLD_VP,ATTACK,DIRECT,0.418788343667984,63.44143295288086,,,4
exp_hrl_v1,142,1,US_1,PUSH_VP,FLANK,,0.1957722306251526,31.995033264160156,,,4
exp_hrl_v1,142,1,US_2,PUSH_VP,FLANK,,0.1957722306251526,31.995033264160156,,,4
exp_hrl_v1,142,1,US_3,PUSH_VP,FLANK,,0.1957722306251526,31.995033264160156,,,4
exp_hrl_v1,142,1,US_4,PUSH_VP,FLANK,,0.1957722306251526,31.995033264160156,,,4
exp_hrl_v1,142,1,US_5,PUSH_VP,FLANK,,0.1957722306251526,31.995033264160156,,,2
exp_hrl_v1,142,1,US_6,PUSH_VP,ADVANCE,,0.19178712368011475,38.0492057800293,,,4
exp_hrl_v1,142,1,US_7,PUSH_VP,ADVANCE,,0.19178712368011475,38.0492057800293,,,2
exp_hrl_v1,142,2,US_1,PUSH_VP,ADVANCE,,0.19178712368011475,38.0492057800293,,,4
exp_hrl_v1,142,2,US_2,PUSH_VP,ADVANCE,,0.19178712368011475,38.0492057800293,,,4
exp_hrl_v1,142,2,US_3,PUSH_VP,ADVANCE,,0.19178712368011475,38.0492057800293,,,4
exp_hrl_v1,142,2,US_4,PUSH_VP,ADVANCE,,0.19178712368011475,38.0492057800293,,,4
exp_hrl_v1,142,2,US_5,PUSH_VP,ADVANCE,,0.1881471872329712,45.439945220947266,,,2
exp_hrl_v1,142,2,US_6,PUSH_VP,ADVANCE,,0.1881471872329712,45.439945220947266,,,4
exp_hrl_v1,142,2,US_7,PUSH_VP,ADVANCE,,0.1881471872329712,45.439945220947266,,,2
exp_hrl_v1,142,3,US_1,PUSH_VP,ADVANCE,,0.1881471872329712,45.439945220947266,,,4
exp_hrl_v1,142,3,US_2,PUSH_VP,ADVANCE,,0.1881471872329712,45.439945220947266,,,4
exp_hrl_v1,142,3,US_3,PUSH_VP,ADVANCE,,0.1881471872329712,45.439945220947266,,,4
exp_hrl_v1,142,3,US_4,PUSH_VP,ADVANCE,,0.19930428266525269,51.02067565917969,,,4
exp_hrl_v1,142,3,US_5,PUSH_VP,ADVANCE,,0.19930428266525269,51.02067565917969,,,2
exp_hrl_v1,142,3,US_6,PUSH_VP,ADVANCE,,0.19930428266525269,51.02067565917969,,,4
exp_hrl_v1,142,3,US_7,PUSH_VP,ADVANCE,,0.19930428266525269,51.02067565917969,,,2
exp_hrl_v1,142,4,US_1,PUSH_VP,ADVANCE,,0.19930428266525269,51.02067565917969,,,4
exp_hrl_v1,142,4,US_2,PUSH_VP,ADVANCE,,0.19930428266525269,51.02067565917969,,,4
exp_hrl_v1,142,4,US_3,PUSH_VP,ADVANCE,,0.2572968900203705,55.434879302978516,,,4
exp_hrl_v1,142,4,US_4,PUSH_VP,ADVANCE,,0.2572968900203705,55.434879302978516,,,4
exp_hrl_v1,142,4,US_5,PUSH_VP,ADVANCE,,0.2572968900203705,55.434879302978516,,,2
exp_hrl_v1,142,4,US_6,PUSH_VP,ADVANCE,,0.2572968900203705,55.434879302978516,,,4
exp_hrl_v1,142,4,US_7,PUSH_VP,ADVANCE,,0.2572968900203705,55.434879302978516,,,2
exp_hrl_v1,142,5,US_1,PUSH_VP,ADVANCE,,0.2572968900203705,55.434879302978516,,,4
exp_hrl_v1,142,5,US_2,PUSH_VP,ADVANCE,,0.1783926784992218,59.2537841796875,,,4
exp_hrl_v1,142,5,US_3,PUSH_VP,ADVANCE,,0.1783926784992218,59.2537841796875,,,4
exp_hrl_v1,142,5,US_4,PUSH_VP,ADVANCE,,0.1783926784992218,59.2537841796875,,,4
exp_hrl_v1,142,5,US_5,PUSH_VP,ADVANCE,,0.1783926784992218,59.2537841796875,,,2
exp_hrl_v1,142,5,US_6,PUSH_VP,ADVANCE,,0.1783926784992218,59.2537841796875,,,4
exp_hrl_v1,142,5,US_7,PUSH_VP,ADVANCE,,0.1783926784992218,59.2537841796875,,,2
exp_hrl_v1,142,6,US_1,HOLD_VP,ATTACK,INDIRECT,0.41576534509658813,63.322509765625,,,4
exp_hrl_v1,142,6,US_2,HOLD_VP,ATTACK,INDIRECT,0.41576534509658813,63.322509765625,,,4
exp_hrl_v1,142,6,US_3,HOLD_VP,ATTACK,INDIRECT,0.41576534509658813,63.322509765625,,,4
exp_hrl_v1,142,6,US_4,HOLD_VP,ATTACK,INDIRECT,0.41576534509658813,63.322509765625,,,4
exp_hrl_v1,142,6,US_5,HOLD_VP,ATTACK,INDIRECT,0.41576534509658813,63.322509765625,,,2
exp_hrl_v1,142,6,US_6,HOLD_VP,ATTACK,INDIRECT,0.41576534509658813,63.322509765625,,,4
exp_hrl_v1,142,6,US_7,HOLD_VP,ATTACK,INDIRECT,0.41576534509658813,63.322509765625,,,2
exp_hrl_v1,142,7,US_1,HOLD_VP,ATTACK,INDIRECT,0.41576534509658813,63.322509765625,,,4
exp_hrl_v1,143,1,US_1,HOLD_VP,ADVANCE,,0.1957722306251526,31.995033264160156,,,4
exp_hrl_v1,143,1,US_2,HOLD_VP,ADVANCE,,0.1957722306251526,31.995033264160156,,,4
exp_hrl_v1,143,1,US_3,HOLD_VP,ADVANCE,,0.1957722306251526,31.995033264160156,,,4
exp_hrl_v1,143,1,US_4,HOLD_VP,ADVANCE,,0.1957722306251526,31.995033264160156,,,4
exp_hrl_v1,143,1,US_5,HOLD_VP,ADVANCE,,0.1957722306251526,31.995033264160156,,,2
exp_hrl_v1,143,1,US_6,HOLD_VP,ADVANCE,,0.1957722306251526,31.995033264160156,,,4
exp_hrl_v1,143,1,US_7,HOLD_VP,ADVANCE,,0.19832457602024078,38.966827392578125,,,2
exp_hrl_v1,143,2,US_1,HOLD_VP,ADVANCE,,0.19832457602024078,38.966827392578125,,,4
exp_hrl_v1,143,2,US_2,HOLD_VP,ADVANCE,,0.19832457602024078,38.966827392578125,,,4
exp_hrl_v1,143,2,US_3,HOLD_VP,ADVANCE,,0.19832457602024078,38.966827392578125,,,4
exp_hrl_v1,143,2,US_4,HOLD_VP,ADVANCE,,0.19832457602024078,38.966827392578125,,,4
exp_hrl_v1,143,2,US_5,HOLD_VP,ADVANCE,,0.19832457602024078,38.966827392578125,,,2
exp_hrl_v1,143,2,US_6,HOLD_VP,ADVANCE,,0.1930677741765976,43.13095474243164,,,4
exp_hrl_v1,143,2,US_7,HOLD_VP,ADVANCE,,0.1930677741765976,43.13095474243164,,,2
exp_hrl_v1,143,3,US_1,HOLD_VP,ADVANCE,,0.1930677741765976,43.13095474243164,,,4
exp_hrl_v1,143,3,US_2,HOLD_VP,ADVANCE,,0.1930677741765976,43.13095474243164,,,4
exp_hrl_v1,143,3,US_3,HOLD_VP,ADVANCE,,0.1930677741765976,43.13095474243164,,,4
exp_hrl_v1,143,3,US_4,HOLD_VP,ADVANCE,,0.1930677741765976,43.13095474243164,,,4
exp_hrl_v1,143,3,US_5,HOLD_VP,FLANK,,0.18429358303546906,51.56973648071289,,,2
exp_hrl_v1,143,3,US_6,HOLD_VP,FLANK,,0.18429358303546906,51.56973648071289,,,4
exp_hrl_v1,143,3,US_7,HOLD_VP,FLANK,,0.18429358303546906,51.56973648071289,,,2
exp_hrl_v1,143,4,US_1,HOLD_VP,FLANK,,0.18429358303546906,51.56973648071289,,,4
exp_hrl_v1,143,4,US_2,HOLD_VP,FLANK,,0.18429358303546906,51.56973648071289,,,4
exp_hrl_v1,143,4,US_3,HOLD_VP,ADVANCE,,0.18515048921108246,55.64869689941406,,,4
exp_hrl_v1,143,4,US_4,HOLD_VP,ADVANCE,,0.18515048921108246,55.64869689941406,,,4
exp_hrl_v1,143,4,US_5,HOLD_VP,ADVANCE,,0.18515048921108246,55.64869689941406,,,2
exp_hrl_v1,143,4,US_6,HOLD_VP,ADVANCE,,0.18515048921108246,55.64869689941406,,,4
exp_hrl_v1,143,4,US_7,HOLD_VP,ADVANCE,,0.18515048921108246,55.64869689941406,,,2
exp_hrl_v1,143,5,US_1,HOLD_VP,ADVANCE,,0.18515048921108246,55.64869689941406,,,4
exp_hrl_v1,143,5,US_2,HOLD_VP,ATTACK,DIRECT,0.33531293272972107,59.29676818847656,,,4
exp_hrl_v1,143,5,US_3,HOLD_VP,ATTACK,DIRECT,0.33531293272972107,59.29676818847656,,,4
exp_hrl_v1,143,5,US_4,HOLD_VP,ATTACK,DIRECT,0.33531293272972107,59.29676818847656,,,4
exp_hrl_v1,143,5,US_5,HOLD_VP,ATTACK,DIRECT,0.33531293272972107,59.29676818847656,,,2
exp_hrl_v1,143,5,US_6,HOLD_VP,ATTACK,DIRECT,0.33531293272972107,59.29676818847656,,,4
exp_hrl_v1,143,5,US_7,HOLD_VP,ATTACK,DIRECT,0.33531293272972107,59.29676818847656,,,2
exp_hrl_v1,143,6,US_1,HOLD_VP,ATTACK,DIRECT,0.33531293272972107,59.29676818847656,,,4
exp_hrl_v1,144,1,US_1,HOLD_VP,ADVANCE,,0.1955854892730713,31.995033264160156,,,4
exp_hrl_v1,144,1,US_2,HOLD_VP,ADVANCE,,0.1955854892730713,31.995033264160156,,,4
exp_hrl_v1,144,1,US_3,HOLD_VP,ADVANCE,,0.1955854892730713,31.995033264160156,,,4
exp_hrl_v1,144,1,US_4,HOLD_VP,ADVANCE,,0.1955854892730713,31.995033264160156,,,4
exp_hrl_v1,144,1,US_5,HOLD_VP,ADVANCE,,0.1955854892730713,31.995033264160156,,,2
exp_hrl_v1,144,1,US_6,HOLD_VP,ADVANCE,,0.1955854892730713,31.995033264160156,,,4
exp_hrl_v1,144,1,US_7,HOLD_VP,RETREAT,,0.19609956443309784,38.966827392578125,,,2
exp_hrl_v1,144,2,US_1,HOLD_VP,RETREAT,,0.19609956443309784,38.966827392578125,,,4
exp_hrl_v1,144,2,US_2,HOLD_VP,FLANK,,0.19127243757247925,42.3665657043457,,,4
exp_hrl_v1,144,2,US_3,HOLD_VP,FLANK,,0.19127243757247925,42.3665657043457,,,4
exp_hrl_v1,144,2,US_4,HOLD_VP,FLANK,,0.19127243757247925,42.3665657043457,,,4
exp_hrl_v1,144,2,US_5,HOLD_VP,FLANK,,0.19127243757247925,42.3665657043457,,,2
exp_hrl_v1,144,2,US_6,HOLD_VP,FLANK,,0.19127243757247925,42.3665657043457,,,4
exp_hrl_v1,144,2,US_7,HOLD_VP,ADVANCE,,0.18536680936813354,46.74364471435547,,,2
exp_hrl_v1,144,3,US_1,HOLD_VP,ADVANCE,,0.18536680936813354,46.74364471435547,,,4
exp_hrl_v1,144,3,US_2,HOLD_VP,ADVANCE,,0.18536680936813354,46.74364471435547,,,4
exp_hrl_v1,144,3,US_3,HOLD_VP,ADVANCE,,0.18536680936813354,46.74364471435547,,,4
exp_hrl_v1,144,3,US_4,HOLD_VP,ADVANCE,,0.18536680936813354,46.74364471435547,,,4
exp_hrl_v1,144,3,US_5,HOLD_VP,ADVANCE,,0.18536680936813354,46.74364471435547,,,2
exp_hrl_v1,144,3,US_6,HOLD_VP,RETREAT,,0.18218421936035156,51.430267333984375,,,4
exp_hrl_v1,144,3,US_7,HOLD_VP,RETREAT,,0.18218421936035156,51.430267333984375,,,2
exp_hrl_v1,144,4,US_1,HOLD_VP,ATTACK,DIRECT,0.28804972767829895,54.92165756225586,,,4
exp_hrl_v1,144,4,US_2,HOLD_VP,ATTACK,DIRECT,0.28804972767829895,54.92165756225586,,,4
exp_hrl_v1,144,4,US_3,HOLD_VP,ATTACK,DIRECT,0.28804972767829895,54.92165756225586,,,4
exp_hrl_v1,144,4,US_4,HOLD_VP,ATTACK,DIRECT,0.28804972767829895,54.92165756225586,,,4
exp_hrl_v1,144,4,US_5,HOLD_VP,ATTACK,DIRECT,0.28804972767829895,54.92165756225586,,,2
exp_hrl_v1,144,4,US_6,HOLD_VP,ATTACK,DIRECT,0.28804972767829895,54.92165756225586,,,4
exp_hrl_v1,144,4,US_7,HOLD_VP,ATTACK,DIRECT,0.28804972767829895,54.92165756225586,,,2
exp_hrl_v1,144,5,US_1,HOLD_VP,ATTACK,DIRECT,0.28804972767829895,54.92165756225586,,,4
exp_hrl_v1,144,5,US_2,HOLD_VP,ATTACK,DIRECT,0.28804972767829895,54.92165756225586,,,4
exp_hrl_v1,144,5,US_3,HOLD_VP,ATTACK,DIRECT,0.28804972767829895,54.92165756225586,,,4
exp_hrl_v1,145,1,US_1,HOLD_VP,ATTACK,DIRECT,0.2209296077489853,31.995033264160156,,,4
exp_hrl_v1,145,1,US_2,HOLD_VP,ATTACK,DIRECT,0.2209296077489853,31.995033264160156,,,4
exp_hrl_v1,145,1,US_3,HOLD_VP,ATTACK,DIRECT,0.2209296077489853,31.995033264160156,,,4
exp_hrl_v1,145,1,US_4,HOLD_VP,ATTACK,DIRECT,0.2209296077489853,31.995033264160156,,,4
exp_hrl_v1,145,1,US_5,HOLD_VP,ATTACK,DIRECT,0.2209296077489853,31.995033264160156,,,2
exp_hrl_v1,145,1,US_6,HOLD_VP,ATTACK,DIRECT,0.2209296077489853,31.995033264160156,,,4
exp_hrl_v1,145,1,US_7,HOLD_VP,ATTACK,DIRECT,0.2209296077489853,31.995033264160156,,,2
exp_hrl_v1,145,2,US_1,HOLD_VP,ATTACK,DIRECT,0.2209296077489853,31.995033264160156,,,4
exp_hrl_v1,145,2,US_2,HOLD_VP,ATTACK,DIRECT,0.2209296077489853,31.995033264160156,,,4
exp_hrl_v1,145,2,US_3,HOLD_VP,ATTACK,DIRECT,0.2209296077489853,31.995033264160156,,,4
exp_hrl_v1,145,2,US_4,HOLD_VP,ADVANCE,,0.17131711542606354,53.666664123535156,,,4
exp_hrl_v1,145,2,US_5,HOLD_VP,ADVANCE,,0.17131711542606354,53.666664123535156,,,2
exp_hrl_v1,145,2,US_6,HOLD_VP,ADVANCE,,0.17131711542606354,53.666664123535156,,,4
exp_hrl_v1,145,2,US_7,HOLD_VP,ADVANCE,,0.17131711542606354,53.666664123535156,,,2
exp_hrl_v1,145,3,US_1,HOLD_VP,ADVANCE,,0.17131711542606354,53.666664123535156,,,4
exp_hrl_v1,145,3,US_2,HOLD_VP,ADVANCE,,0.17131711542606354,53.666664123535156,,,4
exp_hrl_v1,145,3,US_3,HOLD_VP,ADVANCE,,0.16358605027198792,58.710304260253906,,,4
exp_hrl_v1,145,3,US_4,HOLD_VP,ADVANCE,,0.16358605027198792,58.710304260253906,,,4
exp_hrl_v1,145,3,US_5,HOLD_VP,ADVANCE,,0.16358605027198792,58.710304260253906,,,2
exp_hrl_v1,145,3,US_6,HOLD_VP,ADVANCE,,0.16358605027198792,58.710304260253906,,,4
exp_hrl_v1,145,3,US_7,HOLD_VP,ADVANCE,,0.16358605027198792,58.710304260253906,,,2
exp_hrl_v1,145,4,US_1,HOLD_VP,ADVANCE,,0.16358605027198792,58.710304260253906,,,4
exp_hrl_v1,145,4,US_2,HOLD_VP,ADVANCE,,0.13880975544452667,59.505741119384766,,,4
exp_hrl_v1,145,4,US_3,HOLD_VP,ADVANCE,,0.13880975544452667,59.505741119384766,,,4
exp_hrl_v1,145,4,US_4,HOLD_VP,ADVANCE,,0.13880975544452667,59.505741119384766,,,4
exp_hrl_v1,145,4,US_5,HOLD_VP,ADVANCE,,0.13880975544452667,59.505741119384766,,,2
exp_hrl_v1,145,4,US_6,HOLD_VP,ADVANCE,,0.13880975544452667,59.505741119384766,,,4
exp_hrl_v1,145,4,US_7,HOLD_VP,ADVANCE,,0.13880975544452667,59.505741119384766,,,2
exp_hrl_v1,145,5,US_1,HOLD_VP,FLANK,,0.36228814721107483,57.733489990234375,,,4
exp_hrl_v1,145,5,US_2,HOLD_VP,FLANK,,0.36228814721107483,57.733489990234375,,,4
exp_hrl_v1,145,5,US_3,HOLD_VP,FLANK,,0.36228814721107483,57.733489990234375,,,4
exp_hrl_v1,145,5,US_4,HOLD_VP,FLANK,,0.36228814721107483,57.733489990234375,,,4
exp_hrl_v1,145,5,US_5,HOLD_VP,FLANK,,0.36228814721107483,57.733489990234375,,,2
exp_hrl_v1,145,5,US_6,HOLD_VP,FLANK,,0.16254305839538574,57.132720947265625,,,4
exp_hrl_v1,145,5,US_7,HOLD_VP,FLANK,,0.16254305839538574,57.132720947265625,,,2
exp_hrl_v1,145,6,US_1,HOLD_VP,FLANK,,0.16254305839538574,57.132720947265625,,,4
exp_hrl_v1,145,6,US_2,HOLD_VP,FLANK,,0.16254305839538574,57.132720947265625,,,4
exp_hrl_v1,145,6,US_3,HOLD_VP,FLANK,,0.16254305839538574,57.132720947265625,,,4
exp_hrl_v1,145,6,US_4,ATTACK,ATTACK,DIRECT,0.15430109202861786,56.322296142578125,,,4
exp_hrl_v1,145,6,US_5,ATTACK,ATTACK,DIRECT,0.15430109202861786,56.322296142578125,,,2
exp_hrl_v1,145,6,US_6,ATTACK,ATTACK,DIRECT,0.15430109202861786,56.322296142578125,,,4
exp_hrl_v1,145,6,US_7,ATTACK,ATTACK,DIRECT,0.15430109202861786,56.322296142578125,,,2
exp_hrl_v1,146,1,US_1,PUSH_VP,ADVANCE,,0.1899789720773697,31.995033264160156,,,4
exp_hrl_v1,146,1,US_2,PUSH_VP,ADVANCE,,0.1899789720773697,31.995033264160156,,,4
exp_hrl_v1,146,1,US_3,PUSH_VP,ADVANCE,,0.1899789720773697,31.995033264160156,,,4
exp_hrl_v1,146,1,US_4,PUSH_VP,ADVANCE,,0.1899789720773697,31.995033264160156,,,4
exp_hrl_v1,146,1,US_5,PUSH_VP,ADVANCE,,0.1899789720773697,31.995033264160156,,,2
exp_hrl_v1,146,1,US_6,PUSH_VP,ADVANCE,,0.1899789720773697,31.995033264160156,,,4
exp_hrl_v1,146,1,US_7,PUSH_VP,ADVANCE,,0.19609956443309784,38.966827392578125,,,2
exp_hrl_v1,146,2,US_1,PUSH_VP,ADVANCE,,0.19609956443309784,38.966827392578125,,,4
exp_hrl_v1,146,2,US_2,PUSH_VP,ADVANCE,,0.19609956443309784,38.966827392578125,,,4
exp_hrl_v1,146,2,US_3,PUSH_VP,ADVANCE,,0.19609956443309784,38.966827392578125,,,4
exp_hrl_v1,146,2,US_4,PUSH_VP,ADVANCE,,0.19609956443309784,38.966827392578125,,,4
exp_hrl_v1,146,2,US_5,PUSH_VP,ADVANCE,,0.19609956443309784,38.966827392578125,,,2
exp_hrl_v1,146,2,US_6,PUSH_VP,ADVANCE,,0.21960562467575073,43.13095474243164,,,4
exp_hrl_v1,146,2,US_7,PUSH_VP,ADVANCE,,0.21960562467575073,43.13095474243164,,,2
exp_hrl_v1,146,3,US_1,PUSH_VP,ADVANCE,,0.21960562467575073,43.13095474243164,,,4
exp_hrl_v1,146,3,US_2,PUSH_VP,ADVANCE,,0.21960562467575073,43.13095474243164,,,4
exp_hrl_v1,146,3,US_3,PUSH_VP,ADVANCE,,0.21960562467575073,43.13095474243164,,,4
exp_hrl_v1,146,3,US_4,PUSH_VP,ADVANCE,,0.21960562467575073,43.13095474243164,,,4
exp_hrl_v1,146,3,US_5,PUSH_VP,ADVANCE,,0.17752157151699066,51.56973648071289,,,2
exp_hrl_v1,146,3,US_6,PUSH_VP,ADVANCE,,0.17752157151699066,51.56973648071289,,,4
exp_hrl_v1,146,3,US_7,PUSH_VP,ADVANCE,,0.17752157151699066,51.56973648071289,,,2
exp_hrl_v1,146,4,US_1,PUSH_VP,ADVANCE,,0.17752157151699066,51.56973648071289,,,4
exp_hrl_v1,146,4,US_2,PUSH_VP,ADVANCE,,0.17752157151699066,51.56973648071289,,,4
exp_hrl_v1,146,4,US_3,PUSH_VP,ADVANCE,,0.17752157151699066,51.56973648071289,,,4
exp_hrl_v1,146,4,US_4,PUSH_VP,ADVANCE,,0.20836415886878967,56.64994812011719,,,4
exp_hrl_v1,146,4,US_5,PUSH_VP,ADVANCE,,0.20836415886878967,56.64994812011719,,,2
exp_hrl_v1,146,4,US_6,PUSH_VP,ADVANCE,,0.20836415886878967,56.64994812011719,,,4
exp_hrl_v1,146,4,US_7,PUSH_VP,ADVANCE,,0.20836415886878967,56.64994812011719,,,2
exp_hrl_v1,146,5,US_1,PUSH_VP,ADVANCE,,0.20836415886878967,56.64994812011719,,,4
exp_hrl_v1,146,5,US_2,PUSH_VP,ADVANCE,,0.20836415886878967,56.64994812011719,,,4
exp_hrl_v1,146,5,US_3,PUSH_VP,FLANK,,0.1661796122789383,59.8690185546875,,,4
exp_hrl_v1,146,5,US_4,PUSH_VP,FLANK,,0.1661796122789383,59.8690185546875,,,4
exp_hrl_v1,146,5,US_5,PUSH_VP,FLANK,,0.1661796122789383,59.8690185546875,,,2
exp_hrl_v1,146,5,US_6,PUSH_VP,FLANK,,0.1661796122789383,59.8690185546875,,,4
exp_hrl_v1,146,5,US_7,PUSH_VP,FLANK,,0.1661796122789383,59.8690185546875,,,2
exp_hrl_v1,146,6,US_1,HOLD_VP,ATTACK,INDIRECT,0.4188794493675232,63.512123107910156,,,4
exp_hrl_v1,146,6,US_2,HOLD_VP,ATTACK,INDIRECT,0.4188794493675232,63.512123107910156,,,4
exp_hrl_v1,146,6,US_3,HOLD_VP,ATTACK,INDIRECT,0.4188794493675232,63.512123107910156,,,4
exp_hrl_v1,146,6,US_4,HOLD_VP,ATTACK,INDIRECT,0.4188794493675232,63.512123107910156,,,4
exp_hrl_v1,146,6,US_5,HOLD_VP,ATTACK,INDIRECT,0.4188794493675232,63.512123107910156,,,2
exp_hrl_v1,146,6,US_6,HOLD_VP,ATTACK,INDIRECT,0.4188794493675232,63.512123107910156,,,4
exp_hrl_v1,146,6,US_7,HOLD_VP,ATTACK,INDIRECT,0.4188794493675232,63.512123107910156,,,2
exp_hrl_v1,146,7,US_1,HOLD_VP,ATTACK,INDIRECT,0.4188794493675232,63.512123107910156,,,4
exp_hrl_v1,147,1,US_1,ATTACK,ADVANCE,,0.1955854892730713,31.995033264160156,,,4
exp_hrl_v1,147,1,US_2,ATTACK,ADVANCE,,0.1955854892730713,31.995033264160156,,,4
exp_hrl_v1,147,1,US_3,ATTACK,ADVANCE,,0.1955854892730713,31.995033264160156,,,4
exp_hrl_v1,147,1,US_4,ATTACK,ADVANCE,,0.1955854892730713,31.995033264160156,,,4
exp_hrl_v1,147,1,US_5,ATTACK,ADVANCE,,0.1955854892730713,31.995033264160156,,,2
exp_hrl_v1,147,1,US_6,ATTACK,ADVANCE,,0.1955854892730713,31.995033264160156,,,4
exp_hrl_v1,147,1,US_7,ATTACK,FLANK,,0.1966974139213562,38.966827392578125,,,2
exp_hrl_v1,147,2,US_1,ATTACK,FLANK,,0.1966974139213562,38.966827392578125,,,4
exp_hrl_v1,147,2,US_2,ATTACK,FLANK,,0.1966974139213562,38.966827392578125,,,4
exp_hrl_v1,147,2,US_3,ATTACK,FLANK,,0.1966974139213562,38.966827392578125,,,4
exp_hrl_v1,147,2,US_4,ATTACK,FLANK,,0.1966974139213562,38.966827392578125,,,4
exp_hrl_v1,147,2,US_5,ATTACK,ADVANCE,,0.18582558631896973,45.69208526611328,,,2
exp_hrl_v1,147,2,US_6,ATTACK,ADVANCE,,0.18582558631896973,45.69208526611328,,,4
exp_hrl_v1,147,2,US_7,ATTACK,ADVANCE,,0.18582558631896973,45.69208526611328,,,2
exp_hrl_v1,147,3,US_1,ATTACK,ADVANCE,,0.18582558631896973,45.69208526611328,,,4
exp_hrl_v1,147,3,US_2,ATTACK,ADVANCE,,0.18582558631896973,45.69208526611328,,,4
exp_hrl_v1,147,3,US_3,ATTACK,ADVANCE,,0.18582558631896973,45.69208526611328,,,4
exp_hrl_v1,147,3,US_4,ATTACK,ATTACK,DIRECT,0.18378423154354095,50.84752655029297,,,4
exp_hrl_v1,147,3,US_5,ATTACK,ATTACK,DIRECT,0.18378423154354095,50.84752655029297,,,2
exp_hrl_v1,147,3,US_6,ATTACK,ATTACK,DIRECT,0.18378423154354095,50.84752655029297,,,4
exp_hrl_v1,147,3,US_7,ATTACK,ATTACK,DIRECT,0.18378423154354095,50.84752655029297,,,2
exp_hrl_v1,147,4,US_1,ATTACK,ATTACK,DIRECT,0.18378423154354095,50.84752655029297,,,4
exp_hrl_v1,147,4,US_2,ATTACK,ATTACK,DIRECT,0.18378423154354095,50.84752655029297,,,4
exp_hrl_v1,147,4,US_3,ATTACK,ATTACK,DIRECT,0.18378423154354095,50.84752655029297,,,4
exp_hrl_v1,147,4,US_4,ATTACK,ATTACK,DIRECT,0.18378423154354095,50.84752655029297,,,4
exp_hrl_v1,147,4,US_5,ATTACK,ATTACK,DIRECT,0.18378423154354095,50.84752655029297,,,2
exp_hrl_v1,147,4,US_6,ATTACK,ATTACK,DIRECT,0.18378423154354095,50.84752655029297,,,4
exp_hrl_v1,147,4,US_7,ATTACK,ADVANCE,,0.18163061141967773,55.27159118652344,,,2
exp_hrl_v1,147,5,US_1,ATTACK,ADVANCE,,0.18163061141967773,55.27159118652344,,,4
exp_hrl_v1,147,5,US_2,ATTACK,ADVANCE,,0.18163061141967773,55.27159118652344,,,4
exp_hrl_v1,147,5,US_3,ATTACK,ADVANCE,,0.18163061141967773,55.27159118652344,,,4
exp_hrl_v1,147,5,US_4,ATTACK,ADVANCE,,0.18163061141967773,55.27159118652344,,,4
exp_hrl_v1,147,5,US_5,ATTACK,ADVANCE,,0.18163061141967773,55.27159118652344,,,2
exp_hrl_v1,147,5,US_6,ATTACK,RETREAT,,0.188022181391716,55.47563934326172,,,4
exp_hrl_v1,147,5,US_7,ATTACK,RETREAT,,0.188022181391716,55.47563934326172,,,2
exp_hrl_v1,147,6,US_1,HOLD_VP,FLANK,,0.17891442775726318,52.7168083190918,,,4
exp_hrl_v1,147,6,US_2,HOLD_VP,FLANK,,0.17891442775726318,52.7168083190918,,,4
exp_hrl_v1,147,6,US_3,HOLD_VP,FLANK,,0.17891442775726318,52.7168083190918,,,4
exp_hrl_v1,147,6,US_4,HOLD_VP,FLANK,,0.17891442775726318,52.7168083190918,,,4
exp_hrl_v1,147,6,US_5,HOLD_VP,FLANK,,0.17891442775726318,52.7168083190918,,,2
exp_hrl_v1,147,6,US_6,HOLD_VP,ADVANCE,,0.18541115522384644,51.80451965332031,,,4
exp_hrl_v1,147,6,US_7,HOLD_VP,ADVANCE,,0.18541115522384644,51.80451965332031,,,2
exp_hrl_v1,147,7,US_1,HOLD_VP,ADVANCE,,0.18541115522384644,51.80451965332031,,,4
exp_hrl_v1,147,7,US_2,HOLD_VP,ADVANCE,,0.18541115522384644,51.80451965332031,,,4
exp_hrl_v1,147,7,US_3,HOLD_VP,ADVANCE,,0.18541115522384644,51.80451965332031,,,4
exp_hrl_v1,147,7,US_4,HOLD_VP,ADVANCE,,0.18541115522384644,51.80451965332031,,,4
exp_hrl_v1,147,7,US_5,HOLD_VP,ATTACK,DIRECT,0.2975832223892212,50.26722717285156,,,2
exp_hrl_v1,147,7,US_6,HOLD_VP,ATTACK,DIRECT,0.2975832223892212,50.26722717285156,,,4
exp_hrl_v1,147,7,US_7,HOLD_VP,ATTACK,DIRECT,0.2975832223892212,50.26722717285156,,,2
exp_hrl_v1,148,1,US_1,PUSH_VP,RETREAT,,0.19773367047309875,31.995033264160156,,,4
exp_hrl_v1,148,1,US_2,PUSH_VP,RETREAT,,0.19773367047309875,31.995033264160156,,,4
exp_hrl_v1,148,1,US_3,PUSH_VP,ADVANCE,,0.19097395241260529,39.331787109375,,,4
exp_hrl_v1,148,1,US_4,PUSH_VP,ADVANCE,,0.19097395241260529,39.331787109375,,,4
exp_hrl_v1,148,1,US_5,PUSH_VP,ADVANCE,,0.19097395241260529,39.331787109375,,,2
exp_hrl_v1,148,1,US_6,PUSH_VP,ADVANCE,,0.19097395241260529,39.331787109375,,,4
exp_hrl_v1,148,1,US_7,PUSH_VP,ADVANCE,,0.19097395241260529,39.331787109375,,,2
exp_hrl_v1,148,2,US_1,PUSH_VP,ADVANCE,,0.19097395241260529,39.331787109375,,,4
exp_hrl_v1,148,2,US_2,PUSH_VP,ADVANCE,,0.1931297332048416,41.62881851196289,,,4
exp_hrl_v1,148,2,US_3,PUSH_VP,ADVANCE,,0.1931297332048416,41.62881851196289,,,4
exp_hrl_v1,148,2,US_4,PUSH_VP,ADVANCE,,0.1931297332048416,41.62881851196289,,,4
exp_hrl_v1,148,2,US_5,PUSH_VP,ADVANCE,,0.1931297332048416,41.62881851196289,,,2
exp_hrl_v1,148,2,US_6,PUSH_VP,ADVANCE,,0.1931297332048416,41.62881851196289,,,4
exp_hrl_v1,148,2,US_7,PUSH_VP,ADVANCE,,0.1931297332048416,41.62881851196289,,,2
exp_hrl_v1,148,3,US_1,PUSH_VP,ADVANCE,,0.19369497895240784,46.48809814453125,,,4
exp_hrl_v1,148,3,US_2,PUSH_VP,ADVANCE,,0.19369497895240784,46.48809814453125,,,4
exp_hrl_v1,148,3,US_3,PUSH_VP,ADVANCE,,0.19369497895240784,46.48809814453125,,,4
exp_hrl_v1,148,3,US_4,PUSH_VP,ADVANCE,,0.19369497895240784,46.48809814453125,,,4
exp_hrl_v1,148,3,US_5,PUSH_VP,ADVANCE,,0.19369497895240784,46.48809814453125,,,2
exp_hrl_v1,148,3,US_6,PUSH_VP,ADVANCE,,0.19369497895240784,46.48809814453125,,,4
exp_hrl_v1,148,3,US_7,PUSH_VP,ADVANCE,,0.2011449933052063,52.90082550048828,,,2
exp_hrl_v1,148,4,US_1,PUSH_VP,ADVANCE,,0.2011449933052063,52.90082550048828,,,4
exp_hrl_v1,148,4,US_2,PUSH_VP,ADVANCE,,0.2011449933052063,52.90082550048828,,,4
exp_hrl_v1,148,4,US_3,PUSH_VP,ADVANCE,,0.2011449933052063,52.90082550048828,,,4
exp_hrl_v1,148,4,US_4,PUSH_VP,ADVANCE,,0.2011449933052063,52.90082550048828,,,4
exp_hrl_v1,148,4,US_5,PUSH_VP,ADVANCE,,0.2011449933052063,52.90082550048828,,,2
exp_hrl_v1,148,4,US_6,PUSH_VP,ADVANCE,,0.17893528938293457,56.54035949707031,,,4
exp_hrl_v1,148,4,US_7,PUSH_VP,ADVANCE,,0.17893528938293457,56.54035949707031,,,2
exp_hrl_v1,148,5,US_1,PUSH_VP,ADVANCE,,0.17893528938293457,56.54035949707031,,,4
exp_hrl_v1,148,5,US_2,PUSH_VP,ADVANCE,,0.17893528938293457,56.54035949707031,,,4
exp_hrl_v1,148,5,US_3,PUSH_VP,ADVANCE,,0.17893528938293457,56.54035949707031,,,4
exp_hrl_v1,148,5,US_4,PUSH_VP,ADVANCE,,0.17893528938293457,56.54035949707031,,,4
exp_hrl_v1,148,5,US_5,HOLD_VP,ATTACK,DIRECT,0.37453049421310425,60.42720413208008,,,2
exp_hrl_v1,148,5,US_6,HOLD_VP,ATTACK,DIRECT,0.37453049421310425,60.42720413208008,,,4
exp_hrl_v1,148,5,US_7,HOLD_VP,ATTACK,DIRECT,0.37453049421310425,60.42720413208008,,,2
exp_hrl_v1,148,6,US_1,HOLD_VP,ATTACK,DIRECT,0.37453049421310425,60.42720413208008,,,4
exp_hrl_v1,148,6,US_2,HOLD_VP,ATTACK,DIRECT,0.37453049421310425,60.42720413208008,,,4
exp_hrl_v1,148,6,US_3,HOLD_VP,ATTACK,DIRECT,0.37453049421310425,60.42720413208008,,,4
exp_hrl_v1,148,6,US_4,HOLD_VP,ATTACK,DIRECT,0.37453049421310425,60.42720413208008,,,4
exp_hrl_v1,148,6,US_5,HOLD_VP,ATTACK,DIRECT,0.37453049421310425,60.42720413208008,,,2
exp_hrl_v1,148,6,US_6,HOLD_VP,ATTACK,DIRECT,0.37453049421310425,60.42720413208008,,,4
exp_hrl_v1,149,1,US_1,PUSH_VP,ADVANCE,,0.2209296077489853,31.995033264160156,,,4
exp_hrl_v1,149,1,US_2,PUSH_VP,ADVANCE,,0.2209296077489853,31.995033264160156,,,4
exp_hrl_v1,149,1,US_3,PUSH_VP,ADVANCE,,0.2209296077489853,31.995033264160156,,,4
exp_hrl_v1,149,1,US_4,PUSH_VP,ADVANCE,,0.2209296077489853,31.995033264160156,,,4
exp_hrl_v1,149,1,US_5,PUSH_VP,ADVANCE,,0.2209296077489853,31.995033264160156,,,2
exp_hrl_v1,149,1,US_6,PUSH_VP,ADVANCE,,0.2209296077489853,31.995033264160156,,,4
exp_hrl_v1,149,1,US_7,PUSH_VP,ADVANCE,,0.19140321016311646,38.966827392578125,,,2
exp_hrl_v1,149,2,US_1,PUSH_VP,ADVANCE,,0.19140321016311646,38.966827392578125,,,4
exp_hrl_v1,149,2,US_2,PUSH_VP,ADVANCE,,0.19140321016311646,38.966827392578125,,,4
exp_hrl_v1,149,2,US_3,PUSH_VP,ADVANCE,,0.19140321016311646,38.966827392578125,,,4
exp_hrl_v1,149,2,US_4,PUSH_VP,ADVANCE,,0.19140321016311646,38.966827392578125,,,4
exp_hrl_v1,149,2,US_5,PUSH_VP,ADVANCE,,0.19140321016311646,38.966827392578125,,,2
exp_hrl_v1,149,2,US_6,PUSH_VP,ADVANCE,,0.1971135288476944,43.13095474243164,,,4
exp_hrl_v1,149,2,US_7,PUSH_VP,ADVANCE,,0.1971135288476944,43.13095474243164,,,2
exp_hrl_v1,149,3,US_1,PUSH_VP,ADVANCE,,0.1971135288476944,43.13095474243164,,,4
exp_hrl_v1,149,3,US_2,PUSH_VP,ADVANCE,,0.1971135288476944,43.13095474243164,,,4
exp_hrl_v1,149,3,US_3,PUSH_VP,ADVANCE,,0.1971135288476944,43.13095474243164,,,4
exp_hrl_v1,149,3,US_4,PUSH_VP,ADVANCE,,0.1971135288476944,43.13095474243164,,,4
exp_hrl_v1,149,3,US_5,PUSH_VP,ADVANCE,,0.17752157151699066,51.56973648071289,,,2
exp_hrl_v1,149,3,US_6,PUSH_VP,ADVANCE,,0.17752157151699066,51.56973648071289,,,4
exp_hrl_v1,149,3,US_7,PUSH_VP,ADVANCE,,0.17752157151699066,51.56973648071289,,,2
exp_hrl_v1,149,4,US_1,PUSH_VP,ADVANCE,,0.17752157151699066,51.56973648071289,,,4
exp_hrl_v1,149,4,US_2,PUSH_VP,ADVANCE,,0.17752157151699066,51.56973648071289,,,4
exp_hrl_v1,149,4,US_3,PUSH_VP,ADVANCE,,0.17752157151699066,51.56973648071289,,,4
exp_hrl_v1,149,4,US_4,PUSH_VP,ADVANCE,,0.15115459263324738,56.64994812011719,,,4
exp_hrl_v1,149,4,US_5,PUSH_VP,ADVANCE,,0.15115459263324738,56.64994812011719,,,2
exp_hrl_v1,149,4,US_6,PUSH_VP,ADVANCE,,0.15115459263324738,56.64994812011719,,,4
exp_hrl_v1,149,4,US_7,PUSH_VP,ADVANCE,,0.15115459263324738,56.64994812011719,,,2
exp_hrl_v1,149,5,US_1,PUSH_VP,ADVANCE,,0.15115459263324738,56.64994812011719,,,4
exp_hrl_v1,149,5,US_2,PUSH_VP,ADVANCE,,0.15115459263324738,56.64994812011719,,,4
exp_hrl_v1,149,5,US_3,PUSH_VP,ADVANCE,,0.18875157833099365,59.8690185546875,,,4
exp_hrl_v1,149,5,US_4,PUSH_VP,ADVANCE,,0.18875157833099365,59.8690185546875,,,4
exp_hrl_v1,149,5,US_5,PUSH_VP,ADVANCE,,0.18875157833099365,59.8690185546875,,,2
exp_hrl_v1,149,5,US_6,PUSH_VP,ADVANCE,,0.18875157833099365,59.8690185546875,,,4
exp_hrl_v1,149,5,US_7,PUSH_VP,ADVANCE,,0.18875157833099365,59.8690185546875,,,2
exp_hrl_v1,149,6,US_1,PUSH_VP,ADVANCE,,0.18875157833099365,59.8690185546875,,,4
exp_hrl_v1,149,6,US_2,HOLD_VP,ATTACK,INDIRECT,0.4188794493675232,63.512123107910156,,,4
exp_hrl_v1,149,6,US_3,HOLD_VP,ATTACK,INDIRECT,0.4188794493675232,63.512123107910156,,,4
exp_hrl_v1,149,6,US_4,HOLD_VP,ATTACK,INDIRECT,0.4188794493675232,63.512123107910156,,,4
exp_hrl_v1,149,6,US_5,HOLD_VP,ATTACK,INDIRECT,0.4188794493675232,63.512123107910156,,,2
exp_hrl_v1,149,6,US_6,HOLD_VP,ATTACK,INDIRECT,0.4188794493675232,63.512123107910156,,,4
exp_hrl_v1,149,6,US_7,HOLD_VP,ATTACK,INDIRECT,0.4188794493675232,63.512123107910156,,,2
exp_hrl_v1,149,7,US_1,HOLD_VP,ATTACK,INDIRECT,0.4188794493675232,63.512123107910156,,,4
exp_hrl_v1,149,7,US_2,HOLD_VP,ATTACK,INDIRECT,0.4188794493675232,63.512123107910156,,,4
exp_hrl_v1,149,7,US_3,HOLD_VP,ATTACK,INDIRECT,0.4188794493675232,63.512123107910156,,,4
exp_hrl_v1,149,7,US_4,HOLD_VP,ATTACK,INDIRECT,0.4188794493675232,63.512123107910156,,,4
exp_hrl_v1,149,7,US_5,HOLD_VP,FLANK,,0.17922107875347137,55.53388595581055,,,2
exp_hrl_v1,149,7,US_6,HOLD_VP,FLANK,,0.17922107875347137,55.53388595581055,,,4
exp_hrl_v1,149,7,US_7,HOLD_VP,FLANK,,0.17922107875347137,55.53388595581055,,,2
exp_hrl_v1,149,8,US_1,HOLD_VP,FLANK,,0.17922107875347137,55.53388595581055,,,4
exp_hrl_v1,149,8,US_2,HOLD_VP,FLANK,,0.17922107875347137,55.53388595581055,,,4
exp_hrl_v1,149,8,US_3,HOLD_VP,ADVANCE,,0.14053978025913239,48.95720672607422,,,4
exp_hrl_v1,149,8,US_4,HOLD_VP,ADVANCE,,0.14053978025913239,48.95720672607422,,,4
exp_hrl_v1,149,8,US_5,HOLD_VP,ADVANCE,,0.14053978025913239,48.95720672607422,,,2
exp_hrl_v1,149,8,US_6,HOLD_VP,ADVANCE,,0.14053978025913239,48.95720672607422,,,4
exp_hrl_v1,149,8,US_7,HOLD_VP,ADVANCE,,0.14053978025913239,48.95720672607422,,,2
exp_hrl_v1,149,9,US_1,HOLD_VP,ADVANCE,,0.14053978025913239,48.95720672607422,,,4
exp_hrl_v1,149,9,US_2,HOLD_VP,ADVANCE,,0.29410821199417114,43.981040954589844,,,4
exp_hrl_v1,149,9,US_3,HOLD_VP,ADVANCE,,0.29410821199417114,43.981040954589844,,,4
exp_hrl_v1,149,9,US_4,HOLD_VP,ADVANCE,,0.29410821199417114,43.981040954589844,,,4
exp_hrl_v1,149,9,US_5,HOLD_VP,ADVANCE,,0.29410821199417114,43.981040954589844,,,2
exp_hrl_v1,149,9,US_6,HOLD_VP,ADVANCE,,0.29410821199417114,43.981040954589844,,,4
exp_hrl_v1,149,9,US_7,HOLD_VP,ADVANCE,,0.29410821199417114,43.981040954589844,,,2
exp_hrl_v1,149,10,US_1,HOLD_VP,ATTACK,DIRECT,0.24785268306732178,38.436500549316406,,,4
exp_hrl_v1,150,1,US_1,PUSH_VP,ADVANCE,,0.1955854892730713,31.995033264160156,,,4
exp_hrl_v1,150,1,US_2,PUSH_VP,ADVANCE,,0.1955854892730713,31.995033264160156,,,4
exp_hrl_v1,150,1,US_3,PUSH_VP,ADVANCE,,0.1955854892730713,31.995033264160156,,,4
exp_hrl_v1,150,1,US_4,PUSH_VP,ADVANCE,,0.1955854892730713,31.995033264160156,,,4
exp_hrl_v1,150,1,US_5,PUSH_VP,ADVANCE,,0.1955854892730713,31.995033264160156,,,2
exp_hrl_v1,150,1,US_6,PUSH_VP,ADVANCE,,0.1955854892730713,31.995033264160156,,,4
exp_hrl_v1,150,1,US_7,PUSH_VP,ADVANCE,,0.19832457602024078,38.966827392578125,,,2
exp_hrl_v1,150,2,US_1,PUSH_VP,ADVANCE,,0.19832457602024078,38.966827392578125,,,4
exp_hrl_v1,150,2,US_2,PUSH_VP,ADVANCE,,0.19832457602024078,38.966827392578125,,,4
exp_hrl_v1,150,2,US_3,PUSH_VP,ADVANCE,,0.19832457602024078,38.966827392578125,,,4
exp_hrl_v1,150,2,US_4,PUSH_VP,ADVANCE,,0.19832457602024078,38.966827392578125,,,4
exp_hrl_v1,150,2,US_5,PUSH_VP,ADVANCE,,0.19832457602024078,38.966827392578125,,,2
exp_hrl_v1,150,2,US_6,PUSH_VP,ADVANCE,,0.19705842435359955,43.13095474243164,,,4
exp_hrl_v1,150,2,US_7,PUSH_VP,ADVANCE,,0.19705842435359955,43.13095474243164,,,2
exp_hrl_v1,150,3,US_1,PUSH_VP,ADVANCE,,0.19705842435359955,43.13095474243164,,,4
exp_hrl_v1,150,3,US_2,PUSH_VP,ADVANCE,,0.19705842435359955,43.13095474243164,,,4
exp_hrl_v1,150,3,US_3,PUSH_VP,ADVANCE,,0.19705842435359955,43.13095474243164,,,4
exp_hrl_v1,150,3,US_4,PUSH_VP,ADVANCE,,0.19705842435359955,43.13095474243164,,,4
exp_hrl_v1,150,3,US_5,PUSH_VP,ADVANCE,,0.17752157151699066,51.56973648071289,,,2
exp_hrl_v1,150,3,US_6,PUSH_VP,ADVANCE,,0.17752157151699066,51.56973648071289,,,4
exp_hrl_v1,150,3,US_7,PUSH_VP,ADVANCE,,0.17752157151699066,51.56973648071289,,,2
exp_hrl_v1,150,4,US_1,PUSH_VP,ADVANCE,,0.17752157151699066,51.56973648071289,,,4
exp_hrl_v1,150,4,US_2,PUSH_VP,ADVANCE,,0.17752157151699066,51.56973648071289,,,4
exp_hrl_v1,150,4,US_3,PUSH_VP,ADVANCE,,0.17752157151699066,51.56973648071289,,,4
exp_hrl_v1,150,4,US_4,PUSH_VP,ADVANCE,,0.20836415886878967,56.64994812011719,,,4
exp_hrl_v1,150,4,US_5,PUSH_VP,ADVANCE,,0.20836415886878967,56.64994812011719,,,2
exp_hrl_v1,150,4,US_6,PUSH_VP,ADVANCE,,0.20836415886878967,56.64994812011719,,,4
exp_hrl_v1,150,4,US_7,PUSH_VP,ADVANCE,,0.20836415886878967,56.64994812011719,,,2
exp_hrl_v1,150,5,US_1,PUSH_VP,ADVANCE,,0.20836415886878967,56.64994812011719,,,4
exp_hrl_v1,150,5,US_2,PUSH_VP,ADVANCE,,0.20836415886878967,56.64994812011719,,,4
exp_hrl_v1,150,5,US_3,PUSH_VP,ADVANCE,,0.3435331881046295,59.8690185546875,,,4
exp_hrl_v1,150,5,US_4,PUSH_VP,ADVANCE,,0.3435331881046295,59.8690185546875,,,4
exp_hrl_v1,150,5,US_5,PUSH_VP,ADVANCE,,0.3435331881046295,59.8690185546875,,,2
exp_hrl_v1,150,5,US_6,PUSH_VP,ADVANCE,,0.3435331881046295,59.8690185546875,,,4
exp_hrl_v1,150,5,US_7,PUSH_VP,ADVANCE,,0.3435331881046295,59.8690185546875,,,2
exp_hrl_v1,150,6,US_1,PUSH_VP,ADVANCE,,0.3435331881046295,59.8690185546875,,,4
exp_hrl_v1,150,6,US_2,HOLD_VP,ATTACK,DIRECT,0.15177582204341888,63.512123107910156,,,4
exp_hrl_v1,150,6,US_3,HOLD_VP,ATTACK,DIRECT,0.15177582204341888,63.512123107910156,,,4
exp_hrl_v1,150,6,US_4,HOLD_VP,ATTACK,DIRECT,0.15177582204341888,63.512123107910156,,,4
exp_hrl_v1,150,6,US_5,HOLD_VP,ATTACK,DIRECT,0.15177582204341888,63.512123107910156,,,2
exp_hrl_v1,150,6,US_6,HOLD_VP,ATTACK,DIRECT,0.15177582204341888,63.512123107910156,,,4
exp_hrl_v1,150,6,US_7,HOLD_VP,ATTACK,DIRECT,0.15177582204341888,63.512123107910156,,,2
exp_hrl_v1,150,7,US_1,HOLD_VP,ATTACK,DIRECT,0.15177582204341888,63.512123107910156,,,4
exp_hrl_v1,150,7,US_2,HOLD_VP,ATTACK,DIRECT,0.15177582204341888,63.512123107910156,,,4
exp_hrl_v1,151,1,US_1,PUSH_VP,ADVANCE,,0.19773367047309875,31.995033264160156,,,4
exp_hrl_v1,151,1,US_2,PUSH_VP,ADVANCE,,0.19773367047309875,31.995033264160156,,,4
exp_hrl_v1,151,1,US_3,PUSH_VP,ADVANCE,,0.19773367047309875,31.995033264160156,,,4
exp_hrl_v1,151,1,US_4,PUSH_VP,ADVANCE,,0.19773367047309875,31.995033264160156,,,4
exp_hrl_v1,151,1,US_5,PUSH_VP,ADVANCE,,0.19773367047309875,31.995033264160156,,,2
exp_hrl_v1,151,1,US_6,PUSH_VP,ADVANCE,,0.19773367047309875,31.995033264160156,,,4
exp_hrl_v1,151,1,US_7,PUSH_VP,FLANK,,0.1966974139213562,38.966827392578125,,,2
exp_hrl_v1,151,2,US_1,PUSH_VP,FLANK,,0.1966974139213562,38.966827392578125,,,4
exp_hrl_v1,151,2,US_2,PUSH_VP,FLANK,,0.1966974139213562,38.966827392578125,,,4
exp_hrl_v1,151,2,US_3,PUSH_VP,FLANK,,0.1966974139213562,38.966827392578125,,,4
exp_hrl_v1,151,2,US_4,PUSH_VP,FLANK,,0.1966974139213562,38.966827392578125,,,4
exp_hrl_v1,151,2,US_5,PUSH_VP,ADVANCE,,0.19041407108306885,45.69208526611328,,,2
exp_hrl_v1,151,2,US_6,PUSH_VP,ADVANCE,,0.19041407108306885,45.69208526611328,,,4
exp_hrl_v1,151,2,US_7,PUSH_VP,ADVANCE,,0.19041407108306885,45.69208526611328,,,2
exp_hrl_v1,151,3,US_1,PUSH_VP,ADVANCE,,0.19041407108306885,45.69208526611328,,,4
exp_hrl_v1,151,3,US_2,PUSH_VP,ADVANCE,,0.19041407108306885,45.69208526611328,,,4
exp_hrl_v1,151,3,US_3,PUSH_VP,ADVANCE,,0.19041407108306885,45.69208526611328,,,4
exp_hrl_v1,151,3,US_4,PUSH_VP,ADVANCE,,0.1976102590560913,50.84752655029297,,,4
exp_hrl_v1,151,3,US_5,PUSH_VP,ADVANCE,,0.1976102590560913,50.84752655029297,,,2
exp_hrl_v1,151,3,US_6,PUSH_VP,ADVANCE,,0.1976102590560913,50.84752655029297,,,4
exp_hrl_v1,151,3,US_7,PUSH_VP,ADVANCE,,0.1976102590560913,50.84752655029297,,,2
exp_hrl_v1,151,4,US_1,PUSH_VP,ADVANCE,,0.1976102590560913,50.84752655029297,,,4
exp_hrl_v1,151,4,US_2,PUSH_VP,ADVANCE,,0.1976102590560913,50.84752655029297,,,4
exp_hrl_v1,151,4,US_3,PUSH_VP,FLANK,,0.18584688007831573,55.34172058105469,,,4
exp_hrl_v1,151,4,US_4,PUSH_VP,FLANK,,0.18584688007831573,55.34172058105469,,,4
exp_hrl_v1,151,4,US_5,PUSH_VP,FLANK,,0.18584688007831573,55.34172058105469,,,2
exp_hrl_v1,151,4,US_6,PUSH_VP,FLANK,,0.18584688007831573,55.34172058105469,,,4
exp_hrl_v1,151,4,US_7,PUSH_VP,FLANK,,0.18584688007831573,55.34172058105469,,,2
exp_hrl_v1,151,5,US_1,PUSH_VP,ADVANCE,,0.1783362776041031,59.20802307128906,,,4
exp_hrl_v1,151,5,US_2,PUSH_VP,ADVANCE,,0.1783362776041031,59.20802307128906,,,4
exp_hrl_v1,151,5,US_3,PUSH_VP,ADVANCE,,0.1783362776041031,59.20802307128906,,,4
exp_hrl_v1,151,5,US_4,PUSH_VP,ADVANCE,,0.1783362776041031,59.20802307128906,,,4
exp_hrl_v1,151,5,US_5,PUSH_VP,ADVANCE,,0.1783362776041031,59.20802307128906,,,2
exp_hrl_v1,151,5,US_6,PUSH_VP,ADVANCE,,0.1783362776041031,59.20802307128906,,,4
exp_hrl_v1,151,5,US_7,HOLD_VP,ATTACK,DIRECT,0.1627795547246933,61.696353912353516,,,2
exp_hrl_v1,151,6,US_1,HOLD_VP,ATTACK,DIRECT,0.1627795547246933,61.696353912353516,,,4
exp_hrl_v1,151,6,US_2,HOLD_VP,ATTACK,DIRECT,0.1627795547246933,61.696353912353516,,,4
exp_hrl_v1,151,6,US_3,HOLD_VP,ATTACK,DIRECT,0.1627795547246933,61.696353912353516,,,4
exp_hrl_v1,151,6,US_4,HOLD_VP,ATTACK,DIRECT,0.1627795547246933,61.696353912353516,,,4
exp_hrl_v1,151,6,US_5,HOLD_VP,ATTACK,DIRECT,0.1627795547246933,61.696353912353516,,,2
exp_hrl_v1,151,6,US_6,HOLD_VP,ATTACK,DIRECT,0.1627795547246933,61.696353912353516,,,4
exp_hrl_v1,151,6,US_7,HOLD_VP,ATTACK,DIRECT,0.1627795547246933,61.696353912353516,,,2
exp_hrl_v1,151,7,US_1,HOLD_VP,ATTACK,DIRECT,0.1627795547246933,61.696353912353516,,,4
exp_hrl_v1,151,7,US_2,HOLD_VP,ATTACK,DIRECT,0.1627795547246933,61.696353912353516,,,4
exp_hrl_v1,152,1,US_1,PUSH_VP,ADVANCE,,0.2209296077489853,31.995033264160156,,,4
exp_hrl_v1,152,1,US_2,PUSH_VP,ADVANCE,,0.2209296077489853,31.995033264160156,,,4
exp_hrl_v1,152,1,US_3,PUSH_VP,ADVANCE,,0.2209296077489853,31.995033264160156,,,4
exp_hrl_v1,152,1,US_4,PUSH_VP,ADVANCE,,0.2209296077489853,31.995033264160156,,,4
exp_hrl_v1,152,1,US_5,PUSH_VP,ADVANCE,,0.2209296077489853,31.995033264160156,,,2
exp_hrl_v1,152,1,US_6,PUSH_VP,ADVANCE,,0.2209296077489853,31.995033264160156,,,4
exp_hrl_v1,152,1,US_7,PUSH_VP,ADVANCE,,0.21747517585754395,38.966827392578125,,,2
exp_hrl_v1,152,2,US_1,PUSH_VP,ADVANCE,,0.21747517585754395,38.966827392578125,,,4
exp_hrl_v1,152,2,US_2,PUSH_VP,ADVANCE,,0.21747517585754395,38.966827392578125,,,4
exp_hrl_v1,152,2,US_3,PUSH_VP,ADVANCE,,0.21747517585754395,38.966827392578125,,,4
exp_hrl_v1,152,2,US_4,PUSH_VP,ADVANCE,,0.21747517585754395,38.966827392578125,,,4
exp_hrl_v1,152,2,US_5,PUSH_VP,ADVANCE,,0.21747517585754395,38.966827392578125,,,2
exp_hrl_v1,152,2,US_6,PUSH_VP,ADVANCE,,0.1971135288476944,43.13095474243164,,,4
exp_hrl_v1,152,2,US_7,PUSH_VP,ADVANCE,,0.1971135288476944,43.13095474243164,,,2
exp_hrl_v1,152,3,US_1,PUSH_VP,ADVANCE,,0.1971135288476944,43.13095474243164,,,4
exp_hrl_v1,152,3,US_2,PUSH_VP,ADVANCE,,0.1971135288476944,43.13095474243164,,,4
exp_hrl_v1,152,3,US_3,PUSH_VP,ADVANCE,,0.1971135288476944,43.13095474243164,,,4
exp_hrl_v1,152,3,US_4,PUSH_VP,ADVANCE,,0.1971135288476944,43.13095474243164,,,4
exp_hrl_v1,152,3,US_5,PUSH_VP,FLANK,,0.18429358303546906,51.56973648071289,,,2
exp_hrl_v1,152,3,US_6,PUSH_VP,FLANK,,0.18429358303546906,51.56973648071289,,,4
exp_hrl_v1,152,3,US_7,PUSH_VP,FLANK,,0.18429358303546906,51.56973648071289,,,2
exp_hrl_v1,152,4,US_1,PUSH_VP,FLANK,,0.18429358303546906,51.56973648071289,,,4
exp_hrl_v1,152,4,US_2,PUSH_VP,FLANK,,0.18429358303546906,51.56973648071289,,,4
exp_hrl_v1,152,4,US_3,PUSH_VP,ATTACK,DIRECT,0.26326295733451843,55.64869689941406,,,4
exp_hrl_v1,152,4,US_4,PUSH_VP,ATTACK,DIRECT,0.26326295733451843,55.64869689941406,,,4
exp_hrl_v1,152,4,US_5,PUSH_VP,ATTACK,DIRECT,0.26326295733451843,55.64869689941406,,,2
exp_hrl_v1,152,4,US_6,PUSH_VP,ATTACK,DIRECT,0.26326295733451843,55.64869689941406,,,4
exp_hrl_v1,152,4,US_7,PUSH_VP,ATTACK,DIRECT,0.26326295733451843,55.64869689941406,,,2
exp_hrl_v1,152,5,US_1,PUSH_VP,ATTACK,DIRECT,0.26326295733451843,55.64869689941406,,,4
exp_hrl_v1,152,5,US_2,PUSH_VP,ATTACK,DIRECT,0.26326295733451843,55.64869689941406,,,4
exp_hrl_v1,152,5,US_3,PUSH_VP,ATTACK,DIRECT,0.26326295733451843,55.64869689941406,,,4
exp_hrl_v1,152,5,US_4,PUSH_VP,ATTACK,DIRECT,0.26326295733451843,55.64869689941406,,,4
exp_hrl_v1,152,5,US_5,PUSH_VP,ATTACK,DIRECT,0.26326295733451843,55.64869689941406,,,2
exp_hrl_v1,152,5,US_6,PUSH_VP,FLANK,,0.16231338679790497,56.155059814453125,,,4
exp_hrl_v1,152,5,US_7,PUSH_VP,FLANK,,0.16231338679790497,56.155059814453125,,,2
exp_hrl_v1,152,6,US_1,PUSH_VP,FLANK,,0.16231338679790497,56.155059814453125,,,4
exp_hrl_v1,152,6,US_2,PUSH_VP,FLANK,,0.16231338679790497,56.155059814453125,,,4
exp_hrl_v1,152,6,US_3,PUSH_VP,FLANK,,0.16231338679790497,56.155059814453125,,,4
exp_hrl_v1,152,6,US_4,HOLD_VP,ADVANCE,,0.16815780103206635,54.398193359375,,,4
exp_hrl_v1,152,6,US_5,HOLD_VP,ADVANCE,,0.16815780103206635,54.398193359375,,,2
exp_hrl_v1,152,6,US_6,HOLD_VP,ADVANCE,,0.16815780103206635,54.398193359375,,,4
exp_hrl_v1,152,6,US_7,HOLD_VP,ADVANCE,,0.16815780103206635,54.398193359375,,,2
exp_hrl_v1,152,7,US_1,HOLD_VP,ADVANCE,,0.16815780103206635,54.398193359375,,,4
exp_hrl_v1,152,7,US_2,HOLD_VP,ADVANCE,,0.16815780103206635,54.398193359375,,,4
exp_hrl_v1,152,7,US_3,HOLD_VP,ADVANCE,,0.1986396163702011,51.42694091796875,,,4
exp_hrl_v1,152,7,US_4,HOLD_VP,ADVANCE,,0.1986396163702011,51.42694091796875,,,4
exp_hrl_v1,152,7,US_5,HOLD_VP,ADVANCE,,0.1986396163702011,51.42694091796875,,,2
exp_hrl_v1,152,7,US_6,HOLD_VP,ADVANCE,,0.1986396163702011,51.42694091796875,,,4
exp_hrl_v1,152,7,US_7,HOLD_VP,ADVANCE,,0.1986396163702011,51.42694091796875,,,2
exp_hrl_v1,152,8,US_1,HOLD_VP,ADVANCE,,0.1986396163702011,51.42694091796875,,,4
exp_hrl_v1,152,8,US_2,HOLD_VP,ATTACK,DIRECT,0.19662846624851227,48.084049224853516,,,4
exp_hrl_v1,152,8,US_3,HOLD_VP,ATTACK,DIRECT,0.19662846624851227,48.084049224853516,,,4
exp_hrl_v1,152,8,US_4,HOLD_VP,ATTACK,DIRECT,0.19662846624851227,48.084049224853516,,,4
exp_hrl_v1,152,8,US_5,HOLD_VP,ATTACK,DIRECT,0.19662846624851227,48.084049224853516,,,2
exp_hrl_v1,152,8,US_6,HOLD_VP,ATTACK,DIRECT,0.19662846624851227,48.084049224853516,,,4
exp_hrl_v1,153,1,US_1,PUSH_VP,ADVANCE,,0.1899789720773697,31.995033264160156,,,4
exp_hrl_v1,153,1,US_2,PUSH_VP,ADVANCE,,0.1899789720773697,31.995033264160156,,,4
exp_hrl_v1,153,1,US_3,PUSH_VP,ADVANCE,,0.1899789720773697,31.995033264160156,,,4
exp_hrl_v1,153,1,US_4,PUSH_VP,ADVANCE,,0.1899789720773697,31.995033264160156,,,4
exp_hrl_v1,153,1,US_5,PUSH_VP,ADVANCE,,0.1899789720773697,31.995033264160156,,,2
exp_hrl_v1,153,1,US_6,PUSH_VP,ADVANCE,,0.1899789720773697,31.995033264160156,,,4
exp_hrl_v1,153,1,US_7,PUSH_VP,FLANK,,0.1966974139213562,38.966827392578125,,,2
exp_hrl_v1,153,2,US_1,PUSH_VP,FLANK,,0.1966974139213562,38.966827392578125,,,4
exp_hrl_v1,153,2,US_2,PUSH_VP,FLANK,,0.1966974139213562,38.966827392578125,,,4
exp_hrl_v1,153,2,US_3,PUSH_VP,FLANK,,0.1966974139213562,38.966827392578125,,,4
exp_hrl_v1,153,2,US_4,PUSH_VP,FLANK,,0.1966974139213562,38.966827392578125,,,4
exp_hrl_v1,153,2,US_5,PUSH_VP,ADVANCE,,0.19693492352962494,45.69208526611328,,,2
exp_hrl_v1,153,2,US_6,PUSH_VP,ADVANCE,,0.19693492352962494,45.69208526611328,,,4
exp_hrl_v1,153,2,US_7,PUSH_VP,ADVANCE,,0.19693492352962494,45.69208526611328,,,2
exp_hrl_v1,153,3,US_1,PUSH_VP,ADVANCE,,0.19693492352962494,45.69208526611328,,,4
exp_hrl_v1,153,3,US_2,PUSH_VP,ADVANCE,,0.19693492352962494,45.69208526611328,,,4
exp_hrl_v1,153,3,US_3,PUSH_VP,ADVANCE,,0.19693492352962494,45.69208526611328,,,4
exp_hrl_v1,153,3,US_4,PUSH_VP,ADVANCE,,0.18378423154354095,50.84752655029297,,,4
exp_hrl_v1,153,3,US_5,PUSH_VP,ADVANCE,,0.18378423154354095,50.84752655029297,,,2
exp_hrl_v1,153,3,US_6,PUSH_VP,ADVANCE,,0.18378423154354095,50.84752655029297,,,4
exp_hrl_v1,153,3,US_7,PUSH_VP,ADVANCE,,0.18378423154354095,50.84752655029297,,,2
exp_hrl_v1,153,4,US_1,PUSH_VP,ADVANCE,,0.18378423154354095,50.84752655029297,,,4
exp_hrl_v1,153,4,US_2,PUSH_VP,ADVANCE,,0.18378423154354095,50.84752655029297,,,4
exp_hrl_v1,153,4,US_3,PUSH_VP,FLANK,,0.18584688007831573,55.34172058105469,,,4
exp_hrl_v1,153,4,US_4,PUSH_VP,FLANK,,0.18584688007831573,55.34172058105469,,,4
exp_hrl_v1,153,4,US_5,PUSH_VP,FLANK,,0.18584688007831573,55.34172058105469,,,2
exp_hrl_v1,153,4,US_6,PUSH_VP,FLANK,,0.18584688007831573,55.34172058105469,,,4
exp_hrl_v1,153,4,US_7,PUSH_VP,FLANK,,0.18584688007831573,55.34172058105469,,,2
exp_hrl_v1,153,5,US_1,PUSH_VP,ATTACK,DIRECT,0.31901997327804565,59.20802307128906,,,4
exp_hrl_v1,153,5,US_2,PUSH_VP,ATTACK,DIRECT,0.31901997327804565,59.20802307128906,,,4
exp_hrl_v1,153,5,US_3,PUSH_VP,ATTACK,DIRECT,0.31901997327804565,59.20802307128906,,,4
exp_hrl_v1,153,5,US_4,PUSH_VP,ATTACK,DIRECT,0.31901997327804565,59.20802307128906,,,4
exp_hrl_v1,153,5,US_5,PUSH_VP,ATTACK,DIRECT,0.31901997327804565,59.20802307128906,,,2
exp_hrl_v1,153,5,US_6,PUSH_VP,ATTACK,DIRECT,0.31901997327804565,59.20802307128906,,,4
exp_hrl_v1,153,5,US_7,PUSH_VP,ATTACK,DIRECT,0.31901997327804565,59.20802307128906,,,2
exp_hrl_v1,153,6,US_1,PUSH_VP,ATTACK,DIRECT,0.31901997327804565,59.20802307128906,,,4
exp_hrl_v1,153,6,US_2,PUSH_VP,ATTACK,DIRECT,0.31901997327804565,59.20802307128906,,,4
exp_hrl_v1,153,6,US_3,PUSH_VP,ATTACK,DIRECT,0.31901997327804565,59.20802307128906,,,4
exp_hrl_v1,153,6,US_4,HOLD_VP,RETREAT,,0.15117748081684113,55.89095687866211,,,4
exp_hrl_v1,153,6,US_5,HOLD_VP,RETREAT,,0.15117748081684113,55.89095687866211,,,2
exp_hrl_v1,153,6,US_6,HOLD_VP,ADVANCE,,0.2256624549627304,54.51433563232422,,,4
exp_hrl_v1,153,6,US_7,HOLD_VP,ADVANCE,,0.2256624549627304,54.51433563232422,,,2
exp_hrl_v1,153,7,US_1,HOLD_VP,ADVANCE,,0.2256624549627304,54.51433563232422,,,4
exp_hrl_v1,153,7,US_2,HOLD_VP,ADVANCE,,0.2256624549627304,54.51433563232422,,,4
exp_hrl_v1,153,7,US_3,HOLD_VP,ADVANCE,,0.2256624549627304,54.51433563232422,,,4
exp_hrl_v1,153,7,US_4,HOLD_VP,ADVANCE,,0.2256624549627304,54.51433563232422,,,4
exp_hrl_v1,153,7,US_5,HOLD_VP,RETREAT,,0.15658974647521973,51.32929229736328,,,2
exp_hrl_v1,153,7,US_6,HOLD_VP,RETREAT,,0.15658974647521973,51.32929229736328,,,4
exp_hrl_v1,153,7,US_7,HOLD_VP,ATTACK,INDIRECT,0.1641305536031723,50.73834228515625,,,2
exp_hrl_v1,153,8,US_1,HOLD_VP,ATTACK,INDIRECT,0.1641305536031723,50.73834228515625,,,4
exp_hrl_v1,154,1,US_1,PUSH_VP,ADVANCE,,0.1955854892730713,31.995033264160156,,,4
exp_hrl_v1,154,1,US_2,PUSH_VP,ADVANCE,,0.1955854892730713,31.995033264160156,,,4
exp_hrl_v1,154,1,US_3,PUSH_VP,ADVANCE,,0.1955854892730713,31.995033264160156,,,4
exp_hrl_v1,154,1,US_4,PUSH_VP,ADVANCE,,0.1955854892730713,31.995033264160156,,,4
exp_hrl_v1,154,1,US_5,PUSH_VP,ADVANCE,,0.1955854892730713,31.995033264160156,,,2
exp_hrl_v1,154,1,US_6,PUSH_VP,ADVANCE,,0.1955854892730713,31.995033264160156,,,4
exp_hrl_v1,154,1,US_7,PUSH_VP,ADVANCE,,0.19832457602024078,38.966827392578125,,,2
exp_hrl_v1,154,2,US_1,PUSH_VP,ADVANCE,,0.19832457602024078,38.966827392578125,,,4
exp_hrl_v1,154,2,US_2,PUSH_VP,ADVANCE,,0.19832457602024078,38.966827392578125,,,4
exp_hrl_v1,154,2,US_3,PUSH_VP,ADVANCE,,0.19832457602024078,38.966827392578125,,,4
exp_hrl_v1,154,2,US_4,PUSH_VP,ADVANCE,,0.19832457602024078,38.966827392578125,,,4
exp_hrl_v1,154,2,US_5,PUSH_VP,ADVANCE,,0.19832457602024078,38.966827392578125,,,2
exp_hrl_v1,154,2,US_6,PUSH_VP,ADVANCE,,0.1930677741765976,43.13095474243164,,,4
exp_hrl_v1,154,2,US_7,PUSH_VP,ADVANCE,,0.1930677741765976,43.13095474243164,,,2
exp_hrl_v1,154,3,US_1,PUSH_VP,ADVANCE,,0.1930677741765976,43.13095474243164,,,4
exp_hrl_v1,154,3,US_2,PUSH_VP,ADVANCE,,0.1930677741765976,43.13095474243164,,,4
exp_hrl_v1,154,3,US_3,PUSH_VP,ADVANCE,,0.1930677741765976,43.13095474243164,,,4
exp_hrl_v1,154,3,US_4,PUSH_VP,ADVANCE,,0.1930677741765976,43.13095474243164,,,4
exp_hrl_v1,154,3,US_5,PUSH_VP,ADVANCE,,0.17752157151699066,51.56973648071289,,,2
exp_hrl_v1,154,3,US_6,PUSH_VP,ADVANCE,,0.17752157151699066,51.56973648071289,,,4
exp_hrl_v1,154,3,US_7,PUSH_VP,ADVANCE,,0.17752157151699066,51.56973648071289,,,2
exp_hrl_v1,154,4,US_1,PUSH_VP,ADVANCE,,0.17752157151699066,51.56973648071289,,,4
exp_hrl_v1,154,4,US_2,PUSH_VP,ADVANCE,,0.17752157151699066,51.56973648071289,,,4
exp_hrl_v1,154,4,US_3,PUSH_VP,ADVANCE,,0.17752157151699066,51.56973648071289,,,4
exp_hrl_v1,154,4,US_4,PUSH_VP,ADVANCE,,0.20836415886878967,56.64994812011719,,,4
exp_hrl_v1,154,4,US_5,PUSH_VP,ADVANCE,,0.20836415886878967,56.64994812011719,,,2
exp_hrl_v1,154,4,US_6,PUSH_VP,ADVANCE,,0.20836415886878967,56.64994812011719,,,4
exp_hrl_v1,154,4,US_7,PUSH_VP,ADVANCE,,0.20836415886878967,56.64994812011719,,,2
exp_hrl_v1,154,5,US_1,PUSH_VP,ADVANCE,,0.20836415886878967,56.64994812011719,,,4
exp_hrl_v1,154,5,US_2,PUSH_VP,ADVANCE,,0.20836415886878967,56.64994812011719,,,4
exp_hrl_v1,154,5,US_3,PUSH_VP,HOLD,,0.1741279512643814,59.8690185546875,,,4
exp_hrl_v1,154,5,US_4,HOLD_VP,FLANK,,0.15690162777900696,61.72383499145508,,,4
exp_hrl_v1,154,5,US_5,HOLD_VP,FLANK,,0.15690162777900696,61.72383499145508,,,2
exp_hrl_v1,154,5,US_6,HOLD_VP,FLANK,,0.15690162777900696,61.72383499145508,,,4
exp_hrl_v1,154,5,US_7,HOLD_VP,FLANK,,0.15690162777900696,61.72383499145508,,,2
exp_hrl_v1,154,6,US_1,HOLD_VP,FLANK,,0.15690162777900696,61.72383499145508,,,4
exp_hrl_v1,154,6,US_2,HOLD_VP,ATTACK,DIRECT,0.41634130477905273,64.30630493164062,,,4
exp_hrl_v1,154,6,US_3,HOLD_VP,ATTACK,DIRECT,0.41634130477905273,64.30630493164062,,,4
exp_hrl_v1,154,6,US_4,HOLD_VP,ATTACK,DIRECT,0.41634130477905273,64.30630493164062,,,4
exp_hrl_v1,154,6,US_5,HOLD_VP,ATTACK,DIRECT,0.41634130477905273,64.30630493164062,,,2
exp_hrl_v1,154,6,US_6,HOLD_VP,ATTACK,DIRECT,0.41634130477905273,64.30630493164062,,,4
exp_hrl_v1,154,6,US_7,HOLD_VP,ATTACK,DIRECT,0.41634130477905273,64.30630493164062,,,2
exp_hrl_v1,154,7,US_1,HOLD_VP,ATTACK,DIRECT,0.41634130477905273,64.30630493164062,,,4
exp_hrl_v1,154,7,US_2,HOLD_VP,ATTACK,DIRECT,0.41634130477905273,64.30630493164062,,,4
exp_hrl_v1,155,1,US_1,PUSH_VP,ADVANCE,,0.1955854892730713,31.995033264160156,,,4
exp_hrl_v1,155,1,US_2,PUSH_VP,ADVANCE,,0.1955854892730713,31.995033264160156,,,4
exp_hrl_v1,155,1,US_3,PUSH_VP,ADVANCE,,0.1955854892730713,31.995033264160156,,,4
exp_hrl_v1,155,1,US_4,PUSH_VP,ADVANCE,,0.1955854892730713,31.995033264160156,,,4
exp_hrl_v1,155,1,US_5,PUSH_VP,ADVANCE,,0.1955854892730713,31.995033264160156,,,2
exp_hrl_v1,155,1,US_6,PUSH_VP,ADVANCE,,0.1955854892730713,31.995033264160156,,,4
exp_hrl_v1,155,1,US_7,PUSH_VP,ADVANCE,,0.19832457602024078,38.966827392578125,,,2
exp_hrl_v1,155,2,US_1,PUSH_VP,ADVANCE,,0.19832457602024078,38.966827392578125,,,4
exp_hrl_v1,155,2,US_2,PUSH_VP,ADVANCE,,0.19832457602024078,38.966827392578125,,,4
exp_hrl_v1,155,2,US_3,PUSH_VP,ADVANCE,,0.19832457602024078,38.966827392578125,,,4
exp_hrl_v1,155,2,US_4,PUSH_VP,ADVANCE,,0.19832457602024078,38.966827392578125,,,4
exp_hrl_v1,155,2,US_5,PUSH_VP,ADVANCE,,0.19832457602024078,38.966827392578125,,,2
exp_hrl_v1,155,2,US_6,PUSH_VP,FLANK,,0.19315460324287415,43.13095474243164,,,4
exp_hrl_v1,155,2,US_7,PUSH_VP,FLANK,,0.19315460324287415,43.13095474243164,,,2
exp_hrl_v1,155,3,US_1,PUSH_VP,FLANK,,0.19315460324287415,43.13095474243164,,,4
exp_hrl_v1,155,3,US_2,PUSH_VP,FLANK,,0.19315460324287415,43.13095474243164,,,4
exp_hrl_v1,155,3,US_3,PUSH_VP,FLANK,,0.19315460324287415,43.13095474243164,,,4
exp_hrl_v1,155,3,US_4,PUSH_VP,ADVANCE,,0.17888130247592926,50.39462661743164,,,4
exp_hrl_v1,155,3,US_5,PUSH_VP,ADVANCE,,0.17888130247592926,50.39462661743164,,,2
exp_hrl_v1,155,3,US_6,PUSH_VP,ADVANCE,,0.17888130247592926,50.39462661743164,,,4
exp_hrl_v1,155,3,US_7,PUSH_VP,ADVANCE,,0.17888130247592926,50.39462661743164,,,2
exp_hrl_v1,155,4,US_1,PUSH_VP,ADVANCE,,0.17888130247592926,50.39462661743164,,,4
exp_hrl_v1,155,4,US_2,PUSH_VP,ADVANCE,,0.17888130247592926,50.39462661743164,,,4
exp_hrl_v1,155,4,US_3,PUSH_VP,ADVANCE,,0.20547562837600708,55.45258712768555,,,4
exp_hrl_v1,155,4,US_4,PUSH_VP,ADVANCE,,0.20547562837600708,55.45258712768555,,,4
exp_hrl_v1,155,4,US_5,PUSH_VP,ADVANCE,,0.20547562837600708,55.45258712768555,,,2
exp_hrl_v1,155,4,US_6,PUSH_VP,ADVANCE,,0.20547562837600708,55.45258712768555,,,4
exp_hrl_v1,155,4,US_7,PUSH_VP,ADVANCE,,0.20547562837600708,55.45258712768555,,,2
exp_hrl_v1,155,5,US_1,PUSH_VP,ADVANCE,,0.20547562837600708,55.45258712768555,,,4
exp_hrl_v1,155,5,US_2,PUSH_VP,ADVANCE,,0.3427402675151825,59.27045822143555,,,4
exp_hrl_v1,155,5,US_3,PUSH_VP,ADVANCE,,0.3427402675151825,59.27045822143555,,,4
exp_hrl_v1,155,5,US_4,PUSH_VP,ADVANCE,,0.3427402675151825,59.27045822143555,,,4
exp_hrl_v1,155,5,US_5,PUSH_VP,ADVANCE,,0.3427402675151825,59.27045822143555,,,2
exp_hrl_v1,155,5,US_6,PUSH_VP,ADVANCE,,0.3427402675151825,59.27045822143555,,,4
exp_hrl_v1,155,5,US_7,PUSH_VP,ADVANCE,,0.3427402675151825,59.27045822143555,,,2
exp_hrl_v1,155,6,US_1,HOLD_VP,ATTACK,DIRECT,0.41589289903640747,62.53553009033203,,,4
exp_hrl_v1,155,6,US_2,HOLD_VP,ATTACK,DIRECT,0.41589289903640747,62.53553009033203,,,4
exp_hrl_v1,155,6,US_3,HOLD_VP,ATTACK,DIRECT,0.41589289903640747,62.53553009033203,,,4
exp_hrl_v1,155,6,US_4,HOLD_VP,ATTACK,DIRECT,0.41589289903640747,62.53553009033203,,,4
exp_hrl_v1,155,6,US_5,HOLD_VP,ATTACK,DIRECT,0.41589289903640747,62.53553009033203,,,2
exp_hrl_v1,155,6,US_6,HOLD_VP,ATTACK,DIRECT,0.41589289903640747,62.53553009033203,,,4
exp_hrl_v1,155,6,US_7,HOLD_VP,ATTACK,DIRECT,0.41589289903640747,62.53553009033203,,,2
exp_hrl_v1,155,7,US_1,HOLD_VP,ATTACK,DIRECT,0.41589289903640747,62.53553009033203,,,4
exp_hrl_v1,155,7,US_2,HOLD_VP,ATTACK,DIRECT,0.41589289903640747,62.53553009033203,,,4
exp_hrl_v1,155,7,US_3,HOLD_VP,ATTACK,DIRECT,0.41589289903640747,62.53553009033203,,,4
exp_hrl_v1,156,1,US_1,HOLD_VP,FLANK,,0.1957722306251526,31.995033264160156,,,4
exp_hrl_v1,156,1,US_2,HOLD_VP,FLANK,,0.1957722306251526,31.995033264160156,,,4
exp_hrl_v1,156,1,US_3,HOLD_VP,FLANK,,0.1957722306251526,31.995033264160156,,,4
exp_hrl_v1,156,1,US_4,HOLD_VP,FLANK,,0.1957722306251526,31.995033264160156,,,4
exp_hrl_v1,156,1,US_5,HOLD_VP,FLANK,,0.1957722306251526,31.995033264160156,,,2
exp_hrl_v1,156,1,US_6,HOLD_VP,FLANK,,0.19572269916534424,38.0492057800293,,,4
exp_hrl_v1,156,1,US_7,HOLD_VP,FLANK,,0.19572269916534424,38.0492057800293,,,2
exp_hrl_v1,156,2,US_1,HOLD_VP,FLANK,,0.19572269916534424,38.0492057800293,,,4
exp_hrl_v1,156,2,US_2,HOLD_VP,FLANK,,0.19572269916534424,38.0492057800293,,,4
exp_hrl_v1,156,2,US_3,HOLD_VP,FLANK,,0.19572269916534424,38.0492057800293,,,4
exp_hrl_v1,156,2,US_4,HOLD_VP,ADVANCE,,0.19275128841400146,44.03032684326172,,,4
exp_hrl_v1,156,2,US_5,HOLD_VP,ADVANCE,,0.19275128841400146,44.03032684326172,,,2
exp_hrl_v1,156,2,US_6,HOLD_VP,ADVANCE,,0.19275128841400146,44.03032684326172,,,4
exp_hrl_v1,156,2,US_7,HOLD_VP,ADVANCE,,0.19275128841400146,44.03032684326172,,,2
exp_hrl_v1,156,3,US_1,HOLD_VP,ADVANCE,,0.19275128841400146,44.03032684326172,,,4
exp_hrl_v1,156,3,US_2,HOLD_VP,ADVANCE,,0.19275128841400146,44.03032684326172,,,4
exp_hrl_v1,156,3,US_3,HOLD_VP,ADVANCE,,0.20072638988494873,50.942718505859375,,,4
exp_hrl_v1,156,3,US_4,HOLD_VP,ADVANCE,,0.20072638988494873,50.942718505859375,,,4
exp_hrl_v1,156,3,US_5,HOLD_VP,ADVANCE,,0.20072638988494873,50.942718505859375,,,2
exp_hrl_v1,156,3,US_6,HOLD_VP,ADVANCE,,0.20072638988494873,50.942718505859375,,,4
exp_hrl_v1,156,3,US_7,HOLD_VP,ADVANCE,,0.20072638988494873,50.942718505859375,,,2
exp_hrl_v1,156,4,US_1,HOLD_VP,ADVANCE,,0.20072638988494873,50.942718505859375,,,4
exp_hrl_v1,156,4,US_2,HOLD_VP,ATTACK,DIRECT,0.2507025897502899,54.88075256347656,,,4
exp_hrl_v1,156,4,US_3,HOLD_VP,ATTACK,DIRECT,0.2507025897502899,54.88075256347656,,,4
exp_hrl_v1,156,4,US_4,HOLD_VP,ATTACK,DIRECT,0.2507025897502899,54.88075256347656,,,4
exp_hrl_v1,156,4,US_5,HOLD_VP,ATTACK,DIRECT,0.2507025897502899,54.88075256347656,,,2
exp_hrl_v1,156,4,US_6,HOLD_VP,ATTACK,DIRECT,0.2507025897502899,54.88075256347656,,,4
exp_hrl_v1,156,4,US_7,HOLD_VP,ATTACK,DIRECT,0.2507025897502899,54.88075256347656,,,2
exp_hrl_v1,156,5,US_1,HOLD_VP,ATTACK,DIRECT,0.2507025897502899,54.88075256347656,,,4
exp_hrl_v1,156,5,US_2,HOLD_VP,ATTACK,DIRECT,0.2507025897502899,54.88075256347656,,,4
exp_hrl_v1,156,5,US_3,HOLD_VP,ATTACK,DIRECT,0.2507025897502899,54.88075256347656,,,4
exp_hrl_v1,156,5,US_4,HOLD_VP,ATTACK,DIRECT,0.2507025897502899,54.88075256347656,,,4
exp_hrl_v1,156,5,US_5,HOLD_VP,ADVANCE,,0.16808027029037476,56.7183837890625,,,2
exp_hrl_v1,156,5,US_6,HOLD_VP,ADVANCE,,0.16808027029037476,56.7183837890625,,,4
exp_hrl_v1,156,5,US_7,HOLD_VP,ADVANCE,,0.16808027029037476,56.7183837890625,,,2
exp_hrl_v1,156,6,US_1,HOLD_VP,ADVANCE,,0.16808027029037476,56.7183837890625,,,4
exp_hrl_v1,156,6,US_2,HOLD_VP,ADVANCE,,0.16808027029037476,56.7183837890625,,,4
exp_hrl_v1,156,6,US_3,HOLD_VP,ADVANCE,,0.16808027029037476,56.7183837890625,,,4
exp_hrl_v1,156,6,US_4,HOLD_VP,ADVANCE,,0.20194578170776367,54.9849739074707,,,4
exp_hrl_v1,156,6,US_5,HOLD_VP,ADVANCE,,0.20194578170776367,54.9849739074707,,,2
exp_hrl_v1,156,6,US_6,HOLD_VP,ADVANCE,,0.20194578170776367,54.9849739074707,,,4
exp_hrl_v1,156,6,US_7,HOLD_VP,ADVANCE,,0.20194578170776367,54.9849739074707,,,2
exp_hrl_v1,156,7,US_1,HOLD_VP,ADVANCE,,0.20194578170776367,54.9849739074707,,,4
exp_hrl_v1,156,7,US_2,HOLD_VP,ADVANCE,,0.20194578170776367,54.9849739074707,,,4
exp_hrl_v1,156,7,US_3,HOLD_VP,FLANK,,0.18259234726428986,51.832183837890625,,,4
exp_hrl_v1,156,7,US_4,HOLD_VP,FLANK,,0.18259234726428986,51.832183837890625,,,4
exp_hrl_v1,156,7,US_5,HOLD_VP,FLANK,,0.18259234726428986,51.832183837890625,,,2
exp_hrl_v1,156,7,US_6,HOLD_VP,FLANK,,0.18259234726428986,51.832183837890625,,,4
exp_hrl_v1,156,7,US_7,HOLD_VP,FLANK,,0.18259234726428986,51.832183837890625,,,2
exp_hrl_v1,156,8,US_1,HOLD_VP,ATTACK,DIRECT,0.1942993402481079,48.479774475097656,,,4
exp_hrl_v1,156,8,US_2,HOLD_VP,ATTACK,DIRECT,0.1942993402481079,48.479774475097656,,,4
exp_hrl_v1,157,1,US_1,PUSH_VP,ADVANCE,,0.1899789720773697,31.995033264160156,,,4
exp_hrl_v1,157,1,US_2,PUSH_VP,ADVANCE,,0.1899789720773697,31.995033264160156,,,4
exp_hrl_v1,157,1,US_3,PUSH_VP,ADVANCE,,0.1899789720773697,31.995033264160156,,,4
exp_hrl_v1,157,1,US_4,PUSH_VP,ADVANCE,,0.1899789720773697,31.995033264160156,,,4
exp_hrl_v1,157,1,US_5,PUSH_VP,ADVANCE,,0.1899789720773697,31.995033264160156,,,2
exp_hrl_v1,157,1,US_6,PUSH_VP,ADVANCE,,0.1899789720773697,31.995033264160156,,,4
exp_hrl_v1,157,1,US_7,PUSH_VP,ADVANCE,,0.19832457602024078,38.966827392578125,,,2
exp_hrl_v1,157,2,US_1,PUSH_VP,ADVANCE,,0.19832457602024078,38.966827392578125,,,4
exp_hrl_v1,157,2,US_2,PUSH_VP,ADVANCE,,0.19832457602024078,38.966827392578125,,,4
exp_hrl_v1,157,2,US_3,PUSH_VP,ADVANCE,,0.19832457602024078,38.966827392578125,,,4
exp_hrl_v1,157,2,US_4,PUSH_VP,ADVANCE,,0.19832457602024078,38.966827392578125,,,4
exp_hrl_v1,157,2,US_5,PUSH_VP,ADVANCE,,0.19832457602024078,38.966827392578125,,,2
exp_hrl_v1,157,2,US_6,PUSH_VP,ADVANCE,,0.1971135288476944,43.13095474243164,,,4
exp_hrl_v1,157,2,US_7,PUSH_VP,ADVANCE,,0.1971135288476944,43.13095474243164,,,2
exp_hrl_v1,157,3,US_1,PUSH_VP,ADVANCE,,0.1971135288476944,43.13095474243164,,,4
exp_hrl_v1,157,3,US_2,PUSH_VP,ADVANCE,,0.1971135288476944,43.13095474243164,,,4
exp_hrl_v1,157,3,US_3,PUSH_VP,ADVANCE,,0.1971135288476944,43.13095474243164,,,4
exp_hrl_v1,157,3,US_4,PUSH_VP,ADVANCE,,0.1971135288476944,43.13095474243164,,,4
exp_hrl_v1,157,3,US_5,PUSH_VP,ATTACK,DIRECT,0.2650388479232788,51.56973648071289,,,2
exp_hrl_v1,157,3,US_6,PUSH_VP,ATTACK,DIRECT,0.2650388479232788,51.56973648071289,,,4
exp_hrl_v1,157,3,US_7,PUSH_VP,ATTACK,DIRECT,0.2650388479232788,51.56973648071289,,,2
exp_hrl_v1,157,4,US_1,PUSH_VP,ATTACK,DIRECT,0.2650388479232788,51.56973648071289,,,4
exp_hrl_v1,157,4,US_2,PUSH_VP,ATTACK,DIRECT,0.2650388479232788,51.56973648071289,,,4
exp_hrl_v1,157,4,US_3,PUSH_VP,ATTACK,DIRECT,0.2650388479232788,51.56973648071289,,,4
exp_hrl_v1,157,4,US_4,PUSH_VP,ATTACK,DIRECT,0.2650388479232788,51.56973648071289,,,4
exp_hrl_v1,157,4,US_5,PUSH_VP,ATTACK,DIRECT,0.2650388479232788,51.56973648071289,,,2
exp_hrl_v1,157,4,US_6,PUSH_VP,ATTACK,DIRECT,0.2650388479232788,51.56973648071289,,,4
exp_hrl_v1,157,4,US_7,PUSH_VP,ATTACK,DIRECT,0.2650388479232788,51.56973648071289,,,2
exp_hrl_v1,157,5,US_1,PUSH_VP,ADVANCE,,0.28953757882118225,53.78239440917969,,,4
exp_hrl_v1,157,5,US_2,PUSH_VP,ADVANCE,,0.28953757882118225,53.78239440917969,,,4
exp_hrl_v1,157,5,US_3,PUSH_VP,ADVANCE,,0.28953757882118225,53.78239440917969,,,4
exp_hrl_v1,157,5,US_4,PUSH_VP,ADVANCE,,0.28953757882118225,53.78239440917969,,,4
exp_hrl_v1,157,5,US_5,PUSH_VP,ADVANCE,,0.28953757882118225,53.78239440917969,,,2
exp_hrl_v1,157,5,US_6,PUSH_VP,ADVANCE,,0.28953757882118225,53.78239440917969,,,4
exp_hrl_v1,157,5,US_7,PUSH_VP,ADVANCE,,0.1846867948770523,55.37580108642578,,,2
exp_hrl_v1,157,6,US_1,PUSH_VP,ADVANCE,,0.1846867948770523,55.37580108642578,,,4
exp_hrl_v1,157,6,US_2,PUSH_VP,ADVANCE,,0.1846867948770523,55.37580108642578,,,4
exp_hrl_v1,157,6,US_3,PUSH_VP,ADVANCE,,0.1846867948770523,55.37580108642578,,,4
exp_hrl_v1,157,6,US_4,PUSH_VP,ADVANCE,,0.1846867948770523,55.37580108642578,,,4
exp_hrl_v1,157,6,US_5,PUSH_VP,ADVANCE,,0.1846867948770523,55.37580108642578,,,2
exp_hrl_v1,157,6,US_6,HOLD_VP,ADVANCE,,0.24893902242183685,52.524497985839844,,,4
exp_hrl_v1,157,6,US_7,HOLD_VP,ADVANCE,,0.24893902242183685,52.524497985839844,,,2
exp_hrl_v1,157,7,US_1,HOLD_VP,ADVANCE,,0.24893902242183685,52.524497985839844,,,4
exp_hrl_v1,157,7,US_2,HOLD_VP,ADVANCE,,0.24893902242183685,52.524497985839844,,,4
exp_hrl_v1,157,7,US_3,HOLD_VP,ADVANCE,,0.24893902242183685,52.524497985839844,,,4
exp_hrl_v1,157,7,US_4,HOLD_VP,ADVANCE,,0.24893902242183685,52.524497985839844,,,4
exp_hrl_v1,157,7,US_5,HOLD_VP,ADVANCE,,0.28731516003608704,50.123497009277344,,,2
exp_hrl_v1,157,7,US_6,HOLD_VP,ADVANCE,,0.28731516003608704,50.123497009277344,,,4
exp_hrl_v1,157,7,US_7,HOLD_VP,ADVANCE,,0.28731516003608704,50.123497009277344,,,2
exp_hrl_v1,157,8,US_1,HOLD_VP,ADVANCE,,0.28731516003608704,50.123497009277344,,,4
exp_hrl_v1,157,8,US_2,HOLD_VP,ADVANCE,,0.28731516003608704,50.123497009277344,,,4
exp_hrl_v1,157,8,US_3,HOLD_VP,ADVANCE,,0.28731516003608704,50.123497009277344,,,4
exp_hrl_v1,157,8,US_4,HOLD_VP,FLANK,,0.15228994190692902,46.542930603027344,,,4
exp_hrl_v1,157,8,US_5,HOLD_VP,FLANK,,0.15228994190692902,46.542930603027344,,,2
exp_hrl_v1,157,8,US_6,HOLD_VP,FLANK,,0.15228994190692902,46.542930603027344,,,4
exp_hrl_v1,157,8,US_7,HOLD_VP,FLANK,,0.15228994190692902,46.542930603027344,,,2
exp_hrl_v1,157,9,US_1,HOLD_VP,FLANK,,0.15228994190692902,46.542930603027344,,,4
exp_hrl_v1,157,9,US_2,HOLD_VP,ADVANCE,,0.29733988642692566,42.089115142822266,,,4
exp_hrl_v1,157,9,US_3,HOLD_VP,ADVANCE,,0.29733988642692566,42.089115142822266,,,4
exp_hrl_v1,157,9,US_4,HOLD_VP,ADVANCE,,0.29733988642692566,42.089115142822266,,,4
exp_hrl_v1,157,9,US_5,HOLD_VP,ADVANCE,,0.29733988642692566,42.089115142822266,,,2
exp_hrl_v1,157,9,US_6,HOLD_VP,ADVANCE,,0.29733988642692566,42.089115142822266,,,4
exp_hrl_v1,157,9,US_7,HOLD_VP,ADVANCE,,0.29733988642692566,42.089115142822266,,,2
exp_hrl_v1,157,10,US_1,HOLD_VP,FLANK,,0.2670346200466156,38.331451416015625,,,4
exp_hrl_v1,157,10,US_2,HOLD_VP,FLANK,,0.2670346200466156,38.331451416015625,,,4
exp_hrl_v1,157,10,US_3,HOLD_VP,FLANK,,0.2670346200466156,38.331451416015625,,,4
exp_hrl_v1,157,10,US_4,HOLD_VP,FLANK,,0.2670346200466156,38.331451416015625,,,4
exp_hrl_v1,157,10,US_5,HOLD_VP,FLANK,,0.2670346200466156,38.331451416015625,,,2
exp_hrl_v1,157,10,US_6,HOLD_VP,ADVANCE,,0.2561744451522827,36.84721374511719,,,4
exp_hrl_v1,157,10,US_7,HOLD_VP,ADVANCE,,0.2561744451522827,36.84721374511719,,,2
exp_hrl_v1,157,11,US_1,HOLD_VP,ADVANCE,,0.2561744451522827,36.84721374511719,,,4
exp_hrl_v1,157,11,US_2,HOLD_VP,ADVANCE,,0.2561744451522827,36.84721374511719,,,4
exp_hrl_v1,157,11,US_3,HOLD_VP,ADVANCE,,0.2561744451522827,36.84721374511719,,,4
exp_hrl_v1,157,11,US_4,HOLD_VP,ADVANCE,,0.2561744451522827,36.84721374511719,,,4
exp_hrl_v1,157,11,US_5,HOLD_VP,ATTACK,DIRECT,0.2420019656419754,33.101139068603516,,,2
exp_hrl_v1,157,11,US_6,HOLD_VP,ATTACK,DIRECT,0.2420019656419754,33.101139068603516,,,4
exp_hrl_v1,158,1,US_1,HOLD_VP,FLANK,,0.1957722306251526,31.995033264160156,,,4
exp_hrl_v1,158,1,US_2,HOLD_VP,FLANK,,0.1957722306251526,31.995033264160156,,,4
exp_hrl_v1,158,1,US_3,HOLD_VP,FLANK,,0.1957722306251526,31.995033264160156,,,4
exp_hrl_v1,158,1,US_4,HOLD_VP,FLANK,,0.1957722306251526,31.995033264160156,,,4
exp_hrl_v1,158,1,US_5,HOLD_VP,FLANK,,0.1957722306251526,31.995033264160156,,,2
exp_hrl_v1,158,1,US_6,HOLD_VP,ADVANCE,,0.19178712368011475,38.0492057800293,,,4
exp_hrl_v1,158,1,US_7,HOLD_VP,ADVANCE,,0.19178712368011475,38.0492057800293,,,2
exp_hrl_v1,158,2,US_1,HOLD_VP,ADVANCE,,0.19178712368011475,38.0492057800293,,,4
exp_hrl_v1,158,2,US_2,HOLD_VP,ADVANCE,,0.19178712368011475,38.0492057800293,,,4
exp_hrl_v1,158,2,US_3,HOLD_VP,ADVANCE,,0.19178712368011475,38.0492057800293,,,4
exp_hrl_v1,158,2,US_4,HOLD_VP,ADVANCE,,0.19178712368011475,38.0492057800293,,,4
exp_hrl_v1,158,2,US_5,HOLD_VP,ADVANCE,,0.19800324738025665,45.439945220947266,,,2
exp_hrl_v1,158,2,US_6,HOLD_VP,ADVANCE,,0.19800324738025665,45.439945220947266,,,4
exp_hrl_v1,158,2,US_7,HOLD_VP,ADVANCE,,0.19800324738025665,45.439945220947266,,,2
exp_hrl_v1,158,3,US_1,HOLD_VP,ADVANCE,,0.19800324738025665,45.439945220947266,,,4
exp_hrl_v1,158,3,US_2,HOLD_VP,ADVANCE,,0.19800324738025665,45.439945220947266,,,4
exp_hrl_v1,158,3,US_3,HOLD_VP,ADVANCE,,0.19800324738025665,45.439945220947266,,,4
exp_hrl_v1,158,3,US_4,HOLD_VP,FLANK,,0.1858983039855957,51.02067565917969,,,4
exp_hrl_v1,158,3,US_5,HOLD_VP,FLANK,,0.1858983039855957,51.02067565917969,,,2
exp_hrl_v1,158,3,US_6,HOLD_VP,FLANK,,0.1858983039855957,51.02067565917969,,,4
exp_hrl_v1,158,3,US_7,HOLD_VP,FLANK,,0.1858983039855957,51.02067565917969,,,2
exp_hrl_v1,158,4,US_1,HOLD_VP,FLANK,,0.1858983039855957,51.02067565917969,,,4
exp_hrl_v1,158,4,US_2,HOLD_VP,FLANK,,0.18778297305107117,55.23048782348633,,,4
exp_hrl_v1,158,4,US_3,HOLD_VP,FLANK,,0.18778297305107117,55.23048782348633,,,4
exp_hrl_v1,158,4,US_4,HOLD_VP,FLANK,,0.18778297305107117,55.23048782348633,,,4
exp_hrl_v1,158,4,US_5,HOLD_VP,FLANK,,0.18778297305107117,55.23048782348633,,,2
exp_hrl_v1,158,4,US_6,HOLD_VP,FLANK,,0.18778297305107117,55.23048782348633,,,4
exp_hrl_v1,158,4,US_7,HOLD_VP,ADVANCE,,0.20127280056476593,58.36609649658203,,,2
exp_hrl_v1,158,5,US_1,HOLD_VP,ADVANCE,,0.20127280056476593,58.36609649658203,,,4
exp_hrl_v1,158,5,US_2,HOLD_VP,ADVANCE,,0.20127280056476593,58.36609649658203,,,4
exp_hrl_v1,158,5,US_3,HOLD_VP,ADVANCE,,0.20127280056476593,58.36609649658203,,,4
exp_hrl_v1,158,5,US_4,HOLD_VP,ADVANCE,,0.20127280056476593,58.36609649658203,,,4
exp_hrl_v1,158,5,US_5,HOLD_VP,ADVANCE,,0.20127280056476593,58.36609649658203,,,2
exp_hrl_v1,158,5,US_6,HOLD_VP,ATTACK,DIRECT,0.390603244304657,61.37670135498047,,,4
exp_hrl_v1,158,5,US_7,HOLD_VP,ATTACK,DIRECT,0.390603244304657,61.37670135498047,,,2
exp_hrl_v1,158,6,US_1,HOLD_VP,ATTACK,DIRECT,0.390603244304657,61.37670135498047,,,4
exp_hrl_v1,158,6,US_2,HOLD_VP,ATTACK,DIRECT,0.390603244304657,61.37670135498047,,,4
exp_hrl_v1,158,6,US_3,HOLD_VP,ATTACK,DIRECT,0.390603244304657,61.37670135498047,,,4
exp_hrl_v1,158,6,US_4,HOLD_VP,ATTACK,DIRECT,0.390603244304657,61.37670135498047,,,4
exp_hrl_v1,159,1,US_1,HOLD_VP,ADVANCE,,0.19773367047309875,31.995033264160156,,,4
exp_hrl_v1,159,1,US_2,HOLD_VP,ADVANCE,,0.19773367047309875,31.995033264160156,,,4
exp_hrl_v1,159,1,US_3,HOLD_VP,ADVANCE,,0.19773367047309875,31.995033264160156,,,4
exp_hrl_v1,159,1,US_4,HOLD_VP,ADVANCE,,0.19773367047309875,31.995033264160156,,,4
exp_hrl_v1,159,1,US_5,HOLD_VP,ADVANCE,,0.19773367047309875,31.995033264160156,,,2
exp_hrl_v1,159,1,US_6,HOLD_VP,ADVANCE,,0.19773367047309875,31.995033264160156,,,4
exp_hrl_v1,159,1,US_7,HOLD_VP,ADVANCE,,0.19140321016311646,38.966827392578125,,,2
exp_hrl_v1,159,2,US_1,HOLD_VP,ADVANCE,,0.19140321016311646,38.966827392578125,,,4
exp_hrl_v1,159,2,US_2,HOLD_VP,ADVANCE,,0.19140321016311646,38.966827392578125,,,4
exp_hrl_v1,159,2,US_3,HOLD_VP,ADVANCE,,0.19140321016311646,38.966827392578125,,,4
exp_hrl_v1,159,2,US_4,HOLD_VP,ADVANCE,,0.19140321016311646,38.966827392578125,,,4
exp_hrl_v1,159,2,US_5,HOLD_VP,ADVANCE,,0.19140321016311646,38.966827392578125,,,2
exp_hrl_v1,159,2,US_6,HOLD_VP,ADVANCE,,0.1930677741765976,43.13095474243164,,,4
exp_hrl_v1,159,2,US_7,HOLD_VP,ADVANCE,,0.1930677741765976,43.13095474243164,,,2
exp_hrl_v1,159,3,US_1,HOLD_VP,ADVANCE,,0.1930677741765976,43.13095474243164,,,4
exp_hrl_v1,159,3,US_2,HOLD_VP,ADVANCE,,0.1930677741765976,43.13095474243164,,,4
exp_hrl_v1,159,3,US_3,HOLD_VP,ADVANCE,,0.1930677741765976,43.13095474243164,,,4
exp_hrl_v1,159,3,US_4,HOLD_VP,ADVANCE,,0.1930677741765976,43.13095474243164,,,4
exp_hrl_v1,159,3,US_5,HOLD_VP,ADVANCE,,0.17752157151699066,51.56973648071289,,,2
exp_hrl_v1,159,3,US_6,HOLD_VP,ADVANCE,,0.17752157151699066,51.56973648071289,,,4
exp_hrl_v1,159,3,US_7,HOLD_VP,ADVANCE,,0.17752157151699066,51.56973648071289,,,2
exp_hrl_v1,159,4,US_1,HOLD_VP,ADVANCE,,0.17752157151699066,51.56973648071289,,,4
exp_hrl_v1,159,4,US_2,HOLD_VP,ADVANCE,,0.17752157151699066,51.56973648071289,,,4
exp_hrl_v1,159,4,US_3,HOLD_VP,ADVANCE,,0.17752157151699066,51.56973648071289,,,4
exp_hrl_v1,159,4,US_4,HOLD_VP,RETREAT,,0.15115459263324738,56.64994812011719,,,4
exp_hrl_v1,159,4,US_5,HOLD_VP,RETREAT,,0.15115459263324738,56.64994812011719,,,2
exp_hrl_v1,159,4,US_6,HOLD_VP,ADVANCE,,0.281485378742218,57.3979606628418,,,4
exp_hrl_v1,159,4,US_7,HOLD_VP,ADVANCE,,0.281485378742218,57.3979606628418,,,2
exp_hrl_v1,159,5,US_1,HOLD_VP,ADVANCE,,0.281485378742218,57.3979606628418,,,4
exp_hrl_v1,159,5,US_2,HOLD_VP,ADVANCE,,0.281485378742218,57.3979606628418,,,4
exp_hrl_v1,159,5,US_3,HOLD_VP,ADVANCE,,0.281485378742218,57.3979606628418,,,4
exp_hrl_v1,159,5,US_4,HOLD_VP,ADVANCE,,0.281485378742218,57.3979606628418,,,4
exp_hrl_v1,159,5,US_5,HOLD_VP,FLANK,,0.16043278574943542,60.395057678222656,,,2
exp_hrl_v1,159,5,US_6,HOLD_VP,FLANK,,0.16043278574943542,60.395057678222656,,,4
exp_hrl_v1,159,5,US_7,HOLD_VP,FLANK,,0.16043278574943542,60.395057678222656,,,2
exp_hrl_v1,159,6,US_1,HOLD_VP,FLANK,,0.16043278574943542,60.395057678222656,,,4
exp_hrl_v1,159,6,US_2,HOLD_VP,FLANK,,0.16043278574943542,60.395057678222656,,,4
exp_hrl_v1,159,6,US_3,HOLD_VP,ATTACK,DIRECT,0.42562174797058105,63.619140625,,,4
exp_hrl_v1,159,6,US_4,HOLD_VP,ATTACK,DIRECT,0.42562174797058105,63.619140625,,,4
exp_hrl_v1,159,6,US_5,HOLD_VP,ATTACK,DIRECT,0.42562174797058105,63.619140625,,,2
exp_hrl_v1,159,6,US_6,HOLD_VP,ATTACK,DIRECT,0.42562174797058105,63.619140625,,,4
exp_hrl_v1,159,6,US_7,HOLD_VP,ATTACK,DIRECT,0.42562174797058105,63.619140625,,,2
exp_hrl_v1,159,7,US_1,HOLD_VP,ATTACK,DIRECT,0.42562174797058105,63.619140625,,,4
exp_hrl_v1,159,7,US_2,HOLD_VP,ATTACK,DIRECT,0.42562174797058105,63.619140625,,,4
exp_hrl_v1,159,7,US_3,HOLD_VP,ATTACK,DIRECT,0.42562174797058105,63.619140625,,,4
exp_hrl_v1,159,7,US_4,HOLD_VP,ATTACK,DIRECT,0.42562174797058105,63.619140625,,,4
exp_hrl_v1,160,1,US_1,ATTACK,ATTACK,DIRECT,0.2209296077489853,31.995033264160156,,,4
exp_hrl_v1,160,1,US_2,ATTACK,ATTACK,DIRECT,0.2209296077489853,31.995033264160156,,,4
exp_hrl_v1,160,1,US_3,ATTACK,ATTACK,DIRECT,0.2209296077489853,31.995033264160156,,,4
exp_hrl_v1,160,1,US_4,ATTACK,ATTACK,DIRECT,0.2209296077489853,31.995033264160156,,,4
exp_hrl_v1,160,1,US_5,ATTACK,ATTACK,DIRECT,0.2209296077489853,31.995033264160156,,,2
exp_hrl_v1,160,1,US_6,ATTACK,ATTACK,DIRECT,0.2209296077489853,31.995033264160156,,,4
exp_hrl_v1,160,1,US_7,ATTACK,ATTACK,DIRECT,0.2209296077489853,31.995033264160156,,,2
exp_hrl_v1,160,2,US_1,ATTACK,ATTACK,DIRECT,0.2209296077489853,31.995033264160156,,,4
exp_hrl_v1,160,2,US_2,ATTACK,ATTACK,DIRECT,0.2209296077489853,31.995033264160156,,,4
exp_hrl_v1,160,2,US_3,ATTACK,ATTACK,DIRECT,0.2209296077489853,31.995033264160156,,,4
exp_hrl_v1,160,2,US_4,ATTACK,FLANK,,0.17513969540596008,48.01087951660156,,,4
exp_hrl_v1,160,2,US_5,ATTACK,FLANK,,0.17513969540596008,48.01087951660156,,,2
exp_hrl_v1,160,2,US_6,ATTACK,FLANK,,0.17513969540596008,48.01087951660156,,,4
exp_hrl_v1,160,2,US_7,ATTACK,FLANK,,0.17513969540596008,48.01087951660156,,,2
exp_hrl_v1,160,3,US_1,ATTACK,FLANK,,0.17513969540596008,48.01087951660156,,,4
exp_hrl_v1,160,3,US_2,ATTACK,ADVANCE,,0.34827789664268494,54.20083236694336,,,4
exp_hrl_v1,160,3,US_3,ATTACK,ADVANCE,,0.34827789664268494,54.20083236694336,,,4
exp_hrl_v1,160,3,US_4,ATTACK,ADVANCE,,0.34827789664268494,54.20083236694336,,,4
exp_hrl_v1,160,3,US_5,ATTACK,ADVANCE,,0.34827789664268494,54.20083236694336,,,2
exp_hrl_v1,160,3,US_6,ATTACK,ADVANCE,,0.34827789664268494,54.20083236694336,,,4
exp_hrl_v1,160,3,US_7,ATTACK,ADVANCE,,0.34827789664268494,54.20083236694336,,,2
exp_hrl_v1,160,4,US_1,ATTACK,FLANK,,0.15403276681900024,58.1400146484375,,,4
exp_hrl_v1,160,4,US_2,ATTACK,FLANK,,0.15403276681900024,58.1400146484375,,,4
exp_hrl_v1,160,4,US_3,ATTACK,FLANK,,0.15403276681900024,58.1400146484375,,,4
exp_hrl_v1,160,4,US_4,ATTACK,FLANK,,0.15403276681900024,58.1400146484375,,,4
exp_hrl_v1,160,4,US_5,ATTACK,FLANK,,0.15403276681900024,58.1400146484375,,,2
exp_hrl_v1,160,4,US_6,ATTACK,ATTACK,DIRECT,0.40382710099220276,60.73456573486328,,,4
exp_hrl_v1,160,4,US_7,ATTACK,ATTACK,DIRECT,0.40382710099220276,60.73456573486328,,,2
exp_hrl_v1,160,5,US_1,ATTACK,ATTACK,DIRECT,0.40382710099220276,60.73456573486328,,,4
exp_hrl_v1,160,5,US_2,ATTACK,ATTACK,DIRECT,0.40382710099220276,60.73456573486328,,,4
exp_hrl_v1,160,5,US_3,ATTACK,ATTACK,DIRECT,0.40382710099220276,60.73456573486328,,,4
exp_hrl_v1,160,5,US_4,ATTACK,ATTACK,DIRECT,0.40382710099220276,60.73456573486328,,,4
exp_hrl_v1,160,5,US_5,ATTACK,ATTACK,DIRECT,0.40382710099220276,60.73456573486328,,,2
exp_hrl_v1,160,5,US_6,ATTACK,ATTACK,DIRECT,0.40382710099220276,60.73456573486328,,,4
exp_hrl_v1,160,5,US_7,ATTACK,ATTACK,DIRECT,0.40382710099220276,60.73456573486328,,,2
exp_hrl_v1,160,6,US_1,ATTACK,ATTACK,DIRECT,0.40382710099220276,60.73456573486328,,,4
exp_hrl_v1,160,6,US_2,ATTACK,ATTACK,DIRECT,0.17379753291606903,54.12610626220703,,,4
exp_hrl_v1,161,1,US_1,PUSH_VP,FLANK,,0.1957722306251526,31.995033264160156,,,4
exp_hrl_v1,161,1,US_2,PUSH_VP,FLANK,,0.1957722306251526,31.995033264160156,,,4
exp_hrl_v1,161,1,US_3,PUSH_VP,FLANK,,0.1957722306251526,31.995033264160156,,,4
exp_hrl_v1,161,1,US_4,PUSH_VP,FLANK,,0.1957722306251526,31.995033264160156,,,4
exp_hrl_v1,161,1,US_5,PUSH_VP,FLANK,,0.1957722306251526,31.995033264160156,,,2
exp_hrl_v1,161,1,US_6,PUSH_VP,ADVANCE,,0.19899527728557587,38.0492057800293,,,4
exp_hrl_v1,161,1,US_7,PUSH_VP,ADVANCE,,0.19899527728557587,38.0492057800293,,,2
exp_hrl_v1,161,2,US_1,PUSH_VP,ADVANCE,,0.19899527728557587,38.0492057800293,,,4
exp_hrl_v1,161,2,US_2,PUSH_VP,ADVANCE,,0.19899527728557587,38.0492057800293,,,4
exp_hrl_v1,161,2,US_3,PUSH_VP,ADVANCE,,0.19899527728557587,38.0492057800293,,,4
exp_hrl_v1,161,2,US_4,PUSH_VP,ADVANCE,,0.19899527728557587,38.0492057800293,,,4
exp_hrl_v1,161,2,US_5,PUSH_VP,FLANK,,0.1958848387002945,45.439945220947266,,,2
exp_hrl_v1,161,2,US_6,PUSH_VP,FLANK,,0.1958848387002945,45.439945220947266,,,4
exp_hrl_v1,161,2,US_7,PUSH_VP,FLANK,,0.1958848387002945,45.439945220947266,,,2
exp_hrl_v1,161,3,US_1,PUSH_VP,FLANK,,0.1958848387002945,45.439945220947266,,,4
exp_hrl_v1,161,3,US_2,PUSH_VP,FLANK,,0.1958848387002945,45.439945220947266,,,4
exp_hrl_v1,161,3,US_3,PUSH_VP,ADVANCE,,0.1788455992937088,50.0499267578125,,,4
exp_hrl_v1,161,3,US_4,PUSH_VP,ADVANCE,,0.1788455992937088,50.0499267578125,,,4
exp_hrl_v1,161,3,US_5,PUSH_VP,ADVANCE,,0.1788455992937088,50.0499267578125,,,2
exp_hrl_v1,161,3,US_6,PUSH_VP,ADVANCE,,0.1788455992937088,50.0499267578125,,,4
exp_hrl_v1,161,3,US_7,PUSH_VP,ADVANCE,,0.1788455992937088,50.0499267578125,,,2
exp_hrl_v1,161,4,US_1,PUSH_VP,ADVANCE,,0.1788455992937088,50.0499267578125,,,4
exp_hrl_v1,161,4,US_2,PUSH_VP,ADVANCE,,0.2045208364725113,55.81753158569336,,,4
exp_hrl_v1,161,4,US_3,PUSH_VP,ADVANCE,,0.2045208364725113,55.81753158569336,,,4
exp_hrl_v1,161,4,US_4,PUSH_VP,ADVANCE,,0.2045208364725113,55.81753158569336,,,4
exp_hrl_v1,161,4,US_5,PUSH_VP,ADVANCE,,0.2045208364725113,55.81753158569336,,,2
exp_hrl_v1,161,4,US_6,PUSH_VP,ADVANCE,,0.2045208364725113,55.81753158569336,,,4
exp_hrl_v1,161,4,US_7,PUSH_VP,ADVANCE,,0.2045208364725113,55.81753158569336,,,2
exp_hrl_v1,161,5,US_1,PUSH_VP,ADVANCE,,0.13287456333637238,58.887081146240234,,,4
exp_hrl_v1,161,5,US_2,PUSH_VP,ADVANCE,,0.13287456333637238,58.887081146240234,,,4
exp_hrl_v1,161,5,US_3,PUSH_VP,ADVANCE,,0.13287456333637238,58.887081146240234,,,4
exp_hrl_v1,161,5,US_4,PUSH_VP,ADVANCE,,0.13287456333637238,58.887081146240234,,,4
exp_hrl_v1,161,5,US_5,PUSH_VP,ADVANCE,,0.13287456333637238,58.887081146240234,,,2
exp_hrl_v1,161,5,US_6,PUSH_VP,ADVANCE,,0.13287456333637238,58.887081146240234,,,4
exp_hrl_v1,161,5,US_7,HOLD_VP,FLANK,,0.15364639461040497,60.84767532348633,,,2
exp_hrl_v1,161,6,US_1,HOLD_VP,FLANK,,0.15364639461040497,60.84767532348633,,,4
exp_hrl_v1,161,6,US_2,HOLD_VP,FLANK,,0.15364639461040497,60.84767532348633,,,4
exp_hrl_v1,161,6,US_3,HOLD_VP,FLANK,,0.15364639461040497,60.84767532348633,,,4
exp_hrl_v1,161,6,US_4,HOLD_VP,FLANK,,0.15364639461040497,60.84767532348633,,,4
exp_hrl_v1,161,6,US_5,HOLD_VP,ADVANCE,,0.17620587348937988,63.1265754699707,,,2
exp_hrl_v1,161,6,US_6,HOLD_VP,ADVANCE,,0.17620587348937988,63.1265754699707,,,4
exp_hrl_v1,161,6,US_7,HOLD_VP,ADVANCE,,0.17620587348937988,63.1265754699707,,,2
exp_hrl_v1,161,7,US_1,HOLD_VP,ADVANCE,,0.17620587348937988,63.1265754699707,,,4
exp_hrl_v1,161,7,US_2,HOLD_VP,ADVANCE,,0.17620587348937988,63.1265754699707,,,4
exp_hrl_v1,161,7,US_3,HOLD_VP,ADVANCE,,0.17620587348937988,63.1265754699707,,,4
exp_hrl_v1,161,7,US_4,HOLD_VP,ATTACK,DIRECT,0.14728416502475739,64.36592102050781,,,4
exp_hrl_v1,161,7,US_5,HOLD_VP,ATTACK,DIRECT,0.14728416502475739,64.36592102050781,,,2
exp_hrl_v1,161,7,US_6,HOLD_VP,ATTACK,DIRECT,0.14728416502475739,64.36592102050781,,,4
exp_hrl_v1,161,7,US_7,HOLD_VP,ATTACK,DIRECT,0.14728416502475739,64.36592102050781,,,2
exp_hrl_v1,161,8,US_1,HOLD_VP,ATTACK,DIRECT,0.14728416502475739,64.36592102050781,,,4
exp_hrl_v1,161,8,US_2,HOLD_VP,ATTACK,DIRECT,0.14728416502475739,64.36592102050781,,,4
exp_hrl_v1,161,8,US_3,HOLD_VP,ATTACK,DIRECT,0.14728416502475739,64.36592102050781,,,4
exp_hrl_v1,161,8,US_4,HOLD_VP,ATTACK,DIRECT,0.14728416502475739,64.36592102050781,,,4
exp_hrl_v1,161,8,US_5,HOLD_VP,ATTACK,DIRECT,0.14728416502475739,64.36592102050781,,,2
exp_hrl_v1,161,8,US_6,HOLD_VP,ATTACK,DIRECT,0.14728416502475739,64.36592102050781,,,4
exp_hrl_v1,162,1,US_1,PUSH_VP,ADVANCE,,0.1899789720773697,31.995033264160156,,,4
exp_hrl_v1,162,1,US_2,PUSH_VP,ADVANCE,,0.1899789720773697,31.995033264160156,,,4
exp_hrl_v1,162,1,US_3,PUSH_VP,ADVANCE,,0.1899789720773697,31.995033264160156,,,4
exp_hrl_v1,162,1,US_4,PUSH_VP,ADVANCE,,0.1899789720773697,31.995033264160156,,,4
exp_hrl_v1,162,1,US_5,PUSH_VP,ADVANCE,,0.1899789720773697,31.995033264160156,,,2
exp_hrl_v1,162,1,US_6,PUSH_VP,ADVANCE,,0.1899789720773697,31.995033264160156,,,4
exp_hrl_v1,162,1,US_7,PUSH_VP,HOLD,,0.19832457602024078,38.966827392578125,,,2
exp_hrl_v1,162,2,US_1,PUSH_VP,ADVANCE,,0.21709194779396057,41.165252685546875,,,4
exp_hrl_v1,162,2,US_2,PUSH_VP,ADVANCE,,0.21709194779396057,41.165252685546875,,,4
exp_hrl_v1,162,2,US_3,PUSH_VP,ADVANCE,,0.21709194779396057,41.165252685546875,,,4
exp_hrl_v1,162,2,US_4,PUSH_VP,ADVANCE,,0.21709194779396057,41.165252685546875,,,4
exp_hrl_v1,162,2,US_5,PUSH_VP,ADVANCE,,0.21709194779396057,41.165252685546875,,,2
exp_hrl_v1,162,2,US_6,PUSH_VP,ADVANCE,,0.21709194779396057,41.165252685546875,,,4
exp_hrl_v1,162,2,US_7,PUSH_VP,ADVANCE,,0.1907137930393219,46.40751647949219,,,2
exp_hrl_v1,162,3,US_1,PUSH_VP,ADVANCE,,0.1907137930393219,46.40751647949219,,,4
exp_hrl_v1,162,3,US_2,PUSH_VP,ADVANCE,,0.1907137930393219,46.40751647949219,,,4
exp_hrl_v1,162,3,US_3,PUSH_VP,ADVANCE,,0.1907137930393219,46.40751647949219,,,4
exp_hrl_v1,162,3,US_4,PUSH_VP,ADVANCE,,0.1907137930393219,46.40751647949219,,,4
exp_hrl_v1,162,3,US_5,PUSH_VP,ADVANCE,,0.1907137930393219,46.40751647949219,,,2
exp_hrl_v1,162,3,US_6,PUSH_VP,FLANK,,0.18821953237056732,49.63010787963867,,,4
exp_hrl_v1,162,3,US_7,PUSH_VP,FLANK,,0.18821953237056732,49.63010787963867,,,2
exp_hrl_v1,162,4,US_1,PUSH_VP,FLANK,,0.18821953237056732,49.63010787963867,,,4
exp_hrl_v1,162,4,US_2,PUSH_VP,FLANK,,0.18821953237056732,49.63010787963867,,,4
exp_hrl_v1,162,4,US_3,PUSH_VP,FLANK,,0.18821953237056732,49.63010787963867,,,4
exp_hrl_v1,162,4,US_4,PUSH_VP,ADVANCE,,0.18344977498054504,55.62947463989258,,,4
exp_hrl_v1,162,4,US_5,PUSH_VP,ADVANCE,,0.18344977498054504,55.62947463989258,,,2
exp_hrl_v1,162,4,US_6,PUSH_VP,ADVANCE,,0.18344977498054504,55.62947463989258,,,4
exp_hrl_v1,162,4,US_7,PUSH_VP,ADVANCE,,0.18344977498054504,55.62947463989258,,,2
exp_hrl_v1,162,5,US_1,PUSH_VP,ADVANCE,,0.18344977498054504,55.62947463989258,,,4
exp_hrl_v1,162,5,US_2,PUSH_VP,ADVANCE,,0.18344977498054504,55.62947463989258,,,4
exp_hrl_v1,162,5,US_3,HOLD_VP,ADVANCE,,0.17421986162662506,59.44941329956055,,,4
exp_hrl_v1,162,5,US_4,HOLD_VP,ADVANCE,,0.17421986162662506,59.44941329956055,,,4
exp_hrl_v1,162,5,US_5,HOLD_VP,ADVANCE,,0.17421986162662506,59.44941329956055,,,2
exp_hrl_v1,162,5,US_6,HOLD_VP,ADVANCE,,0.17421986162662506,59.44941329956055,,,4
exp_hrl_v1,162,5,US_7,HOLD_VP,ADVANCE,,0.17421986162662506,59.44941329956055,,,2
exp_hrl_v1,162,6,US_1,HOLD_VP,ADVANCE,,0.17421986162662506,59.44941329956055,,,4
exp_hrl_v1,162,6,US_2,HOLD_VP,ATTACK,DIRECT,0.15405087172985077,62.047847747802734,,,4
exp_hrl_v1,162,6,US_3,HOLD_VP,ATTACK,DIRECT,0.15405087172985077,62.047847747802734,,,4
exp_hrl_v1,162,6,US_4,HOLD_VP,ATTACK,DIRECT,0.15405087172985077,62.047847747802734,,,4
exp_hrl_v1,162,6,US_5,HOLD_VP,ATTACK,DIRECT,0.15405087172985077,62.047847747802734,,,2
exp_hrl_v1,162,6,US_6,HOLD_VP,ATTACK,DIRECT,0.15405087172985077,62.047847747802734,,,4
exp_hrl_v1,162,6,US_7,HOLD_VP,ATTACK,DIRECT,0.15405087172985077,62.047847747802734,,,2
exp_hrl_v1,162,7,US_1,HOLD_VP,ATTACK,DIRECT,0.15405087172985077,62.047847747802734,,,4
exp_hrl_v1,162,7,US_2,HOLD_VP,ATTACK,DIRECT,0.15405087172985077,62.047847747802734,,,4
exp_hrl_v1,162,7,US_3,HOLD_VP,ATTACK,DIRECT,0.15405087172985077,62.047847747802734,,,4
exp_hrl_v1,162,7,US_4,HOLD_VP,ATTACK,DIRECT,0.15405087172985077,62.047847747802734,,,4
exp_hrl_v1,162,7,US_5,HOLD_VP,ATTACK,DIRECT,0.17648808658123016,54.53517532348633,,,2
exp_hrl_v1,162,7,US_6,HOLD_VP,ATTACK,DIRECT,0.17648808658123016,54.53517532348633,,,4
exp_hrl_v1,163,1,US_1,PUSH_VP,ADVANCE,,0.19773367047309875,31.995033264160156,,,4
exp_hrl_v1,163,1,US_2,PUSH_VP,ADVANCE,,0.19773367047309875,31.995033264160156,,,4
exp_hrl_v1,163,1,US_3,PUSH_VP,ADVANCE,,0.19773367047309875,31.995033264160156,,,4
exp_hrl_v1,163,1,US_4,PUSH_VP,ADVANCE,,0.19773367047309875,31.995033264160156,,,4
exp_hrl_v1,163,1,US_5,PUSH_VP,ADVANCE,,0.19773367047309875,31.995033264160156,,,2
exp_hrl_v1,163,1,US_6,PUSH_VP,ADVANCE,,0.19773367047309875,31.995033264160156,,,4
exp_hrl_v1,163,1,US_7,PUSH_VP,FLANK,,0.1966974139213562,38.966827392578125,,,2
exp_hrl_v1,163,2,US_1,PUSH_VP,FLANK,,0.1966974139213562,38.966827392578125,,,4
exp_hrl_v1,163,2,US_2,PUSH_VP,FLANK,,0.1966974139213562,38.966827392578125,,,4
exp_hrl_v1,163,2,US_3,PUSH_VP,FLANK,,0.1966974139213562,38.966827392578125,,,4
exp_hrl_v1,163,2,US_4,PUSH_VP,FLANK,,0.1966974139213562,38.966827392578125,,,4
exp_hrl_v1,163,2,US_5,PUSH_VP,FLANK,,0.19717855751514435,45.69208526611328,,,2
exp_hrl_v1,163,2,US_6,PUSH_VP,FLANK,,0.19717855751514435,45.69208526611328,,,4
exp_hrl_v1,163,2,US_7,PUSH_VP,FLANK,,0.19717855751514435,45.69208526611328,,,2
exp_hrl_v1,163,3,US_1,PUSH_VP,FLANK,,0.19717855751514435,45.69208526611328,,,4
exp_hrl_v1,163,3,US_2,PUSH_VP,FLANK,,0.19717855751514435,45.69208526611328,,,4
exp_hrl_v1,163,3,US_3,PUSH_VP,ADVANCE,,0.2005615383386612,51.16645812988281,,,4
exp_hrl_v1,163,3,US_4,PUSH_VP,ADVANCE,,0.2005615383386612,51.16645812988281,,,4
exp_hrl_v1,163,3,US_5,PUSH_VP,ADVANCE,,0.2005615383386612,51.16645812988281,,,2
exp_hrl_v1,163,3,US_6,PUSH_VP,ADVANCE,,0.2005615383386612,51.16645812988281,,,4
exp_hrl_v1,163,3,US_7,PUSH_VP,ADVANCE,,0.2005615383386612,51.16645812988281,,,2
exp_hrl_v1,163,4,US_1,PUSH_VP,ADVANCE,,0.2005615383386612,51.16645812988281,,,4
exp_hrl_v1,163,4,US_2,PUSH_VP,ADVANCE,,0.1486235111951828,56.217185974121094,,,4
exp_hrl_v1,163,4,US_3,PUSH_VP,ADVANCE,,0.1486235111951828,56.217185974121094,,,4
exp_hrl_v1,163,4,US_4,PUSH_VP,ADVANCE,,0.1486235111951828,56.217185974121094,,,4
exp_hrl_v1,163,4,US_5,PUSH_VP,ADVANCE,,0.1486235111951828,56.217185974121094,,,2
exp_hrl_v1,163,4,US_6,PUSH_VP,ADVANCE,,0.1486235111951828,56.217185974121094,,,4
exp_hrl_v1,163,4,US_7,PUSH_VP,ADVANCE,,0.1486235111951828,56.217185974121094,,,2
exp_hrl_v1,163,5,US_1,PUSH_VP,ADVANCE,,0.17772212624549866,59.040855407714844,,,4
exp_hrl_v1,163,5,US_2,PUSH_VP,ADVANCE,,0.17772212624549866,59.040855407714844,,,4
exp_hrl_v1,163,5,US_3,PUSH_VP,ADVANCE,,0.17772212624549866,59.040855407714844,,,4
exp_hrl_v1,163,5,US_4,PUSH_VP,ADVANCE,,0.17772212624549866,59.040855407714844,,,4
exp_hrl_v1,163,5,US_5,PUSH_VP,ADVANCE,,0.17772212624549866,59.040855407714844,,,2
exp_hrl_v1,163,5,US_6,PUSH_VP,ADVANCE,,0.17772212624549866,59.040855407714844,,,4
exp_hrl_v1,163,5,US_7,HOLD_VP,ADVANCE,,0.17622382938861847,61.295860290527344,,,2
exp_hrl_v1,163,6,US_1,HOLD_VP,ADVANCE,,0.17622382938861847,61.295860290527344,,,4
exp_hrl_v1,163,6,US_2,HOLD_VP,ADVANCE,,0.17622382938861847,61.295860290527344,,,4
exp_hrl_v1,163,6,US_3,HOLD_VP,ADVANCE,,0.17622382938861847,61.295860290527344,,,4
exp_hrl_v1,163,6,US_4,HOLD_VP,ADVANCE,,0.17622382938861847,61.295860290527344,,,4
exp_hrl_v1,163,6,US_5,HOLD_VP,ADVANCE,,0.17622382938861847,61.295860290527344,,,2
exp_hrl_v1,163,6,US_6,HOLD_VP,FLANK,,0.14530251920223236,63.65574645996094,,,4
exp_hrl_v1,163,6,US_7,HOLD_VP,FLANK,,0.14530251920223236,63.65574645996094,,,2
exp_hrl_v1,163,7,US_1,HOLD_VP,FLANK,,0.14530251920223236,63.65574645996094,,,4
exp_hrl_v1,163,7,US_2,HOLD_VP,FLANK,,0.14530251920223236,63.65574645996094,,,4
exp_hrl_v1,163,7,US_3,HOLD_VP,FLANK,,0.14530251920223236,63.65574645996094,,,4
exp_hrl_v1,163,7,US_4,HOLD_VP,ATTACK,DIRECT,0.40856900811195374,64.953369140625,,,4
exp_hrl_v1,163,7,US_5,HOLD_VP,ATTACK,DIRECT,0.40856900811195374,64.953369140625,,,2
exp_hrl_v1,163,7,US_6,HOLD_VP,ATTACK,DIRECT,0.40856900811195374,64.953369140625,,,4
exp_hrl_v1,163,7,US_7,HOLD_VP,ATTACK,DIRECT,0.40856900811195374,64.953369140625,,,2
exp_hrl_v1,163,8,US_1,HOLD_VP,ATTACK,DIRECT,0.40856900811195374,64.953369140625,,,4
exp_hrl_v1,163,8,US_2,HOLD_VP,ATTACK,DIRECT,0.40856900811195374,64.953369140625,,,4
exp_hrl_v1,163,8,US_3,HOLD_VP,ATTACK,DIRECT,0.40856900811195374,64.953369140625,,,4
exp_hrl_v1,163,8,US_4,HOLD_VP,ATTACK,DIRECT,0.40856900811195374,64.953369140625,,,4
exp_hrl_v1,164,1,US_1,PUSH_VP,ADVANCE,,0.2209296077489853,31.995033264160156,,,4
exp_hrl_v1,164,1,US_2,PUSH_VP,ADVANCE,,0.2209296077489853,31.995033264160156,,,4
exp_hrl_v1,164,1,US_3,PUSH_VP,ADVANCE,,0.2209296077489853,31.995033264160156,,,4
exp_hrl_v1,164,1,US_4,PUSH_VP,ADVANCE,,0.2209296077489853,31.995033264160156,,,4
exp_hrl_v1,164,1,US_5,PUSH_VP,ADVANCE,,0.2209296077489853,31.995033264160156,,,2
exp_hrl_v1,164,1,US_6,PUSH_VP,ADVANCE,,0.2209296077489853,31.995033264160156,,,4
exp_hrl_v1,164,1,US_7,PUSH_VP,ADVANCE,,0.19140321016311646,38.966827392578125,,,2
exp_hrl_v1,164,2,US_1,PUSH_VP,ADVANCE,,0.19140321016311646,38.966827392578125,,,4
exp_hrl_v1,164,2,US_2,PUSH_VP,ADVANCE,,0.19140321016311646,38.966827392578125,,,4
exp_hrl_v1,164,2,US_3,PUSH_VP,ADVANCE,,0.19140321016311646,38.966827392578125,,,4
exp_hrl_v1,164,2,US_4,PUSH_VP,ADVANCE,,0.19140321016311646,38.966827392578125,,,4
exp_hrl_v1,164,2,US_5,PUSH_VP,ADVANCE,,0.19140321016311646,38.966827392578125,,,2
exp_hrl_v1,164,2,US_6,PUSH_VP,ADVANCE,,0.21960562467575073,43.13095474243164,,,4
exp_hrl_v1,164,2,US_7,PUSH_VP,ADVANCE,,0.21960562467575073,43.13095474243164,,,2
exp_hrl_v1,164,3,US_1,PUSH_VP,ADVANCE,,0.21960562467575073,43.13095474243164,,,4
exp_hrl_v1,164,3,US_2,PUSH_VP,ADVANCE,,0.21960562467575073,43.13095474243164,,,4
exp_hrl_v1,164,3,US_3,PUSH_VP,ADVANCE,,0.21960562467575073,43.13095474243164,,,4
exp_hrl_v1,164,3,US_4,PUSH_VP,ADVANCE,,0.21960562467575073,43.13095474243164,,,4
exp_hrl_v1,164,3,US_5,PUSH_VP,ADVANCE,,0.2650388479232788,51.56973648071289,,,2
exp_hrl_v1,164,3,US_6,PUSH_VP,ADVANCE,,0.2650388479232788,51.56973648071289,,,4
exp_hrl_v1,164,3,US_7,PUSH_VP,ADVANCE,,0.2650388479232788,51.56973648071289,,,2
exp_hrl_v1,164,4,US_1,PUSH_VP,ADVANCE,,0.2650388479232788,51.56973648071289,,,4
exp_hrl_v1,164,4,US_2,PUSH_VP,ADVANCE,,0.2650388479232788,51.56973648071289,,,4
exp_hrl_v1,164,4,US_3,PUSH_VP,ADVANCE,,0.2650388479232788,51.56973648071289,,,4
exp_hrl_v1,164,4,US_4,PUSH_VP,ATTACK,DIRECT,0.27733948826789856,56.64994812011719,,,4
exp_hrl_v1,164,4,US_5,PUSH_VP,ATTACK,DIRECT,0.27733948826789856,56.64994812011719,,,2
exp_hrl_v1,164,4,US_6,PUSH_VP,ATTACK,DIRECT,0.27733948826789856,56.64994812011719,,,4
exp_hrl_v1,164,4,US_7,PUSH_VP,ATTACK,DIRECT,0.27733948826789856,56.64994812011719,,,2
exp_hrl_v1,164,5,US_1,PUSH_VP,ATTACK,DIRECT,0.27733948826789856,56.64994812011719,,,4
exp_hrl_v1,164,5,US_2,PUSH_VP,ATTACK,DIRECT,0.27733948826789856,56.64994812011719,,,4
exp_hrl_v1,164,5,US_3,PUSH_VP,ATTACK,DIRECT,0.27733948826789856,56.64994812011719,,,4
exp_hrl_v1,164,5,US_4,PUSH_VP,ATTACK,DIRECT,0.27733948826789856,56.64994812011719,,,4
exp_hrl_v1,165,1,US_1,PUSH_VP,ADVANCE,,0.2209296077489853,31.995033264160156,,,4
exp_hrl_v1,165,1,US_2,PUSH_VP,ADVANCE,,0.2209296077489853,31.995033264160156,,,4
exp_hrl_v1,165,1,US_3,PUSH_VP,ADVANCE,,0.2209296077489853,31.995033264160156,,,4
exp_hrl_v1,165,1,US_4,PUSH_VP,ADVANCE,,0.2209296077489853,31.995033264160156,,,4
exp_hrl_v1,165,1,US_5,PUSH_VP,ADVANCE,,0.2209296077489853,31.995033264160156,,,2
exp_hrl_v1,165,1,US_6,PUSH_VP,ADVANCE,,0.2209296077489853,31.995033264160156,,,4
exp_hrl_v1,165,1,US_7,PUSH_VP,ADVANCE,,0.19832457602024078,38.966827392578125,,,2
exp_hrl_v1,165,2,US_1,PUSH_VP,ADVANCE,,0.19832457602024078,38.966827392578125,,,4
exp_hrl_v1,165,2,US_2,PUSH_VP,ADVANCE,,0.19832457602024078,38.966827392578125,,,4
exp_hrl_v1,165,2,US_3,PUSH_VP,ADVANCE,,0.19832457602024078,38.966827392578125,,,4
exp_hrl_v1,165,2,US_4,PUSH_VP,ADVANCE,,0.19832457602024078,38.966827392578125,,,4
exp_hrl_v1,165,2,US_5,PUSH_VP,ADVANCE,,0.19832457602024078,38.966827392578125,,,2
exp_hrl_v1,165,2,US_6,PUSH_VP,ADVANCE,,0.1971135288476944,43.13095474243164,,,4
exp_hrl_v1,165,2,US_7,PUSH_VP,ADVANCE,,0.1971135288476944,43.13095474243164,,,2
exp_hrl_v1,165,3,US_1,PUSH_VP,ADVANCE,,0.1971135288476944,43.13095474243164,,,4
exp_hrl_v1,165,3,US_2,PUSH_VP,ADVANCE,,0.1971135288476944,43.13095474243164,,,4
exp_hrl_v1,165,3,US_3,PUSH_VP,ADVANCE,,0.1971135288476944,43.13095474243164,,,4
exp_hrl_v1,165,3,US_4,PUSH_VP,ADVANCE,,0.1971135288476944,43.13095474243164,,,4
exp_hrl_v1,165,3,US_5,PUSH_VP,ADVANCE,,0.17752157151699066,51.56973648071289,,,2
exp_hrl_v1,165,3,US_6,PUSH_VP,ADVANCE,,0.17752157151699066,51.56973648071289,,,4
exp_hrl_v1,165,3,US_7,PUSH_VP,ADVANCE,,0.17752157151699066,51.56973648071289,,,2
exp_hrl_v1,165,4,US_1,PUSH_VP,ADVANCE,,0.17752157151699066,51.56973648071289,,,4
exp_hrl_v1,165,4,US_2,PUSH_VP,ADVANCE,,0.17752157151699066,51.56973648071289,,,4
exp_hrl_v1,165,4,US_3,PUSH_VP,ADVANCE,,0.17752157151699066,51.56973648071289,,,4
exp_hrl_v1,165,4,US_4,PUSH_VP,ADVANCE,,0.20836415886878967,56.64994812011719,,,4
exp_hrl_v1,165,4,US_5,PUSH_VP,ADVANCE,,0.20836415886878967,56.64994812011719,,,2
exp_hrl_v1,165,4,US_6,PUSH_VP,ADVANCE,,0.20836415886878967,56.64994812011719,,,4
exp_hrl_v1,165,4,US_7,PUSH_VP,ADVANCE,,0.20836415886878967,56.64994812011719,,,2
exp_hrl_v1,165,5,US_1,PUSH_VP,ADVANCE,,0.20836415886878967,56.64994812011719,,,4
exp_hrl_v1,165,5,US_2,PUSH_VP,ADVANCE,,0.20836415886878967,56.64994812011719,,,4
exp_hrl_v1,165,5,US_3,PUSH_VP,ADVANCE,,0.1274077147245407,59.8690185546875,,,4
exp_hrl_v1,165,5,US_4,PUSH_VP,ADVANCE,,0.1274077147245407,59.8690185546875,,,4
exp_hrl_v1,165,5,US_5,PUSH_VP,ADVANCE,,0.1274077147245407,59.8690185546875,,,2
exp_hrl_v1,165,5,US_6,PUSH_VP,ADVANCE,,0.1274077147245407,59.8690185546875,,,4
exp_hrl_v1,165,5,US_7,PUSH_VP,ADVANCE,,0.1274077147245407,59.8690185546875,,,2
exp_hrl_v1,165,6,US_1,PUSH_VP,ADVANCE,,0.1274077147245407,59.8690185546875,,,4
exp_hrl_v1,165,6,US_2,HOLD_VP,ATTACK,DIRECT,0.4188794493675232,63.512123107910156,,,4
exp_hrl_v1,165,6,US_3,HOLD_VP,ATTACK,DIRECT,0.4188794493675232,63.512123107910156,,,4
exp_hrl_v1,165,6,US_4,HOLD_VP,ATTACK,DIRECT,0.4188794493675232,63.512123107910156,,,4
exp_hrl_v1,165,6,US_5,HOLD_VP,ATTACK,DIRECT,0.4188794493675232,63.512123107910156,,,2
exp_hrl_v1,165,6,US_6,HOLD_VP,ATTACK,DIRECT,0.4188794493675232,63.512123107910156,,,4
exp_hrl_v1,165,6,US_7,HOLD_VP,ATTACK,DIRECT,0.4188794493675232,63.512123107910156,,,2
exp_hrl_v1,165,7,US_1,HOLD_VP,ATTACK,DIRECT,0.4188794493675232,63.512123107910156,,,4
exp_hrl_v1,165,7,US_2,HOLD_VP,ATTACK,DIRECT,0.4188794493675232,63.512123107910156,,,4
exp_hrl_v1,165,7,US_3,HOLD_VP,ATTACK,DIRECT,0.4188794493675232,63.512123107910156,,,4
exp_hrl_v1,165,7,US_4,HOLD_VP,ATTACK,DIRECT,0.4188794493675232,63.512123107910156,,,4
exp_hrl_v1,166,1,US_1,PUSH_VP,ADVANCE,,0.2209296077489853,31.995033264160156,,,4
exp_hrl_v1,166,1,US_2,PUSH_VP,ADVANCE,,0.2209296077489853,31.995033264160156,,,4
exp_hrl_v1,166,1,US_3,PUSH_VP,ADVANCE,,0.2209296077489853,31.995033264160156,,,4
exp_hrl_v1,166,1,US_4,PUSH_VP,ADVANCE,,0.2209296077489853,31.995033264160156,,,4
exp_hrl_v1,166,1,US_5,PUSH_VP,ADVANCE,,0.2209296077489853,31.995033264160156,,,2
exp_hrl_v1,166,1,US_6,PUSH_VP,ADVANCE,,0.2209296077489853,31.995033264160156,,,4
exp_hrl_v1,166,1,US_7,PUSH_VP,ATTACK,INDIRECT,0.21747517585754395,38.966827392578125,,,2
exp_hrl_v1,166,2,US_1,PUSH_VP,ATTACK,INDIRECT,0.21747517585754395,38.966827392578125,,,4
exp_hrl_v1,166,2,US_2,PUSH_VP,ATTACK,INDIRECT,0.21747517585754395,38.966827392578125,,,4
exp_hrl_v1,166,2,US_3,PUSH_VP,ATTACK,INDIRECT,0.21747517585754395,38.966827392578125,,,4
exp_hrl_v1,166,2,US_4,PUSH_VP,ATTACK,INDIRECT,0.21747517585754395,38.966827392578125,,,4
exp_hrl_v1,166,2,US_5,PUSH_VP,ATTACK,INDIRECT,0.21747517585754395,38.966827392578125,,,2
exp_hrl_v1,166,2,US_6,PUSH_VP,ATTACK,INDIRECT,0.21747517585754395,38.966827392578125,,,4
exp_hrl_v1,166,2,US_7,PUSH_VP,ATTACK,INDIRECT,0.21747517585754395,38.966827392578125,,,2
exp_hrl_v1,166,3,US_1,PUSH_VP,ATTACK,INDIRECT,0.21747517585754395,38.966827392578125,,,4
exp_hrl_v1,166,3,US_2,PUSH_VP,ATTACK,INDIRECT,0.21747517585754395,38.966827392578125,,,4
exp_hrl_v1,166,3,US_3,PUSH_VP,ADVANCE,,0.2951766550540924,52.004730224609375,,,4
exp_hrl_v1,166,3,US_4,PUSH_VP,ADVANCE,,0.2951766550540924,52.004730224609375,,,4
exp_hrl_v1,166,3,US_5,PUSH_VP,ADVANCE,,0.2951766550540924,52.004730224609375,,,2
exp_hrl_v1,166,3,US_6,PUSH_VP,ADVANCE,,0.2951766550540924,52.004730224609375,,,4
exp_hrl_v1,166,3,US_7,PUSH_VP,ADVANCE,,0.2951766550540924,52.004730224609375,,,2
exp_hrl_v1,166,4,US_1,PUSH_VP,ADVANCE,,0.2951766550540924,52.004730224609375,,,4
exp_hrl_v1,166,4,US_2,PUSH_VP,FLANK,,0.16700807213783264,54.50425720214844,,,4
exp_hrl_v1,166,4,US_3,PUSH_VP,FLANK,,0.16700807213783264,54.50425720214844,,,4
exp_hrl_v1,166,4,US_4,PUSH_VP,FLANK,,0.16700807213783264,54.50425720214844,,,4
exp_hrl_v1,166,4,US_5,PUSH_VP,FLANK,,0.16700807213783264,54.50425720214844,,,2
exp_hrl_v1,166,4,US_6,PUSH_VP,FLANK,,0.16700807213783264,54.50425720214844,,,4
exp_hrl_v1,166,4,US_7,PUSH_VP,FLANK,,0.30020326375961304,55.08734893798828,,,2
exp_hrl_v1,166,5,US_1,PUSH_VP,FLANK,,0.30020326375961304,55.08734893798828,,,4
exp_hrl_v1,166,5,US_2,PUSH_VP,FLANK,,0.30020326375961304,55.08734893798828,,,4
exp_hrl_v1,166,5,US_3,PUSH_VP,FLANK,,0.30020326375961304,55.08734893798828,,,4
exp_hrl_v1,166,5,US_4,PUSH_VP,FLANK,,0.30020326375961304,55.08734893798828,,,4
exp_hrl_v1,166,5,US_5,PUSH_VP,ADVANCE,,0.1711292415857315,54.788665771484375,,,2
exp_hrl_v1,166,5,US_6,PUSH_VP,ADVANCE,,0.1711292415857315,54.788665771484375,,,4
exp_hrl_v1,166,5,US_7,PUSH_VP,ADVANCE,,0.1711292415857315,54.788665771484375,,,2
exp_hrl_v1,166,6,US_1,PUSH_VP,ADVANCE,,0.1711292415857315,54.788665771484375,,,4
exp_hrl_v1,166,6,US_2,PUSH_VP,ADVANCE,,0.1711292415857315,54.788665771484375,,,4
exp_hrl_v1,166,6,US_3,PUSH_VP,ADVANCE,,0.1711292415857315,54.788665771484375,,,4
exp_hrl_v1,166,6,US_4,HOLD_VP,ADVANCE,,0.25819477438926697,52.09172821044922,,,4
exp_hrl_v1,166,6,US_5,HOLD_VP,ADVANCE,,0.25819477438926697,52.09172821044922,,,2
exp_hrl_v1,166,6,US_6,HOLD_VP,ADVANCE,,0.25819477438926697,52.09172821044922,,,4
exp_hrl_v1,166,6,US_7,HOLD_VP,ADVANCE,,0.25819477438926697,52.09172821044922,,,2
exp_hrl_v1,166,7,US_1,HOLD_VP,ADVANCE,,0.25819477438926697,52.09172821044922,,,4
exp_hrl_v1,166,7,US_2,HOLD_VP,ADVANCE,,0.25819477438926697,52.09172821044922,,,4
exp_hrl_v1,166,7,US_3,HOLD_VP,RETREAT,,0.16344116628170013,48.758731842041016,,,4
exp_hrl_v1,166,7,US_4,HOLD_VP,RETREAT,,0.16344116628170013,48.758731842041016,,,4
exp_hrl_v1,166,7,US_5,HOLD_VP,ADVANCE,,0.3081546127796173,48.19874572753906,,,2
exp_hrl_v1,166,7,US_6,HOLD_VP,ADVANCE,,0.3081546127796173,48.19874572753906,,,4
exp_hrl_v1,166,7,US_7,HOLD_VP,ADVANCE,,0.3081546127796173,48.19874572753906,,,2
exp_hrl_v1,166,8,US_1,HOLD_VP,ADVANCE,,0.3081546127796173,48.19874572753906,,,4
exp_hrl_v1,166,8,US_2,HOLD_VP,ADVANCE,,0.3081546127796173,48.19874572753906,,,4
exp_hrl_v1,166,8,US_3,HOLD_VP,ADVANCE,,0.3081546127796173,48.19874572753906,,,4
exp_hrl_v1,166,8,US_4,HOLD_VP,ADVANCE,,0.20336899161338806,44.222084045410156,,,4
exp_hrl_v1,166,8,US_5,HOLD_VP,ADVANCE,,0.20336899161338806,44.222084045410156,,,2
exp_hrl_v1,166,8,US_6,HOLD_VP,ADVANCE,,0.20336899161338806,44.222084045410156,,,4
exp_hrl_v1,166,8,US_7,HOLD_VP,ADVANCE,,0.20336899161338806,44.222084045410156,,,2
exp_hrl_v1,166,9,US_1,HOLD_VP,ADVANCE,,0.20336899161338806,44.222084045410156,,,4
exp_hrl_v1,166,9,US_2,HOLD_VP,ADVANCE,,0.20336899161338806,44.222084045410156,,,4
exp_hrl_v1,166,9,US_3,HOLD_VP,FLANK,,0.2154383361339569,40.54548263549805,,,4
exp_hrl_v1,166,9,US_4,HOLD_VP,FLANK,,0.2154383361339569,40.54548263549805,,,4
exp_hrl_v1,166,9,US_5,HOLD_VP,FLANK,,0.2154383361339569,40.54548263549805,,,2
exp_hrl_v1,166,9,US_6,HOLD_VP,FLANK,,0.2154383361339569,40.54548263549805,,,4
exp_hrl_v1,166,9,US_7,HOLD_VP,FLANK,,0.2154383361339569,40.54548263549805,,,2
exp_hrl_v1,166,10,US_1,HOLD_VP,ADVANCE,,0.26955801248550415,36.40149688720703,,,4
exp_hrl_v1,166,10,US_2,HOLD_VP,ADVANCE,,0.26955801248550415,36.40149688720703,,,4
exp_hrl_v1,166,10,US_3,HOLD_VP,ADVANCE,,0.26955801248550415,36.40149688720703,,,4
exp_hrl_v1,166,10,US_4,HOLD_VP,ADVANCE,,0.26955801248550415,36.40149688720703,,,4
exp_hrl_v1,166,10,US_5,HOLD_VP,ADVANCE,,0.26955801248550415,36.40149688720703,,,2
exp_hrl_v1,166,10,US_6,HOLD_VP,ADVANCE,,0.26955801248550415,36.40149688720703,,,4
exp_hrl_v1,166,10,US_7,HOLD_VP,ATTACK,DIRECT,0.14850808680057526,35.732627868652344,,,2
exp_hrl_v1,166,11,US_1,HOLD_VP,ATTACK,DIRECT,0.14850808680057526,35.732627868652344,,,4
exp_hrl_v1,167,1,US_1,ATTACK,ADVANCE,,0.1957722306251526,31.995033264160156,,,4
exp_hrl_v1,167,1,US_2,ATTACK,ADVANCE,,0.1957722306251526,31.995033264160156,,,4
exp_hrl_v1,167,1,US_3,ATTACK,ADVANCE,,0.1957722306251526,31.995033264160156,,,4
exp_hrl_v1,167,1,US_4,ATTACK,ADVANCE,,0.1957722306251526,31.995033264160156,,,4
exp_hrl_v1,167,1,US_5,ATTACK,ADVANCE,,0.1957722306251526,31.995033264160156,,,2
exp_hrl_v1,167,1,US_6,ATTACK,ADVANCE,,0.1957722306251526,31.995033264160156,,,4
exp_hrl_v1,167,1,US_7,ATTACK,ATTACK,DIRECT,0.19832457602024078,38.966827392578125,,,2
exp_hrl_v1,167,2,US_1,ATTACK,ATTACK,DIRECT,0.19832457602024078,38.966827392578125,,,4
exp_hrl_v1,167,2,US_2,ATTACK,ATTACK,DIRECT,0.19832457602024078,38.966827392578125,,,4
exp_hrl_v1,167,2,US_3,ATTACK,ATTACK,DIRECT,0.19832457602024078,38.966827392578125,,,4
exp_hrl_v1,167,2,US_4,ATTACK,ATTACK,DIRECT,0.19832457602024078,38.966827392578125,,,4
exp_hrl_v1,167,2,US_5,ATTACK,ATTACK,DIRECT,0.19832457602024078,38.966827392578125,,,2
exp_hrl_v1,167,2,US_6,ATTACK,ATTACK,DIRECT,0.19832457602024078,38.966827392578125,,,4
exp_hrl_v1,167,2,US_7,ATTACK,ATTACK,DIRECT,0.19832457602024078,38.966827392578125,,,2
exp_hrl_v1,167,3,US_1,ATTACK,ATTACK,DIRECT,0.19832457602024078,38.966827392578125,,,4
exp_hrl_v1,167,3,US_2,ATTACK,ATTACK,DIRECT,0.19832457602024078,38.966827392578125,,,4
exp_hrl_v1,167,3,US_3,ATTACK,ADVANCE,,0.17585353553295135,52.862728118896484,,,4
exp_hrl_v1,167,3,US_4,ATTACK,ADVANCE,,0.17585353553295135,52.862728118896484,,,4
exp_hrl_v1,167,3,US_5,ATTACK,ADVANCE,,0.17585353553295135,52.862728118896484,,,2
exp_hrl_v1,167,3,US_6,ATTACK,ADVANCE,,0.17585353553295135,52.862728118896484,,,4
exp_hrl_v1,167,3,US_7,ATTACK,ADVANCE,,0.17585353553295135,52.862728118896484,,,2
exp_hrl_v1,167,4,US_1,ATTACK,ADVANCE,,0.17585353553295135,52.862728118896484,,,4
exp_hrl_v1,167,4,US_2,ATTACK,ATTACK,DIRECT,0.34234818816185,55.493309020996094,,,4
exp_hrl_v1,167,4,US_3,ATTACK,ATTACK,DIRECT,0.34234818816185,55.493309020996094,,,4
exp_hrl_v1,167,4,US_4,ATTACK,ATTACK,DIRECT,0.34234818816185,55.493309020996094,,,4
exp_hrl_v1,167,4,US_5,ATTACK,ATTACK,DIRECT,0.34234818816185,55.493309020996094,,,2
exp_hrl_v1,167,4,US_6,ATTACK,ATTACK,DIRECT,0.34234818816185,55.493309020996094,,,4
exp_hrl_v1,167,4,US_7,ATTACK,ATTACK,DIRECT,0.34234818816185,55.493309020996094,,,2
exp_hrl_v1,167,5,US_1,ATTACK,ATTACK,DIRECT,0.34234818816185,55.493309020996094,,,4
exp_hrl_v1,168,1,US_1,HOLD_VP,FLANK,,0.2209296077489853,31.995033264160156,,,4
exp_hrl_v1,168,1,US_2,HOLD_VP,FLANK,,0.2209296077489853,31.995033264160156,,,4
exp_hrl_v1,168,1,US_3,HOLD_VP,FLANK,,0.2209296077489853,31.995033264160156,,,4
exp_hrl_v1,168,1,US_4,HOLD_VP,FLANK,,0.2209296077489853,31.995033264160156,,,4
exp_hrl_v1,168,1,US_5,HOLD_VP,FLANK,,0.2209296077489853,31.995033264160156,,,2
exp_hrl_v1,168,1,US_6,HOLD_VP,ADVANCE,,0.20154522359371185,38.0492057800293,,,4
exp_hrl_v1,168,1,US_7,HOLD_VP,ADVANCE,,0.20154522359371185,38.0492057800293,,,2
exp_hrl_v1,168,2,US_1,HOLD_VP,ADVANCE,,0.20154522359371185,38.0492057800293,,,4
exp_hrl_v1,168,2,US_2,HOLD_VP,ADVANCE,,0.20154522359371185,38.0492057800293,,,4
exp_hrl_v1,168,2,US_3,HOLD_VP,ADVANCE,,0.20154522359371185,38.0492057800293,,,4
exp_hrl_v1,168,2,US_4,HOLD_VP,ADVANCE,,0.20154522359371185,38.0492057800293,,,4
exp_hrl_v1,168,2,US_5,HOLD_VP,ADVANCE,,0.1881471872329712,45.439945220947266,,,2
exp_hrl_v1,168,2,US_6,HOLD_VP,ADVANCE,,0.1881471872329712,45.439945220947266,,,4
exp_hrl_v1,168,2,US_7,HOLD_VP,ADVANCE,,0.1881471872329712,45.439945220947266,,,2
exp_hrl_v1,168,3,US_1,HOLD_VP,ADVANCE,,0.1881471872329712,45.439945220947266,,,4
exp_hrl_v1,168,3,US_2,HOLD_VP,ADVANCE,,0.1881471872329712,45.439945220947266,,,4
exp_hrl_v1,168,3,US_3,HOLD_VP,ADVANCE,,0.1881471872329712,45.439945220947266,,,4
exp_hrl_v1,168,3,US_4,HOLD_VP,ADVANCE,,0.19930428266525269,51.02067565917969,,,4
exp_hrl_v1,168,3,US_5,HOLD_VP,ADVANCE,,0.19930428266525269,51.02067565917969,,,2
exp_hrl_v1,168,3,US_6,HOLD_VP,ADVANCE,,0.19930428266525269,51.02067565917969,,,4
exp_hrl_v1,168,3,US_7,HOLD_VP,ADVANCE,,0.19930428266525269,51.02067565917969,,,2
exp_hrl_v1,168,4,US_1,HOLD_VP,ADVANCE,,0.19930428266525269,51.02067565917969,,,4
exp_hrl_v1,168,4,US_2,HOLD_VP,ADVANCE,,0.19930428266525269,51.02067565917969,,,4
exp_hrl_v1,168,4,US_3,HOLD_VP,FLANK,,0.18604235351085663,55.434879302978516,,,4
exp_hrl_v1,168,4,US_4,HOLD_VP,FLANK,,0.18604235351085663,55.434879302978516,,,4
exp_hrl_v1,168,4,US_5,HOLD_VP,FLANK,,0.18604235351085663,55.434879302978516,,,2
exp_hrl_v1,168,4,US_6,HOLD_VP,FLANK,,0.18604235351085663,55.434879302978516,,,4
exp_hrl_v1,168,4,US_7,HOLD_VP,FLANK,,0.18604235351085663,55.434879302978516,,,2
exp_hrl_v1,168,5,US_1,HOLD_VP,ATTACK,DIRECT,0.32026341557502747,59.2537841796875,,,4
exp_hrl_v1,168,5,US_2,HOLD_VP,ATTACK,DIRECT,0.32026341557502747,59.2537841796875,,,4
exp_hrl_v1,168,5,US_3,HOLD_VP,ATTACK,DIRECT,0.32026341557502747,59.2537841796875,,,4
exp_hrl_v1,168,5,US_4,HOLD_VP,ATTACK,DIRECT,0.32026341557502747,59.2537841796875,,,4
exp_hrl_v1,168,5,US_5,HOLD_VP,ATTACK,DIRECT,0.32026341557502747,59.2537841796875,,,2
exp_hrl_v1,168,5,US_6,HOLD_VP,ATTACK,DIRECT,0.32026341557502747,59.2537841796875,,,4
exp_hrl_v1,168,5,US_7,HOLD_VP,ATTACK,DIRECT,0.32026341557502747,59.2537841796875,,,2
exp_hrl_v1,168,6,US_1,HOLD_VP,ATTACK,DIRECT,0.32026341557502747,59.2537841796875,,,4
exp_hrl_v1,168,6,US_2,HOLD_VP,ATTACK,DIRECT,0.32026341557502747,59.2537841796875,,,4
exp_hrl_v1,169,1,US_1,PUSH_VP,ADVANCE,,0.19773367047309875,31.995033264160156,,,4
exp_hrl_v1,169,1,US_2,PUSH_VP,ADVANCE,,0.19773367047309875,31.995033264160156,,,4
exp_hrl_v1,169,1,US_3,PUSH_VP,ADVANCE,,0.19773367047309875,31.995033264160156,,,4
exp_hrl_v1,169,1,US_4,PUSH_VP,ADVANCE,,0.19773367047309875,31.995033264160156,,,4
exp_hrl_v1,169,1,US_5,PUSH_VP,ADVANCE,,0.19773367047309875,31.995033264160156,,,2
exp_hrl_v1,169,1,US_6,PUSH_VP,ADVANCE,,0.19773367047309875,31.995033264160156,,,4
exp_hrl_v1,169,1,US_7,PUSH_VP,ADVANCE,,0.21747517585754395,38.966827392578125,,,2
exp_hrl_v1,169,2,US_1,PUSH_VP,ADVANCE,,0.21747517585754395,38.966827392578125,,,4
exp_hrl_v1,169,2,US_2,PUSH_VP,ADVANCE,,0.21747517585754395,38.966827392578125,,,4
exp_hrl_v1,169,2,US_3,PUSH_VP,ADVANCE,,0.21747517585754395,38.966827392578125,,,4
exp_hrl_v1,169,2,US_4,PUSH_VP,ADVANCE,,0.21747517585754395,38.966827392578125,,,4
exp_hrl_v1,169,2,US_5,PUSH_VP,ADVANCE,,0.21747517585754395,38.966827392578125,,,2
exp_hrl_v1,169,2,US_6,PUSH_VP,ADVANCE,,0.1930677741765976,43.13095474243164,,,4
exp_hrl_v1,169,2,US_7,PUSH_VP,ADVANCE,,0.1930677741765976,43.13095474243164,,,2
exp_hrl_v1,169,3,US_1,PUSH_VP,ADVANCE,,0.1930677741765976,43.13095474243164,,,4
exp_hrl_v1,169,3,US_2,PUSH_VP,ADVANCE,,0.1930677741765976,43.13095474243164,,,4
exp_hrl_v1,169,3,US_3,PUSH_VP,ADVANCE,,0.1930677741765976,43.13095474243164,,,4
exp_hrl_v1,169,3,US_4,PUSH_VP,ADVANCE,,0.1930677741765976,43.13095474243164,,,4
exp_hrl_v1,169,3,US_5,PUSH_VP,FLANK,,0.18429358303546906,51.56973648071289,,,2
exp_hrl_v1,169,3,US_6,PUSH_VP,FLANK,,0.18429358303546906,51.56973648071289,,,4
exp_hrl_v1,169,3,US_7,PUSH_VP,FLANK,,0.18429358303546906,51.56973648071289,,,2
exp_hrl_v1,169,4,US_1,PUSH_VP,FLANK,,0.18429358303546906,51.56973648071289,,,4
exp_hrl_v1,169,4,US_2,PUSH_VP,FLANK,,0.18429358303546906,51.56973648071289,,,4
exp_hrl_v1,169,4,US_3,PUSH_VP,FLANK,,0.1846194565296173,55.64869689941406,,,4
exp_hrl_v1,169,4,US_4,PUSH_VP,FLANK,,0.1846194565296173,55.64869689941406,,,4
exp_hrl_v1,169,4,US_5,PUSH_VP,FLANK,,0.1846194565296173,55.64869689941406,,,2
exp_hrl_v1,169,4,US_6,PUSH_VP,FLANK,,0.1846194565296173,55.64869689941406,,,4
exp_hrl_v1,169,4,US_7,PUSH_VP,FLANK,,0.1846194565296173,55.64869689941406,,,2
exp_hrl_v1,169,5,US_1,PUSH_VP,ATTACK,DIRECT,0.19443176686763763,59.29676818847656,,,4
exp_hrl_v1,169,5,US_2,PUSH_VP,ATTACK,DIRECT,0.19443176686763763,59.29676818847656,,,4
exp_hrl_v1,169,5,US_3,PUSH_VP,ATTACK,DIRECT,0.19443176686763763,59.29676818847656,,,4
exp_hrl_v1,169,5,US_4,PUSH_VP,ATTACK,DIRECT,0.19443176686763763,59.29676818847656,,,4
exp_hrl_v1,169,5,US_5,PUSH_VP,ATTACK,DIRECT,0.19443176686763763,59.29676818847656,,,2
exp_hrl_v1,169,5,US_6,PUSH_VP,ATTACK,DIRECT,0.19443176686763763,59.29676818847656,,,4
exp_hrl_v1,169,5,US_7,PUSH_VP,ATTACK,DIRECT,0.19443176686763763,59.29676818847656,,,2
exp_hrl_v1,169,6,US_1,PUSH_VP,ATTACK,DIRECT,0.19443176686763763,59.29676818847656,,,4
exp_hrl_v1,169,6,US_2,PUSH_VP,ATTACK,DIRECT,0.19443176686763763,59.29676818847656,,,4
exp_hrl_v1,169,6,US_3,PUSH_VP,ATTACK,DIRECT,0.19443176686763763,59.29676818847656,,,4
exp_hrl_v1,170,1,US_1,ATTACK,ADVANCE,,0.2209296077489853,31.995033264160156,,,4
exp_hrl_v1,170,1,US_2,ATTACK,ADVANCE,,0.2209296077489853,31.995033264160156,,,4
exp_hrl_v1,170,1,US_3,ATTACK,ADVANCE,,0.2209296077489853,31.995033264160156,,,4
exp_hrl_v1,170,1,US_4,ATTACK,ADVANCE,,0.2209296077489853,31.995033264160156,,,4
exp_hrl_v1,170,1,US_5,ATTACK,ADVANCE,,0.2209296077489853,31.995033264160156,,,2
exp_hrl_v1,170,1,US_6,ATTACK,ADVANCE,,0.2209296077489853,31.995033264160156,,,4
exp_hrl_v1,170,1,US_7,ATTACK,ADVANCE,,0.1966974139213562,38.966827392578125,,,2
exp_hrl_v1,170,2,US_1,ATTACK,ADVANCE,,0.1966974139213562,38.966827392578125,,,4
exp_hrl_v1,170,2,US_2,ATTACK,ADVANCE,,0.1966974139213562,38.966827392578125,,,4
exp_hrl_v1,170,2,US_3,ATTACK,ADVANCE,,0.1966974139213562,38.966827392578125,,,4
exp_hrl_v1,170,2,US_4,ATTACK,ADVANCE,,0.1966974139213562,38.966827392578125,,,4
exp_hrl_v1,170,2,US_5,ATTACK,ADVANCE,,0.1966974139213562,38.966827392578125,,,2
exp_hrl_v1,170,2,US_6,ATTACK,ADVANCE,,0.1971135288476944,43.13095474243164,,,4
exp_hrl_v1,170,2,US_7,ATTACK,ADVANCE,,0.1971135288476944,43.13095474243164,,,2
exp_hrl_v1,170,3,US_1,ATTACK,ADVANCE,,0.1971135288476944,43.13095474243164,,,4
exp_hrl_v1,170,3,US_2,ATTACK,ADVANCE,,0.1971135288476944,43.13095474243164,,,4
exp_hrl_v1,170,3,US_3,ATTACK,ADVANCE,,0.1971135288476944,43.13095474243164,,,4
exp_hrl_v1,170,3,US_4,ATTACK,ADVANCE,,0.1971135288476944,43.13095474243164,,,4
exp_hrl_v1,170,3,US_5,ATTACK,ATTACK,DIRECT,0.2650388479232788,51.56973648071289,,,2
exp_hrl_v1,170,3,US_6,ATTACK,ATTACK,DIRECT,0.2650388479232788,51.56973648071289,,,4
exp_hrl_v1,170,3,US_7,ATTACK,ATTACK,DIRECT,0.2650388479232788,51.56973648071289,,,2
exp_hrl_v1,170,4,US_1,ATTACK,ATTACK,DIRECT,0.2650388479232788,51.56973648071289,,,4
exp_hrl_v1,170,4,US_2,ATTACK,ATTACK,DIRECT,0.2650388479232788,51.56973648071289,,,4
exp_hrl_v1,170,4,US_3,ATTACK,ATTACK,DIRECT,0.2650388479232788,51.56973648071289,,,4
exp_hrl_v1,170,4,US_4,ATTACK,ATTACK,DIRECT,0.2650388479232788,51.56973648071289,,,4
exp_hrl_v1,170,4,US_5,ATTACK,ATTACK,DIRECT,0.2650388479232788,51.56973648071289,,,2
exp_hrl_v1,170,4,US_6,ATTACK,ATTACK,DIRECT,0.2650388479232788,51.56973648071289,,,4
exp_hrl_v1,170,4,US_7,ATTACK,ATTACK,DIRECT,0.2650388479232788,51.56973648071289,,,2
exp_hrl_v1,171,1,US_1,PUSH_VP,ADVANCE,,0.1899789720773697,31.995033264160156,,,4
exp_hrl_v1,171,1,US_2,PUSH_VP,ADVANCE,,0.1899789720773697,31.995033264160156,,,4
exp_hrl_v1,171,1,US_3,PUSH_VP,ADVANCE,,0.1899789720773697,31.995033264160156,,,4
exp_hrl_v1,171,1,US_4,PUSH_VP,ADVANCE,,0.1899789720773697,31.995033264160156,,,4
exp_hrl_v1,171,1,US_5,PUSH_VP,ADVANCE,,0.1899789720773697,31.995033264160156,,,2
exp_hrl_v1,171,1,US_6,PUSH_VP,ADVANCE,,0.1899789720773697,31.995033264160156,,,4
exp_hrl_v1,171,1,US_7,PUSH_VP,FLANK,,0.1966974139213562,38.966827392578125,,,2
exp_hrl_v1,171,2,US_1,PUSH_VP,FLANK,,0.1966974139213562,38.966827392578125,,,4
exp_hrl_v1,171,2,US_2,PUSH_VP,FLANK,,0.1966974139213562,38.966827392578125,,,4
exp_hrl_v1,171,2,US_3,PUSH_VP,FLANK,,0.1966974139213562,38.966827392578125,,,4
exp_hrl_v1,171,2,US_4,PUSH_VP,FLANK,,0.1966974139213562,38.966827392578125,,,4
exp_hrl_v1,171,2,US_5,PUSH_VP,ADVANCE,,0.22964689135551453,45.69208526611328,,,2
exp_hrl_v1,171,2,US_6,PUSH_VP,ADVANCE,,0.22964689135551453,45.69208526611328,,,4
exp_hrl_v1,171,2,US_7,PUSH_VP,ADVANCE,,0.22964689135551453,45.69208526611328,,,2
exp_hrl_v1,171,3,US_1,PUSH_VP,ADVANCE,,0.22964689135551453,45.69208526611328,,,4
exp_hrl_v1,171,3,US_2,PUSH_VP,ADVANCE,,0.22964689135551453,45.69208526611328,,,4
exp_hrl_v1,171,3,US_3,PUSH_VP,ADVANCE,,0.22964689135551453,45.69208526611328,,,4
exp_hrl_v1,171,3,US_4,PUSH_VP,ADVANCE,,0.25893449783325195,50.84752655029297,,,4
exp_hrl_v1,171,3,US_5,PUSH_VP,ADVANCE,,0.25893449783325195,50.84752655029297,,,2
exp_hrl_v1,171,3,US_6,PUSH_VP,ADVANCE,,0.25893449783325195,50.84752655029297,,,4
exp_hrl_v1,171,3,US_7,PUSH_VP,ADVANCE,,0.25893449783325195,50.84752655029297,,,2
exp_hrl_v1,171,4,US_1,PUSH_VP,ADVANCE,,0.25893449783325195,50.84752655029297,,,4
exp_hrl_v1,171,4,US_2,PUSH_VP,ADVANCE,,0.25893449783325195,50.84752655029297,,,4
exp_hrl_v1,171,4,US_3,PUSH_VP,ADVANCE,,0.18248450756072998,55.34172058105469,,,4
exp_hrl_v1,171,4,US_4,PUSH_VP,ADVANCE,,0.18248450756072998,55.34172058105469,,,4
exp_hrl_v1,171,4,US_5,PUSH_VP,ADVANCE,,0.18248450756072998,55.34172058105469,,,2
exp_hrl_v1,171,4,US_6,PUSH_VP,ADVANCE,,0.18248450756072998,55.34172058105469,,,4
exp_hrl_v1,171,4,US_7,PUSH_VP,ADVANCE,,0.18248450756072998,55.34172058105469,,,2
exp_hrl_v1,171,5,US_1,PUSH_VP,ADVANCE,,0.18248450756072998,55.34172058105469,,,4
exp_hrl_v1,171,5,US_2,PUSH_VP,ADVANCE,,0.19796794652938843,59.20802307128906,,,4
exp_hrl_v1,171,5,US_3,PUSH_VP,ADVANCE,,0.19796794652938843,59.20802307128906,,,4
exp_hrl_v1,171,5,US_4,PUSH_VP,ADVANCE,,0.19796794652938843,59.20802307128906,,,4
exp_hrl_v1,171,5,US_5,PUSH_VP,ADVANCE,,0.19796794652938843,59.20802307128906,,,2
exp_hrl_v1,171,5,US_6,PUSH_VP,ADVANCE,,0.19796794652938843,59.20802307128906,,,4
exp_hrl_v1,171,5,US_7,PUSH_VP,ADVANCE,,0.19796794652938843,59.20802307128906,,,2
exp_hrl_v1,171,6,US_1,HOLD_VP,ATTACK,DIRECT,0.10446732491254807,63.310359954833984,,,4
exp_hrl_v1,171,6,US_2,HOLD_VP,ATTACK,DIRECT,0.10446732491254807,63.310359954833984,,,4
exp_hrl_v1,171,6,US_3,HOLD_VP,ATTACK,DIRECT,0.10446732491254807,63.310359954833984,,,4
exp_hrl_v1,171,6,US_4,HOLD_VP,ATTACK,DIRECT,0.10446732491254807,63.310359954833984,,,4
exp_hrl_v1,171,6,US_5,HOLD_VP,ATTACK,DIRECT,0.10446732491254807,63.310359954833984,,,2
exp_hrl_v1,171,6,US_6,HOLD_VP,ATTACK,DIRECT,0.10446732491254807,63.310359954833984,,,4
exp_hrl_v1,171,6,US_7,HOLD_VP,ATTACK,DIRECT,0.10446732491254807,63.310359954833984,,,2
exp_hrl_v1,171,7,US_1,HOLD_VP,ATTACK,DIRECT,0.10446732491254807,63.310359954833984,,,4
exp_hrl_v1,171,7,US_2,HOLD_VP,ATTACK,DIRECT,0.10446732491254807,63.310359954833984,,,4
exp_hrl_v1,171,7,US_3,HOLD_VP,ATTACK,DIRECT,0.10446732491254807,63.310359954833984,,,4
exp_hrl_v1,171,7,US_4,HOLD_VP,ATTACK,INDIRECT,0.2532140910625458,54.97185516357422,,,4
exp_hrl_v1,171,7,US_5,HOLD_VP,ATTACK,INDIRECT,0.2532140910625458,54.97185516357422,,,2
exp_hrl_v1,171,7,US_6,HOLD_VP,ATTACK,INDIRECT,0.2532140910625458,54.97185516357422,,,4
exp_hrl_v1,171,7,US_7,HOLD_VP,ATTACK,INDIRECT,0.2532140910625458,54.97185516357422,,,2
exp_hrl_v1,171,8,US_1,HOLD_VP,ATTACK,INDIRECT,0.2532140910625458,54.97185516357422,,,4
exp_hrl_v1,172,1,US_1,PUSH_VP,ADVANCE,,0.1955854892730713,31.995033264160156,,,4
exp_hrl_v1,172,1,US_2,PUSH_VP,ADVANCE,,0.1955854892730713,31.995033264160156,,,4
exp_hrl_v1,172,1,US_3,PUSH_VP,ADVANCE,,0.1955854892730713,31.995033264160156,,,4
exp_hrl_v1,172,1,US_4,PUSH_VP,ADVANCE,,0.1955854892730713,31.995033264160156,,,4
exp_hrl_v1,172,1,US_5,PUSH_VP,ADVANCE,,0.1955854892730713,31.995033264160156,,,2
exp_hrl_v1,172,1,US_6,PUSH_VP,ADVANCE,,0.1955854892730713,31.995033264160156,,,4
exp_hrl_v1,172,1,US_7,PUSH_VP,FLANK,,0.1966974139213562,38.966827392578125,,,2
exp_hrl_v1,172,2,US_1,PUSH_VP,FLANK,,0.1966974139213562,38.966827392578125,,,4
exp_hrl_v1,172,2,US_2,PUSH_VP,FLANK,,0.1966974139213562,38.966827392578125,,,4
exp_hrl_v1,172,2,US_3,PUSH_VP,FLANK,,0.1966974139213562,38.966827392578125,,,4
exp_hrl_v1,172,2,US_4,PUSH_VP,FLANK,,0.1966974139213562,38.966827392578125,,,4
exp_hrl_v1,172,2,US_5,PUSH_VP,ADVANCE,,0.19041407108306885,45.69208526611328,,,2
exp_hrl_v1,172,2,US_6,PUSH_VP,ADVANCE,,0.19041407108306885,45.69208526611328,,,4
exp_hrl_v1,172,2,US_7,PUSH_VP,ADVANCE,,0.19041407108306885,45.69208526611328,,,2
exp_hrl_v1,172,3,US_1,PUSH_VP,ADVANCE,,0.19041407108306885,45.69208526611328,,,4
exp_hrl_v1,172,3,US_2,PUSH_VP,ADVANCE,,0.19041407108306885,45.69208526611328,,,4
exp_hrl_v1,172,3,US_3,PUSH_VP,ADVANCE,,0.19041407108306885,45.69208526611328,,,4
exp_hrl_v1,172,3,US_4,PUSH_VP,FLANK,,0.18414263427257538,50.84752655029297,,,4
exp_hrl_v1,172,3,US_5,PUSH_VP,FLANK,,0.18414263427257538,50.84752655029297,,,2
exp_hrl_v1,172,3,US_6,PUSH_VP,FLANK,,0.18414263427257538,50.84752655029297,,,4
exp_hrl_v1,172,3,US_7,PUSH_VP,FLANK,,0.18414263427257538,50.84752655029297,,,2
exp_hrl_v1,172,4,US_1,PUSH_VP,FLANK,,0.18414263427257538,50.84752655029297,,,4
exp_hrl_v1,172,4,US_2,PUSH_VP,ATTACK,DIRECT,0.18291142582893372,55.138404846191406,,,4
exp_hrl_v1,172,4,US_3,PUSH_VP,ATTACK,DIRECT,0.18291142582893372,55.138404846191406,,,4
exp_hrl_v1,172,4,US_4,PUSH_VP,ATTACK,DIRECT,0.18291142582893372,55.138404846191406,,,4
exp_hrl_v1,172,4,US_5,PUSH_VP,ATTACK,DIRECT,0.18291142582893372,55.138404846191406,,,2
exp_hrl_v1,172,4,US_6,PUSH_VP,ATTACK,DIRECT,0.18291142582893372,55.138404846191406,,,4
exp_hrl_v1,172,4,US_7,PUSH_VP,ATTACK,DIRECT,0.18291142582893372,55.138404846191406,,,2
exp_hrl_v1,172,5,US_1,PUSH_VP,ATTACK,DIRECT,0.18291142582893372,55.138404846191406,,,4
exp_hrl_v1,172,5,US_2,PUSH_VP,ATTACK,DIRECT,0.18291142582893372,55.138404846191406,,,4
exp_hrl_v1,172,5,US_3,PUSH_VP,ATTACK,DIRECT,0.18291142582893372,55.138404846191406,,,4
exp_hrl_v1,172,5,US_4,PUSH_VP,ATTACK,DIRECT,0.18291142582893372,55.138404846191406,,,4
exp_hrl_v1,172,5,US_5,PUSH_VP,ATTACK,DIRECT,0.1695995181798935,56.84415817260742,,,2
exp_hrl_v1,172,5,US_6,PUSH_VP,ATTACK,DIRECT,0.1695995181798935,56.84415817260742,,,4
exp_hrl_v1,172,5,US_7,PUSH_VP,ATTACK,DIRECT,0.1695995181798935,56.84415817260742,,,2
exp_hrl_v1,173,1,US_1,HOLD_VP,ADVANCE,,0.1899789720773697,31.995033264160156,,,4
exp_hrl_v1,173,1,US_2,HOLD_VP,ADVANCE,,0.1899789720773697,31.995033264160156,,,4
exp_hrl_v1,173,1,US_3,HOLD_VP,ADVANCE,,0.1899789720773697,31.995033264160156,,,4
exp_hrl_v1,173,1,US_4,HOLD_VP,ADVANCE,,0.1899789720773697,31.995033264160156,,,4
exp_hrl_v1,173,1,US_5,HOLD_VP,ADVANCE,,0.1899789720773697,31.995033264160156,,,2
exp_hrl_v1,173,1,US_6,HOLD_VP,ADVANCE,,0.1899789720773697,31.995033264160156,,,4
exp_hrl_v1,173,1,US_7,HOLD_VP,ADVANCE,,0.19832457602024078,38.966827392578125,,,2
exp_hrl_v1,173,2,US_1,HOLD_VP,ADVANCE,,0.19832457602024078,38.966827392578125,,,4
exp_hrl_v1,173,2,US_2,HOLD_VP,ADVANCE,,0.19832457602024078,38.966827392578125,,,4
exp_hrl_v1,173,2,US_3,HOLD_VP,ADVANCE,,0.19832457602024078,38.966827392578125,,,4
exp_hrl_v1,173,2,US_4,HOLD_VP,ADVANCE,,0.19832457602024078,38.966827392578125,,,4
exp_hrl_v1,173,2,US_5,HOLD_VP,ADVANCE,,0.19832457602024078,38.966827392578125,,,2
exp_hrl_v1,173,2,US_6,HOLD_VP,ADVANCE,,0.21960562467575073,43.13095474243164,,,4
exp_hrl_v1,173,2,US_7,HOLD_VP,ADVANCE,,0.21960562467575073,43.13095474243164,,,2
exp_hrl_v1,173,3,US_1,HOLD_VP,ADVANCE,,0.21960562467575073,43.13095474243164,,,4
exp_hrl_v1,173,3,US_2,HOLD_VP,ADVANCE,,0.21960562467575073,43.13095474243164,,,4
exp_hrl_v1,173,3,US_3,HOLD_VP,ADVANCE,,0.21960562467575073,43.13095474243164,,,4
exp_hrl_v1,173,3,US_4,HOLD_VP,ADVANCE,,0.21960562467575073,43.13095474243164,,,4
exp_hrl_v1,173,3,US_5,HOLD_VP,FLANK,,0.18429358303546906,51.56973648071289,,,2
exp_hrl_v1,173,3,US_6,HOLD_VP,FLANK,,0.18429358303546906,51.56973648071289,,,4
exp_hrl_v1,173,3,US_7,HOLD_VP,FLANK,,0.18429358303546906,51.56973648071289,,,2
exp_hrl_v1,173,4,US_1,HOLD_VP,FLANK,,0.18429358303546906,51.56973648071289,,,4
exp_hrl_v1,173,4,US_2,HOLD_VP,FLANK,,0.18429358303546906,51.56973648071289,,,4
exp_hrl_v1,173,4,US_3,HOLD_VP,ATTACK,DIRECT,0.26326295733451843,55.64869689941406,,,4
exp_hrl_v1,173,4,US_4,HOLD_VP,ATTACK,DIRECT,0.26326295733451843,55.64869689941406,,,4
exp_hrl_v1,173,4,US_5,HOLD_VP,ATTACK,DIRECT,0.26326295733451843,55.64869689941406,,,2
exp_hrl_v1,173,4,US_6,HOLD_VP,ATTACK,DIRECT,0.26326295733451843,55.64869689941406,,,4
exp_hrl_v1,173,4,US_7,HOLD_VP,ATTACK,DIRECT,0.26326295733451843,55.64869689941406,,,2
exp_hrl_v1,173,5,US_1,HOLD_VP,ATTACK,DIRECT,0.26326295733451843,55.64869689941406,,,4
exp_hrl_v1,173,5,US_2,HOLD_VP,ATTACK,DIRECT,0.26326295733451843,55.64869689941406,,,4
exp_hrl_v1,173,5,US_3,HOLD_VP,ATTACK,DIRECT,0.26326295733451843,55.64869689941406,,,4
exp_hrl_v1,173,5,US_4,HOLD_VP,ATTACK,DIRECT,0.26326295733451843,55.64869689941406,,,4
exp_hrl_v1,173,5,US_5,HOLD_VP,ATTACK,DIRECT,0.26326295733451843,55.64869689941406,,,2
exp_hrl_v1,173,5,US_6,HOLD_VP,ADVANCE,,0.20371870696544647,54.42975616455078,,,4
exp_hrl_v1,173,5,US_7,HOLD_VP,ADVANCE,,0.20371870696544647,54.42975616455078,,,2
exp_hrl_v1,173,6,US_1,HOLD_VP,ADVANCE,,0.20371870696544647,54.42975616455078,,,4
exp_hrl_v1,173,6,US_2,HOLD_VP,ADVANCE,,0.20371870696544647,54.42975616455078,,,4
exp_hrl_v1,173,6,US_3,HOLD_VP,ADVANCE,,0.20371870696544647,54.42975616455078,,,4
exp_hrl_v1,173,6,US_4,HOLD_VP,ADVANCE,,0.20371870696544647,54.42975616455078,,,4
exp_hrl_v1,173,6,US_5,HOLD_VP,HOLD,,0.19144487380981445,52.38707733154297,,,2
exp_hrl_v1,173,6,US_6,HOLD_VP,ADVANCE,,0.2817222476005554,50.831260681152344,,,4
exp_hrl_v1,173,6,US_7,HOLD_VP,ADVANCE,,0.2817222476005554,50.831260681152344,,,2
exp_hrl_v1,173,7,US_1,HOLD_VP,ADVANCE,,0.2817222476005554,50.831260681152344,,,4
exp_hrl_v1,173,7,US_2,HOLD_VP,ADVANCE,,0.2817222476005554,50.831260681152344,,,4
exp_hrl_v1,173,7,US_3,HOLD_VP,ADVANCE,,0.2817222476005554,50.831260681152344,,,4
exp_hrl_v1,173,7,US_4,HOLD_VP,ADVANCE,,0.2817222476005554,50.831260681152344,,,4
exp_hrl_v1,173,7,US_5,HOLD_VP,ADVANCE,,0.19584441184997559,48.986881256103516,,,2
exp_hrl_v1,173,7,US_6,HOLD_VP,ADVANCE,,0.19584441184997559,48.986881256103516,,,4
exp_hrl_v1,173,7,US_7,HOLD_VP,ADVANCE,,0.19584441184997559,48.986881256103516,,,2
exp_hrl_v1,173,8,US_1,HOLD_VP,ADVANCE,,0.19584441184997559,48.986881256103516,,,4
exp_hrl_v1,173,8,US_2,HOLD_VP,ADVANCE,,0.19584441184997559,48.986881256103516,,,4
exp_hrl_v1,173,8,US_3,HOLD_VP,ADVANCE,,0.19584441184997559,48.986881256103516,,,4
exp_hrl_v1,173,8,US_4,HOLD_VP,FLANK,,0.19886717200279236,45.3013801574707,,,4
exp_hrl_v1,173,8,US_5,HOLD_VP,FLANK,,0.19886717200279236,45.3013801574707,,,2
exp_hrl_v1,173,8,US_6,HOLD_VP,FLANK,,0.19886717200279236,45.3013801574707,,,4
exp_hrl_v1,173,8,US_7,HOLD_VP,FLANK,,0.19886717200279236,45.3013801574707,,,2
exp_hrl_v1,173,9,US_1,HOLD_VP,FLANK,,0.19886717200279236,45.3013801574707,,,4
exp_hrl_v1,173,9,US_2,HOLD_VP,ADVANCE,,0.22269350290298462,41.169700622558594,,,4
exp_hrl_v1,173,9,US_3,HOLD_VP,ADVANCE,,0.22269350290298462,41.169700622558594,,,4
exp_hrl_v1,173,9,US_4,HOLD_VP,ADVANCE,,0.22269350290298462,41.169700622558594,,,4
exp_hrl_v1,173,9,US_5,HOLD_VP,ADVANCE,,0.22269350290298462,41.169700622558594,,,2
exp_hrl_v1,173,9,US_6,HOLD_VP,ADVANCE,,0.22269350290298462,41.169700622558594,,,4
exp_hrl_v1,173,9,US_7,HOLD_VP,ADVANCE,,0.22269350290298462,41.169700622558594,,,2
exp_hrl_v1,173,10,US_1,HOLD_VP,ADVANCE,,0.26750537753105164,36.704734802246094,,,4
exp_hrl_v1,173,10,US_2,HOLD_VP,ADVANCE,,0.26750537753105164,36.704734802246094,,,4
exp_hrl_v1,173,10,US_3,HOLD_VP,ADVANCE,,0.26750537753105164,36.704734802246094,,,4
exp_hrl_v1,173,10,US_4,HOLD_VP,ADVANCE,,0.26750537753105164,36.704734802246094,,,4
exp_hrl_v1,173,10,US_5,HOLD_VP,ADVANCE,,0.26750537753105164,36.704734802246094,,,2
exp_hrl_v1,173,10,US_6,HOLD_VP,ADVANCE,,0.26750537753105164,36.704734802246094,,,4
exp_hrl_v1,173,10,US_7,HOLD_VP,FLANK,,0.25223806500434875,36.15792465209961,,,2
exp_hrl_v1,173,11,US_1,HOLD_VP,FLANK,,0.25223806500434875,36.15792465209961,,,4
exp_hrl_v1,173,11,US_2,HOLD_VP,FLANK,,0.25223806500434875,36.15792465209961,,,4
exp_hrl_v1,173,11,US_3,HOLD_VP,FLANK,,0.25223806500434875,36.15792465209961,,,4
exp_hrl_v1,173,11,US_4,HOLD_VP,FLANK,,0.25223806500434875,36.15792465209961,,,4
exp_hrl_v1,173,11,US_5,HOLD_VP,FLANK,,0.2551424503326416,32.289554595947266,,,2
exp_hrl_v1,173,11,US_6,HOLD_VP,FLANK,,0.2551424503326416,32.289554595947266,,,4
exp_hrl_v1,173,11,US_7,HOLD_VP,FLANK,,0.2551424503326416,32.289554595947266,,,2
exp_hrl_v1,174,1,US_1,HOLD_VP,ADVANCE,,0.1955854892730713,31.995033264160156,,,4
exp_hrl_v1,174,1,US_2,HOLD_VP,ADVANCE,,0.1955854892730713,31.995033264160156,,,4
exp_hrl_v1,174,1,US_3,HOLD_VP,ADVANCE,,0.1955854892730713,31.995033264160156,,,4
exp_hrl_v1,174,1,US_4,HOLD_VP,ADVANCE,,0.1955854892730713,31.995033264160156,,,4
exp_hrl_v1,174,1,US_5,HOLD_VP,ADVANCE,,0.1955854892730713,31.995033264160156,,,2
exp_hrl_v1,174,1,US_6,HOLD_VP,ADVANCE,,0.1955854892730713,31.995033264160156,,,4
exp_hrl_v1,174,1,US_7,HOLD_VP,ATTACK,INDIRECT,0.21747517585754395,38.966827392578125,,,2
exp_hrl_v1,174,2,US_1,HOLD_VP,ATTACK,INDIRECT,0.21747517585754395,38.966827392578125,,,4
exp_hrl_v1,174,2,US_2,HOLD_VP,ATTACK,INDIRECT,0.21747517585754395,38.966827392578125,,,4
exp_hrl_v1,174,2,US_3,HOLD_VP,ATTACK,INDIRECT,0.21747517585754395,38.966827392578125,,,4
exp_hrl_v1,174,2,US_4,HOLD_VP,ATTACK,INDIRECT,0.21747517585754395,38.966827392578125,,,4
exp_hrl_v1,174,2,US_5,HOLD_VP,ATTACK,INDIRECT,0.21747517585754395,38.966827392578125,,,2
exp_hrl_v1,174,2,US_6,HOLD_VP,ATTACK,INDIRECT,0.21747517585754395,38.966827392578125,,,4
exp_hrl_v1,174,2,US_7,HOLD_VP,ATTACK,INDIRECT,0.21747517585754395,38.966827392578125,,,2
exp_hrl_v1,174,3,US_1,HOLD_VP,ATTACK,INDIRECT,0.21747517585754395,38.966827392578125,,,4
exp_hrl_v1,174,3,US_2,HOLD_VP,ATTACK,INDIRECT,0.21747517585754395,38.966827392578125,,,4
exp_hrl_v1,174,3,US_3,HOLD_VP,ADVANCE,,0.15092048048973083,53.49028778076172,,,4
exp_hrl_v1,174,3,US_4,HOLD_VP,ADVANCE,,0.15092048048973083,53.49028778076172,,,4
exp_hrl_v1,174,3,US_5,HOLD_VP,ADVANCE,,0.15092048048973083,53.49028778076172,,,2
exp_hrl_v1,174,3,US_6,HOLD_VP,ADVANCE,,0.15092048048973083,53.49028778076172,,,4
exp_hrl_v1,174,3,US_7,HOLD_VP,ADVANCE,,0.15092048048973083,53.49028778076172,,,2
exp_hrl_v1,174,4,US_1,HOLD_VP,ADVANCE,,0.15092048048973083,53.49028778076172,,,4
exp_hrl_v1,174,4,US_2,HOLD_VP,FLANK,,0.15990889072418213,56.07468795776367,,,4
exp_hrl_v1,174,4,US_3,HOLD_VP,FLANK,,0.15990889072418213,56.07468795776367,,,4
exp_hrl_v1,174,4,US_4,HOLD_VP,FLANK,,0.15990889072418213,56.07468795776367,,,4
exp_hrl_v1,174,4,US_5,HOLD_VP,FLANK,,0.15990889072418213,56.07468795776367,,,2
exp_hrl_v1,174,4,US_6,HOLD_VP,FLANK,,0.15990889072418213,56.07468795776367,,,4
exp_hrl_v1,174,4,US_7,HOLD_VP,FLANK,,0.1619681566953659,56.88800048828125,,,2
exp_hrl_v1,174,5,US_1,HOLD_VP,FLANK,,0.1619681566953659,56.88800048828125,,,4
exp_hrl_v1,174,5,US_2,HOLD_VP,FLANK,,0.1619681566953659,56.88800048828125,,,4
exp_hrl_v1,174,5,US_3,HOLD_VP,FLANK,,0.1619681566953659,56.88800048828125,,,4
exp_hrl_v1,174,5,US_4,HOLD_VP,FLANK,,0.1619681566953659,56.88800048828125,,,4
exp_hrl_v1,174,5,US_5,HOLD_VP,ADVANCE,,0.16743306815624237,57.01074981689453,,,2
exp_hrl_v1,174,5,US_6,HOLD_VP,ADVANCE,,0.16743306815624237,57.01074981689453,,,4
exp_hrl_v1,174,5,US_7,HOLD_VP,ADVANCE,,0.16743306815624237,57.01074981689453,,,2
exp_hrl_v1,174,6,US_1,HOLD_VP,ADVANCE,,0.16743306815624237,57.01074981689453,,,4
exp_hrl_v1,174,6,US_2,HOLD_VP,ADVANCE,,0.16743306815624237,57.01074981689453,,,4
exp_hrl_v1,174,6,US_3,HOLD_VP,ADVANCE,,0.16743306815624237,57.01074981689453,,,4
exp_hrl_v1,174,6,US_4,HOLD_VP,ATTACK,DIRECT,0.2769545316696167,55.30120849609375,,,4
exp_hrl_v1,174,6,US_5,HOLD_VP,ATTACK,DIRECT,0.2769545316696167,55.30120849609375,,,2
exp_hrl_v1,174,6,US_6,HOLD_VP,ATTACK,DIRECT,0.2769545316696167,55.30120849609375,,,4
exp_hrl_v1,174,6,US_7,HOLD_VP,ATTACK,DIRECT,0.2769545316696167,55.30120849609375,,,2
exp_hrl_v1,174,7,US_1,HOLD_VP,ATTACK,DIRECT,0.2769545316696167,55.30120849609375,,,4
exp_hrl_v1,175,1,US_1,HOLD_VP,ATTACK,DIRECT,0.2209296077489853,31.995033264160156,,,4
exp_hrl_v1,175,1,US_2,HOLD_VP,ATTACK,DIRECT,0.2209296077489853,31.995033264160156,,,4
exp_hrl_v1,175,1,US_3,HOLD_VP,ATTACK,DIRECT,0.2209296077489853,31.995033264160156,,,4
exp_hrl_v1,175,1,US_4,HOLD_VP,ATTACK,DIRECT,0.2209296077489853,31.995033264160156,,,4
exp_hrl_v1,175,1,US_5,HOLD_VP,ATTACK,DIRECT,0.2209296077489853,31.995033264160156,,,2
exp_hrl_v1,175,1,US_6,HOLD_VP,ATTACK,DIRECT,0.2209296077489853,31.995033264160156,,,4
exp_hrl_v1,175,1,US_7,HOLD_VP,ATTACK,DIRECT,0.2209296077489853,31.995033264160156,,,2
exp_hrl_v1,175,2,US_1,HOLD_VP,ATTACK,DIRECT,0.2209296077489853,31.995033264160156,,,4
exp_hrl_v1,175,2,US_2,HOLD_VP,ATTACK,DIRECT,0.2209296077489853,31.995033264160156,,,4
exp_hrl_v1,175,2,US_3,HOLD_VP,ATTACK,DIRECT,0.2209296077489853,31.995033264160156,,,4
exp_hrl_v1,175,2,US_4,HOLD_VP,RETREAT,,0.1459149867296219,53.666664123535156,,,4
exp_hrl_v1,175,2,US_5,HOLD_VP,RETREAT,,0.1459149867296219,53.666664123535156,,,2
exp_hrl_v1,175,2,US_6,HOLD_VP,ADVANCE,,0.12766721844673157,58.667823791503906,,,4
exp_hrl_v1,175,2,US_7,HOLD_VP,ADVANCE,,0.12766721844673157,58.667823791503906,,,2
exp_hrl_v1,175,3,US_1,HOLD_VP,ADVANCE,,0.12766721844673157,58.667823791503906,,,4
exp_hrl_v1,175,3,US_2,HOLD_VP,ADVANCE,,0.12766721844673157,58.667823791503906,,,4
exp_hrl_v1,175,3,US_3,HOLD_VP,ADVANCE,,0.12766721844673157,58.667823791503906,,,4
exp_hrl_v1,175,3,US_4,HOLD_VP,ADVANCE,,0.12766721844673157,58.667823791503906,,,4
exp_hrl_v1,175,3,US_5,HOLD_VP,ATTACK,DIRECT,0.41858112812042236,59.87700653076172,,,2
exp_hrl_v1,175,3,US_6,HOLD_VP,ATTACK,DIRECT,0.41858112812042236,59.87700653076172,,,4
exp_hrl_v1,175,3,US_7,HOLD_VP,ATTACK,DIRECT,0.41858112812042236,59.87700653076172,,,2
exp_hrl_v1,175,4,US_1,HOLD_VP,ATTACK,DIRECT,0.41858112812042236,59.87700653076172,,,4
exp_hrl_v1,176,1,US_1,PUSH_VP,ADVANCE,,0.2209296077489853,31.995033264160156,,,4
exp_hrl_v1,176,1,US_2,PUSH_VP,ADVANCE,,0.2209296077489853,31.995033264160156,,,4
exp_hrl_v1,176,1,US_3,PUSH_VP,ADVANCE,,0.2209296077489853,31.995033264160156,,,4
exp_hrl_v1,176,1,US_4,PUSH_VP,ADVANCE,,0.2209296077489853,31.995033264160156,,,4
exp_hrl_v1,176,1,US_5,PUSH_VP,ADVANCE,,0.2209296077489853,31.995033264160156,,,2
exp_hrl_v1,176,1,US_6,PUSH_VP,ADVANCE,,0.2209296077489853,31.995033264160156,,,4
exp_hrl_v1,176,1,US_7,PUSH_VP,ADVANCE,,0.19609956443309784,38.966827392578125,,,2
exp_hrl_v1,176,2,US_1,PUSH_VP,ADVANCE,,0.19609956443309784,38.966827392578125,,,4
exp_hrl_v1,176,2,US_2,PUSH_VP,ADVANCE,,0.19609956443309784,38.966827392578125,,,4
exp_hrl_v1,176,2,US_3,PUSH_VP,ADVANCE,,0.19609956443309784,38.966827392578125,,,4
exp_hrl_v1,176,2,US_4,PUSH_VP,ADVANCE,,0.19609956443309784,38.966827392578125,,,4
exp_hrl_v1,176,2,US_5,PUSH_VP,ADVANCE,,0.19609956443309784,38.966827392578125,,,2
exp_hrl_v1,176,2,US_6,PUSH_VP,RETREAT,,0.19705842435359955,43.13095474243164,,,4
exp_hrl_v1,176,2,US_7,PUSH_VP,RETREAT,,0.19705842435359955,43.13095474243164,,,2
exp_hrl_v1,176,3,US_1,PUSH_VP,FLANK,,0.1856864094734192,48.18497085571289,,,4
exp_hrl_v1,176,3,US_2,PUSH_VP,FLANK,,0.1856864094734192,48.18497085571289,,,4
exp_hrl_v1,176,3,US_3,PUSH_VP,FLANK,,0.1856864094734192,48.18497085571289,,,4
exp_hrl_v1,176,3,US_4,PUSH_VP,FLANK,,0.1856864094734192,48.18497085571289,,,4
exp_hrl_v1,176,3,US_5,PUSH_VP,FLANK,,0.1856864094734192,48.18497085571289,,,2
exp_hrl_v1,176,3,US_6,PUSH_VP,ADVANCE,,0.2005087435245514,51.59178924560547,,,4
exp_hrl_v1,176,3,US_7,PUSH_VP,ADVANCE,,0.2005087435245514,51.59178924560547,,,2
exp_hrl_v1,176,4,US_1,PUSH_VP,ADVANCE,,0.2005087435245514,51.59178924560547,,,4
exp_hrl_v1,176,4,US_2,PUSH_VP,ADVANCE,,0.2005087435245514,51.59178924560547,,,4
exp_hrl_v1,176,4,US_3,PUSH_VP,ADVANCE,,0.2005087435245514,51.59178924560547,,,4
exp_hrl_v1,176,4,US_4,PUSH_VP,ADVANCE,,0.2005087435245514,51.59178924560547,,,4
exp_hrl_v1,176,4,US_5,PUSH_VP,ADVANCE,,0.20152750611305237,57.08564376831055,,,2
exp_hrl_v1,176,4,US_6,PUSH_VP,ADVANCE,,0.20152750611305237,57.08564376831055,,,4
exp_hrl_v1,176,4,US_7,PUSH_VP,ADVANCE,,0.20152750611305237,57.08564376831055,,,2
exp_hrl_v1,176,5,US_1,PUSH_VP,ADVANCE,,0.20152750611305237,57.08564376831055,,,4
exp_hrl_v1,176,5,US_2,PUSH_VP,ADVANCE,,0.20152750611305237,57.08564376831055,,,4
exp_hrl_v1,176,5,US_3,PUSH_VP,ADVANCE,,0.20152750611305237,57.08564376831055,,,4
exp_hrl_v1,176,5,US_4,HOLD_VP,ADVANCE,,0.16209504008293152,60.81946563720703,,,4
exp_hrl_v1,176,5,US_5,HOLD_VP,ADVANCE,,0.16209504008293152,60.81946563720703,,,2
exp_hrl_v1,176,5,US_6,HOLD_VP,ADVANCE,,0.16209504008293152,60.81946563720703,,,4
exp_hrl_v1,176,5,US_7,HOLD_VP,ADVANCE,,0.16209504008293152,60.81946563720703,,,2
exp_hrl_v1,176,6,US_1,HOLD_VP,ADVANCE,,0.16209504008293152,60.81946563720703,,,4
exp_hrl_v1,176,6,US_2,HOLD_VP,ADVANCE,,0.16209504008293152,60.81946563720703,,,4
exp_hrl_v1,176,6,US_3,HOLD_VP,ATTACK,DIRECT,0.17509636282920837,63.5474853515625,,,4
exp_hrl_v1,176,6,US_4,HOLD_VP,ATTACK,DIRECT,0.17509636282920837,63.5474853515625,,,4
exp_hrl_v1,176,6,US_5,HOLD_VP,ATTACK,DIRECT,0.17509636282920837,63.5474853515625,,,2
exp_hrl_v1,176,6,US_6,HOLD_VP,ATTACK,DIRECT,0.17509636282920837,63.5474853515625,,,4
exp_hrl_v1,176,6,US_7,HOLD_VP,ATTACK,DIRECT,0.17509636282920837,63.5474853515625,,,2
exp_hrl_v1,176,7,US_1,HOLD_VP,ATTACK,DIRECT,0.17509636282920837,63.5474853515625,,,4
exp_hrl_v1,176,7,US_2,HOLD_VP,ATTACK,DIRECT,0.17509636282920837,63.5474853515625,,,4
exp_hrl_v1,176,7,US_3,HOLD_VP,ATTACK,DIRECT,0.17509636282920837,63.5474853515625,,,4
exp_hrl_v1,177,1,US_1,ATTACK,ADVANCE,,0.2209296077489853,31.995033264160156,,,4
exp_hrl_v1,177,1,US_2,ATTACK,ADVANCE,,0.2209296077489853,31.995033264160156,,,4
exp_hrl_v1,177,1,US_3,ATTACK,ADVANCE,,0.2209296077489853,31.995033264160156,,,4
exp_hrl_v1,177,1,US_4,ATTACK,ADVANCE,,0.2209296077489853,31.995033264160156,,,4
exp_hrl_v1,177,1,US_5,ATTACK,ADVANCE,,0.2209296077489853,31.995033264160156,,,2
exp_hrl_v1,177,1,US_6,ATTACK,ADVANCE,,0.2209296077489853,31.995033264160156,,,4
exp_hrl_v1,177,1,US_7,ATTACK,ADVANCE,,0.19832457602024078,38.966827392578125,,,2
exp_hrl_v1,177,2,US_1,ATTACK,ADVANCE,,0.19832457602024078,38.966827392578125,,,4
exp_hrl_v1,177,2,US_2,ATTACK,ADVANCE,,0.19832457602024078,38.966827392578125,,,4
exp_hrl_v1,177,2,US_3,ATTACK,ADVANCE,,0.19832457602024078,38.966827392578125,,,4
exp_hrl_v1,177,2,US_4,ATTACK,ADVANCE,,0.19832457602024078,38.966827392578125,,,4
exp_hrl_v1,177,2,US_5,ATTACK,ADVANCE,,0.19832457602024078,38.966827392578125,,,2
exp_hrl_v1,177,2,US_6,ATTACK,ATTACK,DIRECT,0.1971135288476944,43.13095474243164,,,4
exp_hrl_v1,177,2,US_7,ATTACK,ATTACK,DIRECT,0.1971135288476944,43.13095474243164,,,2
exp_hrl_v1,177,3,US_1,ATTACK,ATTACK,DIRECT,0.1971135288476944,43.13095474243164,,,4
exp_hrl_v1,177,3,US_2,ATTACK,ATTACK,DIRECT,0.1971135288476944,43.13095474243164,,,4
exp_hrl_v1,177,3,US_3,ATTACK,ATTACK,DIRECT,0.1971135288476944,43.13095474243164,,,4
exp_hrl_v1,177,3,US_4,ATTACK,ATTACK,DIRECT,0.1971135288476944,43.13095474243164,,,4
exp_hrl_v1,177,3,US_5,ATTACK,ATTACK,DIRECT,0.1971135288476944,43.13095474243164,,,2
exp_hrl_v1,177,3,US_6,ATTACK,ATTACK,DIRECT,0.1971135288476944,43.13095474243164,,,4
exp_hrl_v1,177,3,US_7,ATTACK,ATTACK,DIRECT,0.1971135288476944,43.13095474243164,,,2
exp_hrl_v1,177,4,US_1,ATTACK,ATTACK,DIRECT,0.1971135288476944,43.13095474243164,,,4
exp_hrl_v1,178,1,US_1,PUSH_VP,ADVANCE,,0.2209296077489853,31.995033264160156,,,4
exp_hrl_v1,178,1,US_2,PUSH_VP,ADVANCE,,0.2209296077489853,31.995033264160156,,,4
exp_hrl_v1,178,1,US_3,PUSH_VP,ADVANCE,,0.2209296077489853,31.995033264160156,,,4
exp_hrl_v1,178,1,US_4,PUSH_VP,ADVANCE,,0.2209296077489853,31.995033264160156,,,4
exp_hrl_v1,178,1,US_5,PUSH_VP,ADVANCE,,0.2209296077489853,31.995033264160156,,,2
exp_hrl_v1,178,1,US_6,PUSH_VP,ADVANCE,,0.2209296077489853,31.995033264160156,,,4
exp_hrl_v1,178,1,US_7,PUSH_VP,ADVANCE,,0.19609956443309784,38.966827392578125,,,2
exp_hrl_v1,178,2,US_1,PUSH_VP,ADVANCE,,0.19609956443309784,38.966827392578125,,,4
exp_hrl_v1,178,2,US_2,PUSH_VP,ADVANCE,,0.19609956443309784,38.966827392578125,,,4
exp_hrl_v1,178,2,US_3,PUSH_VP,ADVANCE,,0.19609956443309784,38.966827392578125,,,4
exp_hrl_v1,178,2,US_4,PUSH_VP,ADVANCE,,0.19609956443309784,38.966827392578125,,,4
exp_hrl_v1,178,2,US_5,PUSH_VP,ADVANCE,,0.19609956443309784,38.966827392578125,,,2
exp_hrl_v1,178,2,US_6,PUSH_VP,ADVANCE,,0.1971135288476944,43.13095474243164,,,4
exp_hrl_v1,178,2,US_7,PUSH_VP,ADVANCE,,0.1971135288476944,43.13095474243164,,,2
exp_hrl_v1,178,3,US_1,PUSH_VP,ADVANCE,,0.1971135288476944,43.13095474243164,,,4
exp_hrl_v1,178,3,US_2,PUSH_VP,ADVANCE,,0.1971135288476944,43.13095474243164,,,4
exp_hrl_v1,178,3,US_3,PUSH_VP,ADVANCE,,0.1971135288476944,43.13095474243164,,,4
exp_hrl_v1,178,3,US_4,PUSH_VP,ADVANCE,,0.1971135288476944,43.13095474243164,,,4
exp_hrl_v1,178,3,US_5,PUSH_VP,ADVANCE,,0.17752157151699066,51.56973648071289,,,2
exp_hrl_v1,178,3,US_6,PUSH_VP,ADVANCE,,0.17752157151699066,51.56973648071289,,,4
exp_hrl_v1,178,3,US_7,PUSH_VP,ADVANCE,,0.17752157151699066,51.56973648071289,,,2
exp_hrl_v1,178,4,US_1,PUSH_VP,ADVANCE,,0.17752157151699066,51.56973648071289,,,4
exp_hrl_v1,178,4,US_2,PUSH_VP,ADVANCE,,0.17752157151699066,51.56973648071289,,,4
exp_hrl_v1,178,4,US_3,PUSH_VP,ADVANCE,,0.17752157151699066,51.56973648071289,,,4
exp_hrl_v1,178,4,US_4,PUSH_VP,ADVANCE,,0.27733948826789856,56.64994812011719,,,4
exp_hrl_v1,178,4,US_5,PUSH_VP,ADVANCE,,0.27733948826789856,56.64994812011719,,,2
exp_hrl_v1,178,4,US_6,PUSH_VP,ADVANCE,,0.27733948826789856,56.64994812011719,,,4
exp_hrl_v1,178,4,US_7,PUSH_VP,ADVANCE,,0.27733948826789856,56.64994812011719,,,2
exp_hrl_v1,178,5,US_1,PUSH_VP,ADVANCE,,0.27733948826789856,56.64994812011719,,,4
exp_hrl_v1,178,5,US_2,PUSH_VP,ADVANCE,,0.27733948826789856,56.64994812011719,,,4
exp_hrl_v1,178,5,US_3,PUSH_VP,ADVANCE,,0.18875157833099365,59.8690185546875,,,4
exp_hrl_v1,178,5,US_4,PUSH_VP,ADVANCE,,0.18875157833099365,59.8690185546875,,,4
exp_hrl_v1,178,5,US_5,PUSH_VP,ADVANCE,,0.18875157833099365,59.8690185546875,,,2
exp_hrl_v1,178,5,US_6,PUSH_VP,ADVANCE,,0.18875157833099365,59.8690185546875,,,4
exp_hrl_v1,178,5,US_7,PUSH_VP,ADVANCE,,0.18875157833099365,59.8690185546875,,,2
exp_hrl_v1,178,6,US_1,PUSH_VP,ADVANCE,,0.18875157833099365,59.8690185546875,,,4
exp_hrl_v1,178,6,US_2,HOLD_VP,RETREAT,,0.10448520630598068,63.512123107910156,,,4
exp_hrl_v1,178,6,US_3,HOLD_VP,RETREAT,,0.10448520630598068,63.512123107910156,,,4
exp_hrl_v1,178,6,US_4,HOLD_VP,ADVANCE,,0.15554368495941162,65.500732421875,,,4
exp_hrl_v1,178,6,US_5,HOLD_VP,ADVANCE,,0.15554368495941162,65.500732421875,,,2
exp_hrl_v1,178,6,US_6,HOLD_VP,ADVANCE,,0.15554368495941162,65.500732421875,,,4
exp_hrl_v1,178,6,US_7,HOLD_VP,ADVANCE,,0.15554368495941162,65.500732421875,,,2
exp_hrl_v1,178,7,US_1,HOLD_VP,ADVANCE,,0.15554368495941162,65.500732421875,,,4
exp_hrl_v1,178,7,US_2,HOLD_VP,ADVANCE,,0.15554368495941162,65.500732421875,,,4
exp_hrl_v1,178,7,US_3,HOLD_VP,ATTACK,DIRECT,0.36961090564727783,66.89386749267578,,,4
exp_hrl_v1,178,7,US_4,HOLD_VP,ATTACK,DIRECT,0.36961090564727783,66.89386749267578,,,4
exp_hrl_v1,178,7,US_5,HOLD_VP,ATTACK,DIRECT,0.36961090564727783,66.89386749267578,,,2
exp_hrl_v1,178,7,US_6,HOLD_VP,ATTACK,DIRECT,0.36961090564727783,66.89386749267578,,,4
exp_hrl_v1,178,7,US_7,HOLD_VP,ATTACK,DIRECT,0.36961090564727783,66.89386749267578,,,2
exp_hrl_v1,178,8,US_1,HOLD_VP,ATTACK,DIRECT,0.36961090564727783,66.89386749267578,,,4
exp_hrl_v1,178,8,US_2,HOLD_VP,ATTACK,DIRECT,0.36961090564727783,66.89386749267578,,,4
exp_hrl_v1,178,8,US_3,HOLD_VP,ATTACK,DIRECT,0.36961090564727783,66.89386749267578,,,4
exp_hrl_v1,178,8,US_4,HOLD_VP,ATTACK,DIRECT,0.36961090564727783,66.89386749267578,,,4
exp_hrl_v1,179,1,US_1,ATTACK,ATTACK,INDIRECT,0.2209296077489853,31.995033264160156,,,4
exp_hrl_v1,179,1,US_2,ATTACK,ATTACK,INDIRECT,0.2209296077489853,31.995033264160156,,,4
exp_hrl_v1,179,1,US_3,ATTACK,ATTACK,INDIRECT,0.2209296077489853,31.995033264160156,,,4
exp_hrl_v1,179,1,US_4,ATTACK,ATTACK,INDIRECT,0.2209296077489853,31.995033264160156,,,4
exp_hrl_v1,179,1,US_5,ATTACK,ATTACK,INDIRECT,0.2209296077489853,31.995033264160156,,,2
exp_hrl_v1,179,1,US_6,ATTACK,ATTACK,INDIRECT,0.2209296077489853,31.995033264160156,,,4
exp_hrl_v1,179,1,US_7,ATTACK,ATTACK,INDIRECT,0.2209296077489853,31.995033264160156,,,2
exp_hrl_v1,179,2,US_1,ATTACK,ATTACK,INDIRECT,0.2209296077489853,31.995033264160156,,,4
exp_hrl_v1,179,2,US_2,ATTACK,ATTACK,INDIRECT,0.2209296077489853,31.995033264160156,,,4
exp_hrl_v1,179,2,US_3,ATTACK,ATTACK,INDIRECT,0.2209296077489853,31.995033264160156,,,4
exp_hrl_v1,179,2,US_4,ATTACK,ADVANCE,,0.16682356595993042,53.48384094238281,,,4
exp_hrl_v1,179,2,US_5,ATTACK,ADVANCE,,0.16682356595993042,53.48384094238281,,,2
exp_hrl_v1,179,2,US_6,ATTACK,ADVANCE,,0.16682356595993042,53.48384094238281,,,4
exp_hrl_v1,179,2,US_7,ATTACK,ADVANCE,,0.16682356595993042,53.48384094238281,,,2
exp_hrl_v1,179,3,US_1,ATTACK,ADVANCE,,0.16682356595993042,53.48384094238281,,,4
exp_hrl_v1,179,3,US_2,ATTACK,ADVANCE,,0.16682356595993042,53.48384094238281,,,4
exp_hrl_v1,179,3,US_3,ATTACK,ATTACK,DIRECT,0.40442830324172974,57.23743438720703,,,4
exp_hrl_v1,179,3,US_4,ATTACK,ATTACK,DIRECT,0.40442830324172974,57.23743438720703,,,4
exp_hrl_v1,179,3,US_5,ATTACK,ATTACK,DIRECT,0.40442830324172974,57.23743438720703,,,2
exp_hrl_v1,179,3,US_6,ATTACK,ATTACK,DIRECT,0.40442830324172974,57.23743438720703,,,4
exp_hrl_v1,179,3,US_7,ATTACK,ATTACK,DIRECT,0.40442830324172974,57.23743438720703,,,2
exp_hrl_v1,179,4,US_1,ATTACK,ATTACK,DIRECT,0.40442830324172974,57.23743438720703,,,4
exp_hrl_v1,180,1,US_1,PUSH_VP,ADVANCE,,0.2209296077489853,31.995033264160156,,,4
exp_hrl_v1,180,1,US_2,PUSH_VP,ADVANCE,,0.2209296077489853,31.995033264160156,,,4
exp_hrl_v1,180,1,US_3,PUSH_VP,ADVANCE,,0.2209296077489853,31.995033264160156,,,4
exp_hrl_v1,180,1,US_4,PUSH_VP,ADVANCE,,0.2209296077489853,31.995033264160156,,,4
exp_hrl_v1,180,1,US_5,PUSH_VP,ADVANCE,,0.2209296077489853,31.995033264160156,,,2
exp_hrl_v1,180,1,US_6,PUSH_VP,ADVANCE,,0.2209296077489853,31.995033264160156,,,4
exp_hrl_v1,180,1,US_7,PUSH_VP,ADVANCE,,0.19140321016311646,38.966827392578125,,,2
exp_hrl_v1,180,2,US_1,PUSH_VP,ADVANCE,,0.19140321016311646,38.966827392578125,,,4
exp_hrl_v1,180,2,US_2,PUSH_VP,ADVANCE,,0.19140321016311646,38.966827392578125,,,4
exp_hrl_v1,180,2,US_3,PUSH_VP,ADVANCE,,0.19140321016311646,38.966827392578125,,,4
exp_hrl_v1,180,2,US_4,PUSH_VP,ADVANCE,,0.19140321016311646,38.966827392578125,,,4
exp_hrl_v1,180,2,US_5,PUSH_VP,ADVANCE,,0.19140321016311646,38.966827392578125,,,2
exp_hrl_v1,180,2,US_6,PUSH_VP,FLANK,,0.19315460324287415,43.13095474243164,,,4
exp_hrl_v1,180,2,US_7,PUSH_VP,FLANK,,0.19315460324287415,43.13095474243164,,,2
exp_hrl_v1,180,3,US_1,PUSH_VP,FLANK,,0.19315460324287415,43.13095474243164,,,4
exp_hrl_v1,180,3,US_2,PUSH_VP,FLANK,,0.19315460324287415,43.13095474243164,,,4
exp_hrl_v1,180,3,US_3,PUSH_VP,FLANK,,0.19315460324287415,43.13095474243164,,,4
exp_hrl_v1,180,3,US_4,PUSH_VP,ADVANCE,,0.17888130247592926,50.39462661743164,,,4
exp_hrl_v1,180,3,US_5,PUSH_VP,ADVANCE,,0.17888130247592926,50.39462661743164,,,2
exp_hrl_v1,180,3,US_6,PUSH_VP,ADVANCE,,0.17888130247592926,50.39462661743164,,,4
exp_hrl_v1,180,3,US_7,PUSH_VP,ADVANCE,,0.17888130247592926,50.39462661743164,,,2
exp_hrl_v1,180,4,US_1,PUSH_VP,ADVANCE,,0.17888130247592926,50.39462661743164,,,4
exp_hrl_v1,180,4,US_2,PUSH_VP,ADVANCE,,0.17888130247592926,50.39462661743164,,,4
exp_hrl_v1,180,4,US_3,PUSH_VP,ADVANCE,,0.17530390620231628,55.45258712768555,,,4
exp_hrl_v1,180,4,US_4,PUSH_VP,ADVANCE,,0.17530390620231628,55.45258712768555,,,4
exp_hrl_v1,180,4,US_5,PUSH_VP,ADVANCE,,0.17530390620231628,55.45258712768555,,,2
exp_hrl_v1,180,4,US_6,PUSH_VP,ADVANCE,,0.17530390620231628,55.45258712768555,,,4
exp_hrl_v1,180,4,US_7,PUSH_VP,ADVANCE,,0.17530390620231628,55.45258712768555,,,2
exp_hrl_v1,180,5,US_1,PUSH_VP,ADVANCE,,0.17530390620231628,55.45258712768555,,,4
exp_hrl_v1,180,5,US_2,PUSH_VP,ADVANCE,,0.3427402675151825,59.27045822143555,,,4
exp_hrl_v1,180,5,US_3,PUSH_VP,ADVANCE,,0.3427402675151825,59.27045822143555,,,4
exp_hrl_v1,180,5,US_4,PUSH_VP,ADVANCE,,0.3427402675151825,59.27045822143555,,,4
exp_hrl_v1,180,5,US_5,PUSH_VP,ADVANCE,,0.3427402675151825,59.27045822143555,,,2
exp_hrl_v1,180,5,US_6,PUSH_VP,ADVANCE,,0.3427402675151825,59.27045822143555,,,4
exp_hrl_v1,180,5,US_7,PUSH_VP,ADVANCE,,0.3427402675151825,59.27045822143555,,,2
exp_hrl_v1,180,6,US_1,HOLD_VP,FLANK,,0.15072278678417206,62.53553009033203,,,4
exp_hrl_v1,180,6,US_2,HOLD_VP,FLANK,,0.15072278678417206,62.53553009033203,,,4
exp_hrl_v1,180,6,US_3,HOLD_VP,FLANK,,0.15072278678417206,62.53553009033203,,,4
exp_hrl_v1,180,6,US_4,HOLD_VP,FLANK,,0.15072278678417206,62.53553009033203,,,4
exp_hrl_v1,180,6,US_5,HOLD_VP,FLANK,,0.15072278678417206,62.53553009033203,,,2
exp_hrl_v1,180,6,US_6,HOLD_VP,ADVANCE,,0.148039773106575,64.09315490722656,,,4
exp_hrl_v1,180,6,US_7,HOLD_VP,ADVANCE,,0.148039773106575,64.09315490722656,,,2
exp_hrl_v1,180,7,US_1,HOLD_VP,ADVANCE,,0.148039773106575,64.09315490722656,,,4
exp_hrl_v1,180,7,US_2,HOLD_VP,ADVANCE,,0.148039773106575,64.09315490722656,,,4
exp_hrl_v1,180,7,US_3,HOLD_VP,ADVANCE,,0.148039773106575,64.09315490722656,,,4
exp_hrl_v1,180,7,US_4,HOLD_VP,ADVANCE,,0.148039773106575,64.09315490722656,,,4
exp_hrl_v1,180,7,US_5,HOLD_VP,ADVANCE,,0.1907414197921753,65.68749237060547,,,2
exp_hrl_v1,180,7,US_6,HOLD_VP,ADVANCE,,0.1907414197921753,65.68749237060547,,,4
exp_hrl_v1,180,7,US_7,HOLD_VP,ADVANCE,,0.1907414197921753,65.68749237060547,,,2
exp_hrl_v1,180,8,US_1,HOLD_VP,ADVANCE,,0.1907414197921753,65.68749237060547,,,4
exp_hrl_v1,180,8,US_2,HOLD_VP,ADVANCE,,0.1907414197921753,65.68749237060547,,,4
exp_hrl_v1,180,8,US_3,HOLD_VP,ADVANCE,,0.1907414197921753,65.68749237060547,,,4
exp_hrl_v1,180,8,US_4,HOLD_VP,RETREAT,,0.1524869203567505,66.06536865234375,,,4
exp_hrl_v1,180,8,US_5,HOLD_VP,RETREAT,,0.1524869203567505,66.06536865234375,,,2
exp_hrl_v1,180,8,US_6,HOLD_VP,ATTACK,DIRECT,0.2888893485069275,66.33172607421875,,,4
exp_hrl_v1,180,8,US_7,HOLD_VP,ATTACK,DIRECT,0.2888893485069275,66.33172607421875,,,2
exp_hrl_v1,180,9,US_1,HOLD_VP,ATTACK,DIRECT,0.2888893485069275,66.33172607421875,,,4
exp_hrl_v1,180,9,US_2,HOLD_VP,ATTACK,DIRECT,0.2888893485069275,66.33172607421875,,,4
exp_hrl_v1,180,9,US_3,HOLD_VP,ATTACK,DIRECT,0.2888893485069275,66.33172607421875,,,4
exp_hrl_v1,180,9,US_4,HOLD_VP,ATTACK,DIRECT,0.2888893485069275,66.33172607421875,,,4
exp_hrl_v1,180,9,US_5,HOLD_VP,ATTACK,DIRECT,0.2888893485069275,66.33172607421875,,,2
exp_hrl_v1,180,9,US_6,HOLD_VP,ATTACK,DIRECT,0.2888893485069275,66.33172607421875,,,4
exp_hrl_v1,180,9,US_7,HOLD_VP,ATTACK,DIRECT,0.2888893485069275,66.33172607421875,,,2
exp_hrl_v1,181,1,US_1,ATTACK,ADVANCE,,0.2209296077489853,31.995033264160156,,,4
exp_hrl_v1,181,1,US_2,ATTACK,ADVANCE,,0.2209296077489853,31.995033264160156,,,4
exp_hrl_v1,181,1,US_3,ATTACK,ADVANCE,,0.2209296077489853,31.995033264160156,,,4
exp_hrl_v1,181,1,US_4,ATTACK,ADVANCE,,0.2209296077489853,31.995033264160156,,,4
exp_hrl_v1,181,1,US_5,ATTACK,ADVANCE,,0.2209296077489853,31.995033264160156,,,2
exp_hrl_v1,181,1,US_6,ATTACK,ADVANCE,,0.2209296077489853,31.995033264160156,,,4
exp_hrl_v1,181,1,US_7,ATTACK,ATTACK,DIRECT,0.21747517585754395,38.966827392578125,,,2
exp_hrl_v1,181,2,US_1,ATTACK,ATTACK,DIRECT,0.21747517585754395,38.966827392578125,,,4
exp_hrl_v1,181,2,US_2,ATTACK,ATTACK,DIRECT,0.21747517585754395,38.966827392578125,,,4
exp_hrl_v1,181,2,US_3,ATTACK,ATTACK,DIRECT,0.21747517585754395,38.966827392578125,,,4
exp_hrl_v1,181,2,US_4,ATTACK,ATTACK,DIRECT,0.21747517585754395,38.966827392578125,,,4
exp_hrl_v1,181,2,US_5,ATTACK,ATTACK,DIRECT,0.21747517585754395,38.966827392578125,,,2
exp_hrl_v1,181,2,US_6,ATTACK,ATTACK,DIRECT,0.21747517585754395,38.966827392578125,,,4
exp_hrl_v1,181,2,US_7,ATTACK,ATTACK,DIRECT,0.21747517585754395,38.966827392578125,,,2
exp_hrl_v1,181,3,US_1,ATTACK,ATTACK,DIRECT,0.21747517585754395,38.966827392578125,,,4
exp_hrl_v1,181,3,US_2,ATTACK,ATTACK,DIRECT,0.21747517585754395,38.966827392578125,,,4
exp_hrl_v1,181,3,US_3,ATTACK,ADVANCE,,0.34579575061798096,53.49028778076172,,,4
exp_hrl_v1,181,3,US_4,ATTACK,ADVANCE,,0.34579575061798096,53.49028778076172,,,4
exp_hrl_v1,181,3,US_5,ATTACK,ADVANCE,,0.34579575061798096,53.49028778076172,,,2
exp_hrl_v1,181,3,US_6,ATTACK,ADVANCE,,0.34579575061798096,53.49028778076172,,,4
exp_hrl_v1,181,3,US_7,ATTACK,ADVANCE,,0.34579575061798096,53.49028778076172,,,2
exp_hrl_v1,181,4,US_1,ATTACK,ADVANCE,,0.34579575061798096,53.49028778076172,,,4
exp_hrl_v1,181,4,US_2,ATTACK,ADVANCE,,0.1639700084924698,56.07468795776367,,,4
exp_hrl_v1,181,4,US_3,ATTACK,ADVANCE,,0.1639700084924698,56.07468795776367,,,4
exp_hrl_v1,181,4,US_4,ATTACK,ADVANCE,,0.1639700084924698,56.07468795776367,,,4
exp_hrl_v1,181,4,US_5,ATTACK,ADVANCE,,0.1639700084924698,56.07468795776367,,,2
exp_hrl_v1,181,4,US_6,ATTACK,ADVANCE,,0.1639700084924698,56.07468795776367,,,4
exp_hrl_v1,181,4,US_7,ATTACK,ADVANCE,,0.1639700084924698,56.07468795776367,,,2
exp_hrl_v1,181,5,US_1,ATTACK,ADVANCE,,0.17451857030391693,55.7822265625,,,4
exp_hrl_v1,181,5,US_2,ATTACK,ADVANCE,,0.17451857030391693,55.7822265625,,,4
exp_hrl_v1,181,5,US_3,ATTACK,ADVANCE,,0.17451857030391693,55.7822265625,,,4
exp_hrl_v1,181,5,US_4,ATTACK,ADVANCE,,0.17451857030391693,55.7822265625,,,4
exp_hrl_v1,181,5,US_5,ATTACK,ADVANCE,,0.17451857030391693,55.7822265625,,,2
exp_hrl_v1,181,5,US_6,ATTACK,ADVANCE,,0.17451857030391693,55.7822265625,,,4
exp_hrl_v1,181,5,US_7,ATTACK,ADVANCE,,0.3246840238571167,56.10747528076172,,,2
exp_hrl_v1,181,6,US_1,ATTACK,ADVANCE,,0.3246840238571167,56.10747528076172,,,4
exp_hrl_v1,181,6,US_2,ATTACK,ADVANCE,,0.3246840238571167,56.10747528076172,,,4
exp_hrl_v1,181,6,US_3,ATTACK,ADVANCE,,0.3246840238571167,56.10747528076172,,,4
exp_hrl_v1,181,6,US_4,ATTACK,ADVANCE,,0.3246840238571167,56.10747528076172,,,4
exp_hrl_v1,181,6,US_5,ATTACK,ADVANCE,,0.3246840238571167,56.10747528076172,,,2
exp_hrl_v1,181,6,US_6,HOLD_VP,ATTACK,INDIRECT,0.2647797763347626,54.12187957763672,,,4
exp_hrl_v1,181,6,US_7,HOLD_VP,ATTACK,INDIRECT,0.2647797763347626,54.12187957763672,,,2
exp_hrl_v1,181,7,US_1,HOLD_VP,ATTACK,INDIRECT,0.2647797763347626,54.12187957763672,,,4
exp_hrl_v1,181,7,US_2,HOLD_VP,ATTACK,INDIRECT,0.2647797763347626,54.12187957763672,,,4
exp_hrl_v1,182,1,US_1,PUSH_VP,ADVANCE,,0.19773367047309875,31.995033264160156,,,4
exp_hrl_v1,182,1,US_2,PUSH_VP,ADVANCE,,0.19773367047309875,31.995033264160156,,,4
exp_hrl_v1,182,1,US_3,PUSH_VP,ADVANCE,,0.19773367047309875,31.995033264160156,,,4
exp_hrl_v1,182,1,US_4,PUSH_VP,ADVANCE,,0.19773367047309875,31.995033264160156,,,4
exp_hrl_v1,182,1,US_5,PUSH_VP,ADVANCE,,0.19773367047309875,31.995033264160156,,,2
exp_hrl_v1,182,1,US_6,PUSH_VP,ADVANCE,,0.19773367047309875,31.995033264160156,,,4
exp_hrl_v1,182,1,US_7,PUSH_VP,ADVANCE,,0.19609956443309784,38.966827392578125,,,2
exp_hrl_v1,182,2,US_1,PUSH_VP,ADVANCE,,0.19609956443309784,38.966827392578125,,,4
exp_hrl_v1,182,2,US_2,PUSH_VP,ADVANCE,,0.19609956443309784,38.966827392578125,,,4
exp_hrl_v1,182,2,US_3,PUSH_VP,ADVANCE,,0.19609956443309784,38.966827392578125,,,4
exp_hrl_v1,182,2,US_4,PUSH_VP,ADVANCE,,0.19609956443309784,38.966827392578125,,,4
exp_hrl_v1,182,2,US_5,PUSH_VP,ADVANCE,,0.19609956443309784,38.966827392578125,,,2
exp_hrl_v1,182,2,US_6,PUSH_VP,ADVANCE,,0.21960562467575073,43.13095474243164,,,4
exp_hrl_v1,182,2,US_7,PUSH_VP,ADVANCE,,0.21960562467575073,43.13095474243164,,,2
exp_hrl_v1,182,3,US_1,PUSH_VP,ADVANCE,,0.21960562467575073,43.13095474243164,,,4
exp_hrl_v1,182,3,US_2,PUSH_VP,ADVANCE,,0.21960562467575073,43.13095474243164,,,4
exp_hrl_v1,182,3,US_3,PUSH_VP,ADVANCE,,0.21960562467575073,43.13095474243164,,,4
exp_hrl_v1,182,3,US_4,PUSH_VP,ADVANCE,,0.21960562467575073,43.13095474243164,,,4
exp_hrl_v1,182,3,US_5,PUSH_VP,FLANK,,0.18429358303546906,51.56973648071289,,,2
exp_hrl_v1,182,3,US_6,PUSH_VP,FLANK,,0.18429358303546906,51.56973648071289,,,4
exp_hrl_v1,182,3,US_7,PUSH_VP,FLANK,,0.18429358303546906,51.56973648071289,,,2
exp_hrl_v1,182,4,US_1,PUSH_VP,FLANK,,0.18429358303546906,51.56973648071289,,,4
exp_hrl_v1,182,4,US_2,PUSH_VP,FLANK,,0.18429358303546906,51.56973648071289,,,4
exp_hrl_v1,182,4,US_3,PUSH_VP,FLANK,,0.18515048921108246,55.64869689941406,,,4
exp_hrl_v1,182,4,US_4,PUSH_VP,FLANK,,0.18515048921108246,55.64869689941406,,,4
exp_hrl_v1,182,4,US_5,PUSH_VP,FLANK,,0.18515048921108246,55.64869689941406,,,2
exp_hrl_v1,182,4,US_6,PUSH_VP,FLANK,,0.18515048921108246,55.64869689941406,,,4
exp_hrl_v1,182,4,US_7,PUSH_VP,FLANK,,0.18515048921108246,55.64869689941406,,,2
exp_hrl_v1,182,5,US_1,PUSH_VP,ADVANCE,,0.13074275851249695,59.29676818847656,,,4
exp_hrl_v1,182,5,US_2,PUSH_VP,ADVANCE,,0.13074275851249695,59.29676818847656,,,4
exp_hrl_v1,182,5,US_3,PUSH_VP,ADVANCE,,0.13074275851249695,59.29676818847656,,,4
exp_hrl_v1,182,5,US_4,PUSH_VP,ADVANCE,,0.13074275851249695,59.29676818847656,,,4
exp_hrl_v1,182,5,US_5,PUSH_VP,ADVANCE,,0.13074275851249695,59.29676818847656,,,2
exp_hrl_v1,182,5,US_6,PUSH_VP,ADVANCE,,0.13074275851249695,59.29676818847656,,,4
exp_hrl_v1,182,5,US_7,HOLD_VP,ADVANCE,,0.17726856470108032,62.07042694091797,,,2
exp_hrl_v1,182,6,US_1,HOLD_VP,ADVANCE,,0.17726856470108032,62.07042694091797,,,4
exp_hrl_v1,182,6,US_2,HOLD_VP,ADVANCE,,0.17726856470108032,62.07042694091797,,,4
exp_hrl_v1,182,6,US_3,HOLD_VP,ADVANCE,,0.17726856470108032,62.07042694091797,,,4
exp_hrl_v1,182,6,US_4,HOLD_VP,ADVANCE,,0.17726856470108032,62.07042694091797,,,4
exp_hrl_v1,182,6,US_5,HOLD_VP,ADVANCE,,0.17726856470108032,62.07042694091797,,,2
exp_hrl_v1,182,6,US_6,HOLD_VP,ADVANCE,,0.14753998816013336,63.004241943359375,,,4
exp_hrl_v1,182,6,US_7,HOLD_VP,ADVANCE,,0.14753998816013336,63.004241943359375,,,2
exp_hrl_v1,182,7,US_1,HOLD_VP,ADVANCE,,0.14753998816013336,63.004241943359375,,,4
exp_hrl_v1,182,7,US_2,HOLD_VP,ADVANCE,,0.14753998816013336,63.004241943359375,,,4
exp_hrl_v1,182,7,US_3,HOLD_VP,ADVANCE,,0.14753998816013336,63.004241943359375,,,4
exp_hrl_v1,182,7,US_4,HOLD_VP,ADVANCE,,0.14753998816013336,63.004241943359375,,,4
exp_hrl_v1,182,7,US_5,HOLD_VP,ATTACK,INDIRECT,0.4167705178260803,63.874839782714844,,,2
exp_hrl_v1,182,7,US_6,HOLD_VP,ATTACK,INDIRECT,0.4167705178260803,63.874839782714844,,,4
exp_hrl_v1,182,7,US_7,HOLD_VP,ATTACK,INDIRECT,0.4167705178260803,63.874839782714844,,,2
exp_hrl_v1,182,8,US_1,HOLD_VP,ATTACK,INDIRECT,0.4167705178260803,63.874839782714844,,,4
exp_hrl_v1,182,8,US_2,HOLD_VP,ATTACK,INDIRECT,0.4167705178260803,63.874839782714844,,,4
exp_hrl_v1,182,8,US_3,HOLD_VP,ATTACK,INDIRECT,0.4167705178260803,63.874839782714844,,,4
exp_hrl_v1,182,8,US_4,HOLD_VP,ATTACK,INDIRECT,0.4167705178260803,63.874839782714844,,,4
exp_hrl_v1,182,8,US_5,HOLD_VP,ATTACK,INDIRECT,0.4167705178260803,63.874839782714844,,,2
exp_hrl_v1,182,8,US_6,HOLD_VP,ATTACK,INDIRECT,0.4167705178260803,63.874839782714844,,,4
exp_hrl_v1,182,8,US_7,HOLD_VP,ATTACK,INDIRECT,0.4167705178260803,63.874839782714844,,,2
exp_hrl_v1,182,9,US_1,HOLD_VP,ATTACK,DIRECT,0.21253426373004913,49.33818054199219,,,4
exp_hrl_v1,183,1,US_1,PUSH_VP,ADVANCE,,0.19773367047309875,31.995033264160156,,,4
exp_hrl_v1,183,1,US_2,PUSH_VP,ADVANCE,,0.19773367047309875,31.995033264160156,,,4
exp_hrl_v1,183,1,US_3,PUSH_VP,ADVANCE,,0.19773367047309875,31.995033264160156,,,4
exp_hrl_v1,183,1,US_4,PUSH_VP,ADVANCE,,0.19773367047309875,31.995033264160156,,,4
exp_hrl_v1,183,1,US_5,PUSH_VP,ADVANCE,,0.19773367047309875,31.995033264160156,,,2
exp_hrl_v1,183,1,US_6,PUSH_VP,ADVANCE,,0.19773367047309875,31.995033264160156,,,4
exp_hrl_v1,183,1,US_7,PUSH_VP,ATTACK,DIRECT,0.21747517585754395,38.966827392578125,,,2
exp_hrl_v1,183,2,US_1,PUSH_VP,ATTACK,DIRECT,0.21747517585754395,38.966827392578125,,,4
exp_hrl_v1,183,2,US_2,PUSH_VP,ATTACK,DIRECT,0.21747517585754395,38.966827392578125,,,4
exp_hrl_v1,183,2,US_3,PUSH_VP,ATTACK,DIRECT,0.21747517585754395,38.966827392578125,,,4
exp_hrl_v1,183,2,US_4,PUSH_VP,ATTACK,DIRECT,0.21747517585754395,38.966827392578125,,,4
exp_hrl_v1,183,2,US_5,PUSH_VP,ATTACK,DIRECT,0.21747517585754395,38.966827392578125,,,2
exp_hrl_v1,183,2,US_6,PUSH_VP,ATTACK,DIRECT,0.21747517585754395,38.966827392578125,,,4
exp_hrl_v1,183,2,US_7,PUSH_VP,ATTACK,DIRECT,0.21747517585754395,38.966827392578125,,,2
exp_hrl_v1,183,3,US_1,PUSH_VP,ATTACK,DIRECT,0.21747517585754395,38.966827392578125,,,4
exp_hrl_v1,183,3,US_2,PUSH_VP,ATTACK,DIRECT,0.21747517585754395,38.966827392578125,,,4
exp_hrl_v1,183,3,US_3,PUSH_VP,HOLD,,0.15092048048973083,53.49028778076172,,,4
exp_hrl_v1,183,3,US_4,PUSH_VP,ADVANCE,,0.16305585205554962,58.618804931640625,,,4
exp_hrl_v1,183,3,US_5,PUSH_VP,ADVANCE,,0.16305585205554962,58.618804931640625,,,2
exp_hrl_v1,183,3,US_6,PUSH_VP,ADVANCE,,0.16305585205554962,58.618804931640625,,,4
exp_hrl_v1,183,3,US_7,PUSH_VP,ADVANCE,,0.16305585205554962,58.618804931640625,,,2
exp_hrl_v1,183,4,US_1,PUSH_VP,ADVANCE,,0.16305585205554962,58.618804931640625,,,4
exp_hrl_v1,183,4,US_2,PUSH_VP,ADVANCE,,0.16305585205554962,58.618804931640625,,,4
exp_hrl_v1,183,4,US_3,PUSH_VP,ADVANCE,,0.37469983100891113,57.861358642578125,,,4
exp_hrl_v1,183,4,US_4,PUSH_VP,ADVANCE,,0.37469983100891113,57.861358642578125,,,4
exp_hrl_v1,183,4,US_5,PUSH_VP,ADVANCE,,0.37469983100891113,57.861358642578125,,,2
exp_hrl_v1,183,4,US_6,PUSH_VP,ADVANCE,,0.37469983100891113,57.861358642578125,,,4
exp_hrl_v1,183,4,US_7,PUSH_VP,ADVANCE,,0.37469983100891113,57.861358642578125,,,2
exp_hrl_v1,183,5,US_1,PUSH_VP,ADVANCE,,0.37469983100891113,57.861358642578125,,,4
exp_hrl_v1,183,5,US_2,PUSH_VP,ADVANCE,,0.1698935627937317,56.96232604980469,,,4
exp_hrl_v1,183,5,US_3,PUSH_VP,ADVANCE,,0.1698935627937317,56.96232604980469,,,4
exp_hrl_v1,183,5,US_4,PUSH_VP,ADVANCE,,0.1698935627937317,56.96232604980469,,,4
exp_hrl_v1,183,5,US_5,PUSH_VP,ADVANCE,,0.1698935627937317,56.96232604980469,,,2
exp_hrl_v1,183,5,US_6,PUSH_VP,ADVANCE,,0.1698935627937317,56.96232604980469,,,4
exp_hrl_v1,183,5,US_7,PUSH_VP,ADVANCE,,0.1698935627937317,56.96232604980469,,,2
exp_hrl_v1,183,6,US_1,HOLD_VP,ATTACK,DIRECT,0.17441849410533905,54.72844314575195,,,4
exp_hrl_v1,183,6,US_2,HOLD_VP,ATTACK,DIRECT,0.17441849410533905,54.72844314575195,,,4
exp_hrl_v1,183,6,US_3,HOLD_VP,ATTACK,DIRECT,0.17441849410533905,54.72844314575195,,,4
exp_hrl_v1,184,1,US_1,PUSH_VP,ADVANCE,,0.1899789720773697,31.995033264160156,,,4
exp_hrl_v1,184,1,US_2,PUSH_VP,ADVANCE,,0.1899789720773697,31.995033264160156,,,4
exp_hrl_v1,184,1,US_3,PUSH_VP,ADVANCE,,0.1899789720773697,31.995033264160156,,,4
exp_hrl_v1,184,1,US_4,PUSH_VP,ADVANCE,,0.1899789720773697,31.995033264160156,,,4
exp_hrl_v1,184,1,US_5,PUSH_VP,ADVANCE,,0.1899789720773697,31.995033264160156,,,2
exp_hrl_v1,184,1,US_6,PUSH_VP,ADVANCE,,0.1899789720773697,31.995033264160156,,,4
exp_hrl_v1,184,1,US_7,PUSH_VP,ADVANCE,,0.19832457602024078,38.966827392578125,,,2
exp_hrl_v1,184,2,US_1,PUSH_VP,ADVANCE,,0.19832457602024078,38.966827392578125,,,4
exp_hrl_v1,184,2,US_2,PUSH_VP,ADVANCE,,0.19832457602024078,38.966827392578125,,,4
exp_hrl_v1,184,2,US_3,PUSH_VP,ADVANCE,,0.19832457602024078,38.966827392578125,,,4
exp_hrl_v1,184,2,US_4,PUSH_VP,ADVANCE,,0.19832457602024078,38.966827392578125,,,4
exp_hrl_v1,184,2,US_5,PUSH_VP,ADVANCE,,0.19832457602024078,38.966827392578125,,,2
exp_hrl_v1,184,2,US_6,PUSH_VP,FLANK,,0.19315460324287415,43.13095474243164,,,4
exp_hrl_v1,184,2,US_7,PUSH_VP,FLANK,,0.19315460324287415,43.13095474243164,,,2
exp_hrl_v1,184,3,US_1,PUSH_VP,FLANK,,0.19315460324287415,43.13095474243164,,,4
exp_hrl_v1,184,3,US_2,PUSH_VP,FLANK,,0.19315460324287415,43.13095474243164,,,4
exp_hrl_v1,184,3,US_3,PUSH_VP,FLANK,,0.19315460324287415,43.13095474243164,,,4
exp_hrl_v1,184,3,US_4,PUSH_VP,ADVANCE,,0.17888130247592926,50.39462661743164,,,4
exp_hrl_v1,184,3,US_5,PUSH_VP,ADVANCE,,0.17888130247592926,50.39462661743164,,,2
exp_hrl_v1,184,3,US_6,PUSH_VP,ADVANCE,,0.17888130247592926,50.39462661743164,,,4
exp_hrl_v1,184,3,US_7,PUSH_VP,ADVANCE,,0.17888130247592926,50.39462661743164,,,2
exp_hrl_v1,184,4,US_1,PUSH_VP,ADVANCE,,0.17888130247592926,50.39462661743164,,,4
exp_hrl_v1,184,4,US_2,PUSH_VP,ADVANCE,,0.17888130247592926,50.39462661743164,,,4
exp_hrl_v1,184,4,US_3,PUSH_VP,ADVANCE,,0.1714046597480774,55.45258712768555,,,4
exp_hrl_v1,184,4,US_4,PUSH_VP,ADVANCE,,0.1714046597480774,55.45258712768555,,,4
exp_hrl_v1,184,4,US_5,PUSH_VP,ADVANCE,,0.1714046597480774,55.45258712768555,,,2
exp_hrl_v1,184,4,US_6,PUSH_VP,ADVANCE,,0.1714046597480774,55.45258712768555,,,4
exp_hrl_v1,184,4,US_7,PUSH_VP,ADVANCE,,0.1714046597480774,55.45258712768555,,,2
exp_hrl_v1,184,5,US_1,PUSH_VP,ADVANCE,,0.1714046597480774,55.45258712768555,,,4
exp_hrl_v1,184,5,US_2,PUSH_VP,ADVANCE,,0.19255563616752625,59.27045822143555,,,4
exp_hrl_v1,184,5,US_3,PUSH_VP,ADVANCE,,0.19255563616752625,59.27045822143555,,,4
exp_hrl_v1,184,5,US_4,PUSH_VP,ADVANCE,,0.19255563616752625,59.27045822143555,,,4
exp_hrl_v1,184,5,US_5,PUSH_VP,ADVANCE,,0.19255563616752625,59.27045822143555,,,2
exp_hrl_v1,184,5,US_6,PUSH_VP,ADVANCE,,0.19255563616752625,59.27045822143555,,,4
exp_hrl_v1,184,5,US_7,PUSH_VP,ADVANCE,,0.19255563616752625,59.27045822143555,,,2
exp_hrl_v1,184,6,US_1,HOLD_VP,ATTACK,DIRECT,0.15065012872219086,62.53553009033203,,,4
exp_hrl_v1,184,6,US_2,HOLD_VP,ATTACK,DIRECT,0.15065012872219086,62.53553009033203,,,4
exp_hrl_v1,184,6,US_3,HOLD_VP,ATTACK,DIRECT,0.15065012872219086,62.53553009033203,,,4
exp_hrl_v1,184,6,US_4,HOLD_VP,ATTACK,DIRECT,0.15065012872219086,62.53553009033203,,,4
exp_hrl_v1,184,6,US_5,HOLD_VP,ATTACK,DIRECT,0.15065012872219086,62.53553009033203,,,2
exp_hrl_v1,184,6,US_6,HOLD_VP,ATTACK,DIRECT,0.15065012872219086,62.53553009033203,,,4
exp_hrl_v1,184,6,US_7,HOLD_VP,ATTACK,DIRECT,0.15065012872219086,62.53553009033203,,,2
exp_hrl_v1,184,7,US_1,HOLD_VP,ATTACK,DIRECT,0.15065012872219086,62.53553009033203,,,4
exp_hrl_v1,184,7,US_2,HOLD_VP,ATTACK,DIRECT,0.15065012872219086,62.53553009033203,,,4
exp_hrl_v1,184,7,US_3,HOLD_VP,ATTACK,DIRECT,0.15065012872219086,62.53553009033203,,,4
exp_hrl_v1,185,1,US_1,PUSH_VP,ADVANCE,,0.1955854892730713,31.995033264160156,,,4
exp_hrl_v1,185,1,US_2,PUSH_VP,ADVANCE,,0.1955854892730713,31.995033264160156,,,4
exp_hrl_v1,185,1,US_3,PUSH_VP,ADVANCE,,0.1955854892730713,31.995033264160156,,,4
exp_hrl_v1,185,1,US_4,PUSH_VP,ADVANCE,,0.1955854892730713,31.995033264160156,,,4
exp_hrl_v1,185,1,US_5,PUSH_VP,ADVANCE,,0.1955854892730713,31.995033264160156,,,2
exp_hrl_v1,185,1,US_6,PUSH_VP,ADVANCE,,0.1955854892730713,31.995033264160156,,,4
exp_hrl_v1,185,1,US_7,PUSH_VP,FLANK,,0.19609956443309784,38.966827392578125,,,2
exp_hrl_v1,185,2,US_1,PUSH_VP,FLANK,,0.19609956443309784,38.966827392578125,,,4
exp_hrl_v1,185,2,US_2,PUSH_VP,FLANK,,0.19609956443309784,38.966827392578125,,,4
exp_hrl_v1,185,2,US_3,PUSH_VP,FLANK,,0.19609956443309784,38.966827392578125,,,4
exp_hrl_v1,185,2,US_4,PUSH_VP,FLANK,,0.19609956443309784,38.966827392578125,,,4
exp_hrl_v1,185,2,US_5,PUSH_VP,ADVANCE,,0.22964689135551453,45.69208526611328,,,2
exp_hrl_v1,185,2,US_6,PUSH_VP,ADVANCE,,0.22964689135551453,45.69208526611328,,,4
exp_hrl_v1,185,2,US_7,PUSH_VP,ADVANCE,,0.22964689135551453,45.69208526611328,,,2
exp_hrl_v1,185,3,US_1,PUSH_VP,ADVANCE,,0.22964689135551453,45.69208526611328,,,4
exp_hrl_v1,185,3,US_2,PUSH_VP,ADVANCE,,0.22964689135551453,45.69208526611328,,,4
exp_hrl_v1,185,3,US_3,PUSH_VP,ADVANCE,,0.22964689135551453,45.69208526611328,,,4
exp_hrl_v1,185,3,US_4,PUSH_VP,FLANK,,0.18414263427257538,50.84752655029297,,,4
exp_hrl_v1,185,3,US_5,PUSH_VP,FLANK,,0.18414263427257538,50.84752655029297,,,2
exp_hrl_v1,185,3,US_6,PUSH_VP,FLANK,,0.18414263427257538,50.84752655029297,,,4
exp_hrl_v1,185,3,US_7,PUSH_VP,FLANK,,0.18414263427257538,50.84752655029297,,,2
exp_hrl_v1,185,4,US_1,PUSH_VP,FLANK,,0.18414263427257538,50.84752655029297,,,4
exp_hrl_v1,185,4,US_2,PUSH_VP,ADVANCE,,0.162223681807518,55.138404846191406,,,4
exp_hrl_v1,185,4,US_3,PUSH_VP,ADVANCE,,0.162223681807518,55.138404846191406,,,4
exp_hrl_v1,185,4,US_4,PUSH_VP,ADVANCE,,0.162223681807518,55.138404846191406,,,4
exp_hrl_v1,185,4,US_5,PUSH_VP,ADVANCE,,0.162223681807518,55.138404846191406,,,2
exp_hrl_v1,185,4,US_6,PUSH_VP,ADVANCE,,0.162223681807518,55.138404846191406,,,4
exp_hrl_v1,185,4,US_7,PUSH_VP,ADVANCE,,0.162223681807518,55.138404846191406,,,2
exp_hrl_v1,185,5,US_1,PUSH_VP,ADVANCE,,0.3245922029018402,59.410945892333984,,,4
exp_hrl_v1,185,5,US_2,PUSH_VP,ADVANCE,,0.3245922029018402,59.410945892333984,,,4
exp_hrl_v1,185,5,US_3,PUSH_VP,ADVANCE,,0.3245922029018402,59.410945892333984,,,4
exp_hrl_v1,185,5,US_4,PUSH_VP,ADVANCE,,0.3245922029018402,59.410945892333984,,,4
exp_hrl_v1,185,5,US_5,PUSH_VP,ADVANCE,,0.3245922029018402,59.410945892333984,,,2
exp_hrl_v1,185,5,US_6,PUSH_VP,ADVANCE,,0.3245922029018402,59.410945892333984,,,4
exp_hrl_v1,185,5,US_7,HOLD_VP,RETREAT,,0.11462359130382538,61.350852966308594,,,2
exp_hrl_v1,185,6,US_1,HOLD_VP,RETREAT,,0.11462359130382538,61.350852966308594,,,4
exp_hrl_v1,185,6,US_2,HOLD_VP,ADVANCE,,0.10293949395418167,64.18347930908203,,,4
exp_hrl_v1,185,6,US_3,HOLD_VP,ADVANCE,,0.10293949395418167,64.18347930908203,,,4
exp_hrl_v1,185,6,US_4,HOLD_VP,ADVANCE,,0.10293949395418167,64.18347930908203,,,4
exp_hrl_v1,185,6,US_5,HOLD_VP,ADVANCE,,0.10293949395418167,64.18347930908203,,,2
exp_hrl_v1,185,6,US_6,HOLD_VP,ADVANCE,,0.10293949395418167,64.18347930908203,,,4
exp_hrl_v1,185,6,US_7,HOLD_VP,ADVANCE,,0.10293949395418167,64.18347930908203,,,2
exp_hrl_v1,185,7,US_1,HOLD_VP,ADVANCE,,0.15658465027809143,66.0649642944336,,,4
exp_hrl_v1,185,7,US_2,HOLD_VP,ADVANCE,,0.15658465027809143,66.0649642944336,,,4
exp_hrl_v1,185,7,US_3,HOLD_VP,ADVANCE,,0.15658465027809143,66.0649642944336,,,4
exp_hrl_v1,185,7,US_4,HOLD_VP,ADVANCE,,0.15658465027809143,66.0649642944336,,,4
exp_hrl_v1,185,7,US_5,HOLD_VP,ADVANCE,,0.15658465027809143,66.0649642944336,,,2
exp_hrl_v1,185,7,US_6,HOLD_VP,ADVANCE,,0.15658465027809143,66.0649642944336,,,4
exp_hrl_v1,185,7,US_7,HOLD_VP,ADVANCE,,0.16793657839298248,67.36742401123047,,,2
exp_hrl_v1,185,8,US_1,HOLD_VP,ADVANCE,,0.16793657839298248,67.36742401123047,,,4
exp_hrl_v1,185,8,US_2,HOLD_VP,ADVANCE,,0.16793657839298248,67.36742401123047,,,4
exp_hrl_v1,185,8,US_3,HOLD_VP,ADVANCE,,0.16793657839298248,67.36742401123047,,,4
exp_hrl_v1,185,8,US_4,HOLD_VP,ADVANCE,,0.16793657839298248,67.36742401123047,,,4
exp_hrl_v1,185,8,US_5,HOLD_VP,ADVANCE,,0.16793657839298248,67.36742401123047,,,2
exp_hrl_v1,185,8,US_6,HOLD_VP,FLANK,,0.1494525521993637,67.41411590576172,,,4
exp_hrl_v1,185,8,US_7,HOLD_VP,FLANK,,0.1494525521993637,67.41411590576172,,,2
exp_hrl_v1,185,9,US_1,HOLD_VP,FLANK,,0.1494525521993637,67.41411590576172,,,4
exp_hrl_v1,185,9,US_2,HOLD_VP,FLANK,,0.1494525521993637,67.41411590576172,,,4
exp_hrl_v1,185,9,US_3,HOLD_VP,FLANK,,0.1494525521993637,67.41411590576172,,,4
exp_hrl_v1,185,9,US_4,HOLD_VP,ADVANCE,,0.19854193925857544,63.47208786010742,,,4
exp_hrl_v1,185,9,US_5,HOLD_VP,ADVANCE,,0.19854193925857544,63.47208786010742,,,2
exp_hrl_v1,185,9,US_6,HOLD_VP,ADVANCE,,0.19854193925857544,63.47208786010742,,,4
exp_hrl_v1,185,9,US_7,HOLD_VP,ADVANCE,,0.19854193925857544,63.47208786010742,,,2
exp_hrl_v1,185,10,US_1,HOLD_VP,ADVANCE,,0.19854193925857544,63.47208786010742,,,4
exp_hrl_v1,185,10,US_2,HOLD_VP,ADVANCE,,0.19854193925857544,63.47208786010742,,,4
exp_hrl_v1,185,10,US_3,HOLD_VP,ADVANCE,,0.2200782597064972,57.976016998291016,,,4
exp_hrl_v1,185,10,US_4,HOLD_VP,ADVANCE,,0.2200782597064972,57.976016998291016,,,4
exp_hrl_v1,185,10,US_5,HOLD_VP,ADVANCE,,0.2200782597064972,57.976016998291016,,,2
exp_hrl_v1,185,10,US_6,HOLD_VP,ADVANCE,,0.2200782597064972,57.976016998291016,,,4
exp_hrl_v1,185,10,US_7,HOLD_VP,ADVANCE,,0.2200782597064972,57.976016998291016,,,2
exp_hrl_v1,185,11,US_1,HOLD_VP,ADVANCE,,0.2200782597064972,57.976016998291016,,,4
exp_hrl_v1,185,11,US_2,HOLD_VP,ATTACK,DIRECT,0.2468215972185135,51.766021728515625,,,4
exp_hrl_v1,185,11,US_3,HOLD_VP,ATTACK,DIRECT,0.2468215972185135,51.766021728515625,,,4
exp_hrl_v1,185,11,US_4,HOLD_VP,ATTACK,DIRECT,0.2468215972185135,51.766021728515625,,,4
exp_hrl_v1,185,11,US_5,HOLD_VP,ATTACK,DIRECT,0.2468215972185135,51.766021728515625,,,2
exp_hrl_v1,185,11,US_6,HOLD_VP,ATTACK,DIRECT,0.2468215972185135,51.766021728515625,,,4
exp_hrl_v1,185,11,US_7,HOLD_VP,ATTACK,DIRECT,0.2468215972185135,51.766021728515625,,,2
exp_hrl_v1,186,1,US_1,PUSH_VP,FLANK,,0.1957722306251526,31.995033264160156,,,4
exp_hrl_v1,186,1,US_2,PUSH_VP,FLANK,,0.1957722306251526,31.995033264160156,,,4
exp_hrl_v1,186,1,US_3,PUSH_VP,FLANK,,0.1957722306251526,31.995033264160156,,,4
exp_hrl_v1,186,1,US_4,PUSH_VP,FLANK,,0.1957722306251526,31.995033264160156,,,4
exp_hrl_v1,186,1,US_5,PUSH_VP,FLANK,,0.1957722306251526,31.995033264160156,,,2
exp_hrl_v1,186,1,US_6,PUSH_VP,ADVANCE,,0.19899527728557587,38.0492057800293,,,4
exp_hrl_v1,186,1,US_7,PUSH_VP,ADVANCE,,0.19899527728557587,38.0492057800293,,,2
exp_hrl_v1,186,2,US_1,PUSH_VP,ADVANCE,,0.19899527728557587,38.0492057800293,,,4
exp_hrl_v1,186,2,US_2,PUSH_VP,ADVANCE,,0.19899527728557587,38.0492057800293,,,4
exp_hrl_v1,186,2,US_3,PUSH_VP,ADVANCE,,0.19899527728557587,38.0492057800293,,,4
exp_hrl_v1,186,2,US_4,PUSH_VP,ADVANCE,,0.19899527728557587,38.0492057800293,,,4
exp_hrl_v1,186,2,US_5,PUSH_VP,ADVANCE,,0.19800324738025665,45.439945220947266,,,2
exp_hrl_v1,186,2,US_6,PUSH_VP,ADVANCE,,0.19800324738025665,45.439945220947266,,,4
exp_hrl_v1,186,2,US_7,PUSH_VP,ADVANCE,,0.19800324738025665,45.439945220947266,,,2
exp_hrl_v1,186,3,US_1,PUSH_VP,ADVANCE,,0.19800324738025665,45.439945220947266,,,4
exp_hrl_v1,186,3,US_2,PUSH_VP,ADVANCE,,0.19800324738025665,45.439945220947266,,,4
exp_hrl_v1,186,3,US_3,PUSH_VP,ADVANCE,,0.19800324738025665,45.439945220947266,,,4
exp_hrl_v1,186,3,US_4,PUSH_VP,HOLD,,0.17650194466114044,51.02067565917969,,,4
exp_hrl_v1,186,3,US_5,PUSH_VP,ADVANCE,,0.18003429472446442,53.94939041137695,,,2
exp_hrl_v1,186,3,US_6,PUSH_VP,ADVANCE,,0.18003429472446442,53.94939041137695,,,4
exp_hrl_v1,186,3,US_7,PUSH_VP,ADVANCE,,0.18003429472446442,53.94939041137695,,,2
exp_hrl_v1,186,4,US_1,PUSH_VP,ADVANCE,,0.18003429472446442,53.94939041137695,,,4
exp_hrl_v1,186,4,US_2,PUSH_VP,ADVANCE,,0.18003429472446442,53.94939041137695,,,4
exp_hrl_v1,186,4,US_3,PUSH_VP,ADVANCE,,0.18003429472446442,53.94939041137695,,,4
exp_hrl_v1,186,4,US_4,PUSH_VP,ADVANCE,,0.14475274085998535,57.78970718383789,,,4
exp_hrl_v1,186,4,US_5,PUSH_VP,ADVANCE,,0.14475274085998535,57.78970718383789,,,2
exp_hrl_v1,186,4,US_6,PUSH_VP,ADVANCE,,0.14475274085998535,57.78970718383789,,,4
exp_hrl_v1,186,4,US_7,PUSH_VP,ADVANCE,,0.14475274085998535,57.78970718383789,,,2
exp_hrl_v1,186,5,US_1,PUSH_VP,ADVANCE,,0.14475274085998535,57.78970718383789,,,4
exp_hrl_v1,186,5,US_2,PUSH_VP,ADVANCE,,0.14475274085998535,57.78970718383789,,,4
exp_hrl_v1,186,5,US_3,HOLD_VP,FLANK,,0.1637343466281891,60.2254638671875,,,4
exp_hrl_v1,186,5,US_4,HOLD_VP,FLANK,,0.1637343466281891,60.2254638671875,,,4
exp_hrl_v1,186,5,US_5,HOLD_VP,FLANK,,0.1637343466281891,60.2254638671875,,,2
exp_hrl_v1,186,5,US_6,HOLD_VP,FLANK,,0.1637343466281891,60.2254638671875,,,4
exp_hrl_v1,186,5,US_7,HOLD_VP,FLANK,,0.1637343466281891,60.2254638671875,,,2
exp_hrl_v1,186,6,US_1,HOLD_VP,ATTACK,DIRECT,0.15009622275829315,63.528831481933594,,,4
exp_hrl_v1,186,6,US_2,HOLD_VP,ATTACK,DIRECT,0.15009622275829315,63.528831481933594,,,4
exp_hrl_v1,186,6,US_3,HOLD_VP,ATTACK,DIRECT,0.15009622275829315,63.528831481933594,,,4
exp_hrl_v1,186,6,US_4,HOLD_VP,ATTACK,DIRECT,0.15009622275829315,63.528831481933594,,,4
exp_hrl_v1,186,6,US_5,HOLD_VP,ATTACK,DIRECT,0.15009622275829315,63.528831481933594,,,2
exp_hrl_v1,186,6,US_6,HOLD_VP,ATTACK,DIRECT,0.15009622275829315,63.528831481933594,,,4
exp_hrl_v1,186,6,US_7,HOLD_VP,ATTACK,DIRECT,0.15009622275829315,63.528831481933594,,,2
exp_hrl_v1,186,7,US_1,HOLD_VP,ATTACK,DIRECT,0.15009622275829315,63.528831481933594,,,4
exp_hrl_v1,186,7,US_2,HOLD_VP,ATTACK,DIRECT,0.15009622275829315,63.528831481933594,,,4
exp_hrl_v1,186,7,US_3,HOLD_VP,ATTACK,DIRECT,0.15009622275829315,63.528831481933594,,,4
exp_hrl_v1,187,1,US_1,HOLD_VP,FLANK,,0.1957722306251526,31.995033264160156,,,4
exp_hrl_v1,187,1,US_2,HOLD_VP,FLANK,,0.1957722306251526,31.995033264160156,,,4
exp_hrl_v1,187,1,US_3,HOLD_VP,FLANK,,0.1957722306251526,31.995033264160156,,,4
exp_hrl_v1,187,1,US_4,HOLD_VP,FLANK,,0.1957722306251526,31.995033264160156,,,4
exp_hrl_v1,187,1,US_5,HOLD_VP,FLANK,,0.1957722306251526,31.995033264160156,,,2
exp_hrl_v1,187,1,US_6,HOLD_VP,FLANK,,0.19572269916534424,38.0492057800293,,,4
exp_hrl_v1,187,1,US_7,HOLD_VP,FLANK,,0.19572269916534424,38.0492057800293,,,2
exp_hrl_v1,187,2,US_1,HOLD_VP,FLANK,,0.19572269916534424,38.0492057800293,,,4
exp_hrl_v1,187,2,US_2,HOLD_VP,FLANK,,0.19572269916534424,38.0492057800293,,,4
exp_hrl_v1,187,2,US_3,HOLD_VP,FLANK,,0.19572269916534424,38.0492057800293,,,4
exp_hrl_v1,187,2,US_4,HOLD_VP,ADVANCE,,0.19275128841400146,44.03032684326172,,,4
exp_hrl_v1,187,2,US_5,HOLD_VP,ADVANCE,,0.19275128841400146,44.03032684326172,,,2
exp_hrl_v1,187,2,US_6,HOLD_VP,ADVANCE,,0.19275128841400146,44.03032684326172,,,4
exp_hrl_v1,187,2,US_7,HOLD_VP,ADVANCE,,0.19275128841400146,44.03032684326172,,,2
exp_hrl_v1,187,3,US_1,HOLD_VP,ADVANCE,,0.19275128841400146,44.03032684326172,,,4
exp_hrl_v1,187,3,US_2,HOLD_VP,ADVANCE,,0.19275128841400146,44.03032684326172,,,4
exp_hrl_v1,187,3,US_3,HOLD_VP,ADVANCE,,0.18052132427692413,50.942718505859375,,,4
exp_hrl_v1,187,3,US_4,HOLD_VP,ADVANCE,,0.18052132427692413,50.942718505859375,,,4
exp_hrl_v1,187,3,US_5,HOLD_VP,ADVANCE,,0.18052132427692413,50.942718505859375,,,2
exp_hrl_v1,187,3,US_6,HOLD_VP,ADVANCE,,0.18052132427692413,50.942718505859375,,,4
exp_hrl_v1,187,3,US_7,HOLD_VP,ADVANCE,,0.18052132427692413,50.942718505859375,,,2
exp_hrl_v1,187,4,US_1,HOLD_VP,ADVANCE,,0.18052132427692413,50.942718505859375,,,4
exp_hrl_v1,187,4,US_2,HOLD_VP,FLANK,,0.1889711320400238,54.88075256347656,,,4
exp_hrl_v1,187,4,US_3,HOLD_VP,FLANK,,0.1889711320400238,54.88075256347656,,,4
exp_hrl_v1,187,4,US_4,HOLD_VP,FLANK,,0.1889711320400238,54.88075256347656,,,4
exp_hrl_v1,187,4,US_5,HOLD_VP,FLANK,,0.1889711320400238,54.88075256347656,,,2
exp_hrl_v1,187,4,US_6,HOLD_VP,FLANK,,0.1889711320400238,54.88075256347656,,,4
exp_hrl_v1,187,4,US_7,HOLD_VP,ADVANCE,,0.2050706446170807,57.531497955322266,,,2
exp_hrl_v1,187,5,US_1,HOLD_VP,ADVANCE,,0.2050706446170807,57.531497955322266,,,4
exp_hrl_v1,187,5,US_2,HOLD_VP,ADVANCE,,0.2050706446170807,57.531497955322266,,,4
exp_hrl_v1,187,5,US_3,HOLD_VP,ADVANCE,,0.2050706446170807,57.531497955322266,,,4
exp_hrl_v1,187,5,US_4,HOLD_VP,ADVANCE,,0.2050706446170807,57.531497955322266,,,4
exp_hrl_v1,187,5,US_5,HOLD_VP,ADVANCE,,0.2050706446170807,57.531497955322266,,,2
exp_hrl_v1,187,5,US_6,HOLD_VP,ATTACK,DIRECT,0.3846951127052307,61.29649353027344,,,4
exp_hrl_v1,187,5,US_7,HOLD_VP,ATTACK,DIRECT,0.3846951127052307,61.29649353027344,,,2
exp_hrl_v1,187,6,US_1,HOLD_VP,ATTACK,DIRECT,0.3846951127052307,61.29649353027344,,,4
exp_hrl_v1,187,6,US_2,HOLD_VP,ATTACK,DIRECT,0.3846951127052307,61.29649353027344,,,4
exp_hrl_v1,187,6,US_3,HOLD_VP,ATTACK,DIRECT,0.3846951127052307,61.29649353027344,,,4
exp_hrl_v1,187,6,US_4,HOLD_VP,ATTACK,DIRECT,0.3846951127052307,61.29649353027344,,,4
exp_hrl_v1,188,1,US_1,ATTACK,ATTACK,INDIRECT,0.2209296077489853,31.995033264160156,,,4
exp_hrl_v1,188,1,US_2,ATTACK,ATTACK,INDIRECT,0.2209296077489853,31.995033264160156,,,4
exp_hrl_v1,188,1,US_3,ATTACK,ATTACK,INDIRECT,0.2209296077489853,31.995033264160156,,,4
exp_hrl_v1,188,1,US_4,ATTACK,ATTACK,INDIRECT,0.2209296077489853,31.995033264160156,,,4
exp_hrl_v1,188,1,US_5,ATTACK,ATTACK,INDIRECT,0.2209296077489853,31.995033264160156,,,2
exp_hrl_v1,188,1,US_6,ATTACK,ATTACK,INDIRECT,0.2209296077489853,31.995033264160156,,,4
exp_hrl_v1,188,1,US_7,ATTACK,ATTACK,INDIRECT,0.2209296077489853,31.995033264160156,,,2
exp_hrl_v1,188,2,US_1,ATTACK,ATTACK,INDIRECT,0.2209296077489853,31.995033264160156,,,4
exp_hrl_v1,188,2,US_2,ATTACK,ATTACK,INDIRECT,0.2209296077489853,31.995033264160156,,,4
exp_hrl_v1,188,2,US_3,ATTACK,ATTACK,INDIRECT,0.2209296077489853,31.995033264160156,,,4
exp_hrl_v1,188,2,US_4,ATTACK,ADVANCE,,0.14555318653583527,53.36323547363281,,,4
exp_hrl_v1,188,2,US_5,ATTACK,ADVANCE,,0.14555318653583527,53.36323547363281,,,2
exp_hrl_v1,188,2,US_6,ATTACK,ADVANCE,,0.14555318653583527,53.36323547363281,,,4
exp_hrl_v1,188,2,US_7,ATTACK,ADVANCE,,0.14555318653583527,53.36323547363281,,,2
exp_hrl_v1,188,3,US_1,ATTACK,ADVANCE,,0.14555318653583527,53.36323547363281,,,4
exp_hrl_v1,188,3,US_2,ATTACK,ADVANCE,,0.14555318653583527,53.36323547363281,,,4
exp_hrl_v1,188,3,US_3,ATTACK,ATTACK,DIRECT,0.40688735246658325,58.825714111328125,,,4
exp_hrl_v1,188,3,US_4,ATTACK,ATTACK,DIRECT,0.40688735246658325,58.825714111328125,,,4
exp_hrl_v1,188,3,US_5,ATTACK,ATTACK,DIRECT,0.40688735246658325,58.825714111328125,,,2
exp_hrl_v1,188,3,US_6,ATTACK,ATTACK,DIRECT,0.40688735246658325,58.825714111328125,,,4
exp_hrl_v1,188,3,US_7,ATTACK,ATTACK,DIRECT,0.40688735246658325,58.825714111328125,,,2
exp_hrl_v1,188,4,US_1,ATTACK,ATTACK,DIRECT,0.40688735246658325,58.825714111328125,,,4
exp_hrl_v1,188,4,US_2,ATTACK,ATTACK,DIRECT,0.40688735246658325,58.825714111328125,,,4
exp_hrl_v1,188,4,US_3,ATTACK,ATTACK,DIRECT,0.40688735246658325,58.825714111328125,,,4
exp_hrl_v1,188,4,US_4,ATTACK,ATTACK,DIRECT,0.40688735246658325,58.825714111328125,,,4
exp_hrl_v1,188,4,US_5,ATTACK,ATTACK,DIRECT,0.40688735246658325,58.825714111328125,,,2
exp_hrl_v1,188,4,US_6,ATTACK,ADVANCE,,0.3331947326660156,56.121429443359375,,,4
exp_hrl_v1,188,4,US_7,ATTACK,ADVANCE,,0.3331947326660156,56.121429443359375,,,2
exp_hrl_v1,188,5,US_1,ATTACK,ADVANCE,,0.3331947326660156,56.121429443359375,,,4
exp_hrl_v1,188,5,US_2,ATTACK,ADVANCE,,0.3331947326660156,56.121429443359375,,,4
exp_hrl_v1,188,5,US_3,ATTACK,ADVANCE,,0.3331947326660156,56.121429443359375,,,4
exp_hrl_v1,188,5,US_4,ATTACK,ADVANCE,,0.3331947326660156,56.121429443359375,,,4
exp_hrl_v1,188,5,US_5,ATTACK,ATTACK,DIRECT,0.17690588533878326,54.14733123779297,,,2
exp_hrl_v1,188,5,US_6,ATTACK,ATTACK,DIRECT,0.17690588533878326,54.14733123779297,,,4
exp_hrl_v1,188,5,US_7,ATTACK,ATTACK,DIRECT,0.17690588533878326,54.14733123779297,,,2
exp_hrl_v1,189,1,US_1,PUSH_VP,RETREAT,,0.19773367047309875,31.995033264160156,,,4
exp_hrl_v1,189,1,US_2,PUSH_VP,RETREAT,,0.19773367047309875,31.995033264160156,,,4
exp_hrl_v1,189,1,US_3,PUSH_VP,ATTACK,DIRECT,0.21641144156455994,39.331787109375,,,4
exp_hrl_v1,189,1,US_4,PUSH_VP,ATTACK,DIRECT,0.21641144156455994,39.331787109375,,,4
exp_hrl_v1,189,1,US_5,PUSH_VP,ATTACK,DIRECT,0.21641144156455994,39.331787109375,,,2
exp_hrl_v1,189,1,US_6,PUSH_VP,ATTACK,DIRECT,0.21641144156455994,39.331787109375,,,4
exp_hrl_v1,189,1,US_7,PUSH_VP,ATTACK,DIRECT,0.21641144156455994,39.331787109375,,,2
exp_hrl_v1,189,2,US_1,PUSH_VP,ATTACK,DIRECT,0.21641144156455994,39.331787109375,,,4
exp_hrl_v1,189,2,US_2,PUSH_VP,ATTACK,DIRECT,0.21641144156455994,39.331787109375,,,4
exp_hrl_v1,189,2,US_3,PUSH_VP,ATTACK,DIRECT,0.21641144156455994,39.331787109375,,,4
exp_hrl_v1,189,2,US_4,PUSH_VP,ATTACK,DIRECT,0.21641144156455994,39.331787109375,,,4
exp_hrl_v1,189,2,US_5,PUSH_VP,ATTACK,DIRECT,0.21641144156455994,39.331787109375,,,2
exp_hrl_v1,189,2,US_6,PUSH_VP,ADVANCE,,0.18125902116298676,51.2427978515625,,,4
exp_hrl_v1,189,2,US_7,PUSH_VP,ADVANCE,,0.18125902116298676,51.2427978515625,,,2
exp_hrl_v1,189,3,US_1,PUSH_VP,ADVANCE,,0.18125902116298676,51.2427978515625,,,4
exp_hrl_v1,189,3,US_2,PUSH_VP,ADVANCE,,0.18125902116298676,51.2427978515625,,,4
exp_hrl_v1,189,3,US_3,PUSH_VP,ADVANCE,,0.18125902116298676,51.2427978515625,,,4
exp_hrl_v1,189,3,US_4,PUSH_VP,ADVANCE,,0.18125902116298676,51.2427978515625,,,4
exp_hrl_v1,189,3,US_5,PUSH_VP,FLANK,,0.15515977144241333,57.11362075805664,,,2
exp_hrl_v1,189,3,US_6,PUSH_VP,FLANK,,0.15515977144241333,57.11362075805664,,,4
exp_hrl_v1,189,3,US_7,PUSH_VP,FLANK,,0.15515977144241333,57.11362075805664,,,2
exp_hrl_v1,189,4,US_1,PUSH_VP,FLANK,,0.15515977144241333,57.11362075805664,,,4
exp_hrl_v1,189,4,US_2,PUSH_VP,FLANK,,0.15515977144241333,57.11362075805664,,,4
exp_hrl_v1,189,4,US_3,PUSH_VP,ADVANCE,,0.40804314613342285,60.66204071044922,,,4
exp_hrl_v1,189,4,US_4,PUSH_VP,ADVANCE,,0.40804314613342285,60.66204071044922,,,4
exp_hrl_v1,189,4,US_5,PUSH_VP,ADVANCE,,0.40804314613342285,60.66204071044922,,,2
exp_hrl_v1,189,4,US_6,PUSH_VP,ADVANCE,,0.40804314613342285,60.66204071044922,,,4
exp_hrl_v1,189,4,US_7,PUSH_VP,ADVANCE,,0.40804314613342285,60.66204071044922,,,2
exp_hrl_v1,189,5,US_1,PUSH_VP,ADVANCE,,0.40804314613342285,60.66204071044922,,,4
exp_hrl_v1,189,5,US_2,PUSH_VP,ADVANCE,,0.14478126168251038,61.433650970458984,,,4
exp_hrl_v1,189,5,US_3,PUSH_VP,ADVANCE,,0.14478126168251038,61.433650970458984,,,4
exp_hrl_v1,189,5,US_4,PUSH_VP,ADVANCE,,0.14478126168251038,61.433650970458984,,,4
exp_hrl_v1,189,5,US_5,PUSH_VP,ADVANCE,,0.14478126168251038,61.433650970458984,,,2
exp_hrl_v1,189,5,US_6,PUSH_VP,ADVANCE,,0.14478126168251038,61.433650970458984,,,4
exp_hrl_v1,189,5,US_7,PUSH_VP,ADVANCE,,0.14478126168251038,61.433650970458984,,,2
exp_hrl_v1,189,6,US_1,HOLD_VP,ADVANCE,,0.14550815522670746,59.283447265625,,,4
exp_hrl_v1,189,6,US_2,HOLD_VP,ADVANCE,,0.14550815522670746,59.283447265625,,,4
exp_hrl_v1,189,6,US_3,HOLD_VP,ADVANCE,,0.14550815522670746,59.283447265625,,,4
exp_hrl_v1,189,6,US_4,HOLD_VP,ADVANCE,,0.14550815522670746,59.283447265625,,,4
exp_hrl_v1,189,6,US_5,HOLD_VP,ADVANCE,,0.14550815522670746,59.283447265625,,,2
exp_hrl_v1,189,6,US_6,HOLD_VP,ADVANCE,,0.14550815522670746,59.283447265625,,,4
exp_hrl_v1,189,6,US_7,HOLD_VP,ATTACK,DIRECT,0.3878933787345886,59.28699493408203,,,2
exp_hrl_v1,189,7,US_1,HOLD_VP,ATTACK,DIRECT,0.3878933787345886,59.28699493408203,,,4
exp_hrl_v1,189,7,US_2,HOLD_VP,ATTACK,DIRECT,0.3878933787345886,59.28699493408203,,,4
exp_hrl_v1,189,7,US_3,HOLD_VP,ATTACK,DIRECT,0.3878933787345886,59.28699493408203,,,4
exp_hrl_v1,189,7,US_4,HOLD_VP,ATTACK,DIRECT,0.3878933787345886,59.28699493408203,,,4
exp_hrl_v1,189,7,US_5,HOLD_VP,ATTACK,DIRECT,0.3878933787345886,59.28699493408203,,,2
exp_hrl_v1,189,7,US_6,HOLD_VP,ATTACK,DIRECT,0.3878933787345886,59.28699493408203,,,4
exp_hrl_v1,189,7,US_7,HOLD_VP,ATTACK,DIRECT,0.3878933787345886,59.28699493408203,,,2
exp_hrl_v1,189,8,US_1,HOLD_VP,ATTACK,DIRECT,0.3878933787345886,59.28699493408203,,,4
exp_hrl_v1,190,1,US_1,PUSH_VP,ADVANCE,,0.1955854892730713,31.995033264160156,,,4
exp_hrl_v1,190,1,US_2,PUSH_VP,ADVANCE,,0.1955854892730713,31.995033264160156,,,4
exp_hrl_v1,190,1,US_3,PUSH_VP,ADVANCE,,0.1955854892730713,31.995033264160156,,,4
exp_hrl_v1,190,1,US_4,PUSH_VP,ADVANCE,,0.1955854892730713,31.995033264160156,,,4
exp_hrl_v1,190,1,US_5,PUSH_VP,ADVANCE,,0.1955854892730713,31.995033264160156,,,2
exp_hrl_v1,190,1,US_6,PUSH_VP,ADVANCE,,0.1955854892730713,31.995033264160156,,,4
exp_hrl_v1,190,1,US_7,PUSH_VP,ADVANCE,,0.21747517585754395,38.966827392578125,,,2
exp_hrl_v1,190,2,US_1,PUSH_VP,ADVANCE,,0.21747517585754395,38.966827392578125,,,4
exp_hrl_v1,190,2,US_2,PUSH_VP,ADVANCE,,0.21747517585754395,38.966827392578125,,,4
exp_hrl_v1,190,2,US_3,PUSH_VP,ADVANCE,,0.21747517585754395,38.966827392578125,,,4
exp_hrl_v1,190,2,US_4,PUSH_VP,ADVANCE,,0.21747517585754395,38.966827392578125,,,4
exp_hrl_v1,190,2,US_5,PUSH_VP,ADVANCE,,0.21747517585754395,38.966827392578125,,,2
exp_hrl_v1,190,2,US_6,PUSH_VP,ADVANCE,,0.1971135288476944,43.13095474243164,,,4
exp_hrl_v1,190,2,US_7,PUSH_VP,ADVANCE,,0.1971135288476944,43.13095474243164,,,2
exp_hrl_v1,190,3,US_1,PUSH_VP,ADVANCE,,0.1971135288476944,43.13095474243164,,,4
exp_hrl_v1,190,3,US_2,PUSH_VP,ADVANCE,,0.1971135288476944,43.13095474243164,,,4
exp_hrl_v1,190,3,US_3,PUSH_VP,ADVANCE,,0.1971135288476944,43.13095474243164,,,4
exp_hrl_v1,190,3,US_4,PUSH_VP,ADVANCE,,0.1971135288476944,43.13095474243164,,,4
exp_hrl_v1,190,3,US_5,PUSH_VP,HOLD,,0.17752157151699066,51.56973648071289,,,2
exp_hrl_v1,190,3,US_6,PUSH_VP,ADVANCE,,0.18014255166053772,52.38602066040039,,,4
exp_hrl_v1,190,3,US_7,PUSH_VP,ADVANCE,,0.18014255166053772,52.38602066040039,,,2
exp_hrl_v1,190,4,US_1,PUSH_VP,ADVANCE,,0.18014255166053772,52.38602066040039,,,4
exp_hrl_v1,190,4,US_2,PUSH_VP,ADVANCE,,0.18014255166053772,52.38602066040039,,,4
exp_hrl_v1,190,4,US_3,PUSH_VP,ADVANCE,,0.18014255166053772,52.38602066040039,,,4
exp_hrl_v1,190,4,US_4,PUSH_VP,ADVANCE,,0.18014255166053772,52.38602066040039,,,4
exp_hrl_v1,190,4,US_5,PUSH_VP,ADVANCE,,0.201900452375412,57.17620849609375,,,2
exp_hrl_v1,190,4,US_6,PUSH_VP,ADVANCE,,0.201900452375412,57.17620849609375,,,4
exp_hrl_v1,190,4,US_7,PUSH_VP,ADVANCE,,0.201900452375412,57.17620849609375,,,2
exp_hrl_v1,190,5,US_1,PUSH_VP,ADVANCE,,0.201900452375412,57.17620849609375,,,4
exp_hrl_v1,190,5,US_2,PUSH_VP,ADVANCE,,0.201900452375412,57.17620849609375,,,4
exp_hrl_v1,190,5,US_3,PUSH_VP,ADVANCE,,0.201900452375412,57.17620849609375,,,4
exp_hrl_v1,190,5,US_4,HOLD_VP,ADVANCE,,0.16617371141910553,60.84520721435547,,,4
exp_hrl_v1,190,5,US_5,HOLD_VP,ADVANCE,,0.16617371141910553,60.84520721435547,,,2
exp_hrl_v1,190,5,US_6,HOLD_VP,ADVANCE,,0.16617371141910553,60.84520721435547,,,4
exp_hrl_v1,190,5,US_7,HOLD_VP,ADVANCE,,0.16617371141910553,60.84520721435547,,,2
exp_hrl_v1,190,6,US_1,HOLD_VP,ADVANCE,,0.16617371141910553,60.84520721435547,,,4
exp_hrl_v1,190,6,US_2,HOLD_VP,ADVANCE,,0.16617371141910553,60.84520721435547,,,4
exp_hrl_v1,190,6,US_3,HOLD_VP,ATTACK,INDIRECT,0.4272203743457794,63.806644439697266,,,4
exp_hrl_v1,190,6,US_4,HOLD_VP,ATTACK,INDIRECT,0.4272203743457794,63.806644439697266,,,4
exp_hrl_v1,190,6,US_5,HOLD_VP,ATTACK,INDIRECT,0.4272203743457794,63.806644439697266,,,2
exp_hrl_v1,190,6,US_6,HOLD_VP,ATTACK,INDIRECT,0.4272203743457794,63.806644439697266,,,4
exp_hrl_v1,190,6,US_7,HOLD_VP,ATTACK,INDIRECT,0.4272203743457794,63.806644439697266,,,2
exp_hrl_v1,190,7,US_1,HOLD_VP,ATTACK,INDIRECT,0.4272203743457794,63.806644439697266,,,4
exp_hrl_v1,190,7,US_2,HOLD_VP,ATTACK,INDIRECT,0.4272203743457794,63.806644439697266,,,4
exp_hrl_v1,190,7,US_3,HOLD_VP,ATTACK,INDIRECT,0.4272203743457794,63.806644439697266,,,4
exp_hrl_v1,191,1,US_1,PUSH_VP,ADVANCE,,0.1955854892730713,31.995033264160156,,,4
exp_hrl_v1,191,1,US_2,PUSH_VP,ADVANCE,,0.1955854892730713,31.995033264160156,,,4
exp_hrl_v1,191,1,US_3,PUSH_VP,ADVANCE,,0.1955854892730713,31.995033264160156,,,4
exp_hrl_v1,191,1,US_4,PUSH_VP,ADVANCE,,0.1955854892730713,31.995033264160156,,,4
exp_hrl_v1,191,1,US_5,PUSH_VP,ADVANCE,,0.1955854892730713,31.995033264160156,,,2
exp_hrl_v1,191,1,US_6,PUSH_VP,ADVANCE,,0.1955854892730713,31.995033264160156,,,4
exp_hrl_v1,191,1,US_7,PUSH_VP,ADVANCE,,0.19140321016311646,38.966827392578125,,,2
exp_hrl_v1,191,2,US_1,PUSH_VP,ADVANCE,,0.19140321016311646,38.966827392578125,,,4
exp_hrl_v1,191,2,US_2,PUSH_VP,ADVANCE,,0.19140321016311646,38.966827392578125,,,4
exp_hrl_v1,191,2,US_3,PUSH_VP,ADVANCE,,0.19140321016311646,38.966827392578125,,,4
exp_hrl_v1,191,2,US_4,PUSH_VP,ADVANCE,,0.19140321016311646,38.966827392578125,,,4
exp_hrl_v1,191,2,US_5,PUSH_VP,ADVANCE,,0.19140321016311646,38.966827392578125,,,2
exp_hrl_v1,191,2,US_6,PUSH_VP,ADVANCE,,0.21960562467575073,43.13095474243164,,,4
exp_hrl_v1,191,2,US_7,PUSH_VP,ADVANCE,,0.21960562467575073,43.13095474243164,,,2
exp_hrl_v1,191,3,US_1,PUSH_VP,ADVANCE,,0.21960562467575073,43.13095474243164,,,4
exp_hrl_v1,191,3,US_2,PUSH_VP,ADVANCE,,0.21960562467575073,43.13095474243164,,,4
exp_hrl_v1,191,3,US_3,PUSH_VP,ADVANCE,,0.21960562467575073,43.13095474243164,,,4
exp_hrl_v1,191,3,US_4,PUSH_VP,ADVANCE,,0.21960562467575073,43.13095474243164,,,4
exp_hrl_v1,191,3,US_5,PUSH_VP,ADVANCE,,0.2650388479232788,51.56973648071289,,,2
exp_hrl_v1,191,3,US_6,PUSH_VP,ADVANCE,,0.2650388479232788,51.56973648071289,,,4
exp_hrl_v1,191,3,US_7,PUSH_VP,ADVANCE,,0.2650388479232788,51.56973648071289,,,2
exp_hrl_v1,191,4,US_1,PUSH_VP,ADVANCE,,0.2650388479232788,51.56973648071289,,,4
exp_hrl_v1,191,4,US_2,PUSH_VP,ADVANCE,,0.2650388479232788,51.56973648071289,,,4
exp_hrl_v1,191,4,US_3,PUSH_VP,ADVANCE,,0.2650388479232788,51.56973648071289,,,4
exp_hrl_v1,191,4,US_4,PUSH_VP,ADVANCE,,0.20836415886878967,56.64994812011719,,,4
exp_hrl_v1,191,4,US_5,PUSH_VP,ADVANCE,,0.20836415886878967,56.64994812011719,,,2
exp_hrl_v1,191,4,US_6,PUSH_VP,ADVANCE,,0.20836415886878967,56.64994812011719,,,4
exp_hrl_v1,191,4,US_7,PUSH_VP,ADVANCE,,0.20836415886878967,56.64994812011719,,,2
exp_hrl_v1,191,5,US_1,PUSH_VP,ADVANCE,,0.20836415886878967,56.64994812011719,,,4
exp_hrl_v1,191,5,US_2,PUSH_VP,ADVANCE,,0.20836415886878967,56.64994812011719,,,4
exp_hrl_v1,191,5,US_3,PUSH_VP,ADVANCE,,0.18875157833099365,59.8690185546875,,,4
exp_hrl_v1,191,5,US_4,PUSH_VP,ADVANCE,,0.18875157833099365,59.8690185546875,,,4
exp_hrl_v1,191,5,US_5,PUSH_VP,ADVANCE,,0.18875157833099365,59.8690185546875,,,2
exp_hrl_v1,191,5,US_6,PUSH_VP,ADVANCE,,0.18875157833099365,59.8690185546875,,,4
exp_hrl_v1,191,5,US_7,PUSH_VP,ADVANCE,,0.18875157833099365,59.8690185546875,,,2
exp_hrl_v1,191,6,US_1,PUSH_VP,ADVANCE,,0.18875157833099365,59.8690185546875,,,4
exp_hrl_v1,191,6,US_2,HOLD_VP,ATTACK,DIRECT,0.17676833271980286,63.512123107910156,,,4
exp_hrl_v1,191,6,US_3,HOLD_VP,ATTACK,DIRECT,0.17676833271980286,63.512123107910156,,,4
exp_hrl_v1,191,6,US_4,HOLD_VP,ATTACK,DIRECT,0.17676833271980286,63.512123107910156,,,4
exp_hrl_v1,191,6,US_5,HOLD_VP,ATTACK,DIRECT,0.17676833271980286,63.512123107910156,,,2
exp_hrl_v1,191,6,US_6,HOLD_VP,ATTACK,DIRECT,0.17676833271980286,63.512123107910156,,,4
exp_hrl_v1,191,6,US_7,HOLD_VP,ATTACK,DIRECT,0.17676833271980286,63.512123107910156,,,2
exp_hrl_v1,191,7,US_1,HOLD_VP,ATTACK,DIRECT,0.17676833271980286,63.512123107910156,,,4
exp_hrl_v1,191,7,US_2,HOLD_VP,ATTACK,DIRECT,0.17676833271980286,63.512123107910156,,,4
exp_hrl_v1,191,7,US_3,HOLD_VP,ATTACK,DIRECT,0.17676833271980286,63.512123107910156,,,4
exp_hrl_v1,191,7,US_4,HOLD_VP,ATTACK,DIRECT,0.17676833271980286,63.512123107910156,,,4
exp_hrl_v1,191,7,US_5,HOLD_VP,FLANK,,0.18375064432621002,54.145668029785156,,,2
exp_hrl_v1,191,7,US_6,HOLD_VP,FLANK,,0.18375064432621002,54.145668029785156,,,4
exp_hrl_v1,191,7,US_7,HOLD_VP,FLANK,,0.18375064432621002,54.145668029785156,,,2
exp_hrl_v1,191,8,US_1,HOLD_VP,FLANK,,0.18375064432621002,54.145668029785156,,,4
exp_hrl_v1,191,8,US_2,HOLD_VP,FLANK,,0.18375064432621002,54.145668029785156,,,4
exp_hrl_v1,191,8,US_3,HOLD_VP,ATTACK,INDIRECT,0.1666814386844635,47.45745849609375,,,4
exp_hrl_v1,192,1,US_1,PUSH_VP,ADVANCE,,0.2209296077489853,31.995033264160156,,,4
exp_hrl_v1,192,1,US_2,PUSH_VP,ADVANCE,,0.2209296077489853,31.995033264160156,,,4
exp_hrl_v1,192,1,US_3,PUSH_VP,ADVANCE,,0.2209296077489853,31.995033264160156,,,4
exp_hrl_v1,192,1,US_4,PUSH_VP,ADVANCE,,0.2209296077489853,31.995033264160156,,,4
exp_hrl_v1,192,1,US_5,PUSH_VP,ADVANCE,,0.2209296077489853,31.995033264160156,,,2
exp_hrl_v1,192,1,US_6,PUSH_VP,ADVANCE,,0.2209296077489853,31.995033264160156,,,4
exp_hrl_v1,192,1,US_7,PUSH_VP,ATTACK,INDIRECT,0.21747517585754395,38.966827392578125,,,2
exp_hrl_v1,192,2,US_1,PUSH_VP,ATTACK,INDIRECT,0.21747517585754395,38.966827392578125,,,4
exp_hrl_v1,192,2,US_2,PUSH_VP,ATTACK,INDIRECT,0.21747517585754395,38.966827392578125,,,4
exp_hrl_v1,192,2,US_3,PUSH_VP,ATTACK,INDIRECT,0.21747517585754395,38.966827392578125,,,4
exp_hrl_v1,192,2,US_4,PUSH_VP,ATTACK,INDIRECT,0.21747517585754395,38.966827392578125,,,4
exp_hrl_v1,192,2,US_5,PUSH_VP,ATTACK,INDIRECT,0.21747517585754395,38.966827392578125,,,2
exp_hrl_v1,192,2,US_6,PUSH_VP,ATTACK,INDIRECT,0.21747517585754395,38.966827392578125,,,4
exp_hrl_v1,192,2,US_7,PUSH_VP,ATTACK,INDIRECT,0.21747517585754395,38.966827392578125,,,2
exp_hrl_v1,192,3,US_1,PUSH_VP,ATTACK,INDIRECT,0.21747517585754395,38.966827392578125,,,4
exp_hrl_v1,192,3,US_2,PUSH_VP,ATTACK,INDIRECT,0.21747517585754395,38.966827392578125,,,4
exp_hrl_v1,192,3,US_3,PUSH_VP,ADVANCE,,0.1876952201128006,51.62941360473633,,,4
exp_hrl_v1,192,3,US_4,PUSH_VP,ADVANCE,,0.1876952201128006,51.62941360473633,,,4
exp_hrl_v1,192,3,US_5,PUSH_VP,ADVANCE,,0.1876952201128006,51.62941360473633,,,2
exp_hrl_v1,192,3,US_6,PUSH_VP,ADVANCE,,0.1876952201128006,51.62941360473633,,,4
exp_hrl_v1,192,3,US_7,PUSH_VP,ADVANCE,,0.1876952201128006,51.62941360473633,,,2
exp_hrl_v1,192,4,US_1,PUSH_VP,ADVANCE,,0.1876952201128006,51.62941360473633,,,4
exp_hrl_v1,192,4,US_2,PUSH_VP,ADVANCE,,0.2892249524593353,53.743080139160156,,,4
exp_hrl_v1,192,4,US_3,PUSH_VP,ADVANCE,,0.2892249524593353,53.743080139160156,,,4
exp_hrl_v1,192,4,US_4,PUSH_VP,ADVANCE,,0.2892249524593353,53.743080139160156,,,4
exp_hrl_v1,192,4,US_5,PUSH_VP,ADVANCE,,0.2892249524593353,53.743080139160156,,,2
exp_hrl_v1,192,4,US_6,PUSH_VP,ADVANCE,,0.2892249524593353,53.743080139160156,,,4
exp_hrl_v1,192,4,US_7,PUSH_VP,ADVANCE,,0.2892249524593353,53.743080139160156,,,2
exp_hrl_v1,192,5,US_1,PUSH_VP,ATTACK,DIRECT,0.22883924841880798,52.36407470703125,,,4
exp_hrl_v1,193,1,US_1,PUSH_VP,ADVANCE,,0.19773367047309875,31.995033264160156,,,4
exp_hrl_v1,193,1,US_2,PUSH_VP,ADVANCE,,0.19773367047309875,31.995033264160156,,,4
exp_hrl_v1,193,1,US_3,PUSH_VP,ADVANCE,,0.19773367047309875,31.995033264160156,,,4
exp_hrl_v1,193,1,US_4,PUSH_VP,ADVANCE,,0.19773367047309875,31.995033264160156,,,4
exp_hrl_v1,193,1,US_5,PUSH_VP,ADVANCE,,0.19773367047309875,31.995033264160156,,,2
exp_hrl_v1,193,1,US_6,PUSH_VP,ADVANCE,,0.19773367047309875,31.995033264160156,,,4
exp_hrl_v1,193,1,US_7,PUSH_VP,ADVANCE,,0.21747517585754395,38.966827392578125,,,2
exp_hrl_v1,193,2,US_1,PUSH_VP,ADVANCE,,0.21747517585754395,38.966827392578125,,,4
exp_hrl_v1,193,2,US_2,PUSH_VP,ADVANCE,,0.21747517585754395,38.966827392578125,,,4
exp_hrl_v1,193,2,US_3,PUSH_VP,ADVANCE,,0.21747517585754395,38.966827392578125,,,4
exp_hrl_v1,193,2,US_4,PUSH_VP,ADVANCE,,0.21747517585754395,38.966827392578125,,,4
exp_hrl_v1,193,2,US_5,PUSH_VP,ADVANCE,,0.21747517585754395,38.966827392578125,,,2
exp_hrl_v1,193,2,US_6,PUSH_VP,ADVANCE,,0.19705842435359955,43.13095474243164,,,4
exp_hrl_v1,193,2,US_7,PUSH_VP,ADVANCE,,0.19705842435359955,43.13095474243164,,,2
exp_hrl_v1,193,3,US_1,PUSH_VP,ADVANCE,,0.19705842435359955,43.13095474243164,,,4
exp_hrl_v1,193,3,US_2,PUSH_VP,ADVANCE,,0.19705842435359955,43.13095474243164,,,4
exp_hrl_v1,193,3,US_3,PUSH_VP,ADVANCE,,0.19705842435359955,43.13095474243164,,,4
exp_hrl_v1,193,3,US_4,PUSH_VP,ADVANCE,,0.19705842435359955,43.13095474243164,,,4
exp_hrl_v1,193,3,US_5,PUSH_VP,ADVANCE,,0.1985795646905899,51.56973648071289,,,2
exp_hrl_v1,193,3,US_6,PUSH_VP,ADVANCE,,0.1985795646905899,51.56973648071289,,,4
exp_hrl_v1,193,3,US_7,PUSH_VP,ADVANCE,,0.1985795646905899,51.56973648071289,,,2
exp_hrl_v1,193,4,US_1,PUSH_VP,ADVANCE,,0.1985795646905899,51.56973648071289,,,4
exp_hrl_v1,193,4,US_2,PUSH_VP,ADVANCE,,0.1985795646905899,51.56973648071289,,,4
exp_hrl_v1,193,4,US_3,PUSH_VP,ADVANCE,,0.1985795646905899,51.56973648071289,,,4
exp_hrl_v1,193,4,US_4,PUSH_VP,ATTACK,INDIRECT,0.27733948826789856,56.64994812011719,,,4
exp_hrl_v1,193,4,US_5,PUSH_VP,ATTACK,INDIRECT,0.27733948826789856,56.64994812011719,,,2
exp_hrl_v1,193,4,US_6,PUSH_VP,ATTACK,INDIRECT,0.27733948826789856,56.64994812011719,,,4
exp_hrl_v1,193,4,US_7,PUSH_VP,ATTACK,INDIRECT,0.27733948826789856,56.64994812011719,,,2
exp_hrl_v1,193,5,US_1,PUSH_VP,ATTACK,INDIRECT,0.27733948826789856,56.64994812011719,,,4
exp_hrl_v1,193,5,US_2,PUSH_VP,ATTACK,INDIRECT,0.27733948826789856,56.64994812011719,,,4
exp_hrl_v1,193,5,US_3,PUSH_VP,ATTACK,INDIRECT,0.27733948826789856,56.64994812011719,,,4
exp_hrl_v1,193,5,US_4,PUSH_VP,ATTACK,INDIRECT,0.27733948826789856,56.64994812011719,,,4
exp_hrl_v1,193,5,US_5,PUSH_VP,ATTACK,INDIRECT,0.27733948826789856,56.64994812011719,,,2
exp_hrl_v1,193,5,US_6,PUSH_VP,ATTACK,INDIRECT,0.27733948826789856,56.64994812011719,,,4
exp_hrl_v1,193,5,US_7,PUSH_VP,ADVANCE,,0.15870597958564758,58.16395568847656,,,2
exp_hrl_v1,193,6,US_1,PUSH_VP,ADVANCE,,0.15870597958564758,58.16395568847656,,,4
exp_hrl_v1,193,6,US_2,PUSH_VP,ADVANCE,,0.15870597958564758,58.16395568847656,,,4
exp_hrl_v1,193,6,US_3,PUSH_VP,ADVANCE,,0.15870597958564758,58.16395568847656,,,4
exp_hrl_v1,193,6,US_4,PUSH_VP,ADVANCE,,0.15870597958564758,58.16395568847656,,,4
exp_hrl_v1,193,6,US_5,PUSH_VP,ADVANCE,,0.15870597958564758,58.16395568847656,,,2
exp_hrl_v1,193,6,US_6,HOLD_VP,ADVANCE,,0.16756713390350342,56.323890686035156,,,4
exp_hrl_v1,193,6,US_7,HOLD_VP,ADVANCE,,0.16756713390350342,56.323890686035156,,,2
exp_hrl_v1,193,7,US_1,HOLD_VP,ADVANCE,,0.16756713390350342,56.323890686035156,,,4
exp_hrl_v1,193,7,US_2,HOLD_VP,ADVANCE,,0.16756713390350342,56.323890686035156,,,4
exp_hrl_v1,193,7,US_3,HOLD_VP,ADVANCE,,0.16756713390350342,56.323890686035156,,,4
exp_hrl_v1,193,7,US_4,HOLD_VP,ADVANCE,,0.16756713390350342,56.323890686035156,,,4
exp_hrl_v1,193,7,US_5,HOLD_VP,ADVANCE,,0.1748526692390442,54.23914337158203,,,2
exp_hrl_v1,193,7,US_6,HOLD_VP,ADVANCE,,0.1748526692390442,54.23914337158203,,,4
exp_hrl_v1,193,7,US_7,HOLD_VP,ADVANCE,,0.1748526692390442,54.23914337158203,,,2
exp_hrl_v1,193,8,US_1,HOLD_VP,ADVANCE,,0.1748526692390442,54.23914337158203,,,4
exp_hrl_v1,193,8,US_2,HOLD_VP,ADVANCE,,0.1748526692390442,54.23914337158203,,,4
exp_hrl_v1,193,8,US_3,HOLD_VP,ADVANCE,,0.1748526692390442,54.23914337158203,,,4
exp_hrl_v1,193,8,US_4,HOLD_VP,ATTACK,INDIRECT,0.16485248506069183,50.33936309814453,,,4
exp_hrl_v1,193,8,US_5,HOLD_VP,ATTACK,INDIRECT,0.16485248506069183,50.33936309814453,,,2
exp_hrl_v1,193,8,US_6,HOLD_VP,ATTACK,INDIRECT,0.16485248506069183,50.33936309814453,,,4
exp_hrl_v1,193,8,US_7,HOLD_VP,ATTACK,INDIRECT,0.16485248506069183,50.33936309814453,,,2
exp_hrl_v1,193,9,US_1,HOLD_VP,ATTACK,INDIRECT,0.16485248506069183,50.33936309814453,,,4
exp_hrl_v1,193,9,US_2,HOLD_VP,ATTACK,INDIRECT,0.16485248506069183,50.33936309814453,,,4
exp_hrl_v1,194,1,US_1,HOLD_VP,FLANK,,0.1957722306251526,31.995033264160156,,,4
exp_hrl_v1,194,1,US_2,HOLD_VP,FLANK,,0.1957722306251526,31.995033264160156,,,4
exp_hrl_v1,194,1,US_3,HOLD_VP,FLANK,,0.1957722306251526,31.995033264160156,,,4
exp_hrl_v1,194,1,US_4,HOLD_VP,FLANK,,0.1957722306251526,31.995033264160156,,,4
exp_hrl_v1,194,1,US_5,HOLD_VP,FLANK,,0.1957722306251526,31.995033264160156,,,2
exp_hrl_v1,194,1,US_6,HOLD_VP,ATTACK,INDIRECT,0.21194958686828613,38.0492057800293,,,4
exp_hrl_v1,194,1,US_7,HOLD_VP,ATTACK,INDIRECT,0.21194958686828613,38.0492057800293,,,2
exp_hrl_v1,194,2,US_1,HOLD_VP,ATTACK,INDIRECT,0.21194958686828613,38.0492057800293,,,4
exp_hrl_v1,194,2,US_2,HOLD_VP,ATTACK,INDIRECT,0.21194958686828613,38.0492057800293,,,4
exp_hrl_v1,194,2,US_3,HOLD_VP,ATTACK,INDIRECT,0.21194958686828613,38.0492057800293,,,4
exp_hrl_v1,194,2,US_4,HOLD_VP,ATTACK,INDIRECT,0.21194958686828613,38.0492057800293,,,4
exp_hrl_v1,194,2,US_5,HOLD_VP,ATTACK,INDIRECT,0.21194958686828613,38.0492057800293,,,2
exp_hrl_v1,194,2,US_6,HOLD_VP,ATTACK,INDIRECT,0.21194958686828613,38.0492057800293,,,4
exp_hrl_v1,194,2,US_7,HOLD_VP,ATTACK,INDIRECT,0.21194958686828613,38.0492057800293,,,2
exp_hrl_v1,194,3,US_1,HOLD_VP,ATTACK,INDIRECT,0.21194958686828613,38.0492057800293,,,4
exp_hrl_v1,194,3,US_2,HOLD_VP,ATTACK,DIRECT,0.34016919136047363,52.91608428955078,,,4
exp_hrl_v1,194,3,US_3,HOLD_VP,ATTACK,DIRECT,0.34016919136047363,52.91608428955078,,,4
exp_hrl_v1,194,3,US_4,HOLD_VP,ATTACK,DIRECT,0.34016919136047363,52.91608428955078,,,4
exp_hrl_v1,194,3,US_5,HOLD_VP,ATTACK,DIRECT,0.34016919136047363,52.91608428955078,,,2
exp_hrl_v1,194,3,US_6,HOLD_VP,ATTACK,DIRECT,0.34016919136047363,52.91608428955078,,,4
exp_hrl_v1,194,3,US_7,HOLD_VP,ATTACK,DIRECT,0.34016919136047363,52.91608428955078,,,2
exp_hrl_v1,194,4,US_1,HOLD_VP,ATTACK,DIRECT,0.34016919136047363,52.91608428955078,,,4
exp_hrl_v1,195,1,US_1,PUSH_VP,ADVANCE,,0.2209296077489853,31.995033264160156,,,4
exp_hrl_v1,195,1,US_2,PUSH_VP,ADVANCE,,0.2209296077489853,31.995033264160156,,,4
exp_hrl_v1,195,1,US_3,PUSH_VP,ADVANCE,,0.2209296077489853,31.995033264160156,,,4
exp_hrl_v1,195,1,US_4,PUSH_VP,ADVANCE,,0.2209296077489853,31.995033264160156,,,4
exp_hrl_v1,195,1,US_5,PUSH_VP,ADVANCE,,0.2209296077489853,31.995033264160156,,,2
exp_hrl_v1,195,1,US_6,PUSH_VP,ADVANCE,,0.2209296077489853,31.995033264160156,,,4
exp_hrl_v1,195,1,US_7,PUSH_VP,FLANK,,0.1966974139213562,38.966827392578125,,,2
exp_hrl_v1,195,2,US_1,PUSH_VP,FLANK,,0.1966974139213562,38.966827392578125,,,4
exp_hrl_v1,195,2,US_2,PUSH_VP,FLANK,,0.1966974139213562,38.966827392578125,,,4
exp_hrl_v1,195,2,US_3,PUSH_VP,FLANK,,0.1966974139213562,38.966827392578125,,,4
exp_hrl_v1,195,2,US_4,PUSH_VP,FLANK,,0.1966974139213562,38.966827392578125,,,4
exp_hrl_v1,195,2,US_5,PUSH_VP,ADVANCE,,0.19041407108306885,45.69208526611328,,,2
exp_hrl_v1,195,2,US_6,PUSH_VP,ADVANCE,,0.19041407108306885,45.69208526611328,,,4
exp_hrl_v1,195,2,US_7,PUSH_VP,ADVANCE,,0.19041407108306885,45.69208526611328,,,2
exp_hrl_v1,195,3,US_1,PUSH_VP,ADVANCE,,0.19041407108306885,45.69208526611328,,,4
exp_hrl_v1,195,3,US_2,PUSH_VP,ADVANCE,,0.19041407108306885,45.69208526611328,,,4
exp_hrl_v1,195,3,US_3,PUSH_VP,ADVANCE,,0.19041407108306885,45.69208526611328,,,4
exp_hrl_v1,195,3,US_4,PUSH_VP,ADVANCE,,0.1976102590560913,50.84752655029297,,,4
exp_hrl_v1,195,3,US_5,PUSH_VP,ADVANCE,,0.1976102590560913,50.84752655029297,,,2
exp_hrl_v1,195,3,US_6,PUSH_VP,ADVANCE,,0.1976102590560913,50.84752655029297,,,4
exp_hrl_v1,195,3,US_7,PUSH_VP,ADVANCE,,0.1976102590560913,50.84752655029297,,,2
exp_hrl_v1,195,4,US_1,PUSH_VP,ADVANCE,,0.1976102590560913,50.84752655029297,,,4
exp_hrl_v1,195,4,US_2,PUSH_VP,ADVANCE,,0.1976102590560913,50.84752655029297,,,4
exp_hrl_v1,195,4,US_3,PUSH_VP,FLANK,,0.18584688007831573,55.34172058105469,,,4
exp_hrl_v1,195,4,US_4,PUSH_VP,FLANK,,0.18584688007831573,55.34172058105469,,,4
exp_hrl_v1,195,4,US_5,PUSH_VP,FLANK,,0.18584688007831573,55.34172058105469,,,2
exp_hrl_v1,195,4,US_6,PUSH_VP,FLANK,,0.18584688007831573,55.34172058105469,,,4
exp_hrl_v1,195,4,US_7,PUSH_VP,FLANK,,0.18584688007831573,55.34172058105469,,,2
exp_hrl_v1,195,5,US_1,PUSH_VP,ADVANCE,,0.17092899978160858,59.20802307128906,,,4
exp_hrl_v1,195,5,US_2,PUSH_VP,ADVANCE,,0.17092899978160858,59.20802307128906,,,4
exp_hrl_v1,195,5,US_3,PUSH_VP,ADVANCE,,0.17092899978160858,59.20802307128906,,,4
exp_hrl_v1,195,5,US_4,PUSH_VP,ADVANCE,,0.17092899978160858,59.20802307128906,,,4
exp_hrl_v1,195,5,US_5,PUSH_VP,ADVANCE,,0.17092899978160858,59.20802307128906,,,2
exp_hrl_v1,195,5,US_6,PUSH_VP,ADVANCE,,0.17092899978160858,59.20802307128906,,,4
exp_hrl_v1,195,5,US_7,HOLD_VP,FLANK,,0.15470173954963684,61.696353912353516,,,2
exp_hrl_v1,195,6,US_1,HOLD_VP,FLANK,,0.15470173954963684,61.696353912353516,,,4
exp_hrl_v1,195,6,US_2,HOLD_VP,FLANK,,0.15470173954963684,61.696353912353516,,,4
exp_hrl_v1,195,6,US_3,HOLD_VP,FLANK,,0.15470173954963684,61.696353912353516,,,4
exp_hrl_v1,195,6,US_4,HOLD_VP,FLANK,,0.15470173954963684,61.696353912353516,,,4
exp_hrl_v1,195,6,US_5,HOLD_VP,ATTACK,INDIRECT,0.4195111095905304,64.12632751464844,,,2
exp_hrl_v1,195,6,US_6,HOLD_VP,ATTACK,INDIRECT,0.4195111095905304,64.12632751464844,,,4
exp_hrl_v1,195,6,US_7,HOLD_VP,ATTACK,INDIRECT,0.4195111095905304,64.12632751464844,,,2
exp_hrl_v1,195,7,US_1,HOLD_VP,ATTACK,INDIRECT,0.4195111095905304,64.12632751464844,,,4
exp_hrl_v1,195,7,US_2,HOLD_VP,ATTACK,INDIRECT,0.4195111095905304,64.12632751464844,,,4
exp_hrl_v1,195,7,US_3,HOLD_VP,ATTACK,INDIRECT,0.4195111095905304,64.12632751464844,,,4
exp_hrl_v1,195,7,US_4,HOLD_VP,ATTACK,INDIRECT,0.4195111095905304,64.12632751464844,,,4
exp_hrl_v1,195,7,US_5,HOLD_VP,ATTACK,INDIRECT,0.4195111095905304,64.12632751464844,,,2
exp_hrl_v1,195,7,US_6,HOLD_VP,ATTACK,INDIRECT,0.4195111095905304,64.12632751464844,,,4
exp_hrl_v1,195,7,US_7,HOLD_VP,ATTACK,INDIRECT,0.4195111095905304,64.12632751464844,,,2
exp_hrl_v1,196,1,US_1,PUSH_VP,ADVANCE,,0.19773367047309875,31.995033264160156,,,4
exp_hrl_v1,196,1,US_2,PUSH_VP,ADVANCE,,0.19773367047309875,31.995033264160156,,,4
exp_hrl_v1,196,1,US_3,PUSH_VP,ADVANCE,,0.19773367047309875,31.995033264160156,,,4
exp_hrl_v1,196,1,US_4,PUSH_VP,ADVANCE,,0.19773367047309875,31.995033264160156,,,4
exp_hrl_v1,196,1,US_5,PUSH_VP,ADVANCE,,0.19773367047309875,31.995033264160156,,,2
exp_hrl_v1,196,1,US_6,PUSH_VP,ADVANCE,,0.19773367047309875,31.995033264160156,,,4
exp_hrl_v1,196,1,US_7,PUSH_VP,ADVANCE,,0.19832457602024078,38.966827392578125,,,2
exp_hrl_v1,196,2,US_1,PUSH_VP,ADVANCE,,0.19832457602024078,38.966827392578125,,,4
exp_hrl_v1,196,2,US_2,PUSH_VP,ADVANCE,,0.19832457602024078,38.966827392578125,,,4
exp_hrl_v1,196,2,US_3,PUSH_VP,ADVANCE,,0.19832457602024078,38.966827392578125,,,4
exp_hrl_v1,196,2,US_4,PUSH_VP,ADVANCE,,0.19832457602024078,38.966827392578125,,,4
exp_hrl_v1,196,2,US_5,PUSH_VP,ADVANCE,,0.19832457602024078,38.966827392578125,,,2
exp_hrl_v1,196,2,US_6,PUSH_VP,ADVANCE,,0.1930677741765976,43.13095474243164,,,4
exp_hrl_v1,196,2,US_7,PUSH_VP,ADVANCE,,0.1930677741765976,43.13095474243164,,,2
exp_hrl_v1,196,3,US_1,PUSH_VP,ADVANCE,,0.1930677741765976,43.13095474243164,,,4
exp_hrl_v1,196,3,US_2,PUSH_VP,ADVANCE,,0.1930677741765976,43.13095474243164,,,4
exp_hrl_v1,196,3,US_3,PUSH_VP,ADVANCE,,0.1930677741765976,43.13095474243164,,,4
exp_hrl_v1,196,3,US_4,PUSH_VP,ADVANCE,,0.1930677741765976,43.13095474243164,,,4
exp_hrl_v1,196,3,US_5,PUSH_VP,FLANK,,0.18429358303546906,51.56973648071289,,,2
exp_hrl_v1,196,3,US_6,PUSH_VP,FLANK,,0.18429358303546906,51.56973648071289,,,4
exp_hrl_v1,196,3,US_7,PUSH_VP,FLANK,,0.18429358303546906,51.56973648071289,,,2
exp_hrl_v1,196,4,US_1,PUSH_VP,FLANK,,0.18429358303546906,51.56973648071289,,,4
exp_hrl_v1,196,4,US_2,PUSH_VP,FLANK,,0.18429358303546906,51.56973648071289,,,4
exp_hrl_v1,196,4,US_3,PUSH_VP,ADVANCE,,0.15722118318080902,55.64869689941406,,,4
exp_hrl_v1,196,4,US_4,PUSH_VP,ADVANCE,,0.15722118318080902,55.64869689941406,,,4
exp_hrl_v1,196,4,US_5,PUSH_VP,ADVANCE,,0.15722118318080902,55.64869689941406,,,2
exp_hrl_v1,196,4,US_6,PUSH_VP,ADVANCE,,0.15722118318080902,55.64869689941406,,,4
exp_hrl_v1,196,4,US_7,PUSH_VP,ADVANCE,,0.15722118318080902,55.64869689941406,,,2
exp_hrl_v1,196,5,US_1,PUSH_VP,ADVANCE,,0.15722118318080902,55.64869689941406,,,4
exp_hrl_v1,196,5,US_2,PUSH_VP,FLANK,,0.16267383098602295,59.29676818847656,,,4
exp_hrl_v1,196,5,US_3,PUSH_VP,FLANK,,0.16267383098602295,59.29676818847656,,,4
exp_hrl_v1,196,5,US_4,PUSH_VP,FLANK,,0.16267383098602295,59.29676818847656,,,4
exp_hrl_v1,196,5,US_5,PUSH_VP,FLANK,,0.16267383098602295,59.29676818847656,,,2
exp_hrl_v1,196,5,US_6,PUSH_VP,FLANK,,0.16267383098602295,59.29676818847656,,,4
exp_hrl_v1,196,5,US_7,HOLD_VP,ADVANCE,,0.1771208792924881,61.96615219116211,,,2
exp_hrl_v1,196,6,US_1,HOLD_VP,ADVANCE,,0.1771208792924881,61.96615219116211,,,4
exp_hrl_v1,196,6,US_2,HOLD_VP,ADVANCE,,0.1771208792924881,61.96615219116211,,,4
exp_hrl_v1,196,6,US_3,HOLD_VP,ADVANCE,,0.1771208792924881,61.96615219116211,,,4
exp_hrl_v1,196,6,US_4,HOLD_VP,ADVANCE,,0.1771208792924881,61.96615219116211,,,4
exp_hrl_v1,196,6,US_5,HOLD_VP,ADVANCE,,0.1771208792924881,61.96615219116211,,,2
exp_hrl_v1,196,6,US_6,HOLD_VP,ATTACK,DIRECT,0.14703768491744995,63.40923309326172,,,4
exp_hrl_v1,196,6,US_7,HOLD_VP,ATTACK,DIRECT,0.14703768491744995,63.40923309326172,,,2
exp_hrl_v1,196,7,US_1,HOLD_VP,ATTACK,DIRECT,0.14703768491744995,63.40923309326172,,,4
exp_hrl_v1,196,7,US_2,HOLD_VP,ATTACK,DIRECT,0.14703768491744995,63.40923309326172,,,4
exp_hrl_v1,196,7,US_3,HOLD_VP,ATTACK,DIRECT,0.14703768491744995,63.40923309326172,,,4
exp_hrl_v1,196,7,US_4,HOLD_VP,ATTACK,DIRECT,0.14703768491744995,63.40923309326172,,,4
exp_hrl_v1,196,7,US_5,HOLD_VP,ATTACK,DIRECT,0.14703768491744995,63.40923309326172,,,2
exp_hrl_v1,196,7,US_6,HOLD_VP,ATTACK,DIRECT,0.14703768491744995,63.40923309326172,,,4
exp_hrl_v1,196,7,US_7,HOLD_VP,ATTACK,DIRECT,0.14703768491744995,63.40923309326172,,,2
exp_hrl_v1,197,1,US_1,ATTACK,ATTACK,DIRECT,0.1955854892730713,31.995033264160156,,,4
exp_hrl_v1,197,1,US_2,ATTACK,ATTACK,DIRECT,0.1955854892730713,31.995033264160156,,,4
exp_hrl_v1,197,1,US_3,ATTACK,ATTACK,DIRECT,0.1955854892730713,31.995033264160156,,,4
exp_hrl_v1,197,1,US_4,ATTACK,ATTACK,DIRECT,0.1955854892730713,31.995033264160156,,,4
exp_hrl_v1,197,1,US_5,ATTACK,ATTACK,DIRECT,0.1955854892730713,31.995033264160156,,,2
exp_hrl_v1,197,1,US_6,ATTACK,ATTACK,DIRECT,0.1955854892730713,31.995033264160156,,,4
exp_hrl_v1,197,1,US_7,ATTACK,ATTACK,DIRECT,0.1955854892730713,31.995033264160156,,,2
exp_hrl_v1,197,2,US_1,ATTACK,ATTACK,DIRECT,0.1955854892730713,31.995033264160156,,,4
exp_hrl_v1,197,2,US_2,ATTACK,ATTACK,DIRECT,0.1955854892730713,31.995033264160156,,,4
exp_hrl_v1,197,2,US_3,ATTACK,ATTACK,DIRECT,0.1955854892730713,31.995033264160156,,,4
exp_hrl_v1,197,2,US_4,ATTACK,ATTACK,DIRECT,0.3612578213214874,53.36323547363281,,,4
exp_hrl_v1,197,2,US_5,ATTACK,ATTACK,DIRECT,0.3612578213214874,53.36323547363281,,,2
exp_hrl_v1,197,2,US_6,ATTACK,ATTACK,DIRECT,0.3612578213214874,53.36323547363281,,,4
exp_hrl_v1,197,2,US_7,ATTACK,ATTACK,DIRECT,0.3612578213214874,53.36323547363281,,,2
exp_hrl_v1,197,3,US_1,ATTACK,ATTACK,DIRECT,0.3612578213214874,53.36323547363281,,,4
exp_hrl_v1,197,3,US_2,ATTACK,ATTACK,DIRECT,0.3612578213214874,53.36323547363281,,,4
exp_hrl_v1,197,3,US_3,ATTACK,ATTACK,DIRECT,0.3612578213214874,53.36323547363281,,,4
exp_hrl_v1,197,3,US_4,ATTACK,ATTACK,DIRECT,0.3612578213214874,53.36323547363281,,,4
exp_hrl_v1,197,3,US_5,ATTACK,ATTACK,DIRECT,0.3612578213214874,53.36323547363281,,,2
exp_hrl_v1,197,3,US_6,ATTACK,ATTACK,DIRECT,0.3612578213214874,53.36323547363281,,,4
exp_hrl_v1,197,3,US_7,ATTACK,ATTACK,DIRECT,0.16098032891750336,55.183250427246094,,,2
exp_hrl_v1,197,4,US_1,ATTACK,ATTACK,DIRECT,0.16098032891750336,55.183250427246094,,,4
exp_hrl_v1,197,4,US_2,ATTACK,ATTACK,DIRECT,0.16098032891750336,55.183250427246094,,,4
exp_hrl_v1,198,1,US_1,PUSH_VP,ADVANCE,,0.1955854892730713,31.995033264160156,,,4
exp_hrl_v1,198,1,US_2,PUSH_VP,ADVANCE,,0.1955854892730713,31.995033264160156,,,4
exp_hrl_v1,198,1,US_3,PUSH_VP,ADVANCE,,0.1955854892730713,31.995033264160156,,,4
exp_hrl_v1,198,1,US_4,PUSH_VP,ADVANCE,,0.1955854892730713,31.995033264160156,,,4
exp_hrl_v1,198,1,US_5,PUSH_VP,ADVANCE,,0.1955854892730713,31.995033264160156,,,2
exp_hrl_v1,198,1,US_6,PUSH_VP,ADVANCE,,0.1955854892730713,31.995033264160156,,,4
exp_hrl_v1,198,1,US_7,PUSH_VP,ADVANCE,,0.19140321016311646,38.966827392578125,,,2
exp_hrl_v1,198,2,US_1,PUSH_VP,ADVANCE,,0.19140321016311646,38.966827392578125,,,4
exp_hrl_v1,198,2,US_2,PUSH_VP,ADVANCE,,0.19140321016311646,38.966827392578125,,,4
exp_hrl_v1,198,2,US_3,PUSH_VP,ADVANCE,,0.19140321016311646,38.966827392578125,,,4
exp_hrl_v1,198,2,US_4,PUSH_VP,ADVANCE,,0.19140321016311646,38.966827392578125,,,4
exp_hrl_v1,198,2,US_5,PUSH_VP,ADVANCE,,0.19140321016311646,38.966827392578125,,,2
exp_hrl_v1,198,2,US_6,PUSH_VP,ADVANCE,,0.21960562467575073,43.13095474243164,,,4
exp_hrl_v1,198,2,US_7,PUSH_VP,ADVANCE,,0.21960562467575073,43.13095474243164,,,2
exp_hrl_v1,198,3,US_1,PUSH_VP,ADVANCE,,0.21960562467575073,43.13095474243164,,,4
exp_hrl_v1,198,3,US_2,PUSH_VP,ADVANCE,,0.21960562467575073,43.13095474243164,,,4
exp_hrl_v1,198,3,US_3,PUSH_VP,ADVANCE,,0.21960562467575073,43.13095474243164,,,4
exp_hrl_v1,198,3,US_4,PUSH_VP,ADVANCE,,0.21960562467575073,43.13095474243164,,,4
exp_hrl_v1,198,3,US_5,PUSH_VP,ADVANCE,,0.17752157151699066,51.56973648071289,,,2
exp_hrl_v1,198,3,US_6,PUSH_VP,ADVANCE,,0.17752157151699066,51.56973648071289,,,4
exp_hrl_v1,198,3,US_7,PUSH_VP,ADVANCE,,0.17752157151699066,51.56973648071289,,,2
exp_hrl_v1,198,4,US_1,PUSH_VP,ADVANCE,,0.17752157151699066,51.56973648071289,,,4
exp_hrl_v1,198,4,US_2,PUSH_VP,ADVANCE,,0.17752157151699066,51.56973648071289,,,4
exp_hrl_v1,198,4,US_3,PUSH_VP,ADVANCE,,0.17752157151699066,51.56973648071289,,,4
exp_hrl_v1,198,4,US_4,PUSH_VP,ADVANCE,,0.18428535759449005,56.64994812011719,,,4
exp_hrl_v1,198,4,US_5,PUSH_VP,ADVANCE,,0.18428535759449005,56.64994812011719,,,2
exp_hrl_v1,198,4,US_6,PUSH_VP,ADVANCE,,0.18428535759449005,56.64994812011719,,,4
exp_hrl_v1,198,4,US_7,PUSH_VP,ADVANCE,,0.18428535759449005,56.64994812011719,,,2
exp_hrl_v1,198,5,US_1,PUSH_VP,ADVANCE,,0.18428535759449005,56.64994812011719,,,4
exp_hrl_v1,198,5,US_2,PUSH_VP,ADVANCE,,0.18428535759449005,56.64994812011719,,,4
exp_hrl_v1,198,5,US_3,PUSH_VP,ADVANCE,,0.18875157833099365,59.8690185546875,,,4
exp_hrl_v1,198,5,US_4,PUSH_VP,ADVANCE,,0.18875157833099365,59.8690185546875,,,4
exp_hrl_v1,198,5,US_5,PUSH_VP,ADVANCE,,0.18875157833099365,59.8690185546875,,,2
exp_hrl_v1,198,5,US_6,PUSH_VP,ADVANCE,,0.18875157833099365,59.8690185546875,,,4
exp_hrl_v1,198,5,US_7,PUSH_VP,ADVANCE,,0.18875157833099365,59.8690185546875,,,2
exp_hrl_v1,198,6,US_1,PUSH_VP,ADVANCE,,0.18875157833099365,59.8690185546875,,,4
exp_hrl_v1,198,6,US_2,HOLD_VP,ATTACK,DIRECT,0.10448520630598068,63.512123107910156,,,4
exp_hrl_v1,198,6,US_3,HOLD_VP,ATTACK,DIRECT,0.10448520630598068,63.512123107910156,,,4
exp_hrl_v1,198,6,US_4,HOLD_VP,ATTACK,DIRECT,0.10448520630598068,63.512123107910156,,,4
exp_hrl_v1,198,6,US_5,HOLD_VP,ATTACK,DIRECT,0.10448520630598068,63.512123107910156,,,2
exp_hrl_v1,198,6,US_6,HOLD_VP,ATTACK,DIRECT,0.10448520630598068,63.512123107910156,,,4
exp_hrl_v1,198,6,US_7,HOLD_VP,ATTACK,DIRECT,0.10448520630598068,63.512123107910156,,,2
exp_hrl_v1,198,7,US_1,HOLD_VP,ATTACK,DIRECT,0.10448520630598068,63.512123107910156,,,4
exp_hrl_v1,198,7,US_2,HOLD_VP,ATTACK,DIRECT,0.10448520630598068,63.512123107910156,,,4
exp_hrl_v1,199,1,US_1,HOLD_VP,ADVANCE,,0.19773367047309875,31.995033264160156,,,4
exp_hrl_v1,199,1,US_2,HOLD_VP,ADVANCE,,0.19773367047309875,31.995033264160156,,,4
exp_hrl_v1,199,1,US_3,HOLD_VP,ADVANCE,,0.19773367047309875,31.995033264160156,,,4
exp_hrl_v1,199,1,US_4,HOLD_VP,ADVANCE,,0.19773367047309875,31.995033264160156,,,4
exp_hrl_v1,199,1,US_5,HOLD_VP,ADVANCE,,0.19773367047309875,31.995033264160156,,,2
exp_hrl_v1,199,1,US_6,HOLD_VP,ADVANCE,,0.19773367047309875,31.995033264160156,,,4
exp_hrl_v1,199,1,US_7,HOLD_VP,ATTACK,INDIRECT,0.21747517585754395,38.966827392578125,,,2
exp_hrl_v1,199,2,US_1,HOLD_VP,ATTACK,INDIRECT,0.21747517585754395,38.966827392578125,,,4
exp_hrl_v1,199,2,US_2,HOLD_VP,ATTACK,INDIRECT,0.21747517585754395,38.966827392578125,,,4
exp_hrl_v1,199,2,US_3,HOLD_VP,ATTACK,INDIRECT,0.21747517585754395,38.966827392578125,,,4
exp_hrl_v1,199,2,US_4,HOLD_VP,ATTACK,INDIRECT,0.21747517585754395,38.966827392578125,,,4
exp_hrl_v1,199,2,US_5,HOLD_VP,ATTACK,INDIRECT,0.21747517585754395,38.966827392578125,,,2
exp_hrl_v1,199,2,US_6,HOLD_VP,ATTACK,INDIRECT,0.21747517585754395,38.966827392578125,,,4
exp_hrl_v1,199,2,US_7,HOLD_VP,ATTACK,INDIRECT,0.21747517585754395,38.966827392578125,,,2
exp_hrl_v1,199,3,US_1,HOLD_VP,ATTACK,INDIRECT,0.21747517585754395,38.966827392578125,,,4
exp_hrl_v1,199,3,US_2,HOLD_VP,ATTACK,INDIRECT,0.21747517585754395,38.966827392578125,,,4
exp_hrl_v1,199,3,US_3,HOLD_VP,ADVANCE,,0.2951766550540924,52.004730224609375,,,4
exp_hrl_v1,199,3,US_4,HOLD_VP,ADVANCE,,0.2951766550540924,52.004730224609375,,,4
exp_hrl_v1,199,3,US_5,HOLD_VP,ADVANCE,,0.2951766550540924,52.004730224609375,,,2
exp_hrl_v1,199,3,US_6,HOLD_VP,ADVANCE,,0.2951766550540924,52.004730224609375,,,4
exp_hrl_v1,199,3,US_7,HOLD_VP,ADVANCE,,0.2951766550540924,52.004730224609375,,,2
exp_hrl_v1,199,4,US_1,HOLD_VP,ADVANCE,,0.2951766550540924,52.004730224609375,,,4
exp_hrl_v1,199,4,US_2,HOLD_VP,ADVANCE,,0.1594102531671524,54.50425720214844,,,4
exp_hrl_v1,199,4,US_3,HOLD_VP,ADVANCE,,0.1594102531671524,54.50425720214844,,,4
exp_hrl_v1,199,4,US_4,HOLD_VP,ADVANCE,,0.1594102531671524,54.50425720214844,,,4
exp_hrl_v1,199,4,US_5,HOLD_VP,ADVANCE,,0.1594102531671524,54.50425720214844,,,2
exp_hrl_v1,199,4,US_6,HOLD_VP,ADVANCE,,0.1594102531671524,54.50425720214844,,,4
exp_hrl_v1,199,4,US_7,HOLD_VP,ADVANCE,,0.1594102531671524,54.50425720214844,,,2
exp_hrl_v1,199,5,US_1,HOLD_VP,ATTACK,INDIRECT,0.2497430145740509,53.44844055175781,,,4
