experiment_id,episode_id,turn,unit_id,action,result,damage,kills,unit_alive_after
exp_hrl_v1,0,1,GE_1,MoveAction,,0,0,True
exp_hrl_v1,0,1,US_1,MoveAction,,0,0,True
exp_hrl_v1,0,1,GE_2,MoveAction,,0,0,True
exp_hrl_v1,0,1,US_2,MoveAction,,0,0,True
exp_hrl_v1,0,1,GE_3,MoveAction,,0,0,True
exp_hrl_v1,0,1,US_3,MoveAction,,0,0,True
exp_hrl_v1,0,1,GE_4,MoveAction,,0,0,True
exp_hrl_v1,0,1,US_4,MoveAction,,0,0,True
exp_hrl_v1,0,1,GE_5,MoveAction,,0,0,True
exp_hrl_v1,0,1,US_5,MoveAction,,0,0,True
exp_hrl_v1,0,1,US_6,MoveAction,,0,0,True
exp_hrl_v1,0,1,US_7,MoveAction,,0,0,True
exp_hrl_v1,0,2,GE_1,MoveAction,,0,0,True
exp_hrl_v1,0,2,US_1,MoveAction,,0,0,True
exp_hrl_v1,0,2,GE_2,MoveAction,,0,0,True
exp_hrl_v1,0,2,US_2,MoveAction,,0,0,True
exp_hrl_v1,0,2,GE_3,MoveAction,,0,0,True
exp_hrl_v1,0,2,US_3,WaitAction,,0,0,True
exp_hrl_v1,0,2,GE_4,MoveAction,,0,0,True
exp_hrl_v1,0,2,US_4,MoveAction,,0,0,True
exp_hrl_v1,0,2,GE_5,MoveAction,,0,0,True
exp_hrl_v1,0,2,US_5,MoveAction,,0,0,True
exp_hrl_v1,0,2,US_6,MoveAction,,0,0,True
exp_hrl_v1,0,3,US_7,WaitAction,,0,0,True
exp_hrl_v1,0,3,GE_1,MoveAction,,0,0,True
exp_hrl_v1,0,3,US_1,MoveAction,,0,0,True
exp_hrl_v1,0,3,GE_2,MoveAction,,0,0,True
exp_hrl_v1,0,3,US_2,MoveAction,,0,0,True
exp_hrl_v1,0,3,GE_3,MoveAction,,0,0,True
exp_hrl_v1,0,3,US_3,MoveAction,,0,0,True
exp_hrl_v1,0,3,GE_4,MoveAction,,0,0,True
exp_hrl_v1,0,3,US_4,MoveAction,,0,0,True
exp_hrl_v1,0,3,GE_5,WaitAction,,0,0,True
exp_hrl_v1,0,3,US_5,WaitAction,,0,0,True
exp_hrl_v1,0,3,US_6,MoveAction,,0,0,True
exp_hrl_v1,0,3,US_7,MoveAction,,0,0,True
exp_hrl_v1,0,4,GE_1,MoveAction,,0,0,True
exp_hrl_v1,0,4,US_1,WaitAction,,0,0,True
exp_hrl_v1,0,4,GE_2,WaitAction,,0,0,True
exp_hrl_v1,0,4,US_2,MoveAction,,0,0,True
exp_hrl_v1,0,4,GE_3,WaitAction,,0,0,True
exp_hrl_v1,0,4,US_3,MoveAction,,0,0,True
exp_hrl_v1,0,4,GE_4,MoveAction,,0,0,True
exp_hrl_v1,0,4,US_4,MoveAction,,0,0,True
exp_hrl_v1,0,4,GE_5,WaitAction,,0,0,True
exp_hrl_v1,0,4,US_5,WaitAction,,0,0,True
exp_hrl_v1,0,4,US_6,MoveAction,,0,0,True
exp_hrl_v1,0,5,US_7,WaitAction,,0,0,True
exp_hrl_v1,0,5,GE_1,WaitAction,,0,0,True
exp_hrl_v1,0,5,US_1,WaitAction,,0,0,True
exp_hrl_v1,0,5,GE_2,WaitAction,,0,0,True
exp_hrl_v1,0,5,US_2,WaitAction,,0,0,True
exp_hrl_v1,0,5,GE_3,WaitAction,,0,0,True
exp_hrl_v1,0,5,US_3,WaitAction,,0,0,True
exp_hrl_v1,0,5,GE_4,WaitAction,,0,0,True
exp_hrl_v1,0,5,US_4,MoveAction,,0,0,True
exp_hrl_v1,0,5,GE_5,WaitAction,,0,0,True
exp_hrl_v1,0,5,US_5,WaitAction,,0,0,True
exp_hrl_v1,0,5,US_6,MoveAction,,0,0,True
exp_hrl_v1,0,6,US_7,WaitAction,,0,0,True
exp_hrl_v1,0,6,GE_1,WaitAction,,0,0,True
exp_hrl_v1,0,6,US_1,WaitAction,,0,0,True
exp_hrl_v1,0,6,GE_2,WaitAction,,0,0,True
exp_hrl_v1,0,6,US_2,RangedDirectAttack,,0,0,True
exp_hrl_v1,0,6,GE_3,WaitAction,,0,0,True
exp_hrl_v1,0,6,US_3,RangedDirectAttack,,0,0,True
exp_hrl_v1,0,6,GE_4,WaitAction,,0,0,True
exp_hrl_v1,0,6,US_4,RangedDirectAttack,,0,0,True
exp_hrl_v1,0,6,GE_5,NoneType,,0,0,True
exp_hrl_v1,0,6,US_5,RangedDirectAttack,,0,0,True
exp_hrl_v1,0,6,US_6,RangedDirectAttack,,0,0,True
exp_hrl_v1,0,6,US_7,RangedDirectAttack,,0,0,True
exp_hrl_v1,0,7,GE_1,WaitAction,,0,0,True
exp_hrl_v1,0,7,US_1,RangedDirectAttack,,0,0,True
exp_hrl_v1,0,7,GE_3,MoveAction,,0,0,True
exp_hrl_v1,0,7,US_2,RangedDirectAttack,,0,0,True
exp_hrl_v1,0,7,GE_4,MoveAction,,0,0,True
exp_hrl_v1,0,7,US_3,RangedDirectAttack,,0,0,True
exp_hrl_v1,0,7,US_4,RangedDirectAttack,,0,0,True
exp_hrl_v1,1,1,GE_1,MoveAction,,0,0,True
exp_hrl_v1,1,1,US_1,MoveAction,,0,0,True
exp_hrl_v1,1,1,GE_2,MoveAction,,0,0,True
exp_hrl_v1,1,1,US_2,MoveAction,,0,0,True
exp_hrl_v1,1,1,GE_3,MoveAction,,0,0,True
exp_hrl_v1,1,1,US_3,MoveAction,,0,0,True
exp_hrl_v1,1,1,GE_4,MoveAction,,0,0,True
exp_hrl_v1,1,1,US_4,MoveAction,,0,0,True
exp_hrl_v1,1,1,GE_5,MoveAction,,0,0,True
exp_hrl_v1,1,1,US_5,MoveAction,,0,0,True
exp_hrl_v1,1,1,US_6,MoveAction,,0,0,True
exp_hrl_v1,1,1,US_7,MoveAction,,0,0,True
exp_hrl_v1,1,2,GE_1,MoveAction,,0,0,True
exp_hrl_v1,1,2,US_1,MoveAction,,0,0,True
exp_hrl_v1,1,2,GE_2,MoveAction,,0,0,True
exp_hrl_v1,1,2,US_2,MoveAction,,0,0,True
exp_hrl_v1,1,2,GE_3,MoveAction,,0,0,True
exp_hrl_v1,1,2,US_3,WaitAction,,0,0,True
exp_hrl_v1,1,2,GE_4,MoveAction,,0,0,True
exp_hrl_v1,1,2,US_4,MoveAction,,0,0,True
exp_hrl_v1,1,2,GE_5,MoveAction,,0,0,True
exp_hrl_v1,1,2,US_5,MoveAction,,0,0,True
exp_hrl_v1,1,2,US_6,RangedIndirectAttack,,0,0,True
exp_hrl_v1,1,2,US_7,RangedIndirectAttack,,0,0,True
exp_hrl_v1,1,3,GE_1,MoveAction,,0,0,True
exp_hrl_v1,1,3,US_1,RangedIndirectAttack,,0,0,True
exp_hrl_v1,1,3,GE_2,MoveAction,,0,0,True
exp_hrl_v1,1,3,US_2,RangedIndirectAttack,,0,0,True
exp_hrl_v1,1,3,GE_3,MoveAction,,0,0,True
exp_hrl_v1,1,3,US_3,RangedIndirectAttack,,0,0,True
exp_hrl_v1,1,3,GE_4,MoveAction,,0,0,True
exp_hrl_v1,1,3,US_4,RangedIndirectAttack,,0,0,True
exp_hrl_v1,1,3,US_5,RangedIndirectAttack,,0,0,True
exp_hrl_v1,1,3,US_6,RangedIndirectAttack,,0,0,True
exp_hrl_v1,1,3,US_7,RangedIndirectAttack,,0,0,True
exp_hrl_v1,1,4,GE_4,MoveAction,,0,0,True
exp_hrl_v1,1,4,US_1,RangedIndirectAttack,,0,0,True
exp_hrl_v1,2,1,GE_1,MoveAction,,0,0,True
exp_hrl_v1,2,1,US_1,MoveAction,,0,0,True
exp_hrl_v1,2,1,GE_2,MoveAction,,0,0,True
exp_hrl_v1,2,1,US_2,MoveAction,,0,0,True
exp_hrl_v1,2,1,GE_3,MoveAction,,0,0,True
exp_hrl_v1,2,1,US_3,MoveAction,,0,0,True
exp_hrl_v1,2,1,GE_4,MoveAction,,0,0,True
exp_hrl_v1,2,1,US_4,MoveAction,,0,0,True
exp_hrl_v1,2,1,GE_5,MoveAction,,0,0,True
exp_hrl_v1,2,1,US_5,MoveAction,,0,0,True
exp_hrl_v1,2,1,US_6,MoveAction,,0,0,True
exp_hrl_v1,2,1,US_7,RangedDirectAttack,,0,0,True
exp_hrl_v1,2,2,GE_1,MoveAction,,0,0,True
exp_hrl_v1,2,2,US_1,RangedDirectAttack,,0,0,True
exp_hrl_v1,2,2,GE_2,MoveAction,,0,0,True
exp_hrl_v1,2,2,US_2,RangedDirectAttack,,0,0,True
exp_hrl_v1,2,2,GE_3,MoveAction,,0,0,True
exp_hrl_v1,2,2,US_3,RangedDirectAttack,,0,0,True
exp_hrl_v1,2,2,GE_4,MoveAction,,0,0,True
exp_hrl_v1,2,2,US_4,RangedDirectAttack,,0,0,True
exp_hrl_v1,2,2,GE_5,NoneType,,0,0,True
exp_hrl_v1,2,2,US_5,RangedDirectAttack,,0,0,True
exp_hrl_v1,2,2,US_6,RangedDirectAttack,,0,0,True
exp_hrl_v1,2,2,US_7,RangedDirectAttack,,0,0,True
exp_hrl_v1,2,3,GE_2,MoveAction,,0,0,True
exp_hrl_v1,2,3,US_1,RangedDirectAttack,,0,0,True
exp_hrl_v1,2,3,GE_3,MoveAction,,0,0,True
exp_hrl_v1,2,3,US_2,RangedDirectAttack,,0,0,True
exp_hrl_v1,2,3,GE_4,MoveAction,,0,0,True
exp_hrl_v1,2,3,US_3,RangedDirectAttack,,0,0,True
exp_hrl_v1,2,3,US_4,RangedDirectAttack,,0,0,True
exp_hrl_v1,2,3,US_5,RangedDirectAttack,,0,0,True
exp_hrl_v1,2,3,US_6,RangedDirectAttack,,0,0,True
exp_hrl_v1,2,3,US_7,RangedDirectAttack,,0,0,True
exp_hrl_v1,3,1,GE_1,MoveAction,,0,0,True
exp_hrl_v1,3,1,US_1,RangedDirectAttack,,0,0,True
exp_hrl_v1,3,1,GE_2,MoveAction,,0,0,True
exp_hrl_v1,3,1,US_2,RangedDirectAttack,,0,0,True
exp_hrl_v1,3,1,GE_3,MoveAction,,0,0,True
exp_hrl_v1,3,1,US_3,RangedDirectAttack,,0,0,True
exp_hrl_v1,3,1,GE_4,MoveAction,,0,0,True
exp_hrl_v1,3,1,US_4,RangedDirectAttack,,0,0,True
exp_hrl_v1,3,1,GE_5,NoneType,,0,0,True
exp_hrl_v1,3,1,US_5,RangedDirectAttack,,0,0,True
exp_hrl_v1,3,1,US_6,RangedDirectAttack,,0,0,True
exp_hrl_v1,3,1,US_7,RangedDirectAttack,,0,0,True
exp_hrl_v1,3,2,GE_1,MoveAction,,0,0,True
exp_hrl_v1,3,2,US_1,RangedDirectAttack,,0,0,True
exp_hrl_v1,3,2,GE_2,MoveAction,,0,0,True
exp_hrl_v1,3,2,US_2,RangedDirectAttack,,0,0,True
exp_hrl_v1,3,2,GE_3,MoveAction,,0,0,True
exp_hrl_v1,3,2,US_3,RangedDirectAttack,,0,0,True
exp_hrl_v1,3,2,GE_4,MoveAction,,0,0,True
exp_hrl_v1,3,2,US_4,RangedDirectAttack,,0,0,True
exp_hrl_v1,3,2,US_5,RangedDirectAttack,,0,0,True
exp_hrl_v1,3,2,US_6,RangedDirectAttack,,0,0,True
exp_hrl_v1,3,2,US_7,RangedDirectAttack,,0,0,True
exp_hrl_v1,3,3,GE_4,MoveAction,,0,0,True
exp_hrl_v1,3,3,US_1,RangedDirectAttack,,0,0,True
exp_hrl_v1,3,3,US_2,RangedDirectAttack,,0,0,True
exp_hrl_v1,3,3,US_3,RangedDirectAttack,,0,0,True
exp_hrl_v1,4,1,GE_1,MoveAction,,0,0,True
exp_hrl_v1,4,1,US_1,MoveAction,,0,0,True
exp_hrl_v1,4,1,GE_2,MoveAction,,0,0,True
exp_hrl_v1,4,1,US_2,MoveAction,,0,0,True
exp_hrl_v1,4,1,GE_3,MoveAction,,0,0,True
exp_hrl_v1,4,1,US_3,MoveAction,,0,0,True
exp_hrl_v1,4,1,GE_4,MoveAction,,0,0,True
exp_hrl_v1,4,1,US_4,MoveAction,,0,0,True
exp_hrl_v1,4,1,GE_5,MoveAction,,0,0,True
exp_hrl_v1,4,1,US_5,MoveAction,,0,0,True
exp_hrl_v1,4,1,US_6,MoveAction,,0,0,True
exp_hrl_v1,4,1,US_7,MoveAction,,0,0,True
exp_hrl_v1,4,2,GE_1,MoveAction,,0,0,True
exp_hrl_v1,4,2,US_1,MoveAction,,0,0,True
exp_hrl_v1,4,2,GE_2,MoveAction,,0,0,True
exp_hrl_v1,4,2,US_2,MoveAction,,0,0,True
exp_hrl_v1,4,2,GE_3,MoveAction,,0,0,True
exp_hrl_v1,4,2,US_3,WaitAction,,0,0,True
exp_hrl_v1,4,2,GE_4,MoveAction,,0,0,True
exp_hrl_v1,4,2,US_4,MoveAction,,0,0,True
exp_hrl_v1,4,2,GE_5,MoveAction,,0,0,True
exp_hrl_v1,4,2,US_5,MoveAction,,0,0,True
exp_hrl_v1,4,2,US_6,MoveAction,,0,0,True
exp_hrl_v1,4,3,US_7,WaitAction,,0,0,True
exp_hrl_v1,4,3,GE_1,MoveAction,,0,0,True
exp_hrl_v1,4,3,US_1,MoveAction,,0,0,True
exp_hrl_v1,4,3,GE_2,MoveAction,,0,0,True
exp_hrl_v1,4,3,US_2,MoveAction,,0,0,True
exp_hrl_v1,4,3,GE_3,MoveAction,,0,0,True
exp_hrl_v1,4,3,US_3,MoveAction,,0,0,True
exp_hrl_v1,4,3,GE_4,MoveAction,,0,0,True
exp_hrl_v1,4,3,US_4,MoveAction,,0,0,True
exp_hrl_v1,4,3,GE_5,WaitAction,,0,0,True
exp_hrl_v1,4,3,US_5,MoveAction,,0,0,True
exp_hrl_v1,4,3,US_6,MoveAction,,0,0,True
exp_hrl_v1,4,3,US_7,MoveAction,,0,0,True
exp_hrl_v1,4,4,GE_1,MoveAction,,0,0,True
exp_hrl_v1,4,4,US_1,MoveAction,,0,0,True
exp_hrl_v1,4,4,GE_2,MoveAction,,0,0,True
exp_hrl_v1,4,4,US_2,MoveAction,,0,0,True
exp_hrl_v1,4,4,GE_3,MoveAction,,0,0,True
exp_hrl_v1,4,4,US_3,MoveAction,,0,0,True
exp_hrl_v1,4,4,GE_4,MoveAction,,0,0,True
exp_hrl_v1,4,4,US_4,MoveAction,,0,0,True
exp_hrl_v1,4,4,GE_5,MoveAction,,0,0,True
exp_hrl_v1,4,4,US_5,MoveAction,,0,0,True
exp_hrl_v1,4,4,US_6,MoveAction,,0,0,True
exp_hrl_v1,4,4,US_7,MoveAction,,0,0,True
exp_hrl_v1,4,5,GE_1,MoveAction,,0,0,True
exp_hrl_v1,4,5,US_1,WaitAction,,0,0,True
exp_hrl_v1,4,5,GE_2,WaitAction,,0,0,True
exp_hrl_v1,4,5,US_2,WaitAction,,0,0,True
exp_hrl_v1,4,5,GE_3,WaitAction,,0,0,True
exp_hrl_v1,4,5,US_3,MoveAction,,0,0,True
exp_hrl_v1,4,5,GE_4,MoveAction,,0,0,True
exp_hrl_v1,4,5,US_4,MoveAction,,0,0,True
exp_hrl_v1,4,5,GE_5,WaitAction,,0,0,True
exp_hrl_v1,4,5,US_5,WaitAction,,0,0,True
exp_hrl_v1,4,5,US_6,MoveAction,,0,0,True
exp_hrl_v1,4,6,US_7,WaitAction,,0,0,True
exp_hrl_v1,4,6,GE_1,WaitAction,,0,0,True
exp_hrl_v1,4,6,US_1,WaitAction,,0,0,True
exp_hrl_v1,4,6,GE_2,WaitAction,,0,0,True
exp_hrl_v1,4,6,US_2,WaitAction,,0,0,True
exp_hrl_v1,4,6,GE_3,WaitAction,,0,0,True
exp_hrl_v1,4,6,US_3,RangedDirectAttack,,0,0,True
exp_hrl_v1,4,6,GE_4,WaitAction,,0,0,True
exp_hrl_v1,4,6,US_4,RangedDirectAttack,,0,0,True
exp_hrl_v1,4,6,GE_5,NoneType,,0,0,True
exp_hrl_v1,4,6,US_5,RangedDirectAttack,,0,0,True
exp_hrl_v1,4,6,US_6,RangedDirectAttack,,0,0,True
exp_hrl_v1,4,6,US_7,RangedDirectAttack,,0,0,True
exp_hrl_v1,4,7,GE_1,WaitAction,,0,0,True
exp_hrl_v1,4,7,US_1,RangedDirectAttack,,0,0,True
exp_hrl_v1,4,7,GE_4,MoveAction,,0,0,True
exp_hrl_v1,4,7,US_2,RangedDirectAttack,,0,0,True
exp_hrl_v1,4,7,US_3,RangedDirectAttack,,0,0,True
exp_hrl_v1,5,1,GE_1,MoveAction,,0,0,True
exp_hrl_v1,5,1,US_1,MoveAction,,0,0,True
exp_hrl_v1,5,1,GE_2,MoveAction,,0,0,True
exp_hrl_v1,5,1,US_2,MoveAction,,0,0,True
exp_hrl_v1,5,1,GE_3,MoveAction,,0,0,True
exp_hrl_v1,5,1,US_3,MoveAction,,0,0,True
exp_hrl_v1,5,1,GE_4,MoveAction,,0,0,True
exp_hrl_v1,5,1,US_4,MoveAction,,0,0,True
exp_hrl_v1,5,1,GE_5,MoveAction,,0,0,True
exp_hrl_v1,5,1,US_5,MoveAction,,0,0,True
exp_hrl_v1,5,1,US_6,MoveAction,,0,0,True
exp_hrl_v1,5,1,US_7,MoveAction,,0,0,True
exp_hrl_v1,5,2,GE_1,MoveAction,,0,0,True
exp_hrl_v1,5,2,US_1,MoveAction,,0,0,True
exp_hrl_v1,5,2,GE_2,MoveAction,,0,0,True
exp_hrl_v1,5,2,US_2,MoveAction,,0,0,True
exp_hrl_v1,5,2,GE_3,MoveAction,,0,0,True
exp_hrl_v1,5,2,US_3,MoveAction,,0,0,True
exp_hrl_v1,5,2,GE_4,MoveAction,,0,0,True
exp_hrl_v1,5,2,US_4,MoveAction,,0,0,True
exp_hrl_v1,5,2,GE_5,MoveAction,,0,0,True
exp_hrl_v1,5,2,US_5,MoveAction,,0,0,True
exp_hrl_v1,5,2,US_6,MoveAction,,0,0,True
exp_hrl_v1,5,2,US_7,MoveAction,,0,0,True
exp_hrl_v1,5,3,GE_1,MoveAction,,0,0,True
exp_hrl_v1,5,3,US_1,MoveAction,,0,0,True
exp_hrl_v1,5,3,GE_2,MoveAction,,0,0,True
exp_hrl_v1,5,3,US_2,MoveAction,,0,0,True
exp_hrl_v1,5,3,GE_3,MoveAction,,0,0,True
exp_hrl_v1,5,3,US_3,WaitAction,,0,0,True
exp_hrl_v1,5,3,GE_4,MoveAction,,0,0,True
exp_hrl_v1,5,3,US_4,MoveAction,,0,0,True
exp_hrl_v1,5,3,GE_5,MoveAction,,0,0,True
exp_hrl_v1,5,3,US_5,MoveAction,,0,0,True
exp_hrl_v1,5,3,US_6,MoveAction,,0,0,True
exp_hrl_v1,5,3,US_7,MoveAction,,0,0,True
exp_hrl_v1,5,4,GE_1,MoveAction,,0,0,True
exp_hrl_v1,5,4,US_1,MoveAction,,0,0,True
exp_hrl_v1,5,4,GE_2,MoveAction,,0,0,True
exp_hrl_v1,5,4,US_2,MoveAction,,0,0,True
exp_hrl_v1,5,4,GE_3,MoveAction,,0,0,True
exp_hrl_v1,5,4,US_3,WaitAction,,0,0,True
exp_hrl_v1,5,4,GE_4,MoveAction,,0,0,True
exp_hrl_v1,5,4,US_4,MoveAction,,0,0,True
exp_hrl_v1,5,4,GE_5,MoveAction,,0,0,True
exp_hrl_v1,5,4,US_5,MoveAction,,0,0,True
exp_hrl_v1,5,4,US_6,MoveAction,,0,0,True
exp_hrl_v1,5,5,US_7,WaitAction,,0,0,True
exp_hrl_v1,5,5,GE_1,MoveAction,,0,0,True
exp_hrl_v1,5,5,US_1,RangedDirectAttack,,0,0,True
exp_hrl_v1,5,5,GE_2,WaitAction,,0,0,True
exp_hrl_v1,5,5,US_2,RangedDirectAttack,,0,0,True
exp_hrl_v1,5,5,GE_3,WaitAction,,0,0,True
exp_hrl_v1,5,5,US_3,RangedDirectAttack,,0,0,True
exp_hrl_v1,5,5,GE_4,MoveAction,,0,0,True
exp_hrl_v1,5,5,US_4,RangedDirectAttack,,0,0,True
exp_hrl_v1,5,5,GE_5,NoneType,,0,0,True
exp_hrl_v1,5,5,US_5,RangedDirectAttack,,0,0,True
exp_hrl_v1,5,5,US_6,RangedDirectAttack,,0,0,True
exp_hrl_v1,5,5,US_7,RangedDirectAttack,,0,0,True
exp_hrl_v1,5,6,GE_4,MoveAction,,0,0,True
exp_hrl_v1,5,6,US_1,RangedDirectAttack,,0,0,True
exp_hrl_v1,5,6,US_2,RangedDirectAttack,,0,0,True
exp_hrl_v1,5,6,US_3,RangedDirectAttack,,0,0,True
exp_hrl_v1,6,1,GE_1,MoveAction,,0,0,True
exp_hrl_v1,6,1,US_1,MoveAction,,0,0,True
exp_hrl_v1,6,1,GE_2,MoveAction,,0,0,True
exp_hrl_v1,6,1,US_2,MoveAction,,0,0,True
exp_hrl_v1,6,1,GE_3,MoveAction,,0,0,True
exp_hrl_v1,6,1,US_3,MoveAction,,0,0,True
exp_hrl_v1,6,1,GE_4,MoveAction,,0,0,True
exp_hrl_v1,6,1,US_4,MoveAction,,0,0,True
exp_hrl_v1,6,1,GE_5,MoveAction,,0,0,True
exp_hrl_v1,6,1,US_5,MoveAction,,0,0,True
exp_hrl_v1,6,1,US_6,MoveAction,,0,0,True
exp_hrl_v1,6,1,US_7,MoveAction,,0,0,True
exp_hrl_v1,6,2,GE_1,MoveAction,,0,0,True
exp_hrl_v1,6,2,US_1,MoveAction,,0,0,True
exp_hrl_v1,6,2,GE_2,MoveAction,,0,0,True
exp_hrl_v1,6,2,US_2,MoveAction,,0,0,True
exp_hrl_v1,6,2,GE_3,MoveAction,,0,0,True
exp_hrl_v1,6,2,US_3,MoveAction,,0,0,True
exp_hrl_v1,6,2,GE_4,MoveAction,,0,0,True
exp_hrl_v1,6,2,US_4,MoveAction,,0,0,True
exp_hrl_v1,6,2,GE_5,MoveAction,,0,0,True
exp_hrl_v1,6,2,US_5,MoveAction,,0,0,True
exp_hrl_v1,6,2,US_6,MoveAction,,0,0,True
exp_hrl_v1,6,2,US_7,MoveAction,,0,0,True
exp_hrl_v1,6,3,GE_1,MoveAction,,0,0,True
exp_hrl_v1,6,3,US_1,MoveAction,,0,0,True
exp_hrl_v1,6,3,GE_2,MoveAction,,0,0,True
exp_hrl_v1,6,3,US_2,MoveAction,,0,0,True
exp_hrl_v1,6,3,GE_3,MoveAction,,0,0,True
exp_hrl_v1,6,3,US_3,MoveAction,,0,0,True
exp_hrl_v1,6,3,GE_4,MoveAction,,0,0,True
exp_hrl_v1,6,3,US_4,MoveAction,,0,0,True
exp_hrl_v1,6,3,GE_5,WaitAction,,0,0,True
exp_hrl_v1,6,3,US_5,WaitAction,,0,0,True
exp_hrl_v1,6,3,US_6,MoveAction,,0,0,True
exp_hrl_v1,6,4,US_7,WaitAction,,0,0,True
exp_hrl_v1,6,4,GE_1,MoveAction,,0,0,True
exp_hrl_v1,6,4,US_1,WaitAction,,0,0,True
exp_hrl_v1,6,4,GE_2,WaitAction,,0,0,True
exp_hrl_v1,6,4,US_2,MoveAction,,0,0,True
exp_hrl_v1,6,4,GE_3,WaitAction,,0,0,True
exp_hrl_v1,6,4,US_3,WaitAction,,0,0,True
exp_hrl_v1,6,4,GE_4,MoveAction,,0,0,True
exp_hrl_v1,6,4,US_4,MoveAction,,0,0,True
exp_hrl_v1,6,4,GE_5,WaitAction,,0,0,True
exp_hrl_v1,6,4,US_5,MoveAction,,0,0,True
exp_hrl_v1,6,4,US_6,MoveAction,,0,0,True
exp_hrl_v1,6,4,US_7,MoveAction,,0,0,True
exp_hrl_v1,6,5,GE_1,WaitAction,,0,0,True
exp_hrl_v1,6,5,US_1,WaitAction,,0,0,True
exp_hrl_v1,6,5,GE_2,WaitAction,,0,0,True
exp_hrl_v1,6,5,US_2,WaitAction,,0,0,True
exp_hrl_v1,6,5,GE_3,WaitAction,,0,0,True
exp_hrl_v1,6,5,US_3,MoveAction,,0,0,True
exp_hrl_v1,6,5,GE_4,WaitAction,,0,0,True
exp_hrl_v1,6,5,US_4,RangedDirectAttack,,0,0,True
exp_hrl_v1,6,5,GE_5,WaitAction,,0,0,True
exp_hrl_v1,6,5,US_5,RangedDirectAttack,,0,0,True
exp_hrl_v1,6,5,US_6,RangedDirectAttack,,0,0,True
exp_hrl_v1,6,5,US_7,RangedDirectAttack,,0,0,True
exp_hrl_v1,6,6,GE_1,WaitAction,,0,0,True
exp_hrl_v1,6,6,US_1,RangedDirectAttack,,0,0,True
exp_hrl_v1,6,6,GE_2,NoneType,,0,0,True
exp_hrl_v1,6,6,US_2,RangedDirectAttack,,0,0,True
exp_hrl_v1,6,6,GE_3,MoveAction,,0,0,True
exp_hrl_v1,6,6,US_3,RangedDirectAttack,,0,0,True
exp_hrl_v1,6,6,GE_4,MoveAction,,0,0,True
exp_hrl_v1,6,6,US_4,RangedDirectAttack,,0,0,True
exp_hrl_v1,6,6,US_5,RangedDirectAttack,,0,0,True
exp_hrl_v1,6,6,US_6,RangedDirectAttack,,0,0,True
exp_hrl_v1,6,6,US_7,RangedIndirectAttack,,0,0,True
exp_hrl_v1,6,7,GE_4,WaitAction,,0,0,True
exp_hrl_v1,6,7,US_1,RangedIndirectAttack,,0,0,True
exp_hrl_v1,7,1,GE_1,MoveAction,,0,0,True
exp_hrl_v1,7,1,US_1,RangedDirectAttack,,0,0,True
exp_hrl_v1,7,1,GE_2,MoveAction,,0,0,True
exp_hrl_v1,7,1,US_2,RangedDirectAttack,,0,0,True
exp_hrl_v1,7,1,GE_3,MoveAction,,0,0,True
exp_hrl_v1,7,1,US_3,RangedDirectAttack,,0,0,True
exp_hrl_v1,7,1,GE_4,MoveAction,,0,0,True
exp_hrl_v1,7,1,US_4,RangedDirectAttack,,0,0,True
exp_hrl_v1,7,1,GE_5,NoneType,,0,0,True
exp_hrl_v1,7,1,US_5,RangedDirectAttack,,0,0,True
exp_hrl_v1,7,1,US_6,RangedDirectAttack,,0,0,True
exp_hrl_v1,7,1,US_7,RangedDirectAttack,,0,0,True
exp_hrl_v1,7,2,GE_1,MoveAction,,0,0,True
exp_hrl_v1,7,2,US_1,RangedDirectAttack,,0,0,True
exp_hrl_v1,7,2,GE_2,MoveAction,,0,0,True
exp_hrl_v1,7,2,US_2,RangedDirectAttack,,0,0,True
exp_hrl_v1,7,2,GE_3,MoveAction,,0,0,True
exp_hrl_v1,7,2,US_3,RangedDirectAttack,,0,0,True
exp_hrl_v1,7,2,GE_4,MoveAction,,0,0,True
exp_hrl_v1,7,2,US_4,WaitAction,,0,0,True
exp_hrl_v1,7,2,US_5,WaitAction,,0,0,True
exp_hrl_v1,7,2,US_6,RangedIndirectAttack,,0,0,True
exp_hrl_v1,7,2,US_7,RangedIndirectAttack,,0,0,True
exp_hrl_v1,7,3,GE_2,MoveAction,,0,0,True
exp_hrl_v1,7,3,US_1,RangedIndirectAttack,,0,0,True
exp_hrl_v1,7,3,GE_3,MoveAction,,0,0,True
exp_hrl_v1,7,3,US_2,RangedIndirectAttack,,0,0,True
exp_hrl_v1,7,3,GE_4,MoveAction,,0,0,True
exp_hrl_v1,7,3,US_3,RangedIndirectAttack,,0,0,True
exp_hrl_v1,7,3,US_4,RangedIndirectAttack,,0,0,True
exp_hrl_v1,7,3,US_5,RangedIndirectAttack,,0,0,True
exp_hrl_v1,7,3,US_6,RangedIndirectAttack,,0,0,True
exp_hrl_v1,7,3,US_7,RangedIndirectAttack,,0,0,True
exp_hrl_v1,7,4,GE_4,MoveAction,,0,0,True
exp_hrl_v1,7,4,US_1,RangedIndirectAttack,,0,0,True
exp_hrl_v1,8,1,GE_1,MoveAction,,0,0,True
exp_hrl_v1,8,1,US_1,WaitAction,,0,0,True
exp_hrl_v1,8,1,GE_2,MoveAction,,0,0,True
exp_hrl_v1,8,1,US_2,MoveAction,,0,0,True
exp_hrl_v1,8,1,GE_3,MoveAction,,0,0,True
exp_hrl_v1,8,1,US_3,MoveAction,,0,0,True
exp_hrl_v1,8,1,GE_4,MoveAction,,0,0,True
exp_hrl_v1,8,1,US_4,MoveAction,,0,0,True
exp_hrl_v1,8,1,GE_5,MoveAction,,0,0,True
exp_hrl_v1,8,1,US_5,MoveAction,,0,0,True
exp_hrl_v1,8,1,US_6,MoveAction,,0,0,True
exp_hrl_v1,8,1,US_7,MoveAction,,0,0,True
exp_hrl_v1,8,2,GE_1,MoveAction,,0,0,True
exp_hrl_v1,8,2,US_1,MoveAction,,0,0,True
exp_hrl_v1,8,2,GE_2,MoveAction,,0,0,True
exp_hrl_v1,8,2,US_2,MoveAction,,0,0,True
exp_hrl_v1,8,2,GE_3,MoveAction,,0,0,True
exp_hrl_v1,8,2,US_3,WaitAction,,0,0,True
exp_hrl_v1,8,2,GE_4,MoveAction,,0,0,True
exp_hrl_v1,8,2,US_4,MoveAction,,0,0,True
exp_hrl_v1,8,2,GE_5,MoveAction,,0,0,True
exp_hrl_v1,8,2,US_5,MoveAction,,0,0,True
exp_hrl_v1,8,2,US_6,MoveAction,,0,0,True
exp_hrl_v1,8,3,US_7,WaitAction,,0,0,True
exp_hrl_v1,8,3,GE_1,MoveAction,,0,0,True
exp_hrl_v1,8,3,US_1,MoveAction,,0,0,True
exp_hrl_v1,8,3,GE_2,MoveAction,,0,0,True
exp_hrl_v1,8,3,US_2,MoveAction,,0,0,True
exp_hrl_v1,8,3,GE_3,MoveAction,,0,0,True
exp_hrl_v1,8,3,US_3,MoveAction,,0,0,True
exp_hrl_v1,8,3,GE_4,MoveAction,,0,0,True
exp_hrl_v1,8,3,US_4,MoveAction,,0,0,True
exp_hrl_v1,8,3,GE_5,MoveAction,,0,0,True
exp_hrl_v1,8,3,US_5,MoveAction,,0,0,True
exp_hrl_v1,8,3,US_6,MoveAction,,0,0,True
exp_hrl_v1,8,4,US_7,WaitAction,,0,0,True
exp_hrl_v1,8,4,GE_1,MoveAction,,0,0,True
exp_hrl_v1,8,4,US_1,MoveAction,,0,0,True
exp_hrl_v1,8,4,GE_2,WaitAction,,0,0,True
exp_hrl_v1,8,4,US_2,WaitAction,,0,0,True
exp_hrl_v1,8,4,GE_3,MoveAction,,0,0,True
exp_hrl_v1,8,4,US_3,WaitAction,,0,0,True
exp_hrl_v1,8,4,GE_4,MoveAction,,0,0,True
exp_hrl_v1,8,4,US_4,MoveAction,,0,0,True
exp_hrl_v1,8,4,GE_5,MoveAction,,0,0,True
exp_hrl_v1,8,4,US_5,RangedIndirectAttack,,0,0,True
exp_hrl_v1,8,4,US_6,RangedIndirectAttack,,0,0,True
exp_hrl_v1,8,4,US_7,RangedIndirectAttack,,0,0,True
exp_hrl_v1,8,5,GE_1,WaitAction,,0,0,True
exp_hrl_v1,8,5,US_1,RangedIndirectAttack,,0,0,True
exp_hrl_v1,8,5,GE_3,WaitAction,,0,0,True
exp_hrl_v1,8,5,US_2,RangedIndirectAttack,,0,0,True
exp_hrl_v1,8,5,GE_4,MoveAction,,0,0,True
exp_hrl_v1,8,5,US_3,RangedIndirectAttack,,0,0,True
exp_hrl_v1,8,5,US_4,RangedIndirectAttack,,0,0,True
exp_hrl_v1,9,1,GE_1,MoveAction,,0,0,True
exp_hrl_v1,9,1,US_1,MoveAction,,0,0,True
exp_hrl_v1,9,1,GE_2,MoveAction,,0,0,True
exp_hrl_v1,9,1,US_2,MoveAction,,0,0,True
exp_hrl_v1,9,1,GE_3,MoveAction,,0,0,True
exp_hrl_v1,9,1,US_3,MoveAction,,0,0,True
exp_hrl_v1,9,1,GE_4,MoveAction,,0,0,True
exp_hrl_v1,9,1,US_4,MoveAction,,0,0,True
exp_hrl_v1,9,1,GE_5,MoveAction,,0,0,True
exp_hrl_v1,9,1,US_5,MoveAction,,0,0,True
exp_hrl_v1,9,1,US_6,MoveAction,,0,0,True
exp_hrl_v1,9,1,US_7,MoveAction,,0,0,True
exp_hrl_v1,9,2,GE_1,MoveAction,,0,0,True
exp_hrl_v1,9,2,US_1,MoveAction,,0,0,True
exp_hrl_v1,9,2,GE_2,MoveAction,,0,0,True
exp_hrl_v1,9,2,US_2,MoveAction,,0,0,True
exp_hrl_v1,9,2,GE_3,MoveAction,,0,0,True
exp_hrl_v1,9,2,US_3,MoveAction,,0,0,True
exp_hrl_v1,9,2,GE_4,MoveAction,,0,0,True
exp_hrl_v1,9,2,US_4,MoveAction,,0,0,True
exp_hrl_v1,9,2,GE_5,MoveAction,,0,0,True
exp_hrl_v1,9,2,US_5,MoveAction,,0,0,True
exp_hrl_v1,9,2,US_6,MoveAction,,0,0,True
exp_hrl_v1,9,3,US_7,WaitAction,,0,0,True
exp_hrl_v1,9,3,GE_1,MoveAction,,0,0,True
exp_hrl_v1,9,3,US_1,MoveAction,,0,0,True
exp_hrl_v1,9,3,GE_2,MoveAction,,0,0,True
exp_hrl_v1,9,3,US_2,MoveAction,,0,0,True
exp_hrl_v1,9,3,GE_3,MoveAction,,0,0,True
exp_hrl_v1,9,3,US_3,MoveAction,,0,0,True
exp_hrl_v1,9,3,GE_4,MoveAction,,0,0,True
exp_hrl_v1,9,3,US_4,MoveAction,,0,0,True
exp_hrl_v1,9,3,GE_5,WaitAction,,0,0,True
exp_hrl_v1,9,3,US_5,WaitAction,,0,0,True
exp_hrl_v1,9,3,US_6,MoveAction,,0,0,True
exp_hrl_v1,9,3,US_7,MoveAction,,0,0,True
exp_hrl_v1,9,4,GE_1,MoveAction,,0,0,True
exp_hrl_v1,9,4,US_1,WaitAction,,0,0,True
exp_hrl_v1,9,4,GE_2,WaitAction,,0,0,True
exp_hrl_v1,9,4,US_2,MoveAction,,0,0,True
exp_hrl_v1,9,4,GE_3,WaitAction,,0,0,True
exp_hrl_v1,9,4,US_3,MoveAction,,0,0,True
exp_hrl_v1,9,4,GE_4,MoveAction,,0,0,True
exp_hrl_v1,9,4,US_4,MoveAction,,0,0,True
exp_hrl_v1,9,4,GE_5,WaitAction,,0,0,True
exp_hrl_v1,9,4,US_5,WaitAction,,0,0,True
exp_hrl_v1,9,4,US_6,MoveAction,,0,0,True
exp_hrl_v1,9,5,US_7,WaitAction,,0,0,True
exp_hrl_v1,9,5,GE_1,WaitAction,,0,0,True
exp_hrl_v1,9,5,US_1,WaitAction,,0,0,True
exp_hrl_v1,9,5,GE_2,WaitAction,,0,0,True
exp_hrl_v1,9,5,US_2,WaitAction,,0,0,True
exp_hrl_v1,9,5,GE_3,WaitAction,,0,0,True
exp_hrl_v1,9,5,US_3,WaitAction,,0,0,True
exp_hrl_v1,9,5,GE_4,WaitAction,,0,0,True
exp_hrl_v1,9,5,US_4,MoveAction,,0,0,True
exp_hrl_v1,9,5,GE_5,WaitAction,,0,0,True
exp_hrl_v1,9,5,US_5,WaitAction,,0,0,True
exp_hrl_v1,9,5,US_6,MoveAction,,0,0,True
exp_hrl_v1,9,6,US_7,WaitAction,,0,0,True
exp_hrl_v1,9,6,GE_1,WaitAction,,0,0,True
exp_hrl_v1,9,6,US_1,WaitAction,,0,0,True
exp_hrl_v1,9,6,GE_2,WaitAction,,0,0,True
exp_hrl_v1,9,6,US_2,WaitAction,,0,0,True
exp_hrl_v1,9,6,GE_3,WaitAction,,0,0,True
exp_hrl_v1,9,6,US_3,WaitAction,,0,0,True
exp_hrl_v1,9,6,GE_4,WaitAction,,0,0,True
exp_hrl_v1,9,6,US_4,MoveAction,,0,0,True
exp_hrl_v1,9,6,GE_5,MoveAction,,0,0,True
exp_hrl_v1,9,6,US_5,WaitAction,,0,0,True
exp_hrl_v1,9,6,US_6,MoveAction,,0,0,True
exp_hrl_v1,9,7,US_7,WaitAction,,0,0,True
exp_hrl_v1,9,7,GE_1,WaitAction,,0,0,True
exp_hrl_v1,9,7,US_1,WaitAction,,0,0,True
exp_hrl_v1,9,7,GE_2,WaitAction,,0,0,True
exp_hrl_v1,9,7,US_2,WaitAction,,0,0,True
exp_hrl_v1,9,7,GE_3,WaitAction,,0,0,True
exp_hrl_v1,9,7,US_3,WaitAction,,0,0,True
exp_hrl_v1,9,7,GE_4,WaitAction,,0,0,True
exp_hrl_v1,9,7,US_4,WaitAction,,0,0,True
exp_hrl_v1,9,7,GE_5,WaitAction,,0,0,True
exp_hrl_v1,9,7,US_5,WaitAction,,0,0,True
exp_hrl_v1,9,7,US_6,RangedDirectAttack,,0,0,True
exp_hrl_v1,9,7,US_7,RangedDirectAttack,,0,0,True
exp_hrl_v1,9,8,GE_1,WaitAction,,0,0,True
exp_hrl_v1,9,8,US_1,RangedDirectAttack,,0,0,True
exp_hrl_v1,9,8,GE_2,WaitAction,,0,0,True
exp_hrl_v1,9,8,US_2,RangedDirectAttack,,0,0,True
exp_hrl_v1,9,8,GE_3,WaitAction,,0,0,True
exp_hrl_v1,9,8,US_3,RangedDirectAttack,,0,0,True
exp_hrl_v1,9,8,GE_4,MoveAction,,0,0,True
exp_hrl_v1,9,8,US_4,RangedDirectAttack,,0,0,True
exp_hrl_v1,9,8,US_5,RangedDirectAttack,,0,0,True
exp_hrl_v1,9,8,US_6,RangedDirectAttack,,0,0,True
exp_hrl_v1,9,8,US_7,RangedDirectAttack,,0,0,True
exp_hrl_v1,9,9,GE_4,WaitAction,,0,0,True
exp_hrl_v1,9,9,US_1,RangedDirectAttack,,0,0,True
exp_hrl_v1,10,1,GE_1,MoveAction,,0,0,True
exp_hrl_v1,10,1,US_1,MoveAction,,0,0,True
exp_hrl_v1,10,1,GE_2,MoveAction,,0,0,True
exp_hrl_v1,10,1,US_2,MoveAction,,0,0,True
exp_hrl_v1,10,1,GE_3,MoveAction,,0,0,True
exp_hrl_v1,10,1,US_3,MoveAction,,0,0,True
exp_hrl_v1,10,1,GE_4,MoveAction,,0,0,True
exp_hrl_v1,10,1,US_4,MoveAction,,0,0,True
exp_hrl_v1,10,1,GE_5,MoveAction,,0,0,True
exp_hrl_v1,10,1,US_5,MoveAction,,0,0,True
exp_hrl_v1,10,1,US_6,MoveAction,,0,0,True
exp_hrl_v1,10,1,US_7,MoveAction,,0,0,True
exp_hrl_v1,10,2,GE_1,MoveAction,,0,0,True
exp_hrl_v1,10,2,US_1,MoveAction,,0,0,True
exp_hrl_v1,10,2,GE_2,MoveAction,,0,0,True
exp_hrl_v1,10,2,US_2,MoveAction,,0,0,True
exp_hrl_v1,10,2,GE_3,MoveAction,,0,0,True
exp_hrl_v1,10,2,US_3,WaitAction,,0,0,True
exp_hrl_v1,10,2,GE_4,MoveAction,,0,0,True
exp_hrl_v1,10,2,US_4,MoveAction,,0,0,True
exp_hrl_v1,10,2,GE_5,MoveAction,,0,0,True
exp_hrl_v1,10,2,US_5,MoveAction,,0,0,True
exp_hrl_v1,10,2,US_6,MoveAction,,0,0,True
exp_hrl_v1,10,3,US_7,WaitAction,,0,0,True
exp_hrl_v1,10,3,GE_1,MoveAction,,0,0,True
exp_hrl_v1,10,3,US_1,MoveAction,,0,0,True
exp_hrl_v1,10,3,GE_2,MoveAction,,0,0,True
exp_hrl_v1,10,3,US_2,MoveAction,,0,0,True
exp_hrl_v1,10,3,GE_3,MoveAction,,0,0,True
exp_hrl_v1,10,3,US_3,MoveAction,,0,0,True
exp_hrl_v1,10,3,GE_4,MoveAction,,0,0,True
exp_hrl_v1,10,3,US_4,MoveAction,,0,0,True
exp_hrl_v1,10,3,GE_5,WaitAction,,0,0,True
exp_hrl_v1,10,3,US_5,WaitAction,,0,0,True
exp_hrl_v1,10,3,US_6,MoveAction,,0,0,True
exp_hrl_v1,10,3,US_7,MoveAction,,0,0,True
exp_hrl_v1,10,4,GE_1,MoveAction,,0,0,True
exp_hrl_v1,10,4,US_1,WaitAction,,0,0,True
exp_hrl_v1,10,4,GE_2,WaitAction,,0,0,True
exp_hrl_v1,10,4,US_2,MoveAction,,0,0,True
exp_hrl_v1,10,4,GE_3,WaitAction,,0,0,True
exp_hrl_v1,10,4,US_3,MoveAction,,0,0,True
exp_hrl_v1,10,4,GE_4,MoveAction,,0,0,True
exp_hrl_v1,10,4,US_4,MoveAction,,0,0,True
exp_hrl_v1,10,4,GE_5,WaitAction,,0,0,True
exp_hrl_v1,10,4,US_5,MoveAction,,0,0,True
exp_hrl_v1,10,4,US_6,MoveAction,,0,0,True
exp_hrl_v1,10,4,US_7,MoveAction,,0,0,True
exp_hrl_v1,10,5,GE_1,WaitAction,,0,0,True
exp_hrl_v1,10,5,US_1,MoveAction,,0,0,True
exp_hrl_v1,10,5,GE_2,WaitAction,,0,0,True
exp_hrl_v1,10,5,US_2,WaitAction,,0,0,True
exp_hrl_v1,10,5,GE_3,MoveAction,,0,0,True
exp_hrl_v1,10,5,US_3,WaitAction,,0,0,True
exp_hrl_v1,10,5,GE_4,MoveAction,,0,0,True
exp_hrl_v1,10,5,US_4,MoveAction,,0,0,True
exp_hrl_v1,10,5,GE_5,MoveAction,,0,0,True
exp_hrl_v1,10,5,US_5,MoveAction,,0,0,True
exp_hrl_v1,10,5,US_6,MoveAction,,0,0,True
exp_hrl_v1,10,6,US_7,WaitAction,,0,0,True
exp_hrl_v1,10,6,GE_1,MoveAction,,0,0,True
exp_hrl_v1,10,6,US_1,RangedDirectAttack,,0,0,True
exp_hrl_v1,10,6,GE_2,WaitAction,,0,0,True
exp_hrl_v1,10,6,US_2,RangedDirectAttack,,0,0,True
exp_hrl_v1,10,6,GE_3,WaitAction,,0,0,True
exp_hrl_v1,10,6,US_3,RangedDirectAttack,,0,0,True
exp_hrl_v1,10,6,GE_4,MoveAction,,0,0,True
exp_hrl_v1,10,6,US_4,RangedDirectAttack,,0,0,True
exp_hrl_v1,10,6,GE_5,NoneType,,0,0,True
exp_hrl_v1,10,6,US_5,RangedDirectAttack,,0,0,True
exp_hrl_v1,10,6,US_6,RangedDirectAttack,,0,0,True
exp_hrl_v1,10,6,US_7,RangedDirectAttack,,0,0,True
exp_hrl_v1,10,7,GE_3,WaitAction,,0,0,True
exp_hrl_v1,10,7,US_1,RangedDirectAttack,,0,0,True
exp_hrl_v1,10,7,GE_4,WaitAction,,0,0,True
exp_hrl_v1,10,7,US_2,RangedDirectAttack,,0,0,True
exp_hrl_v1,10,7,US_3,RangedDirectAttack,,0,0,True
exp_hrl_v1,11,1,GE_1,MoveAction,,0,0,True
exp_hrl_v1,11,1,US_1,MoveAction,,0,0,True
exp_hrl_v1,11,1,GE_2,MoveAction,,0,0,True
exp_hrl_v1,11,1,US_2,MoveAction,,0,0,True
exp_hrl_v1,11,1,GE_3,MoveAction,,0,0,True
exp_hrl_v1,11,1,US_3,MoveAction,,0,0,True
exp_hrl_v1,11,1,GE_4,MoveAction,,0,0,True
exp_hrl_v1,11,1,US_4,MoveAction,,0,0,True
exp_hrl_v1,11,1,GE_5,MoveAction,,0,0,True
exp_hrl_v1,11,1,US_5,MoveAction,,0,0,True
exp_hrl_v1,11,1,US_6,MoveAction,,0,0,True
exp_hrl_v1,11,1,US_7,MoveAction,,0,0,True
exp_hrl_v1,11,2,GE_1,MoveAction,,0,0,True
exp_hrl_v1,11,2,US_1,MoveAction,,0,0,True
exp_hrl_v1,11,2,GE_2,MoveAction,,0,0,True
exp_hrl_v1,11,2,US_2,MoveAction,,0,0,True
exp_hrl_v1,11,2,GE_3,MoveAction,,0,0,True
exp_hrl_v1,11,2,US_3,WaitAction,,0,0,True
exp_hrl_v1,11,2,GE_4,MoveAction,,0,0,True
exp_hrl_v1,11,2,US_4,MoveAction,,0,0,True
exp_hrl_v1,11,2,GE_5,MoveAction,,0,0,True
exp_hrl_v1,11,2,US_5,MoveAction,,0,0,True
exp_hrl_v1,11,2,US_6,MoveAction,,0,0,True
exp_hrl_v1,11,3,US_7,WaitAction,,0,0,True
exp_hrl_v1,11,3,GE_1,MoveAction,,0,0,True
exp_hrl_v1,11,3,US_1,MoveAction,,0,0,True
exp_hrl_v1,11,3,GE_2,MoveAction,,0,0,True
exp_hrl_v1,11,3,US_2,MoveAction,,0,0,True
exp_hrl_v1,11,3,GE_3,MoveAction,,0,0,True
exp_hrl_v1,11,3,US_3,MoveAction,,0,0,True
exp_hrl_v1,11,3,GE_4,MoveAction,,0,0,True
exp_hrl_v1,11,3,US_4,MoveAction,,0,0,True
exp_hrl_v1,11,3,GE_5,WaitAction,,0,0,True
exp_hrl_v1,11,3,US_5,MoveAction,,0,0,True
exp_hrl_v1,11,3,US_6,MoveAction,,0,0,True
exp_hrl_v1,11,3,US_7,MoveAction,,0,0,True
exp_hrl_v1,11,4,GE_1,MoveAction,,0,0,True
exp_hrl_v1,11,4,US_1,MoveAction,,0,0,True
exp_hrl_v1,11,4,GE_2,MoveAction,,0,0,True
exp_hrl_v1,11,4,US_2,MoveAction,,0,0,True
exp_hrl_v1,11,4,GE_3,MoveAction,,0,0,True
exp_hrl_v1,11,4,US_3,WaitAction,,0,0,True
exp_hrl_v1,11,4,GE_4,MoveAction,,0,0,True
exp_hrl_v1,11,4,US_4,MoveAction,,0,0,True
exp_hrl_v1,11,4,GE_5,MoveAction,,0,0,True
exp_hrl_v1,11,4,US_5,MoveAction,,0,0,True
exp_hrl_v1,11,4,US_6,WaitAction,,0,0,True
exp_hrl_v1,11,5,US_7,WaitAction,,0,0,True
exp_hrl_v1,11,5,GE_1,MoveAction,,0,0,True
exp_hrl_v1,11,5,US_1,WaitAction,,0,0,True
exp_hrl_v1,11,5,GE_2,WaitAction,,0,0,True
exp_hrl_v1,11,5,US_2,MoveAction,,0,0,True
exp_hrl_v1,11,5,GE_3,MoveAction,,0,0,True
exp_hrl_v1,11,5,US_3,MoveAction,,0,0,True
exp_hrl_v1,11,5,GE_4,MoveAction,,0,0,True
exp_hrl_v1,11,5,US_4,MoveAction,,0,0,True
exp_hrl_v1,11,5,GE_5,MoveAction,,0,0,True
exp_hrl_v1,11,5,US_5,MoveAction,,0,0,True
exp_hrl_v1,11,5,US_6,MoveAction,,0,0,True
exp_hrl_v1,11,5,US_7,MoveAction,,0,0,True
exp_hrl_v1,11,6,GE_1,WaitAction,,0,0,True
exp_hrl_v1,11,6,US_1,WaitAction,,0,0,True
exp_hrl_v1,11,6,GE_2,WaitAction,,0,0,True
exp_hrl_v1,11,6,US_2,WaitAction,,0,0,True
exp_hrl_v1,11,6,GE_3,WaitAction,,0,0,True
exp_hrl_v1,11,6,US_3,MoveAction,,0,0,True
exp_hrl_v1,11,6,GE_4,WaitAction,,0,0,True
exp_hrl_v1,11,6,US_4,MoveAction,,0,0,True
exp_hrl_v1,11,6,GE_5,WaitAction,,0,0,True
exp_hrl_v1,11,6,US_5,MoveAction,,0,0,True
exp_hrl_v1,11,6,US_6,RangedDirectAttack,,0,0,True
exp_hrl_v1,11,6,US_7,RangedDirectAttack,,0,0,True
exp_hrl_v1,11,7,GE_1,WaitAction,,0,0,True
exp_hrl_v1,11,7,US_1,RangedDirectAttack,,0,0,True
exp_hrl_v1,11,7,GE_2,WaitAction,,0,0,True
exp_hrl_v1,11,7,US_2,RangedDirectAttack,,0,0,True
exp_hrl_v1,11,7,GE_3,NoneType,,0,0,True
exp_hrl_v1,11,7,US_3,RangedDirectAttack,,0,0,True
exp_hrl_v1,11,7,GE_4,MoveAction,,0,0,True
exp_hrl_v1,11,7,US_4,RangedDirectAttack,,0,0,True
exp_hrl_v1,12,1,GE_1,MoveAction,,0,0,True
exp_hrl_v1,12,1,US_1,MoveAction,,0,0,True
exp_hrl_v1,12,1,GE_2,MoveAction,,0,0,True
exp_hrl_v1,12,1,US_2,MoveAction,,0,0,True
exp_hrl_v1,12,1,GE_3,MoveAction,,0,0,True
exp_hrl_v1,12,1,US_3,MoveAction,,0,0,True
exp_hrl_v1,12,1,GE_4,MoveAction,,0,0,True
exp_hrl_v1,12,1,US_4,MoveAction,,0,0,True
exp_hrl_v1,12,1,GE_5,MoveAction,,0,0,True
exp_hrl_v1,12,1,US_5,MoveAction,,0,0,True
exp_hrl_v1,12,1,US_6,MoveAction,,0,0,True
exp_hrl_v1,12,1,US_7,MoveAction,,0,0,True
exp_hrl_v1,12,2,GE_1,MoveAction,,0,0,True
exp_hrl_v1,12,2,US_1,MoveAction,,0,0,True
exp_hrl_v1,12,2,GE_2,MoveAction,,0,0,True
exp_hrl_v1,12,2,US_2,MoveAction,,0,0,True
exp_hrl_v1,12,2,GE_3,MoveAction,,0,0,True
exp_hrl_v1,12,2,US_3,WaitAction,,0,0,True
exp_hrl_v1,12,2,GE_4,MoveAction,,0,0,True
exp_hrl_v1,12,2,US_4,MoveAction,,0,0,True
exp_hrl_v1,12,2,GE_5,MoveAction,,0,0,True
exp_hrl_v1,12,2,US_5,MoveAction,,0,0,True
exp_hrl_v1,12,2,US_6,MoveAction,,0,0,True
exp_hrl_v1,12,3,US_7,WaitAction,,0,0,True
exp_hrl_v1,12,3,GE_1,MoveAction,,0,0,True
exp_hrl_v1,12,3,US_1,MoveAction,,0,0,True
exp_hrl_v1,12,3,GE_2,MoveAction,,0,0,True
exp_hrl_v1,12,3,US_2,MoveAction,,0,0,True
exp_hrl_v1,12,3,GE_3,MoveAction,,0,0,True
exp_hrl_v1,12,3,US_3,MoveAction,,0,0,True
exp_hrl_v1,12,3,GE_4,MoveAction,,0,0,True
exp_hrl_v1,12,3,US_4,MoveAction,,0,0,True
exp_hrl_v1,12,3,GE_5,WaitAction,,0,0,True
exp_hrl_v1,12,3,US_5,WaitAction,,0,0,True
exp_hrl_v1,12,3,US_6,MoveAction,,0,0,True
exp_hrl_v1,12,3,US_7,MoveAction,,0,0,True
exp_hrl_v1,12,4,GE_1,MoveAction,,0,0,True
exp_hrl_v1,12,4,US_1,WaitAction,,0,0,True
exp_hrl_v1,12,4,GE_2,WaitAction,,0,0,True
exp_hrl_v1,12,4,US_2,MoveAction,,0,0,True
exp_hrl_v1,12,4,GE_3,WaitAction,,0,0,True
exp_hrl_v1,12,4,US_3,MoveAction,,0,0,True
exp_hrl_v1,12,4,GE_4,MoveAction,,0,0,True
exp_hrl_v1,12,4,US_4,MoveAction,,0,0,True
exp_hrl_v1,12,4,GE_5,WaitAction,,0,0,True
exp_hrl_v1,12,4,US_5,MoveAction,,0,0,True
exp_hrl_v1,12,4,US_6,MoveAction,,0,0,True
exp_hrl_v1,12,4,US_7,MoveAction,,0,0,True
exp_hrl_v1,12,5,GE_1,WaitAction,,0,0,True
exp_hrl_v1,12,5,US_1,MoveAction,,0,0,True
exp_hrl_v1,12,5,GE_2,WaitAction,,0,0,True
exp_hrl_v1,12,5,US_2,WaitAction,,0,0,True
exp_hrl_v1,12,5,GE_3,MoveAction,,0,0,True
exp_hrl_v1,12,5,US_3,WaitAction,,0,0,True
exp_hrl_v1,12,5,GE_4,MoveAction,,0,0,True
exp_hrl_v1,12,5,US_4,MoveAction,,0,0,True
exp_hrl_v1,12,5,GE_5,MoveAction,,0,0,True
exp_hrl_v1,12,5,US_5,MoveAction,,0,0,True
exp_hrl_v1,12,5,US_6,MoveAction,,0,0,True
exp_hrl_v1,12,6,US_7,WaitAction,,0,0,True
exp_hrl_v1,12,6,GE_1,MoveAction,,0,0,True
exp_hrl_v1,12,6,US_1,RangedDirectAttack,,0,0,True
exp_hrl_v1,12,6,GE_2,WaitAction,,0,0,True
exp_hrl_v1,12,6,US_2,RangedDirectAttack,,0,0,True
exp_hrl_v1,12,6,GE_3,WaitAction,,0,0,True
exp_hrl_v1,12,6,US_3,RangedDirectAttack,,0,0,True
exp_hrl_v1,12,6,GE_4,MoveAction,,0,0,True
exp_hrl_v1,12,6,US_4,RangedDirectAttack,,0,0,True
exp_hrl_v1,12,6,GE_5,NoneType,,0,0,True
exp_hrl_v1,12,6,US_5,RangedDirectAttack,,0,0,True
exp_hrl_v1,12,6,US_6,RangedDirectAttack,,0,0,True
exp_hrl_v1,12,6,US_7,RangedDirectAttack,,0,0,True
exp_hrl_v1,12,7,GE_4,WaitAction,,0,0,True
exp_hrl_v1,12,7,US_1,RangedDirectAttack,,0,0,True
exp_hrl_v1,13,1,GE_1,MoveAction,,0,0,True
exp_hrl_v1,13,1,US_1,MoveAction,,0,0,True
exp_hrl_v1,13,1,GE_2,MoveAction,,0,0,True
exp_hrl_v1,13,1,US_2,MoveAction,,0,0,True
exp_hrl_v1,13,1,GE_3,MoveAction,,0,0,True
exp_hrl_v1,13,1,US_3,MoveAction,,0,0,True
exp_hrl_v1,13,1,GE_4,MoveAction,,0,0,True
exp_hrl_v1,13,1,US_4,MoveAction,,0,0,True
exp_hrl_v1,13,1,GE_5,MoveAction,,0,0,True
exp_hrl_v1,13,1,US_5,MoveAction,,0,0,True
exp_hrl_v1,13,1,US_6,MoveAction,,0,0,True
exp_hrl_v1,13,1,US_7,MoveAction,,0,0,True
exp_hrl_v1,13,2,GE_1,MoveAction,,0,0,True
exp_hrl_v1,13,2,US_1,MoveAction,,0,0,True
exp_hrl_v1,13,2,GE_2,MoveAction,,0,0,True
exp_hrl_v1,13,2,US_2,MoveAction,,0,0,True
exp_hrl_v1,13,2,GE_3,MoveAction,,0,0,True
exp_hrl_v1,13,2,US_3,WaitAction,,0,0,True
exp_hrl_v1,13,2,GE_4,MoveAction,,0,0,True
exp_hrl_v1,13,2,US_4,MoveAction,,0,0,True
exp_hrl_v1,13,2,GE_5,MoveAction,,0,0,True
exp_hrl_v1,13,2,US_5,MoveAction,,0,0,True
exp_hrl_v1,13,2,US_6,MoveAction,,0,0,True
exp_hrl_v1,13,2,US_7,MoveAction,,0,0,True
exp_hrl_v1,13,3,GE_1,MoveAction,,0,0,True
exp_hrl_v1,13,3,US_1,MoveAction,,0,0,True
exp_hrl_v1,13,3,GE_2,MoveAction,,0,0,True
exp_hrl_v1,13,3,US_2,MoveAction,,0,0,True
exp_hrl_v1,13,3,GE_3,MoveAction,,0,0,True
exp_hrl_v1,13,3,US_3,MoveAction,,0,0,True
exp_hrl_v1,13,3,GE_4,MoveAction,,0,0,True
exp_hrl_v1,13,3,US_4,MoveAction,,0,0,True
exp_hrl_v1,13,3,GE_5,MoveAction,,0,0,True
exp_hrl_v1,13,3,US_5,MoveAction,,0,0,True
exp_hrl_v1,13,3,US_6,MoveAction,,0,0,True
exp_hrl_v1,13,3,US_7,MoveAction,,0,0,True
exp_hrl_v1,13,4,GE_1,MoveAction,,0,0,True
exp_hrl_v1,13,4,US_1,WaitAction,,0,0,True
exp_hrl_v1,13,4,GE_2,WaitAction,,0,0,True
exp_hrl_v1,13,4,US_2,MoveAction,,0,0,True
exp_hrl_v1,13,4,GE_3,MoveAction,,0,0,True
exp_hrl_v1,13,4,US_3,MoveAction,,0,0,True
exp_hrl_v1,13,4,GE_4,MoveAction,,0,0,True
exp_hrl_v1,13,4,US_4,MoveAction,,0,0,True
exp_hrl_v1,13,4,GE_5,WaitAction,,0,0,True
exp_hrl_v1,13,4,US_5,MoveAction,,0,0,True
exp_hrl_v1,13,4,US_6,MoveAction,,0,0,True
exp_hrl_v1,13,4,US_7,MoveAction,,0,0,True
exp_hrl_v1,13,5,GE_1,WaitAction,,0,0,True
exp_hrl_v1,13,5,US_1,WaitAction,,0,0,True
exp_hrl_v1,13,5,GE_2,WaitAction,,0,0,True
exp_hrl_v1,13,5,US_2,WaitAction,,0,0,True
exp_hrl_v1,13,5,GE_3,WaitAction,,0,0,True
exp_hrl_v1,13,5,US_3,MoveAction,,0,0,True
exp_hrl_v1,13,5,GE_4,WaitAction,,0,0,True
exp_hrl_v1,13,5,US_4,MoveAction,,0,0,True
exp_hrl_v1,13,5,GE_5,WaitAction,,0,0,True
exp_hrl_v1,13,5,US_5,MoveAction,,0,0,True
exp_hrl_v1,13,5,US_6,MoveAction,,0,0,True
exp_hrl_v1,13,6,US_7,WaitAction,,0,0,True
exp_hrl_v1,13,6,GE_1,WaitAction,,0,0,True
exp_hrl_v1,13,6,US_1,WaitAction,,0,0,True
exp_hrl_v1,13,6,GE_2,WaitAction,,0,0,True
exp_hrl_v1,13,6,US_2,WaitAction,,0,0,True
exp_hrl_v1,13,6,GE_3,WaitAction,,0,0,True
exp_hrl_v1,13,6,US_3,WaitAction,,0,0,True
exp_hrl_v1,13,6,GE_4,WaitAction,,0,0,True
exp_hrl_v1,13,6,US_4,WaitAction,,0,0,True
exp_hrl_v1,13,6,GE_5,WaitAction,,0,0,True
exp_hrl_v1,13,6,US_5,WaitAction,,0,0,True
exp_hrl_v1,13,6,US_6,RangedDirectAttack,,0,0,True
exp_hrl_v1,13,6,US_7,RangedDirectAttack,,0,0,True
exp_hrl_v1,13,7,GE_1,WaitAction,,0,0,True
exp_hrl_v1,13,7,US_1,RangedDirectAttack,,0,0,True
exp_hrl_v1,13,7,GE_2,NoneType,,0,0,True
exp_hrl_v1,13,7,US_2,RangedDirectAttack,,0,0,True
exp_hrl_v1,13,7,GE_3,NoneType,,0,0,True
exp_hrl_v1,13,7,US_3,RangedDirectAttack,,0,0,True
exp_hrl_v1,13,7,GE_4,WaitAction,,0,0,True
exp_hrl_v1,13,7,US_4,RangedDirectAttack,,0,0,True
exp_hrl_v1,13,7,US_5,RangedDirectAttack,,0,0,True
exp_hrl_v1,13,7,US_6,RangedDirectAttack,,0,0,True
exp_hrl_v1,13,7,US_7,RangedDirectAttack,,0,0,True
exp_hrl_v1,13,8,GE_4,MoveAction,,0,0,True
exp_hrl_v1,13,8,US_1,RangedDirectAttack,,0,0,True
exp_hrl_v1,14,1,GE_1,MoveAction,,0,0,True
exp_hrl_v1,14,1,US_1,MoveAction,,0,0,True
exp_hrl_v1,14,1,GE_2,MoveAction,,0,0,True
exp_hrl_v1,14,1,US_2,MoveAction,,0,0,True
exp_hrl_v1,14,1,GE_3,MoveAction,,0,0,True
exp_hrl_v1,14,1,US_3,MoveAction,,0,0,True
exp_hrl_v1,14,1,GE_4,MoveAction,,0,0,True
exp_hrl_v1,14,1,US_4,MoveAction,,0,0,True
exp_hrl_v1,14,1,GE_5,MoveAction,,0,0,True
exp_hrl_v1,14,1,US_5,MoveAction,,0,0,True
exp_hrl_v1,14,1,US_6,MoveAction,,0,0,True
exp_hrl_v1,14,1,US_7,MoveAction,,0,0,True
exp_hrl_v1,14,2,GE_1,MoveAction,,0,0,True
exp_hrl_v1,14,2,US_1,MoveAction,,0,0,True
exp_hrl_v1,14,2,GE_2,MoveAction,,0,0,True
exp_hrl_v1,14,2,US_2,MoveAction,,0,0,True
exp_hrl_v1,14,2,GE_3,MoveAction,,0,0,True
exp_hrl_v1,14,2,US_3,WaitAction,,0,0,True
exp_hrl_v1,14,2,GE_4,MoveAction,,0,0,True
exp_hrl_v1,14,2,US_4,MoveAction,,0,0,True
exp_hrl_v1,14,2,GE_5,MoveAction,,0,0,True
exp_hrl_v1,14,2,US_5,MoveAction,,0,0,True
exp_hrl_v1,14,2,US_6,RangedDirectAttack,,0,0,True
exp_hrl_v1,14,2,US_7,RangedDirectAttack,,0,0,True
exp_hrl_v1,14,3,GE_1,MoveAction,,0,0,True
exp_hrl_v1,14,3,US_1,RangedDirectAttack,,0,0,True
exp_hrl_v1,14,3,GE_2,MoveAction,,0,0,True
exp_hrl_v1,14,3,US_2,RangedDirectAttack,,0,0,True
exp_hrl_v1,14,3,GE_3,MoveAction,,0,0,True
exp_hrl_v1,14,3,US_3,RangedDirectAttack,,0,0,True
exp_hrl_v1,14,3,GE_4,MoveAction,,0,0,True
exp_hrl_v1,14,3,US_4,RangedDirectAttack,,0,0,True
exp_hrl_v1,14,3,US_5,RangedDirectAttack,,0,0,True
exp_hrl_v1,14,3,US_6,RangedDirectAttack,,0,0,True
exp_hrl_v1,14,3,US_7,RangedDirectAttack,,0,0,True
exp_hrl_v1,15,1,GE_1,MoveAction,,0,0,True
exp_hrl_v1,15,1,US_1,MoveAction,,0,0,True
exp_hrl_v1,15,1,GE_2,MoveAction,,0,0,True
exp_hrl_v1,15,1,US_2,MoveAction,,0,0,True
exp_hrl_v1,15,1,GE_3,MoveAction,,0,0,True
exp_hrl_v1,15,1,US_3,MoveAction,,0,0,True
exp_hrl_v1,15,1,GE_4,MoveAction,,0,0,True
exp_hrl_v1,15,1,US_4,MoveAction,,0,0,True
exp_hrl_v1,15,1,GE_5,MoveAction,,0,0,True
exp_hrl_v1,15,1,US_5,MoveAction,,0,0,True
exp_hrl_v1,15,1,US_6,MoveAction,,0,0,True
exp_hrl_v1,15,1,US_7,MoveAction,,0,0,True
exp_hrl_v1,15,2,GE_1,MoveAction,,0,0,True
exp_hrl_v1,15,2,US_1,MoveAction,,0,0,True
exp_hrl_v1,15,2,GE_2,MoveAction,,0,0,True
exp_hrl_v1,15,2,US_2,MoveAction,,0,0,True
exp_hrl_v1,15,2,GE_3,MoveAction,,0,0,True
exp_hrl_v1,15,2,US_3,MoveAction,,0,0,True
exp_hrl_v1,15,2,GE_4,MoveAction,,0,0,True
exp_hrl_v1,15,2,US_4,MoveAction,,0,0,True
exp_hrl_v1,15,2,GE_5,MoveAction,,0,0,True
exp_hrl_v1,15,2,US_5,MoveAction,,0,0,True
exp_hrl_v1,15,2,US_6,MoveAction,,0,0,True
exp_hrl_v1,15,3,US_7,WaitAction,,0,0,True
exp_hrl_v1,15,3,GE_1,MoveAction,,0,0,True
exp_hrl_v1,15,3,US_1,MoveAction,,0,0,True
exp_hrl_v1,15,3,GE_2,MoveAction,,0,0,True
exp_hrl_v1,15,3,US_2,MoveAction,,0,0,True
exp_hrl_v1,15,3,GE_3,MoveAction,,0,0,True
exp_hrl_v1,15,3,US_3,MoveAction,,0,0,True
exp_hrl_v1,15,3,GE_4,MoveAction,,0,0,True
exp_hrl_v1,15,3,US_4,MoveAction,,0,0,True
exp_hrl_v1,15,3,GE_5,WaitAction,,0,0,True
exp_hrl_v1,15,3,US_5,WaitAction,,0,0,True
exp_hrl_v1,15,3,US_6,MoveAction,,0,0,True
exp_hrl_v1,15,3,US_7,MoveAction,,0,0,True
exp_hrl_v1,15,4,GE_1,MoveAction,,0,0,True
exp_hrl_v1,15,4,US_1,WaitAction,,0,0,True
exp_hrl_v1,15,4,GE_2,WaitAction,,0,0,True
exp_hrl_v1,15,4,US_2,MoveAction,,0,0,True
exp_hrl_v1,15,4,GE_3,WaitAction,,0,0,True
exp_hrl_v1,15,4,US_3,MoveAction,,0,0,True
exp_hrl_v1,15,4,GE_4,MoveAction,,0,0,True
exp_hrl_v1,15,4,US_4,MoveAction,,0,0,True
exp_hrl_v1,15,4,GE_5,WaitAction,,0,0,True
exp_hrl_v1,15,4,US_5,MoveAction,,0,0,True
exp_hrl_v1,15,4,US_6,MoveAction,,0,0,True
exp_hrl_v1,15,4,US_7,MoveAction,,0,0,True
exp_hrl_v1,15,5,GE_1,WaitAction,,0,0,True
exp_hrl_v1,15,5,US_1,MoveAction,,0,0,True
exp_hrl_v1,15,5,GE_2,WaitAction,,0,0,True
exp_hrl_v1,15,5,US_2,MoveAction,,0,0,True
exp_hrl_v1,15,5,GE_3,WaitAction,,0,0,True
exp_hrl_v1,15,5,US_3,RangedDirectAttack,,0,0,True
exp_hrl_v1,15,5,GE_4,MoveAction,,0,0,True
exp_hrl_v1,15,5,US_4,RangedDirectAttack,,0,0,True
exp_hrl_v1,15,5,GE_5,NoneType,,0,0,True
exp_hrl_v1,15,5,US_5,RangedDirectAttack,,0,0,True
exp_hrl_v1,15,5,US_6,RangedDirectAttack,,0,0,True
exp_hrl_v1,15,5,US_7,RangedDirectAttack,,0,0,True
exp_hrl_v1,15,6,GE_1,MoveAction,,0,0,True
exp_hrl_v1,15,6,US_1,RangedDirectAttack,,0,0,True
exp_hrl_v1,15,6,GE_4,MoveAction,,0,0,True
exp_hrl_v1,15,6,US_2,RangedDirectAttack,,0,0,True
exp_hrl_v1,15,6,US_3,RangedDirectAttack,,0,0,True
exp_hrl_v1,15,6,US_4,RangedDirectAttack,,0,0,True
exp_hrl_v1,15,6,US_5,RangedDirectAttack,,0,0,True
exp_hrl_v1,16,1,GE_1,MoveAction,,0,0,True
exp_hrl_v1,16,1,US_1,MoveAction,,0,0,True
exp_hrl_v1,16,1,GE_2,MoveAction,,0,0,True
exp_hrl_v1,16,1,US_2,MoveAction,,0,0,True
exp_hrl_v1,16,1,GE_3,MoveAction,,0,0,True
exp_hrl_v1,16,1,US_3,MoveAction,,0,0,True
exp_hrl_v1,16,1,GE_4,MoveAction,,0,0,True
exp_hrl_v1,16,1,US_4,MoveAction,,0,0,True
exp_hrl_v1,16,1,GE_5,MoveAction,,0,0,True
exp_hrl_v1,16,1,US_5,MoveAction,,0,0,True
exp_hrl_v1,16,1,US_6,MoveAction,,0,0,True
exp_hrl_v1,16,1,US_7,MoveAction,,0,0,True
exp_hrl_v1,16,2,GE_1,MoveAction,,0,0,True
exp_hrl_v1,16,2,US_1,MoveAction,,0,0,True
exp_hrl_v1,16,2,GE_2,MoveAction,,0,0,True
exp_hrl_v1,16,2,US_2,MoveAction,,0,0,True
exp_hrl_v1,16,2,GE_3,MoveAction,,0,0,True
exp_hrl_v1,16,2,US_3,MoveAction,,0,0,True
exp_hrl_v1,16,2,GE_4,MoveAction,,0,0,True
exp_hrl_v1,16,2,US_4,MoveAction,,0,0,True
exp_hrl_v1,16,2,GE_5,MoveAction,,0,0,True
exp_hrl_v1,16,2,US_5,WaitAction,,0,0,True
exp_hrl_v1,16,2,US_6,MoveAction,,0,0,True
exp_hrl_v1,16,2,US_7,MoveAction,,0,0,True
exp_hrl_v1,16,3,GE_1,MoveAction,,0,0,True
exp_hrl_v1,16,3,US_1,MoveAction,,0,0,True
exp_hrl_v1,16,3,GE_2,MoveAction,,0,0,True
exp_hrl_v1,16,3,US_2,MoveAction,,0,0,True
exp_hrl_v1,16,3,GE_3,MoveAction,,0,0,True
exp_hrl_v1,16,3,US_3,MoveAction,,0,0,True
exp_hrl_v1,16,3,GE_4,MoveAction,,0,0,True
exp_hrl_v1,16,3,US_4,MoveAction,,0,0,True
exp_hrl_v1,16,3,GE_5,WaitAction,,0,0,True
exp_hrl_v1,16,3,US_5,MoveAction,,0,0,True
exp_hrl_v1,16,3,US_6,MoveAction,,0,0,True
exp_hrl_v1,16,4,US_7,WaitAction,,0,0,True
exp_hrl_v1,16,4,GE_1,MoveAction,,0,0,True
exp_hrl_v1,16,4,US_1,WaitAction,,0,0,True
exp_hrl_v1,16,4,GE_2,WaitAction,,0,0,True
exp_hrl_v1,16,4,US_2,MoveAction,,0,0,True
exp_hrl_v1,16,4,GE_3,WaitAction,,0,0,True
exp_hrl_v1,16,4,US_3,MoveAction,,0,0,True
exp_hrl_v1,16,4,GE_4,MoveAction,,0,0,True
exp_hrl_v1,16,4,US_4,RangedDirectAttack,,0,0,True
exp_hrl_v1,16,4,GE_5,WaitAction,,0,0,True
exp_hrl_v1,16,4,US_5,RangedDirectAttack,,0,0,True
exp_hrl_v1,16,4,US_6,RangedDirectAttack,,0,0,True
exp_hrl_v1,16,4,US_7,RangedDirectAttack,,0,0,True
exp_hrl_v1,16,5,GE_1,WaitAction,,0,0,True
exp_hrl_v1,16,5,US_1,RangedDirectAttack,,0,0,True
exp_hrl_v1,16,5,GE_2,WaitAction,,0,0,True
exp_hrl_v1,16,5,US_2,RangedDirectAttack,,0,0,True
exp_hrl_v1,16,5,GE_3,WaitAction,,0,0,True
exp_hrl_v1,16,5,US_3,RangedDirectAttack,,0,0,True
exp_hrl_v1,16,5,GE_4,MoveAction,,0,0,True
exp_hrl_v1,16,5,US_4,RangedDirectAttack,,0,0,True
exp_hrl_v1,16,5,US_5,RangedDirectAttack,,0,0,True
exp_hrl_v1,16,5,US_6,RangedDirectAttack,,0,0,True
exp_hrl_v1,16,5,US_7,RangedIndirectAttack,,0,0,True
exp_hrl_v1,16,6,GE_4,WaitAction,,0,0,True
exp_hrl_v1,16,6,US_1,RangedIndirectAttack,,0,0,True
exp_hrl_v1,17,1,GE_1,MoveAction,,0,0,True
exp_hrl_v1,17,1,US_1,RangedIndirectAttack,,0,0,True
exp_hrl_v1,17,1,GE_2,MoveAction,,0,0,True
exp_hrl_v1,17,1,US_2,RangedIndirectAttack,,0,0,True
exp_hrl_v1,17,1,GE_3,MoveAction,,0,0,True
exp_hrl_v1,17,1,US_3,RangedIndirectAttack,,0,0,True
exp_hrl_v1,17,1,GE_4,MoveAction,,0,0,True
exp_hrl_v1,17,1,US_4,RangedIndirectAttack,,0,0,True
exp_hrl_v1,17,1,GE_5,NoneType,,0,0,True
exp_hrl_v1,17,1,US_5,RangedIndirectAttack,,0,0,True
exp_hrl_v1,17,1,US_6,RangedIndirectAttack,,0,0,True
exp_hrl_v1,17,1,US_7,RangedIndirectAttack,,0,0,True
exp_hrl_v1,17,2,GE_1,MoveAction,,0,0,True
exp_hrl_v1,17,2,US_1,RangedIndirectAttack,,0,0,True
exp_hrl_v1,17,2,GE_2,MoveAction,,0,0,True
exp_hrl_v1,17,2,US_2,RangedIndirectAttack,,0,0,True
exp_hrl_v1,17,2,GE_3,MoveAction,,0,0,True
exp_hrl_v1,17,2,US_3,RangedIndirectAttack,,0,0,True
exp_hrl_v1,17,2,GE_4,MoveAction,,0,0,True
exp_hrl_v1,17,2,US_4,MoveAction,,0,0,True
exp_hrl_v1,17,2,US_5,MoveAction,,0,0,True
exp_hrl_v1,17,2,US_6,MoveAction,,0,0,True
exp_hrl_v1,17,3,US_7,WaitAction,,0,0,True
exp_hrl_v1,17,3,GE_2,MoveAction,,0,0,True
exp_hrl_v1,17,3,US_1,MoveAction,,0,0,True
exp_hrl_v1,17,3,GE_3,MoveAction,,0,0,True
exp_hrl_v1,17,3,US_2,MoveAction,,0,0,True
exp_hrl_v1,17,3,GE_4,MoveAction,,0,0,True
exp_hrl_v1,17,3,US_3,RangedDirectAttack,,0,0,True
exp_hrl_v1,17,3,US_4,RangedDirectAttack,,0,0,True
exp_hrl_v1,17,3,US_5,RangedDirectAttack,,0,0,True
exp_hrl_v1,17,3,US_6,RangedDirectAttack,,0,0,True
exp_hrl_v1,17,3,US_7,RangedDirectAttack,,0,0,True
exp_hrl_v1,17,4,GE_4,MoveAction,,0,0,True
exp_hrl_v1,17,4,US_1,RangedDirectAttack,,0,0,True
exp_hrl_v1,17,4,US_2,RangedDirectAttack,,0,0,True
exp_hrl_v1,18,1,GE_1,MoveAction,,0,0,True
exp_hrl_v1,18,1,US_1,RangedDirectAttack,,0,0,True
exp_hrl_v1,18,1,GE_2,MoveAction,,0,0,True
exp_hrl_v1,18,1,US_2,RangedDirectAttack,,0,0,True
exp_hrl_v1,18,1,GE_3,MoveAction,,0,0,True
exp_hrl_v1,18,1,US_3,RangedDirectAttack,,0,0,True
exp_hrl_v1,18,1,GE_4,MoveAction,,0,0,True
exp_hrl_v1,18,1,US_4,RangedDirectAttack,,0,0,True
exp_hrl_v1,18,1,GE_5,NoneType,,0,0,True
exp_hrl_v1,18,1,US_5,RangedDirectAttack,,0,0,True
exp_hrl_v1,18,1,US_6,RangedDirectAttack,,0,0,True
exp_hrl_v1,18,1,US_7,RangedDirectAttack,,0,0,True
exp_hrl_v1,18,2,GE_1,MoveAction,,0,0,True
exp_hrl_v1,18,2,US_1,RangedDirectAttack,,0,0,True
exp_hrl_v1,18,2,GE_2,MoveAction,,0,0,True
exp_hrl_v1,18,2,US_2,RangedDirectAttack,,0,0,True
exp_hrl_v1,18,2,GE_3,MoveAction,,0,0,True
exp_hrl_v1,18,2,US_3,RangedDirectAttack,,0,0,True
exp_hrl_v1,18,2,GE_4,MoveAction,,0,0,True
exp_hrl_v1,18,2,US_4,RangedIndirectAttack,,0,0,True
exp_hrl_v1,18,2,US_5,RangedIndirectAttack,,0,0,True
exp_hrl_v1,18,2,US_6,RangedIndirectAttack,,0,0,True
exp_hrl_v1,18,2,US_7,RangedIndirectAttack,,0,0,True
exp_hrl_v1,18,3,GE_4,MoveAction,,0,0,True
exp_hrl_v1,18,3,US_1,RangedIndirectAttack,,0,0,True
exp_hrl_v1,18,3,US_2,RangedIndirectAttack,,0,0,True
exp_hrl_v1,19,1,GE_1,MoveAction,,0,0,True
exp_hrl_v1,19,1,US_1,MoveAction,,0,0,True
exp_hrl_v1,19,1,GE_2,MoveAction,,0,0,True
exp_hrl_v1,19,1,US_2,MoveAction,,0,0,True
exp_hrl_v1,19,1,GE_3,MoveAction,,0,0,True
exp_hrl_v1,19,1,US_3,MoveAction,,0,0,True
exp_hrl_v1,19,1,GE_4,MoveAction,,0,0,True
exp_hrl_v1,19,1,US_4,MoveAction,,0,0,True
exp_hrl_v1,19,1,GE_5,MoveAction,,0,0,True
exp_hrl_v1,19,1,US_5,MoveAction,,0,0,True
exp_hrl_v1,19,1,US_6,WaitAction,,0,0,True
exp_hrl_v1,19,1,US_7,MoveAction,,0,0,True
exp_hrl_v1,19,2,GE_1,MoveAction,,0,0,True
exp_hrl_v1,19,2,US_1,MoveAction,,0,0,True
exp_hrl_v1,19,2,GE_2,MoveAction,,0,0,True
exp_hrl_v1,19,2,US_2,MoveAction,,0,0,True
exp_hrl_v1,19,2,GE_3,MoveAction,,0,0,True
exp_hrl_v1,19,2,US_3,MoveAction,,0,0,True
exp_hrl_v1,19,2,GE_4,MoveAction,,0,0,True
exp_hrl_v1,19,2,US_4,MoveAction,,0,0,True
exp_hrl_v1,19,2,GE_5,MoveAction,,0,0,True
exp_hrl_v1,19,2,US_5,MoveAction,,0,0,True
exp_hrl_v1,19,2,US_6,MoveAction,,0,0,True
exp_hrl_v1,19,2,US_7,MoveAction,,0,0,True
exp_hrl_v1,19,3,GE_1,MoveAction,,0,0,True
exp_hrl_v1,19,3,US_1,MoveAction,,0,0,True
exp_hrl_v1,19,3,GE_2,MoveAction,,0,0,True
exp_hrl_v1,19,3,US_2,MoveAction,,0,0,True
exp_hrl_v1,19,3,GE_3,MoveAction,,0,0,True
exp_hrl_v1,19,3,US_3,MoveAction,,0,0,True
exp_hrl_v1,19,3,GE_4,MoveAction,,0,0,True
exp_hrl_v1,19,3,US_4,MoveAction,,0,0,True
exp_hrl_v1,19,3,GE_5,MoveAction,,0,0,True
exp_hrl_v1,19,3,US_5,MoveAction,,0,0,True
exp_hrl_v1,19,3,US_6,MoveAction,,0,0,True
exp_hrl_v1,19,3,US_7,MoveAction,,0,0,True
exp_hrl_v1,19,4,GE_1,MoveAction,,0,0,True
exp_hrl_v1,19,4,US_1,WaitAction,,0,0,True
exp_hrl_v1,19,4,GE_2,WaitAction,,0,0,True
exp_hrl_v1,19,4,US_2,MoveAction,,0,0,True
exp_hrl_v1,19,4,GE_3,MoveAction,,0,0,True
exp_hrl_v1,19,4,US_3,WaitAction,,0,0,True
exp_hrl_v1,19,4,GE_4,MoveAction,,0,0,True
exp_hrl_v1,19,4,US_4,MoveAction,,0,0,True
exp_hrl_v1,19,4,GE_5,WaitAction,,0,0,True
exp_hrl_v1,19,4,US_5,MoveAction,,0,0,True
exp_hrl_v1,19,4,US_6,MoveAction,,0,0,True
exp_hrl_v1,19,4,US_7,MoveAction,,0,0,True
exp_hrl_v1,19,5,GE_1,WaitAction,,0,0,True
exp_hrl_v1,19,5,US_1,MoveAction,,0,0,True
exp_hrl_v1,19,5,GE_2,WaitAction,,0,0,True
exp_hrl_v1,19,5,US_2,RangedDirectAttack,,0,0,True
exp_hrl_v1,19,5,GE_3,MoveAction,,0,0,True
exp_hrl_v1,19,5,US_3,RangedDirectAttack,,0,0,True
exp_hrl_v1,19,5,GE_4,MoveAction,,0,0,True
exp_hrl_v1,19,5,US_4,RangedDirectAttack,,0,0,True
exp_hrl_v1,19,5,GE_5,NoneType,,0,0,True
exp_hrl_v1,19,5,US_5,RangedDirectAttack,,0,0,True
exp_hrl_v1,19,5,US_6,RangedDirectAttack,,0,0,True
exp_hrl_v1,19,5,US_7,RangedDirectAttack,,0,0,True
exp_hrl_v1,19,6,GE_1,MoveAction,,0,0,True
exp_hrl_v1,19,6,US_1,RangedDirectAttack,,0,0,True
exp_hrl_v1,19,6,GE_3,NoneType,,0,0,True
exp_hrl_v1,19,6,US_2,RangedDirectAttack,,0,0,True
exp_hrl_v1,19,6,GE_4,MoveAction,,0,0,True
exp_hrl_v1,19,6,US_3,RangedDirectAttack,,0,0,True
exp_hrl_v1,19,6,US_4,RangedDirectAttack,,0,0,True
exp_hrl_v1,19,6,US_5,MoveAction,,0,0,True
exp_hrl_v1,19,6,US_6,MoveAction,,0,0,True
exp_hrl_v1,19,6,US_7,MoveAction,,0,0,True
exp_hrl_v1,19,7,GE_4,MoveAction,,0,0,True
exp_hrl_v1,19,7,US_1,WaitAction,,0,0,True
exp_hrl_v1,19,7,US_2,MoveAction,,0,0,True
exp_hrl_v1,19,7,US_3,MoveAction,,0,0,True
exp_hrl_v1,19,7,US_4,MoveAction,,0,0,True
exp_hrl_v1,19,7,US_5,MoveAction,,0,0,True
exp_hrl_v1,19,7,US_6,MoveAction,,0,0,True
exp_hrl_v1,19,7,US_7,MoveAction,,0,0,True
exp_hrl_v1,19,8,GE_4,WaitAction,,0,0,True
exp_hrl_v1,19,8,US_1,MoveAction,,0,0,True
exp_hrl_v1,19,8,US_2,RangedDirectAttack,,0,0,True
exp_hrl_v1,19,8,US_3,RangedDirectAttack,,0,0,True
exp_hrl_v1,20,1,GE_1,MoveAction,,0,0,True
exp_hrl_v1,20,1,US_1,RangedDirectAttack,,0,0,True
exp_hrl_v1,20,1,GE_2,MoveAction,,0,0,True
exp_hrl_v1,20,1,US_2,RangedDirectAttack,,0,0,True
exp_hrl_v1,20,1,GE_3,MoveAction,,0,0,True
exp_hrl_v1,20,1,US_3,RangedDirectAttack,,0,0,True
exp_hrl_v1,20,1,GE_4,MoveAction,,0,0,True
exp_hrl_v1,20,1,US_4,RangedDirectAttack,,0,0,True
exp_hrl_v1,20,1,GE_5,NoneType,,0,0,True
exp_hrl_v1,20,1,US_5,RangedDirectAttack,,0,0,True
exp_hrl_v1,20,1,US_6,RangedDirectAttack,,0,0,True
exp_hrl_v1,20,1,US_7,RangedDirectAttack,,0,0,True
exp_hrl_v1,20,2,GE_1,MoveAction,,0,0,True
exp_hrl_v1,20,2,US_1,RangedDirectAttack,,0,0,True
exp_hrl_v1,20,2,GE_2,MoveAction,,0,0,True
exp_hrl_v1,20,2,US_2,RangedDirectAttack,,0,0,True
exp_hrl_v1,20,2,GE_3,MoveAction,,0,0,True
exp_hrl_v1,20,2,US_3,RangedDirectAttack,,0,0,True
exp_hrl_v1,20,2,GE_4,MoveAction,,0,0,True
exp_hrl_v1,20,2,US_4,RangedDirectAttack,,0,0,True
exp_hrl_v1,20,2,US_5,RangedDirectAttack,,0,0,True
exp_hrl_v1,20,2,US_6,RangedDirectAttack,,0,0,True
exp_hrl_v1,20,2,US_7,RangedDirectAttack,,0,0,True
exp_hrl_v1,20,3,GE_2,MoveAction,,0,0,True
exp_hrl_v1,20,3,US_1,RangedDirectAttack,,0,0,True
exp_hrl_v1,20,3,GE_3,MoveAction,,0,0,True
exp_hrl_v1,20,3,US_2,RangedDirectAttack,,0,0,True
exp_hrl_v1,20,3,GE_4,MoveAction,,0,0,True
exp_hrl_v1,20,3,US_3,RangedDirectAttack,,0,0,True
exp_hrl_v1,20,3,US_4,RangedDirectAttack,,0,0,True
exp_hrl_v1,20,3,US_5,RangedDirectAttack,,0,0,True
exp_hrl_v1,20,3,US_6,RangedDirectAttack,,0,0,True
exp_hrl_v1,20,4,US_7,WaitAction,,0,0,True
exp_hrl_v1,20,4,GE_3,MoveAction,,0,0,True
exp_hrl_v1,20,4,US_1,MoveAction,,0,0,True
exp_hrl_v1,20,4,GE_4,MoveAction,,0,0,True
exp_hrl_v1,20,4,US_2,MoveAction,,0,0,True
exp_hrl_v1,20,4,US_3,MoveAction,,0,0,True
exp_hrl_v1,20,4,US_4,MoveAction,,0,0,True
exp_hrl_v1,20,4,US_5,MoveAction,,0,0,True
exp_hrl_v1,20,4,US_6,MoveAction,,0,0,True
exp_hrl_v1,20,4,US_7,MoveAction,,0,0,True
exp_hrl_v1,20,5,GE_3,MoveAction,,0,0,True
exp_hrl_v1,20,5,US_1,MoveAction,,0,0,True
exp_hrl_v1,20,5,GE_4,MoveAction,,0,0,True
exp_hrl_v1,20,5,US_2,MoveAction,,0,0,True
exp_hrl_v1,20,5,US_3,MoveAction,,0,0,True
exp_hrl_v1,20,5,US_4,MoveAction,,0,0,True
exp_hrl_v1,20,5,US_5,MoveAction,,0,0,True
exp_hrl_v1,20,5,US_6,MoveAction,,0,0,True
exp_hrl_v1,20,5,US_7,MoveAction,,0,0,True
exp_hrl_v1,20,6,GE_3,WaitAction,,0,0,True
exp_hrl_v1,20,6,US_1,WaitAction,,0,0,True
exp_hrl_v1,20,6,GE_4,MoveAction,,0,0,True
exp_hrl_v1,20,6,US_2,WaitAction,,0,0,True
exp_hrl_v1,20,6,US_3,WaitAction,,0,0,True
exp_hrl_v1,20,6,US_4,MoveAction,,0,0,True
exp_hrl_v1,20,6,US_5,WaitAction,,0,0,True
exp_hrl_v1,20,6,US_6,MoveAction,,0,0,True
exp_hrl_v1,20,7,US_7,WaitAction,,0,0,True
exp_hrl_v1,20,7,GE_3,WaitAction,,0,0,True
exp_hrl_v1,20,7,US_1,WaitAction,,0,0,True
exp_hrl_v1,20,7,GE_4,WaitAction,,0,0,True
exp_hrl_v1,20,7,US_2,WaitAction,,0,0,True
exp_hrl_v1,20,7,US_3,MoveAction,,0,0,True
exp_hrl_v1,20,7,US_4,MoveAction,,0,0,True
exp_hrl_v1,20,7,US_5,MoveAction,,0,0,True
exp_hrl_v1,20,7,US_6,MoveAction,,0,0,True
exp_hrl_v1,20,7,US_7,MoveAction,,0,0,True
exp_hrl_v1,20,8,GE_3,WaitAction,,0,0,True
exp_hrl_v1,20,8,US_1,RangedDirectAttack,,0,0,True
exp_hrl_v1,20,8,GE_4,WaitAction,,0,0,True
exp_hrl_v1,20,8,US_2,RangedDirectAttack,,0,0,True
exp_hrl_v1,20,8,US_3,RangedDirectAttack,,0,0,True
exp_hrl_v1,21,1,GE_1,MoveAction,,0,0,True
exp_hrl_v1,21,1,US_1,MoveAction,,0,0,True
exp_hrl_v1,21,1,GE_2,MoveAction,,0,0,True
exp_hrl_v1,21,1,US_2,MoveAction,,0,0,True
exp_hrl_v1,21,1,GE_3,MoveAction,,0,0,True
exp_hrl_v1,21,1,US_3,MoveAction,,0,0,True
exp_hrl_v1,21,1,GE_4,MoveAction,,0,0,True
exp_hrl_v1,21,1,US_4,MoveAction,,0,0,True
exp_hrl_v1,21,1,GE_5,MoveAction,,0,0,True
exp_hrl_v1,21,1,US_5,MoveAction,,0,0,True
exp_hrl_v1,21,1,US_6,MoveAction,,0,0,True
exp_hrl_v1,21,1,US_7,MoveAction,,0,0,True
exp_hrl_v1,21,2,GE_1,MoveAction,,0,0,True
exp_hrl_v1,21,2,US_1,MoveAction,,0,0,True
exp_hrl_v1,21,2,GE_2,MoveAction,,0,0,True
exp_hrl_v1,21,2,US_2,MoveAction,,0,0,True
exp_hrl_v1,21,2,GE_3,MoveAction,,0,0,True
exp_hrl_v1,21,2,US_3,WaitAction,,0,0,True
exp_hrl_v1,21,2,GE_4,MoveAction,,0,0,True
exp_hrl_v1,21,2,US_4,MoveAction,,0,0,True
exp_hrl_v1,21,2,GE_5,MoveAction,,0,0,True
exp_hrl_v1,21,2,US_5,MoveAction,,0,0,True
exp_hrl_v1,21,2,US_6,MoveAction,,0,0,True
exp_hrl_v1,21,2,US_7,MoveAction,,0,0,True
exp_hrl_v1,21,3,GE_1,MoveAction,,0,0,True
exp_hrl_v1,21,3,US_1,MoveAction,,0,0,True
exp_hrl_v1,21,3,GE_2,MoveAction,,0,0,True
exp_hrl_v1,21,3,US_2,MoveAction,,0,0,True
exp_hrl_v1,21,3,GE_3,MoveAction,,0,0,True
exp_hrl_v1,21,3,US_3,MoveAction,,0,0,True
exp_hrl_v1,21,3,GE_4,MoveAction,,0,0,True
exp_hrl_v1,21,3,US_4,RangedDirectAttack,,0,0,True
exp_hrl_v1,21,3,GE_5,NoneType,,0,0,True
exp_hrl_v1,21,3,US_5,RangedDirectAttack,,0,0,True
exp_hrl_v1,21,3,US_6,RangedDirectAttack,,0,0,True
exp_hrl_v1,21,3,US_7,RangedDirectAttack,,0,0,True
exp_hrl_v1,21,4,GE_1,MoveAction,,0,0,True
exp_hrl_v1,21,4,US_1,RangedDirectAttack,,0,0,True
exp_hrl_v1,21,4,GE_3,MoveAction,,0,0,True
exp_hrl_v1,21,4,US_2,RangedDirectAttack,,0,0,True
exp_hrl_v1,21,4,GE_4,MoveAction,,0,0,True
exp_hrl_v1,21,4,US_3,RangedDirectAttack,,0,0,True
exp_hrl_v1,21,4,US_4,RangedDirectAttack,,0,0,True
exp_hrl_v1,21,4,US_5,RangedDirectAttack,,0,0,True
exp_hrl_v1,21,4,US_6,RangedDirectAttack,,0,0,True
exp_hrl_v1,21,5,US_7,WaitAction,,0,0,True
exp_hrl_v1,21,5,GE_4,MoveAction,,0,0,True
exp_hrl_v1,21,5,US_1,MoveAction,,0,0,True
exp_hrl_v1,21,5,US_2,MoveAction,,0,0,True
exp_hrl_v1,21,5,US_3,MoveAction,,0,0,True
exp_hrl_v1,21,5,US_4,MoveAction,,0,0,True
exp_hrl_v1,21,5,US_5,MoveAction,,0,0,True
exp_hrl_v1,21,5,US_6,MoveAction,,0,0,True
exp_hrl_v1,21,5,US_7,MoveAction,,0,0,True
exp_hrl_v1,21,6,GE_4,WaitAction,,0,0,True
exp_hrl_v1,21,6,US_1,WaitAction,,0,0,True
exp_hrl_v1,21,6,US_2,MoveAction,,0,0,True
exp_hrl_v1,21,6,US_3,MoveAction,,0,0,True
exp_hrl_v1,21,6,US_4,MoveAction,,0,0,True
exp_hrl_v1,21,6,US_5,MoveAction,,0,0,True
exp_hrl_v1,21,6,US_6,MoveAction,,0,0,True
exp_hrl_v1,21,6,US_7,MoveAction,,0,0,True
exp_hrl_v1,21,7,GE_4,WaitAction,,0,0,True
exp_hrl_v1,21,7,US_1,MoveAction,,0,0,True
exp_hrl_v1,21,7,US_2,MoveAction,,0,0,True
exp_hrl_v1,21,7,US_3,MoveAction,,0,0,True
exp_hrl_v1,21,7,US_4,MoveAction,,0,0,True
exp_hrl_v1,21,7,US_5,MoveAction,,0,0,True
exp_hrl_v1,21,7,US_6,MoveAction,,0,0,True
exp_hrl_v1,21,7,US_7,MoveAction,,0,0,True
exp_hrl_v1,21,8,GE_4,MoveAction,,0,0,True
exp_hrl_v1,21,8,US_1,WaitAction,,0,0,True
exp_hrl_v1,21,8,US_2,MoveAction,,0,0,True
exp_hrl_v1,21,8,US_3,MoveAction,,0,0,True
exp_hrl_v1,21,8,US_4,MoveAction,,0,0,True
exp_hrl_v1,21,8,US_5,MoveAction,,0,0,True
exp_hrl_v1,21,8,US_6,MoveAction,,0,0,True
exp_hrl_v1,21,8,US_7,RangedDirectAttack,,0,0,True
exp_hrl_v1,22,1,GE_1,MoveAction,,0,0,True
exp_hrl_v1,22,1,US_1,MoveAction,,0,0,True
exp_hrl_v1,22,1,GE_2,MoveAction,,0,0,True
exp_hrl_v1,22,1,US_2,MoveAction,,0,0,True
exp_hrl_v1,22,1,GE_3,MoveAction,,0,0,True
exp_hrl_v1,22,1,US_3,MoveAction,,0,0,True
exp_hrl_v1,22,1,GE_4,MoveAction,,0,0,True
exp_hrl_v1,22,1,US_4,MoveAction,,0,0,True
exp_hrl_v1,22,1,GE_5,MoveAction,,0,0,True
exp_hrl_v1,22,1,US_5,MoveAction,,0,0,True
exp_hrl_v1,22,1,US_6,MoveAction,,0,0,True
exp_hrl_v1,22,1,US_7,MoveAction,,0,0,True
exp_hrl_v1,22,2,GE_1,MoveAction,,0,0,True
exp_hrl_v1,22,2,US_1,MoveAction,,0,0,True
exp_hrl_v1,22,2,GE_2,MoveAction,,0,0,True
exp_hrl_v1,22,2,US_2,MoveAction,,0,0,True
exp_hrl_v1,22,2,GE_3,MoveAction,,0,0,True
exp_hrl_v1,22,2,US_3,WaitAction,,0,0,True
exp_hrl_v1,22,2,GE_4,MoveAction,,0,0,True
exp_hrl_v1,22,2,US_4,MoveAction,,0,0,True
exp_hrl_v1,22,2,GE_5,MoveAction,,0,0,True
exp_hrl_v1,22,2,US_5,MoveAction,,0,0,True
exp_hrl_v1,22,2,US_6,MoveAction,,0,0,True
exp_hrl_v1,22,3,US_7,WaitAction,,0,0,True
exp_hrl_v1,22,3,GE_1,MoveAction,,0,0,True
exp_hrl_v1,22,3,US_1,MoveAction,,0,0,True
exp_hrl_v1,22,3,GE_2,MoveAction,,0,0,True
exp_hrl_v1,22,3,US_2,MoveAction,,0,0,True
exp_hrl_v1,22,3,GE_3,MoveAction,,0,0,True
exp_hrl_v1,22,3,US_3,MoveAction,,0,0,True
exp_hrl_v1,22,3,GE_4,MoveAction,,0,0,True
exp_hrl_v1,22,3,US_4,MoveAction,,0,0,True
exp_hrl_v1,22,3,GE_5,WaitAction,,0,0,True
exp_hrl_v1,22,3,US_5,MoveAction,,0,0,True
exp_hrl_v1,22,3,US_6,MoveAction,,0,0,True
exp_hrl_v1,22,3,US_7,MoveAction,,0,0,True
exp_hrl_v1,22,4,GE_1,MoveAction,,0,0,True
exp_hrl_v1,22,4,US_1,MoveAction,,0,0,True
exp_hrl_v1,22,4,GE_2,MoveAction,,0,0,True
exp_hrl_v1,22,4,US_2,MoveAction,,0,0,True
exp_hrl_v1,22,4,GE_3,MoveAction,,0,0,True
exp_hrl_v1,22,4,US_3,WaitAction,,0,0,True
exp_hrl_v1,22,4,GE_4,MoveAction,,0,0,True
exp_hrl_v1,22,4,US_4,MoveAction,,0,0,True
exp_hrl_v1,22,4,GE_5,MoveAction,,0,0,True
exp_hrl_v1,22,4,US_5,MoveAction,,0,0,True
exp_hrl_v1,22,4,US_6,WaitAction,,0,0,True
exp_hrl_v1,22,5,US_7,WaitAction,,0,0,True
exp_hrl_v1,22,5,GE_1,MoveAction,,0,0,True
exp_hrl_v1,22,5,US_1,WaitAction,,0,0,True
exp_hrl_v1,22,5,GE_2,WaitAction,,0,0,True
exp_hrl_v1,22,5,US_2,RangedDirectAttack,,0,0,True
exp_hrl_v1,22,5,GE_3,WaitAction,,0,0,True
exp_hrl_v1,22,5,US_3,RangedDirectAttack,,0,0,True
exp_hrl_v1,22,5,GE_4,MoveAction,,0,0,True
exp_hrl_v1,22,5,US_4,RangedDirectAttack,,0,0,True
exp_hrl_v1,22,5,GE_5,NoneType,,0,0,True
exp_hrl_v1,22,5,US_5,RangedDirectAttack,,0,0,True
exp_hrl_v1,22,5,US_6,RangedDirectAttack,,0,0,True
exp_hrl_v1,22,5,US_7,RangedDirectAttack,,0,0,True
exp_hrl_v1,22,6,GE_1,WaitAction,,0,0,True
exp_hrl_v1,22,6,US_1,RangedDirectAttack,,0,0,True
exp_hrl_v1,22,6,GE_4,MoveAction,,0,0,True
exp_hrl_v1,22,6,US_2,RangedDirectAttack,,0,0,True
exp_hrl_v1,23,1,GE_1,MoveAction,,0,0,True
exp_hrl_v1,23,1,US_1,MoveAction,,0,0,True
exp_hrl_v1,23,1,GE_2,MoveAction,,0,0,True
exp_hrl_v1,23,1,US_2,MoveAction,,0,0,True
exp_hrl_v1,23,1,GE_3,MoveAction,,0,0,True
exp_hrl_v1,23,1,US_3,MoveAction,,0,0,True
exp_hrl_v1,23,1,GE_4,MoveAction,,0,0,True
exp_hrl_v1,23,1,US_4,MoveAction,,0,0,True
exp_hrl_v1,23,1,GE_5,MoveAction,,0,0,True
exp_hrl_v1,23,1,US_5,MoveAction,,0,0,True
exp_hrl_v1,23,1,US_6,MoveAction,,0,0,True
exp_hrl_v1,23,1,US_7,MoveAction,,0,0,True
exp_hrl_v1,23,2,GE_1,MoveAction,,0,0,True
exp_hrl_v1,23,2,US_1,MoveAction,,0,0,True
exp_hrl_v1,23,2,GE_2,MoveAction,,0,0,True
exp_hrl_v1,23,2,US_2,MoveAction,,0,0,True
exp_hrl_v1,23,2,GE_3,MoveAction,,0,0,True
exp_hrl_v1,23,2,US_3,MoveAction,,0,0,True
exp_hrl_v1,23,2,GE_4,MoveAction,,0,0,True
exp_hrl_v1,23,2,US_4,MoveAction,,0,0,True
exp_hrl_v1,23,2,GE_5,MoveAction,,0,0,True
exp_hrl_v1,23,2,US_5,MoveAction,,0,0,True
exp_hrl_v1,23,2,US_6,MoveAction,,0,0,True
exp_hrl_v1,23,2,US_7,MoveAction,,0,0,True
exp_hrl_v1,23,3,GE_1,MoveAction,,0,0,True
exp_hrl_v1,23,3,US_1,MoveAction,,0,0,True
exp_hrl_v1,23,3,GE_2,MoveAction,,0,0,True
exp_hrl_v1,23,3,US_2,MoveAction,,0,0,True
exp_hrl_v1,23,3,GE_3,MoveAction,,0,0,True
exp_hrl_v1,23,3,US_3,MoveAction,,0,0,True
exp_hrl_v1,23,3,GE_4,MoveAction,,0,0,True
exp_hrl_v1,23,3,US_4,MoveAction,,0,0,True
exp_hrl_v1,23,3,GE_5,MoveAction,,0,0,True
exp_hrl_v1,23,3,US_5,MoveAction,,0,0,True
exp_hrl_v1,23,3,US_6,MoveAction,,0,0,True
exp_hrl_v1,23,3,US_7,MoveAction,,0,0,True
exp_hrl_v1,23,4,GE_1,MoveAction,,0,0,True
exp_hrl_v1,23,4,US_1,RangedDirectAttack,,0,0,True
exp_hrl_v1,23,4,GE_2,WaitAction,,0,0,True
exp_hrl_v1,23,4,US_2,RangedDirectAttack,,0,0,True
exp_hrl_v1,23,4,GE_3,MoveAction,,0,0,True
exp_hrl_v1,23,4,US_3,RangedDirectAttack,,0,0,True
exp_hrl_v1,23,4,GE_4,MoveAction,,0,0,True
exp_hrl_v1,23,4,US_4,RangedDirectAttack,,0,0,True
exp_hrl_v1,23,4,GE_5,NoneType,,0,0,True
exp_hrl_v1,23,4,US_5,RangedDirectAttack,,0,0,True
exp_hrl_v1,23,4,US_6,RangedDirectAttack,,0,0,True
exp_hrl_v1,23,4,US_7,RangedDirectAttack,,0,0,True
exp_hrl_v1,23,5,GE_1,WaitAction,,0,0,True
exp_hrl_v1,23,5,US_1,RangedDirectAttack,,0,0,True
exp_hrl_v1,23,5,GE_3,NoneType,,0,0,True
exp_hrl_v1,23,5,US_2,RangedDirectAttack,,0,0,True
exp_hrl_v1,23,5,GE_4,WaitAction,,0,0,True
exp_hrl_v1,23,5,US_3,RangedDirectAttack,,0,0,True
exp_hrl_v1,23,5,US_4,MoveAction,,0,0,True
exp_hrl_v1,23,5,US_5,MoveAction,,0,0,True
exp_hrl_v1,23,5,US_6,MoveAction,,0,0,True
exp_hrl_v1,23,5,US_7,MoveAction,,0,0,True
exp_hrl_v1,23,6,GE_1,MoveAction,,0,0,True
exp_hrl_v1,23,6,US_1,WaitAction,,0,0,True
exp_hrl_v1,23,6,GE_4,MoveAction,,0,0,True
exp_hrl_v1,23,6,US_2,MoveAction,,0,0,True
exp_hrl_v1,23,6,US_3,MoveAction,,0,0,True
exp_hrl_v1,23,6,US_4,MoveAction,,0,0,True
exp_hrl_v1,23,6,US_5,WaitAction,,0,0,True
exp_hrl_v1,23,6,US_6,MoveAction,,0,0,True
exp_hrl_v1,23,6,US_7,MoveAction,,0,0,True
exp_hrl_v1,23,7,GE_1,WaitAction,,0,0,True
exp_hrl_v1,23,7,US_1,WaitAction,,0,0,True
exp_hrl_v1,23,7,GE_4,WaitAction,,0,0,True
exp_hrl_v1,23,7,US_2,RangedDirectAttack,,0,0,True
exp_hrl_v1,23,7,US_3,RangedDirectAttack,,0,0,True
exp_hrl_v1,23,7,US_4,RangedDirectAttack,,0,0,True
exp_hrl_v1,23,7,US_5,RangedDirectAttack,,0,0,True
exp_hrl_v1,23,7,US_6,RangedDirectAttack,,0,0,True
exp_hrl_v1,24,1,GE_1,MoveAction,,0,0,True
exp_hrl_v1,24,1,US_1,MoveAction,,0,0,True
exp_hrl_v1,24,1,GE_2,MoveAction,,0,0,True
exp_hrl_v1,24,1,US_2,MoveAction,,0,0,True
exp_hrl_v1,24,1,GE_3,MoveAction,,0,0,True
exp_hrl_v1,24,1,US_3,MoveAction,,0,0,True
exp_hrl_v1,24,1,GE_4,MoveAction,,0,0,True
exp_hrl_v1,24,1,US_4,MoveAction,,0,0,True
exp_hrl_v1,24,1,GE_5,MoveAction,,0,0,True
exp_hrl_v1,24,1,US_5,MoveAction,,0,0,True
exp_hrl_v1,24,1,US_6,MoveAction,,0,0,True
exp_hrl_v1,24,1,US_7,MoveAction,,0,0,True
exp_hrl_v1,24,2,GE_1,MoveAction,,0,0,True
exp_hrl_v1,24,2,US_1,MoveAction,,0,0,True
exp_hrl_v1,24,2,GE_2,MoveAction,,0,0,True
exp_hrl_v1,24,2,US_2,MoveAction,,0,0,True
exp_hrl_v1,24,2,GE_3,MoveAction,,0,0,True
exp_hrl_v1,24,2,US_3,MoveAction,,0,0,True
exp_hrl_v1,24,2,GE_4,MoveAction,,0,0,True
exp_hrl_v1,24,2,US_4,MoveAction,,0,0,True
exp_hrl_v1,24,2,GE_5,MoveAction,,0,0,True
exp_hrl_v1,24,2,US_5,MoveAction,,0,0,True
exp_hrl_v1,24,2,US_6,MoveAction,,0,0,True
exp_hrl_v1,24,2,US_7,MoveAction,,0,0,True
exp_hrl_v1,24,3,GE_1,MoveAction,,0,0,True
exp_hrl_v1,24,3,US_1,MoveAction,,0,0,True
exp_hrl_v1,24,3,GE_2,MoveAction,,0,0,True
exp_hrl_v1,24,3,US_2,MoveAction,,0,0,True
exp_hrl_v1,24,3,GE_3,MoveAction,,0,0,True
exp_hrl_v1,24,3,US_3,MoveAction,,0,0,True
exp_hrl_v1,24,3,GE_4,MoveAction,,0,0,True
exp_hrl_v1,24,3,US_4,MoveAction,,0,0,True
exp_hrl_v1,24,3,GE_5,MoveAction,,0,0,True
exp_hrl_v1,24,3,US_5,MoveAction,,0,0,True
exp_hrl_v1,24,3,US_6,MoveAction,,0,0,True
exp_hrl_v1,24,3,US_7,MoveAction,,0,0,True
exp_hrl_v1,24,4,GE_1,MoveAction,,0,0,True
exp_hrl_v1,24,4,US_1,RangedDirectAttack,,0,0,True
exp_hrl_v1,24,4,GE_2,WaitAction,,0,0,True
exp_hrl_v1,24,4,US_2,RangedDirectAttack,,0,0,True
exp_hrl_v1,24,4,GE_3,MoveAction,,0,0,True
exp_hrl_v1,24,4,US_3,RangedDirectAttack,,0,0,True
exp_hrl_v1,24,4,GE_4,MoveAction,,0,0,True
exp_hrl_v1,24,4,US_4,RangedDirectAttack,,0,0,True
exp_hrl_v1,24,4,GE_5,NoneType,,0,0,True
exp_hrl_v1,24,4,US_5,RangedDirectAttack,,0,0,True
exp_hrl_v1,24,4,US_6,RangedDirectAttack,,0,0,True
exp_hrl_v1,24,4,US_7,RangedDirectAttack,,0,0,True
exp_hrl_v1,24,5,GE_3,WaitAction,,0,0,True
exp_hrl_v1,24,5,US_1,RangedDirectAttack,,0,0,True
exp_hrl_v1,24,5,GE_4,MoveAction,,0,0,True
exp_hrl_v1,24,5,US_2,RangedDirectAttack,,0,0,True
exp_hrl_v1,24,5,US_3,RangedDirectAttack,,0,0,True
exp_hrl_v1,24,5,US_4,MoveAction,,0,0,True
exp_hrl_v1,24,5,US_5,MoveAction,,0,0,True
exp_hrl_v1,24,5,US_6,MoveAction,,0,0,True
exp_hrl_v1,24,5,US_7,MoveAction,,0,0,True
exp_hrl_v1,24,6,GE_4,MoveAction,,0,0,True
exp_hrl_v1,24,6,US_1,WaitAction,,0,0,True
exp_hrl_v1,24,6,US_2,MoveAction,,0,0,True
exp_hrl_v1,24,6,US_3,MoveAction,,0,0,True
exp_hrl_v1,24,6,US_4,MoveAction,,0,0,True
exp_hrl_v1,24,6,US_5,MoveAction,,0,0,True
exp_hrl_v1,24,6,US_6,MoveAction,,0,0,True
exp_hrl_v1,24,6,US_7,MoveAction,,0,0,True
exp_hrl_v1,24,7,GE_4,WaitAction,,0,0,True
exp_hrl_v1,24,7,US_1,MoveAction,,0,0,True
exp_hrl_v1,24,7,US_2,MoveAction,,0,0,True
exp_hrl_v1,24,7,US_3,MoveAction,,0,0,True
exp_hrl_v1,24,7,US_4,MoveAction,,0,0,True
exp_hrl_v1,24,7,US_5,MoveAction,,0,0,True
exp_hrl_v1,24,7,US_6,MoveAction,,0,0,True
exp_hrl_v1,24,7,US_7,MoveAction,,0,0,True
exp_hrl_v1,24,8,GE_4,MoveAction,,0,0,True
exp_hrl_v1,24,8,US_1,WaitAction,,0,0,True
exp_hrl_v1,24,8,US_2,MoveAction,,0,0,True
exp_hrl_v1,24,8,US_3,MoveAction,,0,0,True
exp_hrl_v1,24,8,US_4,MoveAction,,0,0,True
exp_hrl_v1,24,8,US_5,MoveAction,,0,0,True
exp_hrl_v1,24,8,US_6,MoveAction,,0,0,True
exp_hrl_v1,24,8,US_7,MoveAction,,0,0,True
exp_hrl_v1,24,9,GE_4,WaitAction,,0,0,True
exp_hrl_v1,24,9,US_1,WaitAction,,0,0,True
exp_hrl_v1,24,9,US_2,WaitAction,,0,0,True
exp_hrl_v1,24,9,US_3,MoveAction,,0,0,True
exp_hrl_v1,24,9,US_4,RangedDirectAttack,,0,0,True
exp_hrl_v1,25,1,GE_1,MoveAction,,0,0,True
exp_hrl_v1,25,1,US_1,MoveAction,,0,0,True
exp_hrl_v1,25,1,GE_2,MoveAction,,0,0,True
exp_hrl_v1,25,1,US_2,MoveAction,,0,0,True
exp_hrl_v1,25,1,GE_3,MoveAction,,0,0,True
exp_hrl_v1,25,1,US_3,MoveAction,,0,0,True
exp_hrl_v1,25,1,GE_4,MoveAction,,0,0,True
exp_hrl_v1,25,1,US_4,MoveAction,,0,0,True
exp_hrl_v1,25,1,GE_5,MoveAction,,0,0,True
exp_hrl_v1,25,1,US_5,MoveAction,,0,0,True
exp_hrl_v1,25,1,US_6,MoveAction,,0,0,True
exp_hrl_v1,25,1,US_7,MoveAction,,0,0,True
exp_hrl_v1,25,2,GE_1,MoveAction,,0,0,True
exp_hrl_v1,25,2,US_1,MoveAction,,0,0,True
exp_hrl_v1,25,2,GE_2,MoveAction,,0,0,True
exp_hrl_v1,25,2,US_2,MoveAction,,0,0,True
exp_hrl_v1,25,2,GE_3,MoveAction,,0,0,True
exp_hrl_v1,25,2,US_3,MoveAction,,0,0,True
exp_hrl_v1,25,2,GE_4,MoveAction,,0,0,True
exp_hrl_v1,25,2,US_4,MoveAction,,0,0,True
exp_hrl_v1,25,2,GE_5,MoveAction,,0,0,True
exp_hrl_v1,25,2,US_5,MoveAction,,0,0,True
exp_hrl_v1,25,2,US_6,MoveAction,,0,0,True
exp_hrl_v1,25,3,US_7,WaitAction,,0,0,True
exp_hrl_v1,25,3,GE_1,MoveAction,,0,0,True
exp_hrl_v1,25,3,US_1,MoveAction,,0,0,True
exp_hrl_v1,25,3,GE_2,MoveAction,,0,0,True
exp_hrl_v1,25,3,US_2,MoveAction,,0,0,True
exp_hrl_v1,25,3,GE_3,MoveAction,,0,0,True
exp_hrl_v1,25,3,US_3,MoveAction,,0,0,True
exp_hrl_v1,25,3,GE_4,MoveAction,,0,0,True
exp_hrl_v1,25,3,US_4,MoveAction,,0,0,True
exp_hrl_v1,25,3,GE_5,WaitAction,,0,0,True
exp_hrl_v1,25,3,US_5,WaitAction,,0,0,True
exp_hrl_v1,25,3,US_6,MoveAction,,0,0,True
exp_hrl_v1,25,3,US_7,MoveAction,,0,0,True
exp_hrl_v1,25,4,GE_1,MoveAction,,0,0,True
exp_hrl_v1,25,4,US_1,WaitAction,,0,0,True
exp_hrl_v1,25,4,GE_2,WaitAction,,0,0,True
exp_hrl_v1,25,4,US_2,MoveAction,,0,0,True
exp_hrl_v1,25,4,GE_3,WaitAction,,0,0,True
exp_hrl_v1,25,4,US_3,MoveAction,,0,0,True
exp_hrl_v1,25,4,GE_4,MoveAction,,0,0,True
exp_hrl_v1,25,4,US_4,MoveAction,,0,0,True
exp_hrl_v1,25,4,GE_5,WaitAction,,0,0,True
exp_hrl_v1,25,4,US_5,WaitAction,,0,0,True
exp_hrl_v1,25,4,US_6,MoveAction,,0,0,True
exp_hrl_v1,25,5,US_7,WaitAction,,0,0,True
exp_hrl_v1,25,5,GE_1,WaitAction,,0,0,True
exp_hrl_v1,25,5,US_1,WaitAction,,0,0,True
exp_hrl_v1,25,5,GE_2,WaitAction,,0,0,True
exp_hrl_v1,25,5,US_2,RangedDirectAttack,,0,0,True
exp_hrl_v1,25,5,GE_3,WaitAction,,0,0,True
exp_hrl_v1,25,5,US_3,RangedDirectAttack,,0,0,True
exp_hrl_v1,25,5,GE_4,WaitAction,,0,0,True
exp_hrl_v1,25,5,US_4,RangedDirectAttack,,0,0,True
exp_hrl_v1,25,5,GE_5,NoneType,,0,0,True
exp_hrl_v1,25,5,US_5,RangedDirectAttack,,0,0,True
exp_hrl_v1,25,5,US_6,RangedDirectAttack,,0,0,True
exp_hrl_v1,25,5,US_7,RangedDirectAttack,,0,0,True
exp_hrl_v1,25,6,GE_1,WaitAction,,0,0,True
exp_hrl_v1,25,6,US_1,RangedDirectAttack,,0,0,True
exp_hrl_v1,25,6,GE_4,MoveAction,,0,0,True
exp_hrl_v1,25,6,US_2,RangedDirectAttack,,0,0,True
exp_hrl_v1,25,6,US_3,RangedDirectAttack,,0,0,True
exp_hrl_v1,26,1,GE_1,MoveAction,,0,0,True
exp_hrl_v1,26,1,US_1,RangedDirectAttack,,0,0,True
exp_hrl_v1,26,1,GE_2,MoveAction,,0,0,True
exp_hrl_v1,26,1,US_2,RangedDirectAttack,,0,0,True
exp_hrl_v1,26,1,GE_3,MoveAction,,0,0,True
exp_hrl_v1,26,1,US_3,RangedDirectAttack,,0,0,True
exp_hrl_v1,26,1,GE_4,MoveAction,,0,0,True
exp_hrl_v1,26,1,US_4,RangedDirectAttack,,0,0,True
exp_hrl_v1,26,1,GE_5,NoneType,,0,0,True
exp_hrl_v1,26,1,US_5,RangedDirectAttack,,0,0,True
exp_hrl_v1,26,1,US_6,RangedDirectAttack,,0,0,True
exp_hrl_v1,26,1,US_7,RangedDirectAttack,,0,0,True
exp_hrl_v1,26,2,GE_3,MoveAction,,0,0,True
exp_hrl_v1,26,2,US_1,RangedDirectAttack,,0,0,True
exp_hrl_v1,26,2,GE_4,MoveAction,,0,0,True
exp_hrl_v1,26,2,US_2,RangedDirectAttack,,0,0,True
exp_hrl_v1,26,2,US_3,RangedDirectAttack,,0,0,True
exp_hrl_v1,26,2,US_4,MoveAction,,0,0,True
exp_hrl_v1,26,2,US_5,MoveAction,,0,0,True
exp_hrl_v1,26,2,US_6,MoveAction,,0,0,True
exp_hrl_v1,26,3,US_7,WaitAction,,0,0,True
exp_hrl_v1,26,3,GE_4,MoveAction,,0,0,True
exp_hrl_v1,26,3,US_1,MoveAction,,0,0,True
exp_hrl_v1,26,3,US_2,MoveAction,,0,0,True
exp_hrl_v1,26,3,US_3,MoveAction,,0,0,True
exp_hrl_v1,26,3,US_4,MoveAction,,0,0,True
exp_hrl_v1,26,3,US_5,WaitAction,,0,0,True
exp_hrl_v1,26,3,US_6,MoveAction,,0,0,True
exp_hrl_v1,26,4,US_7,WaitAction,,0,0,True
exp_hrl_v1,26,4,GE_4,MoveAction,,0,0,True
exp_hrl_v1,26,4,US_1,MoveAction,,0,0,True
exp_hrl_v1,26,4,US_2,RangedDirectAttack,,0,0,True
exp_hrl_v1,26,4,US_3,RangedDirectAttack,,0,0,True
exp_hrl_v1,27,1,GE_1,MoveAction,,0,0,True
exp_hrl_v1,27,1,US_1,MoveAction,,0,0,True
exp_hrl_v1,27,1,GE_2,MoveAction,,0,0,True
exp_hrl_v1,27,1,US_2,MoveAction,,0,0,True
exp_hrl_v1,27,1,GE_3,MoveAction,,0,0,True
exp_hrl_v1,27,1,US_3,MoveAction,,0,0,True
exp_hrl_v1,27,1,GE_4,MoveAction,,0,0,True
exp_hrl_v1,27,1,US_4,MoveAction,,0,0,True
exp_hrl_v1,27,1,GE_5,MoveAction,,0,0,True
exp_hrl_v1,27,1,US_5,MoveAction,,0,0,True
exp_hrl_v1,27,1,US_6,MoveAction,,0,0,True
exp_hrl_v1,27,1,US_7,MoveAction,,0,0,True
exp_hrl_v1,27,2,GE_1,MoveAction,,0,0,True
exp_hrl_v1,27,2,US_1,MoveAction,,0,0,True
exp_hrl_v1,27,2,GE_2,MoveAction,,0,0,True
exp_hrl_v1,27,2,US_2,MoveAction,,0,0,True
exp_hrl_v1,27,2,GE_3,MoveAction,,0,0,True
exp_hrl_v1,27,2,US_3,WaitAction,,0,0,True
exp_hrl_v1,27,2,GE_4,MoveAction,,0,0,True
exp_hrl_v1,27,2,US_4,MoveAction,,0,0,True
exp_hrl_v1,27,2,GE_5,MoveAction,,0,0,True
exp_hrl_v1,27,2,US_5,MoveAction,,0,0,True
exp_hrl_v1,27,2,US_6,MoveAction,,0,0,True
exp_hrl_v1,27,3,US_7,WaitAction,,0,0,True
exp_hrl_v1,27,3,GE_1,MoveAction,,0,0,True
exp_hrl_v1,27,3,US_1,MoveAction,,0,0,True
exp_hrl_v1,27,3,GE_2,MoveAction,,0,0,True
exp_hrl_v1,27,3,US_2,MoveAction,,0,0,True
exp_hrl_v1,27,3,GE_3,MoveAction,,0,0,True
exp_hrl_v1,27,3,US_3,MoveAction,,0,0,True
exp_hrl_v1,27,3,GE_4,MoveAction,,0,0,True
exp_hrl_v1,27,3,US_4,MoveAction,,0,0,True
exp_hrl_v1,27,3,GE_5,WaitAction,,0,0,True
exp_hrl_v1,27,3,US_5,WaitAction,,0,0,True
exp_hrl_v1,27,3,US_6,MoveAction,,0,0,True
exp_hrl_v1,27,3,US_7,MoveAction,,0,0,True
exp_hrl_v1,27,4,GE_1,MoveAction,,0,0,True
exp_hrl_v1,27,4,US_1,WaitAction,,0,0,True
exp_hrl_v1,27,4,GE_2,WaitAction,,0,0,True
exp_hrl_v1,27,4,US_2,MoveAction,,0,0,True
exp_hrl_v1,27,4,GE_3,WaitAction,,0,0,True
exp_hrl_v1,27,4,US_3,MoveAction,,0,0,True
exp_hrl_v1,27,4,GE_4,MoveAction,,0,0,True
exp_hrl_v1,27,4,US_4,RangedIndirectAttack,,0,0,True
exp_hrl_v1,27,4,GE_5,WaitAction,,0,0,True
exp_hrl_v1,27,4,US_5,RangedIndirectAttack,,0,0,True
exp_hrl_v1,27,4,US_6,RangedIndirectAttack,,0,0,True
exp_hrl_v1,27,4,US_7,RangedIndirectAttack,,0,0,True
exp_hrl_v1,27,5,GE_1,WaitAction,,0,0,True
exp_hrl_v1,27,5,US_1,RangedIndirectAttack,,0,0,True
exp_hrl_v1,27,5,GE_3,MoveAction,,0,0,True
exp_hrl_v1,27,5,US_2,RangedIndirectAttack,,0,0,True
exp_hrl_v1,27,5,GE_4,MoveAction,,0,0,True
exp_hrl_v1,27,5,US_3,RangedIndirectAttack,,0,0,True
exp_hrl_v1,27,5,US_4,RangedIndirectAttack,,0,0,True
exp_hrl_v1,27,5,US_5,RangedIndirectAttack,,0,0,True
exp_hrl_v1,27,5,US_6,RangedIndirectAttack,,0,0,True
exp_hrl_v1,28,1,GE_1,MoveAction,,0,0,True
exp_hrl_v1,28,1,US_1,MoveAction,,0,0,True
exp_hrl_v1,28,1,GE_2,MoveAction,,0,0,True
exp_hrl_v1,28,1,US_2,MoveAction,,0,0,True
exp_hrl_v1,28,1,GE_3,MoveAction,,0,0,True
exp_hrl_v1,28,1,US_3,MoveAction,,0,0,True
exp_hrl_v1,28,1,GE_4,MoveAction,,0,0,True
exp_hrl_v1,28,1,US_4,MoveAction,,0,0,True
exp_hrl_v1,28,1,GE_5,MoveAction,,0,0,True
exp_hrl_v1,28,1,US_5,MoveAction,,0,0,True
exp_hrl_v1,28,1,US_6,MoveAction,,0,0,True
exp_hrl_v1,28,1,US_7,RangedDirectAttack,,0,0,True
exp_hrl_v1,28,2,GE_1,MoveAction,,0,0,True
exp_hrl_v1,28,2,US_1,RangedDirectAttack,,0,0,True
exp_hrl_v1,28,2,GE_2,MoveAction,,0,0,True
exp_hrl_v1,28,2,US_2,RangedDirectAttack,,0,0,True
exp_hrl_v1,28,2,GE_3,MoveAction,,0,0,True
exp_hrl_v1,28,2,US_3,RangedDirectAttack,,0,0,True
exp_hrl_v1,28,2,GE_4,MoveAction,,0,0,True
exp_hrl_v1,28,2,US_4,RangedDirectAttack,,0,0,True
exp_hrl_v1,28,2,GE_5,NoneType,,0,0,True
exp_hrl_v1,28,2,US_5,RangedDirectAttack,,0,0,True
exp_hrl_v1,28,2,US_6,RangedDirectAttack,,0,0,True
exp_hrl_v1,28,2,US_7,RangedDirectAttack,,0,0,True
exp_hrl_v1,28,3,GE_1,MoveAction,,0,0,True
exp_hrl_v1,28,3,US_1,RangedDirectAttack,,0,0,True
exp_hrl_v1,28,3,GE_3,MoveAction,,0,0,True
exp_hrl_v1,28,3,US_2,RangedDirectAttack,,0,0,True
exp_hrl_v1,28,3,GE_4,MoveAction,,0,0,True
exp_hrl_v1,28,3,US_3,MoveAction,,0,0,True
exp_hrl_v1,28,3,US_4,MoveAction,,0,0,True
exp_hrl_v1,28,3,US_5,MoveAction,,0,0,True
exp_hrl_v1,28,3,US_6,MoveAction,,0,0,True
exp_hrl_v1,28,3,US_7,MoveAction,,0,0,True
exp_hrl_v1,28,4,GE_3,MoveAction,,0,0,True
exp_hrl_v1,28,4,US_1,MoveAction,,0,0,True
exp_hrl_v1,28,4,GE_4,MoveAction,,0,0,True
exp_hrl_v1,28,4,US_2,MoveAction,,0,0,True
exp_hrl_v1,28,4,US_3,MoveAction,,0,0,True
exp_hrl_v1,28,4,US_4,MoveAction,,0,0,True
exp_hrl_v1,28,4,US_5,MoveAction,,0,0,True
exp_hrl_v1,28,4,US_6,MoveAction,,0,0,True
exp_hrl_v1,28,4,US_7,MoveAction,,0,0,True
exp_hrl_v1,28,5,GE_3,MoveAction,,0,0,True
exp_hrl_v1,28,5,US_1,MoveAction,,0,0,True
exp_hrl_v1,28,5,GE_4,MoveAction,,0,0,True
exp_hrl_v1,28,5,US_2,MoveAction,,0,0,True
exp_hrl_v1,28,5,US_3,MoveAction,,0,0,True
exp_hrl_v1,28,5,US_4,WaitAction,,0,0,True
exp_hrl_v1,28,5,US_5,WaitAction,,0,0,True
exp_hrl_v1,28,5,US_6,MoveAction,,0,0,True
exp_hrl_v1,28,5,US_7,MoveAction,,0,0,True
exp_hrl_v1,28,6,GE_3,WaitAction,,0,0,True
exp_hrl_v1,28,6,US_1,MoveAction,,0,0,True
exp_hrl_v1,28,6,GE_4,MoveAction,,0,0,True
exp_hrl_v1,28,6,US_2,MoveAction,,0,0,True
exp_hrl_v1,28,6,US_3,RangedDirectAttack,,0,0,True
exp_hrl_v1,28,6,US_4,RangedDirectAttack,,0,0,True
exp_hrl_v1,28,6,US_5,RangedDirectAttack,,0,0,True
exp_hrl_v1,28,6,US_6,RangedDirectAttack,,0,0,True
exp_hrl_v1,28,6,US_7,RangedDirectAttack,,0,0,True
exp_hrl_v1,28,7,GE_4,WaitAction,,0,0,True
exp_hrl_v1,28,7,US_1,RangedDirectAttack,,0,0,True
exp_hrl_v1,29,1,GE_1,MoveAction,,0,0,True
exp_hrl_v1,29,1,US_1,WaitAction,,0,0,True
exp_hrl_v1,29,1,GE_2,MoveAction,,0,0,True
exp_hrl_v1,29,1,US_2,WaitAction,,0,0,True
exp_hrl_v1,29,1,GE_3,MoveAction,,0,0,True
exp_hrl_v1,29,1,US_3,RangedIndirectAttack,,0,0,True
exp_hrl_v1,29,1,GE_4,MoveAction,,0,0,True
exp_hrl_v1,29,1,US_4,RangedIndirectAttack,,0,0,True
exp_hrl_v1,29,1,GE_5,MoveAction,,0,0,True
exp_hrl_v1,29,1,US_5,RangedIndirectAttack,,0,0,True
exp_hrl_v1,29,1,US_6,RangedIndirectAttack,,0,0,True
exp_hrl_v1,29,1,US_7,RangedIndirectAttack,,0,0,True
exp_hrl_v1,29,2,GE_1,MoveAction,,0,0,True
exp_hrl_v1,29,2,US_1,RangedIndirectAttack,,0,0,True
exp_hrl_v1,29,2,GE_2,MoveAction,,0,0,True
exp_hrl_v1,29,2,US_2,RangedIndirectAttack,,0,0,True
exp_hrl_v1,29,2,GE_3,MoveAction,,0,0,True
exp_hrl_v1,29,2,US_3,RangedIndirectAttack,,0,0,True
exp_hrl_v1,29,2,GE_4,MoveAction,,0,0,True
exp_hrl_v1,29,2,US_4,RangedIndirectAttack,,0,0,True
exp_hrl_v1,29,2,US_5,RangedIndirectAttack,,0,0,True
exp_hrl_v1,29,2,US_6,MoveAction,,0,0,True
exp_hrl_v1,29,3,US_7,WaitAction,,0,0,True
exp_hrl_v1,29,3,GE_1,MoveAction,,0,0,True
exp_hrl_v1,29,3,US_1,MoveAction,,0,0,True
exp_hrl_v1,29,3,GE_2,MoveAction,,0,0,True
exp_hrl_v1,29,3,US_2,MoveAction,,0,0,True
exp_hrl_v1,29,3,GE_3,MoveAction,,0,0,True
exp_hrl_v1,29,3,US_3,MoveAction,,0,0,True
exp_hrl_v1,29,3,GE_4,MoveAction,,0,0,True
exp_hrl_v1,29,3,US_4,MoveAction,,0,0,True
exp_hrl_v1,29,3,US_5,RangedDirectAttack,,0,0,True
exp_hrl_v1,29,3,US_6,RangedDirectAttack,,0,0,True
exp_hrl_v1,29,3,US_7,RangedDirectAttack,,0,0,True
exp_hrl_v1,29,4,GE_2,MoveAction,,0,0,True
exp_hrl_v1,29,4,US_1,RangedDirectAttack,,0,0,True
exp_hrl_v1,29,4,GE_3,MoveAction,,0,0,True
exp_hrl_v1,29,4,US_2,RangedDirectAttack,,0,0,True
exp_hrl_v1,29,4,GE_4,MoveAction,,0,0,True
exp_hrl_v1,29,4,US_3,RangedDirectAttack,,0,0,True
exp_hrl_v1,29,4,US_4,RangedDirectAttack,,0,0,True
exp_hrl_v1,29,4,US_5,RangedDirectAttack,,0,0,True
exp_hrl_v1,29,4,US_6,RangedDirectAttack,,0,0,True
exp_hrl_v1,30,1,GE_1,MoveAction,,0,0,True
exp_hrl_v1,30,1,US_1,MoveAction,,0,0,True
exp_hrl_v1,30,1,GE_2,MoveAction,,0,0,True
exp_hrl_v1,30,1,US_2,MoveAction,,0,0,True
exp_hrl_v1,30,1,GE_3,MoveAction,,0,0,True
exp_hrl_v1,30,1,US_3,MoveAction,,0,0,True
exp_hrl_v1,30,1,GE_4,MoveAction,,0,0,True
exp_hrl_v1,30,1,US_4,MoveAction,,0,0,True
exp_hrl_v1,30,1,GE_5,MoveAction,,0,0,True
exp_hrl_v1,30,1,US_5,MoveAction,,0,0,True
exp_hrl_v1,30,1,US_6,MoveAction,,0,0,True
exp_hrl_v1,30,1,US_7,RangedDirectAttack,,0,0,True
exp_hrl_v1,30,2,GE_1,MoveAction,,0,0,True
exp_hrl_v1,30,2,US_1,RangedDirectAttack,,0,0,True
exp_hrl_v1,30,2,GE_2,MoveAction,,0,0,True
exp_hrl_v1,30,2,US_2,RangedDirectAttack,,0,0,True
exp_hrl_v1,30,2,GE_3,MoveAction,,0,0,True
exp_hrl_v1,30,2,US_3,RangedDirectAttack,,0,0,True
exp_hrl_v1,30,2,GE_4,MoveAction,,0,0,True
exp_hrl_v1,30,2,US_4,RangedDirectAttack,,0,0,True
exp_hrl_v1,30,2,US_5,RangedDirectAttack,,0,0,True
exp_hrl_v1,30,2,US_6,RangedDirectAttack,,0,0,True
exp_hrl_v1,30,2,US_7,RangedDirectAttack,,0,0,True
exp_hrl_v1,30,3,GE_3,MoveAction,,0,0,True
exp_hrl_v1,30,3,US_1,RangedDirectAttack,,0,0,True
exp_hrl_v1,30,3,GE_4,MoveAction,,0,0,True
exp_hrl_v1,30,3,US_2,RangedDirectAttack,,0,0,True
exp_hrl_v1,30,3,US_3,MoveAction,,0,0,True
exp_hrl_v1,30,3,US_4,MoveAction,,0,0,True
exp_hrl_v1,30,3,US_5,MoveAction,,0,0,True
exp_hrl_v1,30,3,US_6,MoveAction,,0,0,True
exp_hrl_v1,30,4,US_7,WaitAction,,0,0,True
exp_hrl_v1,30,4,GE_4,MoveAction,,0,0,True
exp_hrl_v1,30,4,US_1,MoveAction,,0,0,True
exp_hrl_v1,30,4,US_2,MoveAction,,0,0,True
exp_hrl_v1,30,4,US_3,MoveAction,,0,0,True
exp_hrl_v1,30,4,US_4,MoveAction,,0,0,True
exp_hrl_v1,30,4,US_5,MoveAction,,0,0,True
exp_hrl_v1,30,4,US_6,MoveAction,,0,0,True
exp_hrl_v1,30,4,US_7,MoveAction,,0,0,True
exp_hrl_v1,30,5,GE_4,MoveAction,,0,0,True
exp_hrl_v1,30,5,US_1,MoveAction,,0,0,True
exp_hrl_v1,30,5,US_2,MoveAction,,0,0,True
exp_hrl_v1,30,5,US_3,MoveAction,,0,0,True
exp_hrl_v1,30,5,US_4,MoveAction,,0,0,True
exp_hrl_v1,30,5,US_5,RangedDirectAttack,,0,0,True
exp_hrl_v1,30,5,US_6,RangedDirectAttack,,0,0,True
exp_hrl_v1,31,1,GE_1,MoveAction,,0,0,True
exp_hrl_v1,31,1,US_1,MoveAction,,0,0,True
exp_hrl_v1,31,1,GE_2,MoveAction,,0,0,True
exp_hrl_v1,31,1,US_2,MoveAction,,0,0,True
exp_hrl_v1,31,1,GE_3,MoveAction,,0,0,True
exp_hrl_v1,31,1,US_3,MoveAction,,0,0,True
exp_hrl_v1,31,1,GE_4,MoveAction,,0,0,True
exp_hrl_v1,31,1,US_4,MoveAction,,0,0,True
exp_hrl_v1,31,1,GE_5,MoveAction,,0,0,True
exp_hrl_v1,31,1,US_5,MoveAction,,0,0,True
exp_hrl_v1,31,1,US_6,MoveAction,,0,0,True
exp_hrl_v1,31,1,US_7,RangedDirectAttack,,0,0,True
exp_hrl_v1,31,2,GE_1,MoveAction,,0,0,True
exp_hrl_v1,31,2,US_1,RangedDirectAttack,,0,0,True
exp_hrl_v1,31,2,GE_2,MoveAction,,0,0,True
exp_hrl_v1,31,2,US_2,RangedDirectAttack,,0,0,True
exp_hrl_v1,31,2,GE_3,MoveAction,,0,0,True
exp_hrl_v1,31,2,US_3,RangedDirectAttack,,0,0,True
exp_hrl_v1,31,2,GE_4,MoveAction,,0,0,True
exp_hrl_v1,31,2,US_4,RangedDirectAttack,,0,0,True
exp_hrl_v1,31,2,US_5,RangedDirectAttack,,0,0,True
exp_hrl_v1,31,2,US_6,RangedDirectAttack,,0,0,True
exp_hrl_v1,31,2,US_7,RangedDirectAttack,,0,0,True
exp_hrl_v1,31,3,GE_4,MoveAction,,0,0,True
exp_hrl_v1,31,3,US_1,RangedDirectAttack,,0,0,True
exp_hrl_v1,31,3,US_2,RangedDirectAttack,,0,0,True
exp_hrl_v1,31,3,US_3,MoveAction,,0,0,True
exp_hrl_v1,31,3,US_4,MoveAction,,0,0,True
exp_hrl_v1,31,3,US_5,MoveAction,,0,0,True
exp_hrl_v1,31,3,US_6,MoveAction,,0,0,True
exp_hrl_v1,31,3,US_7,MoveAction,,0,0,True
exp_hrl_v1,31,4,GE_4,MoveAction,,0,0,True
exp_hrl_v1,31,4,US_1,WaitAction,,0,0,True
exp_hrl_v1,31,4,US_2,RangedIndirectAttack,,0,0,True
exp_hrl_v1,32,1,GE_1,MoveAction,,0,0,True
exp_hrl_v1,32,1,US_1,MoveAction,,0,0,True
exp_hrl_v1,32,1,GE_2,MoveAction,,0,0,True
exp_hrl_v1,32,1,US_2,MoveAction,,0,0,True
exp_hrl_v1,32,1,GE_3,MoveAction,,0,0,True
exp_hrl_v1,32,1,US_3,MoveAction,,0,0,True
exp_hrl_v1,32,1,GE_4,MoveAction,,0,0,True
exp_hrl_v1,32,1,US_4,MoveAction,,0,0,True
exp_hrl_v1,32,1,GE_5,MoveAction,,0,0,True
exp_hrl_v1,32,1,US_5,MoveAction,,0,0,True
exp_hrl_v1,32,1,US_6,MoveAction,,0,0,True
exp_hrl_v1,32,1,US_7,MoveAction,,0,0,True
exp_hrl_v1,32,2,GE_1,MoveAction,,0,0,True
exp_hrl_v1,32,2,US_1,MoveAction,,0,0,True
exp_hrl_v1,32,2,GE_2,MoveAction,,0,0,True
exp_hrl_v1,32,2,US_2,MoveAction,,0,0,True
exp_hrl_v1,32,2,GE_3,MoveAction,,0,0,True
exp_hrl_v1,32,2,US_3,MoveAction,,0,0,True
exp_hrl_v1,32,2,GE_4,MoveAction,,0,0,True
exp_hrl_v1,32,2,US_4,MoveAction,,0,0,True
exp_hrl_v1,32,2,GE_5,MoveAction,,0,0,True
exp_hrl_v1,32,2,US_5,MoveAction,,0,0,True
exp_hrl_v1,32,2,US_6,MoveAction,,0,0,True
exp_hrl_v1,32,2,US_7,MoveAction,,0,0,True
exp_hrl_v1,32,3,GE_1,MoveAction,,0,0,True
exp_hrl_v1,32,3,US_1,MoveAction,,0,0,True
exp_hrl_v1,32,3,GE_2,MoveAction,,0,0,True
exp_hrl_v1,32,3,US_2,MoveAction,,0,0,True
exp_hrl_v1,32,3,GE_3,MoveAction,,0,0,True
exp_hrl_v1,32,3,US_3,MoveAction,,0,0,True
exp_hrl_v1,32,3,GE_4,MoveAction,,0,0,True
exp_hrl_v1,32,3,US_4,MoveAction,,0,0,True
exp_hrl_v1,32,3,GE_5,WaitAction,,0,0,True
exp_hrl_v1,32,3,US_5,WaitAction,,0,0,True
exp_hrl_v1,32,3,US_6,MoveAction,,0,0,True
exp_hrl_v1,32,4,US_7,WaitAction,,0,0,True
exp_hrl_v1,32,4,GE_1,MoveAction,,0,0,True
exp_hrl_v1,32,4,US_1,WaitAction,,0,0,True
exp_hrl_v1,32,4,GE_2,WaitAction,,0,0,True
exp_hrl_v1,32,4,US_2,MoveAction,,0,0,True
exp_hrl_v1,32,4,GE_3,WaitAction,,0,0,True
exp_hrl_v1,32,4,US_3,MoveAction,,0,0,True
exp_hrl_v1,32,4,GE_4,MoveAction,,0,0,True
exp_hrl_v1,32,4,US_4,MoveAction,,0,0,True
exp_hrl_v1,32,4,GE_5,WaitAction,,0,0,True
exp_hrl_v1,32,4,US_5,WaitAction,,0,0,True
exp_hrl_v1,32,4,US_6,MoveAction,,0,0,True
exp_hrl_v1,32,5,US_7,WaitAction,,0,0,True
exp_hrl_v1,32,5,GE_1,WaitAction,,0,0,True
exp_hrl_v1,32,5,US_1,WaitAction,,0,0,True
exp_hrl_v1,32,5,GE_2,WaitAction,,0,0,True
exp_hrl_v1,32,5,US_2,WaitAction,,0,0,True
exp_hrl_v1,32,5,GE_3,WaitAction,,0,0,True
exp_hrl_v1,32,5,US_3,WaitAction,,0,0,True
exp_hrl_v1,32,5,GE_4,WaitAction,,0,0,True
exp_hrl_v1,32,5,US_4,MoveAction,,0,0,True
exp_hrl_v1,32,5,GE_5,WaitAction,,0,0,True
exp_hrl_v1,32,5,US_5,WaitAction,,0,0,True
exp_hrl_v1,32,5,US_6,MoveAction,,0,0,True
exp_hrl_v1,32,5,US_7,MoveAction,,0,0,True
exp_hrl_v1,32,6,GE_1,WaitAction,,0,0,True
exp_hrl_v1,32,6,US_1,RangedDirectAttack,,0,0,True
exp_hrl_v1,32,6,GE_2,WaitAction,,0,0,True
exp_hrl_v1,32,6,US_2,RangedDirectAttack,,0,0,True
exp_hrl_v1,32,6,GE_3,WaitAction,,0,0,True
exp_hrl_v1,32,6,US_3,RangedDirectAttack,,0,0,True
exp_hrl_v1,32,6,GE_4,WaitAction,,0,0,True
exp_hrl_v1,32,6,US_4,RangedDirectAttack,,0,0,True
exp_hrl_v1,32,6,GE_5,NoneType,,0,0,True
exp_hrl_v1,32,6,US_5,RangedDirectAttack,,0,0,True
exp_hrl_v1,32,6,US_6,RangedDirectAttack,,0,0,True
exp_hrl_v1,32,6,US_7,RangedDirectAttack,,0,0,True
exp_hrl_v1,32,7,GE_1,WaitAction,,0,0,True
exp_hrl_v1,32,7,US_1,RangedDirectAttack,,0,0,True
exp_hrl_v1,32,7,GE_3,MoveAction,,0,0,True
exp_hrl_v1,32,7,US_2,RangedDirectAttack,,0,0,True
exp_hrl_v1,32,7,GE_4,MoveAction,,0,0,True
exp_hrl_v1,32,7,US_3,RangedDirectAttack,,0,0,True
exp_hrl_v1,32,7,US_4,MoveAction,,0,0,True
exp_hrl_v1,32,7,US_5,MoveAction,,0,0,True
exp_hrl_v1,32,7,US_6,MoveAction,,0,0,True
exp_hrl_v1,32,7,US_7,MoveAction,,0,0,True
exp_hrl_v1,32,8,GE_4,WaitAction,,0,0,True
exp_hrl_v1,32,8,US_1,WaitAction,,0,0,True
exp_hrl_v1,32,8,US_2,MoveAction,,0,0,True
exp_hrl_v1,32,8,US_3,MoveAction,,0,0,True
exp_hrl_v1,32,8,US_4,WaitAction,,0,0,True
exp_hrl_v1,32,8,US_5,WaitAction,,0,0,True
exp_hrl_v1,32,8,US_6,WaitAction,,0,0,True
exp_hrl_v1,32,8,US_7,MoveAction,,0,0,True
exp_hrl_v1,32,9,GE_4,WaitAction,,0,0,True
exp_hrl_v1,32,9,US_1,WaitAction,,0,0,True
exp_hrl_v1,32,9,US_2,RangedDirectAttack,,0,0,True
exp_hrl_v1,33,1,GE_1,MoveAction,,0,0,True
exp_hrl_v1,33,1,US_1,MoveAction,,0,0,True
exp_hrl_v1,33,1,GE_2,MoveAction,,0,0,True
exp_hrl_v1,33,1,US_2,MoveAction,,0,0,True
exp_hrl_v1,33,1,GE_3,MoveAction,,0,0,True
exp_hrl_v1,33,1,US_3,MoveAction,,0,0,True
exp_hrl_v1,33,1,GE_4,MoveAction,,0,0,True
exp_hrl_v1,33,1,US_4,MoveAction,,0,0,True
exp_hrl_v1,33,1,GE_5,MoveAction,,0,0,True
exp_hrl_v1,33,1,US_5,MoveAction,,0,0,True
exp_hrl_v1,33,1,US_6,MoveAction,,0,0,True
exp_hrl_v1,33,2,US_7,WaitAction,,0,0,True
exp_hrl_v1,33,2,GE_1,MoveAction,,0,0,True
exp_hrl_v1,33,2,US_1,MoveAction,,0,0,True
exp_hrl_v1,33,2,GE_2,MoveAction,,0,0,True
exp_hrl_v1,33,2,US_2,MoveAction,,0,0,True
exp_hrl_v1,33,2,GE_3,MoveAction,,0,0,True
exp_hrl_v1,33,2,US_3,WaitAction,,0,0,True
exp_hrl_v1,33,2,GE_4,MoveAction,,0,0,True
exp_hrl_v1,33,2,US_4,MoveAction,,0,0,True
exp_hrl_v1,33,2,GE_5,MoveAction,,0,0,True
exp_hrl_v1,33,2,US_5,MoveAction,,0,0,True
exp_hrl_v1,33,2,US_6,MoveAction,,0,0,True
exp_hrl_v1,33,3,US_7,WaitAction,,0,0,True
exp_hrl_v1,33,3,GE_1,MoveAction,,0,0,True
exp_hrl_v1,33,3,US_1,MoveAction,,0,0,True
exp_hrl_v1,33,3,GE_2,MoveAction,,0,0,True
exp_hrl_v1,33,3,US_2,MoveAction,,0,0,True
exp_hrl_v1,33,3,GE_3,MoveAction,,0,0,True
exp_hrl_v1,33,3,US_3,MoveAction,,0,0,True
exp_hrl_v1,33,3,GE_4,MoveAction,,0,0,True
exp_hrl_v1,33,3,US_4,MoveAction,,0,0,True
exp_hrl_v1,33,3,GE_5,MoveAction,,0,0,True
exp_hrl_v1,33,3,US_5,MoveAction,,0,0,True
exp_hrl_v1,33,3,US_6,MoveAction,,0,0,True
exp_hrl_v1,33,3,US_7,MoveAction,,0,0,True
exp_hrl_v1,33,4,GE_1,MoveAction,,0,0,True
exp_hrl_v1,33,4,US_1,MoveAction,,0,0,True
exp_hrl_v1,33,4,GE_2,WaitAction,,0,0,True
exp_hrl_v1,33,4,US_2,WaitAction,,0,0,True
exp_hrl_v1,33,4,GE_3,WaitAction,,0,0,True
exp_hrl_v1,33,4,US_3,WaitAction,,0,0,True
exp_hrl_v1,33,4,GE_4,MoveAction,,0,0,True
exp_hrl_v1,33,4,US_4,MoveAction,,0,0,True
exp_hrl_v1,33,4,GE_5,MoveAction,,0,0,True
exp_hrl_v1,33,4,US_5,MoveAction,,0,0,True
exp_hrl_v1,33,4,US_6,WaitAction,,0,0,True
exp_hrl_v1,33,5,US_7,WaitAction,,0,0,True
exp_hrl_v1,33,5,GE_1,MoveAction,,0,0,True
exp_hrl_v1,33,5,US_1,WaitAction,,0,0,True
exp_hrl_v1,33,5,GE_2,WaitAction,,0,0,True
exp_hrl_v1,33,5,US_2,WaitAction,,0,0,True
exp_hrl_v1,33,5,GE_3,WaitAction,,0,0,True
exp_hrl_v1,33,5,US_3,WaitAction,,0,0,True
exp_hrl_v1,33,5,GE_4,MoveAction,,0,0,True
exp_hrl_v1,33,5,US_4,MoveAction,,0,0,True
exp_hrl_v1,33,5,GE_5,WaitAction,,0,0,True
exp_hrl_v1,33,5,US_5,RangedDirectAttack,,0,0,True
exp_hrl_v1,33,5,US_6,RangedDirectAttack,,0,0,True
exp_hrl_v1,33,5,US_7,RangedDirectAttack,,0,0,True
exp_hrl_v1,33,6,GE_1,WaitAction,,0,0,True
exp_hrl_v1,33,6,US_1,RangedDirectAttack,,0,0,True
exp_hrl_v1,33,6,GE_3,MoveAction,,0,0,True
exp_hrl_v1,33,6,US_2,RangedDirectAttack,,0,0,True
exp_hrl_v1,33,6,GE_4,MoveAction,,0,0,True
exp_hrl_v1,33,6,US_3,RangedDirectAttack,,0,0,True
exp_hrl_v1,33,6,US_4,RangedDirectAttack,,0,0,True
exp_hrl_v1,33,6,US_5,RangedDirectAttack,,0,0,True
exp_hrl_v1,33,6,US_6,RangedDirectAttack,,0,0,True
exp_hrl_v1,33,6,US_7,RangedDirectAttack,,0,0,True
exp_hrl_v1,33,7,GE_4,WaitAction,,0,0,True
exp_hrl_v1,33,7,US_1,RangedDirectAttack,,0,0,True
exp_hrl_v1,34,1,GE_1,MoveAction,,0,0,True
exp_hrl_v1,34,1,US_1,RangedDirectAttack,,0,0,True
exp_hrl_v1,34,1,GE_2,MoveAction,,0,0,True
exp_hrl_v1,34,1,US_2,RangedDirectAttack,,0,0,True
exp_hrl_v1,34,1,GE_3,MoveAction,,0,0,True
exp_hrl_v1,34,1,US_3,RangedDirectAttack,,0,0,True
exp_hrl_v1,34,1,GE_4,MoveAction,,0,0,True
exp_hrl_v1,34,1,US_4,RangedDirectAttack,,0,0,True
exp_hrl_v1,34,1,GE_5,NoneType,,0,0,True
exp_hrl_v1,34,1,US_5,RangedDirectAttack,,0,0,True
exp_hrl_v1,34,1,US_6,RangedDirectAttack,,0,0,True
exp_hrl_v1,34,1,US_7,RangedDirectAttack,,0,0,True
exp_hrl_v1,34,2,GE_1,MoveAction,,0,0,True
exp_hrl_v1,34,2,US_1,RangedDirectAttack,,0,0,True
exp_hrl_v1,34,2,GE_2,MoveAction,,0,0,True
exp_hrl_v1,34,2,US_2,RangedDirectAttack,,0,0,True
exp_hrl_v1,34,2,GE_3,MoveAction,,0,0,True
exp_hrl_v1,34,2,US_3,RangedDirectAttack,,0,0,True
exp_hrl_v1,34,2,GE_4,MoveAction,,0,0,True
exp_hrl_v1,34,2,US_4,MoveAction,,0,0,True
exp_hrl_v1,34,2,US_5,MoveAction,,0,0,True
exp_hrl_v1,34,2,US_6,MoveAction,,0,0,True
exp_hrl_v1,34,3,US_7,WaitAction,,0,0,True
exp_hrl_v1,34,3,GE_3,MoveAction,,0,0,True
exp_hrl_v1,34,3,US_1,MoveAction,,0,0,True
exp_hrl_v1,34,3,GE_4,MoveAction,,0,0,True
exp_hrl_v1,34,3,US_2,MoveAction,,0,0,True
exp_hrl_v1,34,3,US_3,MoveAction,,0,0,True
exp_hrl_v1,34,3,US_4,MoveAction,,0,0,True
exp_hrl_v1,34,3,US_5,MoveAction,,0,0,True
exp_hrl_v1,34,3,US_6,MoveAction,,0,0,True
exp_hrl_v1,34,4,US_7,WaitAction,,0,0,True
exp_hrl_v1,34,4,GE_3,MoveAction,,0,0,True
exp_hrl_v1,34,4,US_1,MoveAction,,0,0,True
exp_hrl_v1,34,4,GE_4,MoveAction,,0,0,True
exp_hrl_v1,34,4,US_2,MoveAction,,0,0,True
exp_hrl_v1,34,4,US_3,WaitAction,,0,0,True
exp_hrl_v1,34,4,US_4,MoveAction,,0,0,True
exp_hrl_v1,34,4,US_5,MoveAction,,0,0,True
exp_hrl_v1,34,4,US_6,WaitAction,,0,0,True
exp_hrl_v1,34,5,US_7,WaitAction,,0,0,True
exp_hrl_v1,34,5,GE_3,MoveAction,,0,0,True
exp_hrl_v1,34,5,US_1,RangedDirectAttack,,0,0,True
exp_hrl_v1,34,5,GE_4,MoveAction,,0,0,True
exp_hrl_v1,34,5,US_2,RangedDirectAttack,,0,0,True
exp_hrl_v1,34,5,US_3,RangedDirectAttack,,0,0,True
exp_hrl_v1,34,5,US_4,RangedDirectAttack,,0,0,True
exp_hrl_v1,34,5,US_5,RangedDirectAttack,,0,0,True
exp_hrl_v1,34,5,US_6,RangedDirectAttack,,0,0,True
exp_hrl_v1,35,1,GE_1,MoveAction,,0,0,True
exp_hrl_v1,35,1,US_1,MoveAction,,0,0,True
exp_hrl_v1,35,1,GE_2,MoveAction,,0,0,True
exp_hrl_v1,35,1,US_2,MoveAction,,0,0,True
exp_hrl_v1,35,1,GE_3,MoveAction,,0,0,True
exp_hrl_v1,35,1,US_3,MoveAction,,0,0,True
exp_hrl_v1,35,1,GE_4,MoveAction,,0,0,True
exp_hrl_v1,35,1,US_4,MoveAction,,0,0,True
exp_hrl_v1,35,1,GE_5,MoveAction,,0,0,True
exp_hrl_v1,35,1,US_5,MoveAction,,0,0,True
exp_hrl_v1,35,1,US_6,MoveAction,,0,0,True
exp_hrl_v1,35,2,US_7,WaitAction,,0,0,True
exp_hrl_v1,35,2,GE_1,MoveAction,,0,0,True
exp_hrl_v1,35,2,US_1,MoveAction,,0,0,True
exp_hrl_v1,35,2,GE_2,MoveAction,,0,0,True
exp_hrl_v1,35,2,US_2,MoveAction,,0,0,True
exp_hrl_v1,35,2,GE_3,MoveAction,,0,0,True
exp_hrl_v1,35,2,US_3,WaitAction,,0,0,True
exp_hrl_v1,35,2,GE_4,MoveAction,,0,0,True
exp_hrl_v1,35,2,US_4,MoveAction,,0,0,True
exp_hrl_v1,35,2,GE_5,MoveAction,,0,0,True
exp_hrl_v1,35,2,US_5,MoveAction,,0,0,True
exp_hrl_v1,35,2,US_6,MoveAction,,0,0,True
exp_hrl_v1,35,3,US_7,WaitAction,,0,0,True
exp_hrl_v1,35,3,GE_1,MoveAction,,0,0,True
exp_hrl_v1,35,3,US_1,MoveAction,,0,0,True
exp_hrl_v1,35,3,GE_2,MoveAction,,0,0,True
exp_hrl_v1,35,3,US_2,MoveAction,,0,0,True
exp_hrl_v1,35,3,GE_3,MoveAction,,0,0,True
exp_hrl_v1,35,3,US_3,MoveAction,,0,0,True
exp_hrl_v1,35,3,GE_4,MoveAction,,0,0,True
exp_hrl_v1,35,3,US_4,MoveAction,,0,0,True
exp_hrl_v1,35,3,GE_5,MoveAction,,0,0,True
exp_hrl_v1,35,3,US_5,MoveAction,,0,0,True
exp_hrl_v1,35,3,US_6,MoveAction,,0,0,True
exp_hrl_v1,35,3,US_7,MoveAction,,0,0,True
exp_hrl_v1,35,4,GE_1,MoveAction,,0,0,True
exp_hrl_v1,35,4,US_1,MoveAction,,0,0,True
exp_hrl_v1,35,4,GE_2,WaitAction,,0,0,True
exp_hrl_v1,35,4,US_2,WaitAction,,0,0,True
exp_hrl_v1,35,4,GE_3,WaitAction,,0,0,True
exp_hrl_v1,35,4,US_3,WaitAction,,0,0,True
exp_hrl_v1,35,4,GE_4,MoveAction,,0,0,True
exp_hrl_v1,35,4,US_4,MoveAction,,0,0,True
exp_hrl_v1,35,4,GE_5,MoveAction,,0,0,True
exp_hrl_v1,35,4,US_5,MoveAction,,0,0,True
exp_hrl_v1,35,4,US_6,WaitAction,,0,0,True
exp_hrl_v1,35,5,US_7,WaitAction,,0,0,True
exp_hrl_v1,35,5,GE_1,MoveAction,,0,0,True
exp_hrl_v1,35,5,US_1,WaitAction,,0,0,True
exp_hrl_v1,35,5,GE_2,WaitAction,,0,0,True
exp_hrl_v1,35,5,US_2,WaitAction,,0,0,True
exp_hrl_v1,35,5,GE_3,WaitAction,,0,0,True
exp_hrl_v1,35,5,US_3,WaitAction,,0,0,True
exp_hrl_v1,35,5,GE_4,MoveAction,,0,0,True
exp_hrl_v1,35,5,US_4,MoveAction,,0,0,True
exp_hrl_v1,35,5,GE_5,WaitAction,,0,0,True
exp_hrl_v1,35,5,US_5,MoveAction,,0,0,True
exp_hrl_v1,35,5,US_6,MoveAction,,0,0,True
exp_hrl_v1,35,5,US_7,MoveAction,,0,0,True
exp_hrl_v1,35,6,GE_1,WaitAction,,0,0,True
exp_hrl_v1,35,6,US_1,WaitAction,,0,0,True
exp_hrl_v1,35,6,GE_2,WaitAction,,0,0,True
exp_hrl_v1,35,6,US_2,WaitAction,,0,0,True
exp_hrl_v1,35,6,GE_3,WaitAction,,0,0,True
exp_hrl_v1,35,6,US_3,WaitAction,,0,0,True
exp_hrl_v1,35,6,GE_4,WaitAction,,0,0,True
exp_hrl_v1,35,6,US_4,WaitAction,,0,0,True
exp_hrl_v1,35,6,GE_5,WaitAction,,0,0,True
exp_hrl_v1,35,6,US_5,MoveAction,,0,0,True
exp_hrl_v1,35,6,US_6,MoveAction,,0,0,True
exp_hrl_v1,35,6,US_7,MoveAction,,0,0,True
exp_hrl_v1,35,7,GE_1,WaitAction,,0,0,True
exp_hrl_v1,35,7,US_1,RangedDirectAttack,,0,0,True
exp_hrl_v1,35,7,GE_2,WaitAction,,0,0,True
exp_hrl_v1,35,7,US_2,RangedDirectAttack,,0,0,True
exp_hrl_v1,35,7,GE_3,WaitAction,,0,0,True
exp_hrl_v1,35,7,US_3,RangedDirectAttack,,0,0,True
exp_hrl_v1,35,7,GE_4,WaitAction,,0,0,True
exp_hrl_v1,35,7,US_4,RangedDirectAttack,,0,0,True
exp_hrl_v1,35,7,GE_5,NoneType,,0,0,True
exp_hrl_v1,35,7,US_5,RangedDirectAttack,,0,0,True
exp_hrl_v1,35,7,US_6,RangedDirectAttack,,0,0,True
exp_hrl_v1,35,7,US_7,RangedDirectAttack,,0,0,True
exp_hrl_v1,35,8,GE_3,MoveAction,,0,0,True
exp_hrl_v1,35,8,US_1,RangedDirectAttack,,0,0,True
exp_hrl_v1,35,8,GE_4,MoveAction,,0,0,True
exp_hrl_v1,35,8,US_2,RangedDirectAttack,,0,0,True
exp_hrl_v1,35,8,US_3,RangedDirectAttack,,0,0,True
exp_hrl_v1,36,1,GE_1,MoveAction,,0,0,True
exp_hrl_v1,36,1,US_1,RangedDirectAttack,,0,0,True
exp_hrl_v1,36,1,GE_2,MoveAction,,0,0,True
exp_hrl_v1,36,1,US_2,RangedDirectAttack,,0,0,True
exp_hrl_v1,36,1,GE_3,MoveAction,,0,0,True
exp_hrl_v1,36,1,US_3,RangedDirectAttack,,0,0,True
exp_hrl_v1,36,1,GE_4,MoveAction,,0,0,True
exp_hrl_v1,36,1,US_4,RangedDirectAttack,,0,0,True
exp_hrl_v1,36,1,GE_5,MoveAction,,0,0,True
exp_hrl_v1,36,1,US_5,RangedDirectAttack,,0,0,True
exp_hrl_v1,36,1,US_6,RangedDirectAttack,,0,0,True
exp_hrl_v1,36,1,US_7,RangedDirectAttack,,0,0,True
exp_hrl_v1,36,2,GE_1,MoveAction,,0,0,True
exp_hrl_v1,36,2,US_1,RangedDirectAttack,,0,0,True
exp_hrl_v1,36,2,GE_2,MoveAction,,0,0,True
exp_hrl_v1,36,2,US_2,RangedDirectAttack,,0,0,True
exp_hrl_v1,36,2,GE_3,MoveAction,,0,0,True
exp_hrl_v1,36,2,US_3,RangedDirectAttack,,0,0,True
exp_hrl_v1,36,2,GE_4,MoveAction,,0,0,True
exp_hrl_v1,36,2,US_4,MoveAction,,0,0,True
exp_hrl_v1,36,2,US_5,MoveAction,,0,0,True
exp_hrl_v1,36,2,US_6,MoveAction,,0,0,True
exp_hrl_v1,36,3,US_7,WaitAction,,0,0,True
exp_hrl_v1,36,3,GE_2,MoveAction,,0,0,True
exp_hrl_v1,36,3,US_1,MoveAction,,0,0,True
exp_hrl_v1,36,3,GE_3,MoveAction,,0,0,True
exp_hrl_v1,36,3,US_2,MoveAction,,0,0,True
exp_hrl_v1,36,3,GE_4,MoveAction,,0,0,True
exp_hrl_v1,36,3,US_3,MoveAction,,0,0,True
exp_hrl_v1,36,3,US_4,MoveAction,,0,0,True
exp_hrl_v1,36,3,US_5,MoveAction,,0,0,True
exp_hrl_v1,36,3,US_6,MoveAction,,0,0,True
exp_hrl_v1,36,4,US_7,WaitAction,,0,0,True
exp_hrl_v1,36,4,GE_2,MoveAction,,0,0,True
exp_hrl_v1,36,4,US_1,MoveAction,,0,0,True
exp_hrl_v1,36,4,GE_3,MoveAction,,0,0,True
exp_hrl_v1,36,4,US_2,RangedDirectAttack,,0,0,True
exp_hrl_v1,36,4,GE_4,MoveAction,,0,0,True
exp_hrl_v1,36,4,US_3,RangedDirectAttack,,0,0,True
exp_hrl_v1,36,4,US_4,RangedDirectAttack,,0,0,True
exp_hrl_v1,36,4,US_5,RangedDirectAttack,,0,0,True
exp_hrl_v1,36,4,US_6,RangedDirectAttack,,0,0,True
exp_hrl_v1,36,4,US_7,RangedDirectAttack,,0,0,True
exp_hrl_v1,36,5,GE_4,MoveAction,,0,0,True
exp_hrl_v1,36,5,US_1,RangedDirectAttack,,0,0,True
exp_hrl_v1,37,1,GE_1,MoveAction,,0,0,True
exp_hrl_v1,37,1,US_1,WaitAction,,0,0,True
exp_hrl_v1,37,1,GE_2,MoveAction,,0,0,True
exp_hrl_v1,37,1,US_2,WaitAction,,0,0,True
exp_hrl_v1,37,1,GE_3,MoveAction,,0,0,True
exp_hrl_v1,37,1,US_3,MoveAction,,0,0,True
exp_hrl_v1,37,1,GE_4,MoveAction,,0,0,True
exp_hrl_v1,37,1,US_4,MoveAction,,0,0,True
exp_hrl_v1,37,1,GE_5,MoveAction,,0,0,True
exp_hrl_v1,37,1,US_5,MoveAction,,0,0,True
exp_hrl_v1,37,1,US_6,MoveAction,,0,0,True
exp_hrl_v1,37,1,US_7,MoveAction,,0,0,True
exp_hrl_v1,37,2,GE_1,MoveAction,,0,0,True
exp_hrl_v1,37,2,US_1,MoveAction,,0,0,True
exp_hrl_v1,37,2,GE_2,MoveAction,,0,0,True
exp_hrl_v1,37,2,US_2,MoveAction,,0,0,True
exp_hrl_v1,37,2,GE_3,MoveAction,,0,0,True
exp_hrl_v1,37,2,US_3,MoveAction,,0,0,True
exp_hrl_v1,37,2,GE_4,MoveAction,,0,0,True
exp_hrl_v1,37,2,US_4,MoveAction,,0,0,True
exp_hrl_v1,37,2,GE_5,MoveAction,,0,0,True
exp_hrl_v1,37,2,US_5,MoveAction,,0,0,True
exp_hrl_v1,37,2,US_6,MoveAction,,0,0,True
exp_hrl_v1,37,2,US_7,MoveAction,,0,0,True
exp_hrl_v1,37,3,GE_1,MoveAction,,0,0,True
exp_hrl_v1,37,3,US_1,MoveAction,,0,0,True
exp_hrl_v1,37,3,GE_2,MoveAction,,0,0,True
exp_hrl_v1,37,3,US_2,MoveAction,,0,0,True
exp_hrl_v1,37,3,GE_3,MoveAction,,0,0,True
exp_hrl_v1,37,3,US_3,MoveAction,,0,0,True
exp_hrl_v1,37,3,GE_4,MoveAction,,0,0,True
exp_hrl_v1,37,3,US_4,MoveAction,,0,0,True
exp_hrl_v1,37,3,GE_5,MoveAction,,0,0,True
exp_hrl_v1,37,3,US_5,MoveAction,,0,0,True
exp_hrl_v1,37,3,US_6,MoveAction,,0,0,True
exp_hrl_v1,37,3,US_7,MoveAction,,0,0,True
exp_hrl_v1,37,4,GE_1,MoveAction,,0,0,True
exp_hrl_v1,37,4,US_1,MoveAction,,0,0,True
exp_hrl_v1,37,4,GE_2,MoveAction,,0,0,True
exp_hrl_v1,37,4,US_2,MoveAction,,0,0,True
exp_hrl_v1,37,4,GE_3,MoveAction,,0,0,True
exp_hrl_v1,37,4,US_3,MoveAction,,0,0,True
exp_hrl_v1,37,4,GE_4,MoveAction,,0,0,True
exp_hrl_v1,37,4,US_4,MoveAction,,0,0,True
exp_hrl_v1,37,4,GE_5,MoveAction,,0,0,True
exp_hrl_v1,37,4,US_5,WaitAction,,0,0,True
exp_hrl_v1,37,4,US_6,MoveAction,,0,0,True
exp_hrl_v1,37,4,US_7,MoveAction,,0,0,True
exp_hrl_v1,37,5,GE_1,WaitAction,,0,0,True
exp_hrl_v1,37,5,US_1,WaitAction,,0,0,True
exp_hrl_v1,37,5,GE_2,WaitAction,,0,0,True
exp_hrl_v1,37,5,US_2,WaitAction,,0,0,True
exp_hrl_v1,37,5,GE_3,WaitAction,,0,0,True
exp_hrl_v1,37,5,US_3,RangedDirectAttack,,0,0,True
exp_hrl_v1,37,5,GE_4,WaitAction,,0,0,True
exp_hrl_v1,37,5,US_4,RangedDirectAttack,,0,0,True
exp_hrl_v1,37,5,GE_5,NoneType,,0,0,True
exp_hrl_v1,37,5,US_5,RangedDirectAttack,,0,0,True
exp_hrl_v1,37,5,US_6,RangedDirectAttack,,0,0,True
exp_hrl_v1,37,5,US_7,RangedDirectAttack,,0,0,True
exp_hrl_v1,37,6,GE_3,WaitAction,,0,0,True
exp_hrl_v1,37,6,US_1,RangedDirectAttack,,0,0,True
exp_hrl_v1,37,6,GE_4,MoveAction,,0,0,True
exp_hrl_v1,37,6,US_2,RangedDirectAttack,,0,0,True
exp_hrl_v1,37,6,US_3,RangedDirectAttack,,0,0,True
exp_hrl_v1,37,6,US_4,RangedDirectAttack,,0,0,True
exp_hrl_v1,37,6,US_5,RangedDirectAttack,,0,0,True
exp_hrl_v1,37,6,US_6,RangedDirectAttack,,0,0,True
exp_hrl_v1,38,1,GE_1,MoveAction,,0,0,True
exp_hrl_v1,38,1,US_1,MoveAction,,0,0,True
exp_hrl_v1,38,1,GE_2,MoveAction,,0,0,True
exp_hrl_v1,38,1,US_2,MoveAction,,0,0,True
exp_hrl_v1,38,1,GE_3,MoveAction,,0,0,True
exp_hrl_v1,38,1,US_3,MoveAction,,0,0,True
exp_hrl_v1,38,1,GE_4,MoveAction,,0,0,True
exp_hrl_v1,38,1,US_4,MoveAction,,0,0,True
exp_hrl_v1,38,1,GE_5,MoveAction,,0,0,True
exp_hrl_v1,38,1,US_5,MoveAction,,0,0,True
exp_hrl_v1,38,1,US_6,MoveAction,,0,0,True
exp_hrl_v1,38,1,US_7,MoveAction,,0,0,True
exp_hrl_v1,38,2,GE_1,MoveAction,,0,0,True
exp_hrl_v1,38,2,US_1,MoveAction,,0,0,True
exp_hrl_v1,38,2,GE_2,MoveAction,,0,0,True
exp_hrl_v1,38,2,US_2,MoveAction,,0,0,True
exp_hrl_v1,38,2,GE_3,MoveAction,,0,0,True
exp_hrl_v1,38,2,US_3,MoveAction,,0,0,True
exp_hrl_v1,38,2,GE_4,MoveAction,,0,0,True
exp_hrl_v1,38,2,US_4,MoveAction,,0,0,True
exp_hrl_v1,38,2,GE_5,MoveAction,,0,0,True
exp_hrl_v1,38,2,US_5,MoveAction,,0,0,True
exp_hrl_v1,38,2,US_6,MoveAction,,0,0,True
exp_hrl_v1,38,2,US_7,MoveAction,,0,0,True
exp_hrl_v1,38,3,GE_1,MoveAction,,0,0,True
exp_hrl_v1,38,3,US_1,MoveAction,,0,0,True
exp_hrl_v1,38,3,GE_2,MoveAction,,0,0,True
exp_hrl_v1,38,3,US_2,MoveAction,,0,0,True
exp_hrl_v1,38,3,GE_3,MoveAction,,0,0,True
exp_hrl_v1,38,3,US_3,RangedIndirectAttack,,0,0,True
exp_hrl_v1,38,3,GE_4,MoveAction,,0,0,True
exp_hrl_v1,38,3,US_4,RangedIndirectAttack,,0,0,True
exp_hrl_v1,38,3,GE_5,NoneType,,0,0,True
exp_hrl_v1,38,3,US_5,RangedIndirectAttack,,0,0,True
exp_hrl_v1,38,3,US_6,RangedIndirectAttack,,0,0,True
exp_hrl_v1,38,3,US_7,RangedIndirectAttack,,0,0,True
exp_hrl_v1,38,4,GE_2,WaitAction,,0,0,True
exp_hrl_v1,38,4,US_1,RangedIndirectAttack,,0,0,True
exp_hrl_v1,38,4,GE_3,MoveAction,,0,0,True
exp_hrl_v1,38,4,US_2,RangedIndirectAttack,,0,0,True
exp_hrl_v1,38,4,GE_4,MoveAction,,0,0,True
exp_hrl_v1,38,4,US_3,RangedIndirectAttack,,0,0,True
exp_hrl_v1,38,4,US_4,RangedIndirectAttack,,0,0,True
exp_hrl_v1,38,4,US_5,RangedIndirectAttack,,0,0,True
exp_hrl_v1,38,4,US_6,MoveAction,,0,0,True
exp_hrl_v1,38,4,US_7,MoveAction,,0,0,True
exp_hrl_v1,38,5,GE_4,MoveAction,,0,0,True
exp_hrl_v1,38,5,US_1,MoveAction,,0,0,True
exp_hrl_v1,38,5,US_2,MoveAction,,0,0,True
exp_hrl_v1,38,5,US_3,MoveAction,,0,0,True
exp_hrl_v1,38,5,US_4,MoveAction,,0,0,True
exp_hrl_v1,38,5,US_5,MoveAction,,0,0,True
exp_hrl_v1,38,5,US_6,MoveAction,,0,0,True
exp_hrl_v1,38,5,US_7,MoveAction,,0,0,True
exp_hrl_v1,38,6,GE_4,MoveAction,,0,0,True
exp_hrl_v1,38,6,US_1,WaitAction,,0,0,True
exp_hrl_v1,38,6,US_2,MoveAction,,0,0,True
exp_hrl_v1,38,6,US_3,MoveAction,,0,0,True
exp_hrl_v1,38,6,US_4,WaitAction,,0,0,True
exp_hrl_v1,38,6,US_5,MoveAction,,0,0,True
exp_hrl_v1,38,6,US_6,MoveAction,,0,0,True
exp_hrl_v1,38,6,US_7,MoveAction,,0,0,True
exp_hrl_v1,38,7,GE_4,WaitAction,,0,0,True
exp_hrl_v1,38,7,US_1,WaitAction,,0,0,True
exp_hrl_v1,38,7,US_2,WaitAction,,0,0,True
exp_hrl_v1,38,7,US_3,MoveAction,,0,0,True
exp_hrl_v1,38,7,US_4,RangedDirectAttack,,0,0,True
exp_hrl_v1,39,1,GE_1,MoveAction,,0,0,True
exp_hrl_v1,39,1,US_1,MoveAction,,0,0,True
exp_hrl_v1,39,1,GE_2,MoveAction,,0,0,True
exp_hrl_v1,39,1,US_2,MoveAction,,0,0,True
exp_hrl_v1,39,1,GE_3,MoveAction,,0,0,True
exp_hrl_v1,39,1,US_3,MoveAction,,0,0,True
exp_hrl_v1,39,1,GE_4,MoveAction,,0,0,True
exp_hrl_v1,39,1,US_4,MoveAction,,0,0,True
exp_hrl_v1,39,1,GE_5,MoveAction,,0,0,True
exp_hrl_v1,39,1,US_5,MoveAction,,0,0,True
exp_hrl_v1,39,1,US_6,MoveAction,,0,0,True
exp_hrl_v1,39,1,US_7,MoveAction,,0,0,True
exp_hrl_v1,39,2,GE_1,MoveAction,,0,0,True
exp_hrl_v1,39,2,US_1,MoveAction,,0,0,True
exp_hrl_v1,39,2,GE_2,MoveAction,,0,0,True
exp_hrl_v1,39,2,US_2,MoveAction,,0,0,True
exp_hrl_v1,39,2,GE_3,MoveAction,,0,0,True
exp_hrl_v1,39,2,US_3,WaitAction,,0,0,True
exp_hrl_v1,39,2,GE_4,MoveAction,,0,0,True
exp_hrl_v1,39,2,US_4,MoveAction,,0,0,True
exp_hrl_v1,39,2,GE_5,MoveAction,,0,0,True
exp_hrl_v1,39,2,US_5,MoveAction,,0,0,True
exp_hrl_v1,39,2,US_6,MoveAction,,0,0,True
exp_hrl_v1,39,3,US_7,WaitAction,,0,0,True
exp_hrl_v1,39,3,GE_1,MoveAction,,0,0,True
exp_hrl_v1,39,3,US_1,MoveAction,,0,0,True
exp_hrl_v1,39,3,GE_2,MoveAction,,0,0,True
exp_hrl_v1,39,3,US_2,MoveAction,,0,0,True
exp_hrl_v1,39,3,GE_3,MoveAction,,0,0,True
exp_hrl_v1,39,3,US_3,MoveAction,,0,0,True
exp_hrl_v1,39,3,GE_4,MoveAction,,0,0,True
exp_hrl_v1,39,3,US_4,MoveAction,,0,0,True
exp_hrl_v1,39,3,GE_5,WaitAction,,0,0,True
exp_hrl_v1,39,3,US_5,WaitAction,,0,0,True
exp_hrl_v1,39,3,US_6,MoveAction,,0,0,True
exp_hrl_v1,39,3,US_7,MoveAction,,0,0,True
exp_hrl_v1,39,4,GE_1,MoveAction,,0,0,True
exp_hrl_v1,39,4,US_1,WaitAction,,0,0,True
exp_hrl_v1,39,4,GE_2,WaitAction,,0,0,True
exp_hrl_v1,39,4,US_2,MoveAction,,0,0,True
exp_hrl_v1,39,4,GE_3,WaitAction,,0,0,True
exp_hrl_v1,39,4,US_3,MoveAction,,0,0,True
exp_hrl_v1,39,4,GE_4,MoveAction,,0,0,True
exp_hrl_v1,39,4,US_4,MoveAction,,0,0,True
exp_hrl_v1,39,4,GE_5,WaitAction,,0,0,True
exp_hrl_v1,39,4,US_5,MoveAction,,0,0,True
exp_hrl_v1,39,4,US_6,MoveAction,,0,0,True
exp_hrl_v1,39,4,US_7,MoveAction,,0,0,True
exp_hrl_v1,39,5,GE_1,WaitAction,,0,0,True
exp_hrl_v1,39,5,US_1,MoveAction,,0,0,True
exp_hrl_v1,39,5,GE_2,WaitAction,,0,0,True
exp_hrl_v1,39,5,US_2,MoveAction,,0,0,True
exp_hrl_v1,39,5,GE_3,WaitAction,,0,0,True
exp_hrl_v1,39,5,US_3,MoveAction,,0,0,True
exp_hrl_v1,39,5,GE_4,MoveAction,,0,0,True
exp_hrl_v1,39,5,US_4,MoveAction,,0,0,True
exp_hrl_v1,39,5,GE_5,MoveAction,,0,0,True
exp_hrl_v1,39,5,US_5,MoveAction,,0,0,True
exp_hrl_v1,39,5,US_6,MoveAction,,0,0,True
exp_hrl_v1,39,5,US_7,RangedDirectAttack,,0,0,True
exp_hrl_v1,39,6,GE_1,MoveAction,,0,0,True
exp_hrl_v1,39,6,US_1,RangedDirectAttack,,0,0,True
exp_hrl_v1,39,6,GE_2,WaitAction,,0,0,True
exp_hrl_v1,39,6,US_2,RangedDirectAttack,,0,0,True
exp_hrl_v1,39,6,GE_3,MoveAction,,0,0,True
exp_hrl_v1,39,6,US_3,RangedDirectAttack,,0,0,True
exp_hrl_v1,39,6,GE_4,MoveAction,,0,0,True
exp_hrl_v1,39,6,US_4,RangedDirectAttack,,0,0,True
exp_hrl_v1,39,6,US_5,RangedDirectAttack,,0,0,True
exp_hrl_v1,39,6,US_6,RangedDirectAttack,,0,0,True
exp_hrl_v1,39,6,US_7,RangedDirectAttack,,0,0,True
exp_hrl_v1,39,7,GE_4,WaitAction,,0,0,True
exp_hrl_v1,39,7,US_1,RangedDirectAttack,,0,0,True
exp_hrl_v1,39,7,US_2,RangedDirectAttack,,0,0,True
exp_hrl_v1,40,1,GE_1,MoveAction,,0,0,True
exp_hrl_v1,40,1,US_1,MoveAction,,0,0,True
exp_hrl_v1,40,1,GE_2,MoveAction,,0,0,True
exp_hrl_v1,40,1,US_2,MoveAction,,0,0,True
exp_hrl_v1,40,1,GE_3,MoveAction,,0,0,True
exp_hrl_v1,40,1,US_3,MoveAction,,0,0,True
exp_hrl_v1,40,1,GE_4,MoveAction,,0,0,True
exp_hrl_v1,40,1,US_4,MoveAction,,0,0,True
exp_hrl_v1,40,1,GE_5,MoveAction,,0,0,True
exp_hrl_v1,40,1,US_5,MoveAction,,0,0,True
exp_hrl_v1,40,1,US_6,MoveAction,,0,0,True
exp_hrl_v1,40,1,US_7,MoveAction,,0,0,True
exp_hrl_v1,40,2,GE_1,MoveAction,,0,0,True
exp_hrl_v1,40,2,US_1,MoveAction,,0,0,True
exp_hrl_v1,40,2,GE_2,MoveAction,,0,0,True
exp_hrl_v1,40,2,US_2,MoveAction,,0,0,True
exp_hrl_v1,40,2,GE_3,MoveAction,,0,0,True
exp_hrl_v1,40,2,US_3,MoveAction,,0,0,True
exp_hrl_v1,40,2,GE_4,MoveAction,,0,0,True
exp_hrl_v1,40,2,US_4,MoveAction,,0,0,True
exp_hrl_v1,40,2,GE_5,MoveAction,,0,0,True
exp_hrl_v1,40,2,US_5,MoveAction,,0,0,True
exp_hrl_v1,40,2,US_6,MoveAction,,0,0,True
exp_hrl_v1,40,3,US_7,WaitAction,,0,0,True
exp_hrl_v1,40,3,GE_1,MoveAction,,0,0,True
exp_hrl_v1,40,3,US_1,MoveAction,,0,0,True
exp_hrl_v1,40,3,GE_2,MoveAction,,0,0,True
exp_hrl_v1,40,3,US_2,MoveAction,,0,0,True
exp_hrl_v1,40,3,GE_3,MoveAction,,0,0,True
exp_hrl_v1,40,3,US_3,MoveAction,,0,0,True
exp_hrl_v1,40,3,GE_4,MoveAction,,0,0,True
exp_hrl_v1,40,3,US_4,MoveAction,,0,0,True
exp_hrl_v1,40,3,GE_5,WaitAction,,0,0,True
exp_hrl_v1,40,3,US_5,MoveAction,,0,0,True
exp_hrl_v1,40,3,US_6,MoveAction,,0,0,True
exp_hrl_v1,40,3,US_7,MoveAction,,0,0,True
exp_hrl_v1,40,4,GE_1,MoveAction,,0,0,True
exp_hrl_v1,40,4,US_1,MoveAction,,0,0,True
exp_hrl_v1,40,4,GE_2,MoveAction,,0,0,True
exp_hrl_v1,40,4,US_2,RangedDirectAttack,,0,0,True
exp_hrl_v1,40,4,GE_3,MoveAction,,0,0,True
exp_hrl_v1,40,4,US_3,RangedDirectAttack,,0,0,True
exp_hrl_v1,40,4,GE_4,MoveAction,,0,0,True
exp_hrl_v1,40,4,US_4,RangedDirectAttack,,0,0,True
exp_hrl_v1,40,4,GE_5,NoneType,,0,0,True
exp_hrl_v1,40,4,US_5,RangedDirectAttack,,0,0,True
exp_hrl_v1,40,4,US_6,RangedDirectAttack,,0,0,True
exp_hrl_v1,40,4,US_7,RangedDirectAttack,,0,0,True
exp_hrl_v1,40,5,GE_3,MoveAction,,0,0,True
exp_hrl_v1,40,5,US_1,RangedDirectAttack,,0,0,True
exp_hrl_v1,40,5,GE_4,MoveAction,,0,0,True
exp_hrl_v1,40,5,US_2,RangedDirectAttack,,0,0,True
exp_hrl_v1,41,1,GE_1,MoveAction,,0,0,True
exp_hrl_v1,41,1,US_1,MoveAction,,0,0,True
exp_hrl_v1,41,1,GE_2,MoveAction,,0,0,True
exp_hrl_v1,41,1,US_2,MoveAction,,0,0,True
exp_hrl_v1,41,1,GE_3,MoveAction,,0,0,True
exp_hrl_v1,41,1,US_3,MoveAction,,0,0,True
exp_hrl_v1,41,1,GE_4,MoveAction,,0,0,True
exp_hrl_v1,41,1,US_4,MoveAction,,0,0,True
exp_hrl_v1,41,1,GE_5,MoveAction,,0,0,True
exp_hrl_v1,41,1,US_5,MoveAction,,0,0,True
exp_hrl_v1,41,1,US_6,MoveAction,,0,0,True
exp_hrl_v1,41,2,US_7,WaitAction,,0,0,True
exp_hrl_v1,41,2,GE_1,MoveAction,,0,0,True
exp_hrl_v1,41,2,US_1,MoveAction,,0,0,True
exp_hrl_v1,41,2,GE_2,MoveAction,,0,0,True
exp_hrl_v1,41,2,US_2,MoveAction,,0,0,True
exp_hrl_v1,41,2,GE_3,MoveAction,,0,0,True
exp_hrl_v1,41,2,US_3,MoveAction,,0,0,True
exp_hrl_v1,41,2,GE_4,MoveAction,,0,0,True
exp_hrl_v1,41,2,US_4,MoveAction,,0,0,True
exp_hrl_v1,41,2,GE_5,MoveAction,,0,0,True
exp_hrl_v1,41,2,US_5,MoveAction,,0,0,True
exp_hrl_v1,41,2,US_6,MoveAction,,0,0,True
exp_hrl_v1,41,2,US_7,MoveAction,,0,0,True
exp_hrl_v1,41,3,GE_1,MoveAction,,0,0,True
exp_hrl_v1,41,3,US_1,MoveAction,,0,0,True
exp_hrl_v1,41,3,GE_2,MoveAction,,0,0,True
exp_hrl_v1,41,3,US_2,MoveAction,,0,0,True
exp_hrl_v1,41,3,GE_3,MoveAction,,0,0,True
exp_hrl_v1,41,3,US_3,MoveAction,,0,0,True
exp_hrl_v1,41,3,GE_4,MoveAction,,0,0,True
exp_hrl_v1,41,3,US_4,MoveAction,,0,0,True
exp_hrl_v1,41,3,GE_5,WaitAction,,0,0,True
exp_hrl_v1,41,3,US_5,WaitAction,,0,0,True
exp_hrl_v1,41,3,US_6,MoveAction,,0,0,True
exp_hrl_v1,41,3,US_7,MoveAction,,0,0,True
exp_hrl_v1,41,4,GE_1,MoveAction,,0,0,True
exp_hrl_v1,41,4,US_1,WaitAction,,0,0,True
exp_hrl_v1,41,4,GE_2,WaitAction,,0,0,True
exp_hrl_v1,41,4,US_2,MoveAction,,0,0,True
exp_hrl_v1,41,4,GE_3,WaitAction,,0,0,True
exp_hrl_v1,41,4,US_3,MoveAction,,0,0,True
exp_hrl_v1,41,4,GE_4,MoveAction,,0,0,True
exp_hrl_v1,41,4,US_4,MoveAction,,0,0,True
exp_hrl_v1,41,4,GE_5,WaitAction,,0,0,True
exp_hrl_v1,41,4,US_5,MoveAction,,0,0,True
exp_hrl_v1,41,4,US_6,MoveAction,,0,0,True
exp_hrl_v1,41,4,US_7,MoveAction,,0,0,True
exp_hrl_v1,41,5,GE_1,WaitAction,,0,0,True
exp_hrl_v1,41,5,US_1,MoveAction,,0,0,True
exp_hrl_v1,41,5,GE_2,WaitAction,,0,0,True
exp_hrl_v1,41,5,US_2,MoveAction,,0,0,True
exp_hrl_v1,41,5,GE_3,WaitAction,,0,0,True
exp_hrl_v1,41,5,US_3,MoveAction,,0,0,True
exp_hrl_v1,41,5,GE_4,MoveAction,,0,0,True
exp_hrl_v1,41,5,US_4,WaitAction,,0,0,True
exp_hrl_v1,41,5,GE_5,MoveAction,,0,0,True
exp_hrl_v1,41,5,US_5,MoveAction,,0,0,True
exp_hrl_v1,41,5,US_6,MoveAction,,0,0,True
exp_hrl_v1,41,6,US_7,WaitAction,,0,0,True
exp_hrl_v1,41,6,GE_1,MoveAction,,0,0,True
exp_hrl_v1,41,6,US_1,WaitAction,,0,0,True
exp_hrl_v1,41,6,GE_2,WaitAction,,0,0,True
exp_hrl_v1,41,6,US_2,WaitAction,,0,0,True
exp_hrl_v1,41,6,GE_3,MoveAction,,0,0,True
exp_hrl_v1,41,6,US_3,WaitAction,,0,0,True
exp_hrl_v1,41,6,GE_4,MoveAction,,0,0,True
exp_hrl_v1,41,6,US_4,MoveAction,,0,0,True
exp_hrl_v1,41,6,GE_5,WaitAction,,0,0,True
exp_hrl_v1,41,6,US_5,WaitAction,,0,0,True
exp_hrl_v1,41,6,US_6,MoveAction,,0,0,True
exp_hrl_v1,41,6,US_7,MoveAction,,0,0,True
exp_hrl_v1,41,7,GE_1,WaitAction,,0,0,True
exp_hrl_v1,41,7,US_1,RangedDirectAttack,,0,0,True
exp_hrl_v1,41,7,GE_2,WaitAction,,0,0,True
exp_hrl_v1,41,7,US_2,RangedDirectAttack,,0,0,True
exp_hrl_v1,41,7,GE_3,WaitAction,,0,0,True
exp_hrl_v1,41,7,US_3,RangedDirectAttack,,0,0,True
exp_hrl_v1,41,7,GE_4,WaitAction,,0,0,True
exp_hrl_v1,41,7,US_4,RangedDirectAttack,,0,0,True
exp_hrl_v1,41,7,GE_5,NoneType,,0,0,True
exp_hrl_v1,41,7,US_5,RangedDirectAttack,,0,0,True
exp_hrl_v1,41,7,US_6,RangedDirectAttack,,0,0,True
exp_hrl_v1,41,7,US_7,RangedDirectAttack,,0,0,True
exp_hrl_v1,41,8,GE_4,WaitAction,,0,0,True
exp_hrl_v1,41,8,US_1,RangedDirectAttack,,0,0,True
exp_hrl_v1,41,8,US_2,RangedDirectAttack,,0,0,True
exp_hrl_v1,42,1,GE_1,MoveAction,,0,0,True
exp_hrl_v1,42,1,US_1,RangedIndirectAttack,,0,0,True
exp_hrl_v1,42,1,GE_2,MoveAction,,0,0,True
exp_hrl_v1,42,1,US_2,RangedIndirectAttack,,0,0,True
exp_hrl_v1,42,1,GE_3,MoveAction,,0,0,True
exp_hrl_v1,42,1,US_3,RangedIndirectAttack,,0,0,True
exp_hrl_v1,42,1,GE_4,MoveAction,,0,0,True
exp_hrl_v1,42,1,US_4,RangedIndirectAttack,,0,0,True
exp_hrl_v1,42,1,GE_5,NoneType,,0,0,True
exp_hrl_v1,42,1,US_5,RangedIndirectAttack,,0,0,True
exp_hrl_v1,42,1,US_6,RangedIndirectAttack,,0,0,True
exp_hrl_v1,42,1,US_7,RangedIndirectAttack,,0,0,True
exp_hrl_v1,42,2,GE_1,MoveAction,,0,0,True
exp_hrl_v1,42,2,US_1,RangedIndirectAttack,,0,0,True
exp_hrl_v1,42,2,GE_2,MoveAction,,0,0,True
exp_hrl_v1,42,2,US_2,RangedIndirectAttack,,0,0,True
exp_hrl_v1,42,2,GE_3,MoveAction,,0,0,True
exp_hrl_v1,42,2,US_3,RangedIndirectAttack,,0,0,True
exp_hrl_v1,42,2,GE_4,MoveAction,,0,0,True
exp_hrl_v1,42,2,US_4,WaitAction,,0,0,True
exp_hrl_v1,42,2,US_5,WaitAction,,0,0,True
exp_hrl_v1,42,2,US_6,WaitAction,,0,0,True
exp_hrl_v1,42,3,US_7,WaitAction,,0,0,True
exp_hrl_v1,42,3,GE_2,MoveAction,,0,0,True
exp_hrl_v1,42,3,US_1,MoveAction,,0,0,True
exp_hrl_v1,42,3,GE_3,MoveAction,,0,0,True
exp_hrl_v1,42,3,US_2,MoveAction,,0,0,True
exp_hrl_v1,42,3,GE_4,MoveAction,,0,0,True
exp_hrl_v1,42,3,US_3,MoveAction,,0,0,True
exp_hrl_v1,42,3,US_4,MoveAction,,0,0,True
exp_hrl_v1,42,3,US_5,MoveAction,,0,0,True
exp_hrl_v1,42,3,US_6,MoveAction,,0,0,True
exp_hrl_v1,42,3,US_7,RangedIndirectAttack,,0,0,True
exp_hrl_v1,42,4,GE_3,MoveAction,,0,0,True
exp_hrl_v1,42,4,US_1,RangedIndirectAttack,,0,0,True
exp_hrl_v1,42,4,GE_4,MoveAction,,0,0,True
exp_hrl_v1,42,4,US_2,RangedIndirectAttack,,0,0,True
exp_hrl_v1,42,4,US_3,RangedIndirectAttack,,0,0,True
exp_hrl_v1,42,4,US_4,RangedIndirectAttack,,0,0,True
exp_hrl_v1,43,1,GE_1,MoveAction,,0,0,True
exp_hrl_v1,43,1,US_1,RangedDirectAttack,,0,0,True
exp_hrl_v1,43,1,GE_2,MoveAction,,0,0,True
exp_hrl_v1,43,1,US_2,RangedDirectAttack,,0,0,True
exp_hrl_v1,43,1,GE_3,MoveAction,,0,0,True
exp_hrl_v1,43,1,US_3,RangedDirectAttack,,0,0,True
exp_hrl_v1,43,1,GE_4,MoveAction,,0,0,True
exp_hrl_v1,43,1,US_4,RangedDirectAttack,,0,0,True
exp_hrl_v1,43,1,GE_5,NoneType,,0,0,True
exp_hrl_v1,43,1,US_5,RangedDirectAttack,,0,0,True
exp_hrl_v1,43,1,US_6,RangedDirectAttack,,0,0,True
exp_hrl_v1,43,1,US_7,RangedDirectAttack,,0,0,True
exp_hrl_v1,43,2,GE_1,MoveAction,,0,0,True
exp_hrl_v1,43,2,US_1,RangedDirectAttack,,0,0,True
exp_hrl_v1,43,2,GE_2,MoveAction,,0,0,True
exp_hrl_v1,43,2,US_2,RangedDirectAttack,,0,0,True
exp_hrl_v1,43,2,GE_3,MoveAction,,0,0,True
exp_hrl_v1,43,2,US_3,RangedDirectAttack,,0,0,True
exp_hrl_v1,43,2,GE_4,MoveAction,,0,0,True
exp_hrl_v1,43,2,US_4,RangedDirectAttack,,0,0,True
exp_hrl_v1,43,2,US_5,RangedDirectAttack,,0,0,True
exp_hrl_v1,43,2,US_6,RangedDirectAttack,,0,0,True
exp_hrl_v1,43,2,US_7,RangedDirectAttack,,0,0,True
exp_hrl_v1,43,3,GE_1,MoveAction,,0,0,True
exp_hrl_v1,43,3,US_1,RangedDirectAttack,,0,0,True
exp_hrl_v1,43,3,GE_2,MoveAction,,0,0,True
exp_hrl_v1,43,3,US_2,RangedDirectAttack,,0,0,True
exp_hrl_v1,43,3,GE_3,MoveAction,,0,0,True
exp_hrl_v1,43,3,US_3,RangedDirectAttack,,0,0,True
exp_hrl_v1,43,3,GE_4,MoveAction,,0,0,True
exp_hrl_v1,43,3,US_4,RangedDirectAttack,,0,0,True
exp_hrl_v1,43,3,US_5,RangedDirectAttack,,0,0,True
exp_hrl_v1,43,3,US_6,RangedDirectAttack,,0,0,True
exp_hrl_v1,43,3,US_7,RangedDirectAttack,,0,0,True
exp_hrl_v1,43,4,GE_4,MoveAction,,0,0,True
exp_hrl_v1,43,4,US_1,RangedDirectAttack,,0,0,True
exp_hrl_v1,43,4,US_2,RangedDirectAttack,,0,0,True
exp_hrl_v1,43,4,US_3,RangedDirectAttack,,0,0,True
exp_hrl_v1,44,1,GE_1,MoveAction,,0,0,True
exp_hrl_v1,44,1,US_1,MoveAction,,0,0,True
exp_hrl_v1,44,1,GE_2,MoveAction,,0,0,True
exp_hrl_v1,44,1,US_2,MoveAction,,0,0,True
exp_hrl_v1,44,1,GE_3,MoveAction,,0,0,True
exp_hrl_v1,44,1,US_3,MoveAction,,0,0,True
exp_hrl_v1,44,1,GE_4,MoveAction,,0,0,True
exp_hrl_v1,44,1,US_4,MoveAction,,0,0,True
exp_hrl_v1,44,1,GE_5,MoveAction,,0,0,True
exp_hrl_v1,44,1,US_5,MoveAction,,0,0,True
exp_hrl_v1,44,1,US_6,MoveAction,,0,0,True
exp_hrl_v1,44,1,US_7,MoveAction,,0,0,True
exp_hrl_v1,44,2,GE_1,MoveAction,,0,0,True
exp_hrl_v1,44,2,US_1,MoveAction,,0,0,True
exp_hrl_v1,44,2,GE_2,MoveAction,,0,0,True
exp_hrl_v1,44,2,US_2,MoveAction,,0,0,True
exp_hrl_v1,44,2,GE_3,MoveAction,,0,0,True
exp_hrl_v1,44,2,US_3,MoveAction,,0,0,True
exp_hrl_v1,44,2,GE_4,MoveAction,,0,0,True
exp_hrl_v1,44,2,US_4,MoveAction,,0,0,True
exp_hrl_v1,44,2,GE_5,MoveAction,,0,0,True
exp_hrl_v1,44,2,US_5,MoveAction,,0,0,True
exp_hrl_v1,44,2,US_6,MoveAction,,0,0,True
exp_hrl_v1,44,2,US_7,MoveAction,,0,0,True
exp_hrl_v1,44,3,GE_1,MoveAction,,0,0,True
exp_hrl_v1,44,3,US_1,MoveAction,,0,0,True
exp_hrl_v1,44,3,GE_2,MoveAction,,0,0,True
exp_hrl_v1,44,3,US_2,MoveAction,,0,0,True
exp_hrl_v1,44,3,GE_3,MoveAction,,0,0,True
exp_hrl_v1,44,3,US_3,MoveAction,,0,0,True
exp_hrl_v1,44,3,GE_4,MoveAction,,0,0,True
exp_hrl_v1,44,3,US_4,MoveAction,,0,0,True
exp_hrl_v1,44,3,GE_5,MoveAction,,0,0,True
exp_hrl_v1,44,3,US_5,MoveAction,,0,0,True
exp_hrl_v1,44,3,US_6,MoveAction,,0,0,True
exp_hrl_v1,44,3,US_7,MoveAction,,0,0,True
exp_hrl_v1,44,4,GE_1,MoveAction,,0,0,True
exp_hrl_v1,44,4,US_1,WaitAction,,0,0,True
exp_hrl_v1,44,4,GE_2,WaitAction,,0,0,True
exp_hrl_v1,44,4,US_2,MoveAction,,0,0,True
exp_hrl_v1,44,4,GE_3,MoveAction,,0,0,True
exp_hrl_v1,44,4,US_3,WaitAction,,0,0,True
exp_hrl_v1,44,4,GE_4,MoveAction,,0,0,True
exp_hrl_v1,44,4,US_4,MoveAction,,0,0,True
exp_hrl_v1,44,4,GE_5,WaitAction,,0,0,True
exp_hrl_v1,44,4,US_5,WaitAction,,0,0,True
exp_hrl_v1,44,4,US_6,MoveAction,,0,0,True
exp_hrl_v1,44,5,US_7,WaitAction,,0,0,True
exp_hrl_v1,44,5,GE_1,WaitAction,,0,0,True
exp_hrl_v1,44,5,US_1,WaitAction,,0,0,True
exp_hrl_v1,44,5,GE_2,WaitAction,,0,0,True
exp_hrl_v1,44,5,US_2,WaitAction,,0,0,True
exp_hrl_v1,44,5,GE_3,WaitAction,,0,0,True
exp_hrl_v1,44,5,US_3,WaitAction,,0,0,True
exp_hrl_v1,44,5,GE_4,WaitAction,,0,0,True
exp_hrl_v1,44,5,US_4,WaitAction,,0,0,True
exp_hrl_v1,44,5,GE_5,WaitAction,,0,0,True
exp_hrl_v1,44,5,US_5,WaitAction,,0,0,True
exp_hrl_v1,44,5,US_6,MoveAction,,0,0,True
exp_hrl_v1,44,6,US_7,WaitAction,,0,0,True
exp_hrl_v1,44,6,GE_1,WaitAction,,0,0,True
exp_hrl_v1,44,6,US_1,WaitAction,,0,0,True
exp_hrl_v1,44,6,GE_2,WaitAction,,0,0,True
exp_hrl_v1,44,6,US_2,WaitAction,,0,0,True
exp_hrl_v1,44,6,GE_3,WaitAction,,0,0,True
exp_hrl_v1,44,6,US_3,WaitAction,,0,0,True
exp_hrl_v1,44,6,GE_4,WaitAction,,0,0,True
exp_hrl_v1,44,6,US_4,WaitAction,,0,0,True
exp_hrl_v1,44,6,GE_5,WaitAction,,0,0,True
exp_hrl_v1,44,6,US_5,WaitAction,,0,0,True
exp_hrl_v1,44,6,US_6,RangedDirectAttack,,0,0,True
exp_hrl_v1,44,6,US_7,RangedDirectAttack,,0,0,True
exp_hrl_v1,44,7,GE_1,WaitAction,,0,0,True
exp_hrl_v1,44,7,US_1,RangedDirectAttack,,0,0,True
exp_hrl_v1,44,7,GE_2,NoneType,,0,0,True
exp_hrl_v1,44,7,US_2,RangedDirectAttack,,0,0,True
exp_hrl_v1,44,7,GE_3,NoneType,,0,0,True
exp_hrl_v1,44,7,US_3,RangedDirectAttack,,0,0,True
exp_hrl_v1,44,7,GE_4,MoveAction,,0,0,True
exp_hrl_v1,44,7,US_4,RangedDirectAttack,,0,0,True
exp_hrl_v1,44,7,US_5,RangedDirectAttack,,0,0,True
exp_hrl_v1,44,7,US_6,RangedDirectAttack,,0,0,True
exp_hrl_v1,44,7,US_7,RangedDirectAttack,,0,0,True
exp_hrl_v1,44,8,GE_4,MoveAction,,0,0,True
exp_hrl_v1,44,8,US_1,RangedDirectAttack,,0,0,True
exp_hrl_v1,45,1,GE_1,MoveAction,,0,0,True
exp_hrl_v1,45,1,US_1,MoveAction,,0,0,True
exp_hrl_v1,45,1,GE_2,MoveAction,,0,0,True
exp_hrl_v1,45,1,US_2,MoveAction,,0,0,True
exp_hrl_v1,45,1,GE_3,MoveAction,,0,0,True
exp_hrl_v1,45,1,US_3,MoveAction,,0,0,True
exp_hrl_v1,45,1,GE_4,MoveAction,,0,0,True
exp_hrl_v1,45,1,US_4,MoveAction,,0,0,True
exp_hrl_v1,45,1,GE_5,MoveAction,,0,0,True
exp_hrl_v1,45,1,US_5,MoveAction,,0,0,True
exp_hrl_v1,45,1,US_6,MoveAction,,0,0,True
exp_hrl_v1,45,2,US_7,WaitAction,,0,0,True
exp_hrl_v1,45,2,GE_1,MoveAction,,0,0,True
exp_hrl_v1,45,2,US_1,MoveAction,,0,0,True
exp_hrl_v1,45,2,GE_2,MoveAction,,0,0,True
exp_hrl_v1,45,2,US_2,MoveAction,,0,0,True
exp_hrl_v1,45,2,GE_3,MoveAction,,0,0,True
exp_hrl_v1,45,2,US_3,WaitAction,,0,0,True
exp_hrl_v1,45,2,GE_4,MoveAction,,0,0,True
exp_hrl_v1,45,2,US_4,MoveAction,,0,0,True
exp_hrl_v1,45,2,GE_5,MoveAction,,0,0,True
exp_hrl_v1,45,2,US_5,MoveAction,,0,0,True
exp_hrl_v1,45,2,US_6,MoveAction,,0,0,True
exp_hrl_v1,45,3,US_7,WaitAction,,0,0,True
exp_hrl_v1,45,3,GE_1,MoveAction,,0,0,True
exp_hrl_v1,45,3,US_1,MoveAction,,0,0,True
exp_hrl_v1,45,3,GE_2,MoveAction,,0,0,True
exp_hrl_v1,45,3,US_2,MoveAction,,0,0,True
exp_hrl_v1,45,3,GE_3,MoveAction,,0,0,True
exp_hrl_v1,45,3,US_3,MoveAction,,0,0,True
exp_hrl_v1,45,3,GE_4,MoveAction,,0,0,True
exp_hrl_v1,45,3,US_4,MoveAction,,0,0,True
exp_hrl_v1,45,3,GE_5,MoveAction,,0,0,True
exp_hrl_v1,45,3,US_5,MoveAction,,0,0,True
exp_hrl_v1,45,3,US_6,MoveAction,,0,0,True
exp_hrl_v1,45,3,US_7,MoveAction,,0,0,True
exp_hrl_v1,45,4,GE_1,MoveAction,,0,0,True
exp_hrl_v1,45,4,US_1,MoveAction,,0,0,True
exp_hrl_v1,45,4,GE_2,MoveAction,,0,0,True
exp_hrl_v1,45,4,US_2,MoveAction,,0,0,True
exp_hrl_v1,45,4,GE_3,MoveAction,,0,0,True
exp_hrl_v1,45,4,US_3,MoveAction,,0,0,True
exp_hrl_v1,45,4,GE_4,MoveAction,,0,0,True
exp_hrl_v1,45,4,US_4,MoveAction,,0,0,True
exp_hrl_v1,45,4,GE_5,MoveAction,,0,0,True
exp_hrl_v1,45,4,US_5,RangedDirectAttack,,0,0,True
exp_hrl_v1,45,4,US_6,RangedDirectAttack,,0,0,True
exp_hrl_v1,45,4,US_7,RangedDirectAttack,,0,0,True
exp_hrl_v1,45,5,GE_1,MoveAction,,0,0,True
exp_hrl_v1,45,5,US_1,RangedDirectAttack,,0,0,True
exp_hrl_v1,45,5,GE_2,NoneType,,0,0,True
exp_hrl_v1,45,5,US_2,RangedDirectAttack,,0,0,True
exp_hrl_v1,45,5,GE_3,NoneType,,0,0,True
exp_hrl_v1,45,5,US_3,RangedDirectAttack,,0,0,True
exp_hrl_v1,45,5,GE_4,MoveAction,,0,0,True
exp_hrl_v1,45,5,US_4,RangedDirectAttack,,0,0,True
exp_hrl_v1,45,5,US_5,RangedDirectAttack,,0,0,True
exp_hrl_v1,45,5,US_6,RangedDirectAttack,,0,0,True
exp_hrl_v1,45,5,US_7,RangedDirectAttack,,0,0,True
exp_hrl_v1,45,6,GE_4,MoveAction,,0,0,True
exp_hrl_v1,45,6,US_1,RangedDirectAttack,,0,0,True
exp_hrl_v1,46,1,GE_1,MoveAction,,0,0,True
exp_hrl_v1,46,1,US_1,RangedIndirectAttack,,0,0,True
exp_hrl_v1,46,1,GE_2,MoveAction,,0,0,True
exp_hrl_v1,46,1,US_2,RangedIndirectAttack,,0,0,True
exp_hrl_v1,46,1,GE_3,MoveAction,,0,0,True
exp_hrl_v1,46,1,US_3,RangedIndirectAttack,,0,0,True
exp_hrl_v1,46,1,GE_4,MoveAction,,0,0,True
exp_hrl_v1,46,1,US_4,RangedIndirectAttack,,0,0,True
exp_hrl_v1,46,1,GE_5,NoneType,,0,0,True
exp_hrl_v1,46,1,US_5,RangedIndirectAttack,,0,0,True
exp_hrl_v1,46,1,US_6,RangedIndirectAttack,,0,0,True
exp_hrl_v1,46,1,US_7,RangedIndirectAttack,,0,0,True
exp_hrl_v1,46,2,GE_1,MoveAction,,0,0,True
exp_hrl_v1,46,2,US_1,RangedIndirectAttack,,0,0,True
exp_hrl_v1,46,2,GE_2,MoveAction,,0,0,True
exp_hrl_v1,46,2,US_2,RangedIndirectAttack,,0,0,True
exp_hrl_v1,46,2,GE_3,MoveAction,,0,0,True
exp_hrl_v1,46,2,US_3,RangedIndirectAttack,,0,0,True
exp_hrl_v1,46,2,GE_4,MoveAction,,0,0,True
exp_hrl_v1,46,2,US_4,MoveAction,,0,0,True
exp_hrl_v1,46,2,US_5,MoveAction,,0,0,True
exp_hrl_v1,46,2,US_6,MoveAction,,0,0,True
exp_hrl_v1,46,3,US_7,WaitAction,,0,0,True
exp_hrl_v1,46,3,GE_2,MoveAction,,0,0,True
exp_hrl_v1,46,3,US_1,MoveAction,,0,0,True
exp_hrl_v1,46,3,GE_3,MoveAction,,0,0,True
exp_hrl_v1,46,3,US_2,MoveAction,,0,0,True
exp_hrl_v1,46,3,GE_4,MoveAction,,0,0,True
exp_hrl_v1,46,3,US_3,MoveAction,,0,0,True
exp_hrl_v1,46,3,US_4,MoveAction,,0,0,True
exp_hrl_v1,46,3,US_5,MoveAction,,0,0,True
exp_hrl_v1,46,3,US_6,MoveAction,,0,0,True
exp_hrl_v1,46,3,US_7,MoveAction,,0,0,True
exp_hrl_v1,46,4,GE_2,MoveAction,,0,0,True
exp_hrl_v1,46,4,US_1,MoveAction,,0,0,True
exp_hrl_v1,46,4,GE_3,MoveAction,,0,0,True
exp_hrl_v1,46,4,US_2,MoveAction,,0,0,True
exp_hrl_v1,46,4,GE_4,MoveAction,,0,0,True
exp_hrl_v1,46,4,US_3,MoveAction,,0,0,True
exp_hrl_v1,46,4,US_4,WaitAction,,0,0,True
exp_hrl_v1,46,4,US_5,WaitAction,,0,0,True
exp_hrl_v1,46,4,US_6,MoveAction,,0,0,True
exp_hrl_v1,46,4,US_7,MoveAction,,0,0,True
exp_hrl_v1,46,5,GE_2,WaitAction,,0,0,True
exp_hrl_v1,46,5,US_1,WaitAction,,0,0,True
exp_hrl_v1,46,5,GE_3,WaitAction,,0,0,True
exp_hrl_v1,46,5,US_2,WaitAction,,0,0,True
exp_hrl_v1,46,5,GE_4,MoveAction,,0,0,True
exp_hrl_v1,46,5,US_3,MoveAction,,0,0,True
exp_hrl_v1,46,5,US_4,MoveAction,,0,0,True
exp_hrl_v1,46,5,US_5,WaitAction,,0,0,True
exp_hrl_v1,46,5,US_6,MoveAction,,0,0,True
exp_hrl_v1,46,5,US_7,MoveAction,,0,0,True
exp_hrl_v1,46,6,GE_2,WaitAction,,0,0,True
exp_hrl_v1,46,6,US_1,WaitAction,,0,0,True
exp_hrl_v1,46,6,GE_3,WaitAction,,0,0,True
exp_hrl_v1,46,6,US_2,WaitAction,,0,0,True
exp_hrl_v1,46,6,GE_4,MoveAction,,0,0,True
exp_hrl_v1,46,6,US_3,WaitAction,,0,0,True
exp_hrl_v1,46,6,US_4,MoveAction,,0,0,True
exp_hrl_v1,46,6,US_5,RangedIndirectAttack,,0,0,True
exp_hrl_v1,46,6,US_6,RangedIndirectAttack,,0,0,True
exp_hrl_v1,46,6,US_7,RangedIndirectAttack,,0,0,True
exp_hrl_v1,46,7,GE_4,WaitAction,,0,0,True
exp_hrl_v1,46,7,US_1,RangedIndirectAttack,,0,0,True
exp_hrl_v1,47,1,GE_1,MoveAction,,0,0,True
exp_hrl_v1,47,1,US_1,MoveAction,,0,0,True
exp_hrl_v1,47,1,GE_2,MoveAction,,0,0,True
exp_hrl_v1,47,1,US_2,MoveAction,,0,0,True
exp_hrl_v1,47,1,GE_3,MoveAction,,0,0,True
exp_hrl_v1,47,1,US_3,MoveAction,,0,0,True
exp_hrl_v1,47,1,GE_4,MoveAction,,0,0,True
exp_hrl_v1,47,1,US_4,MoveAction,,0,0,True
exp_hrl_v1,47,1,GE_5,MoveAction,,0,0,True
exp_hrl_v1,47,1,US_5,MoveAction,,0,0,True
exp_hrl_v1,47,1,US_6,WaitAction,,0,0,True
exp_hrl_v1,47,1,US_7,MoveAction,,0,0,True
exp_hrl_v1,47,2,GE_1,MoveAction,,0,0,True
exp_hrl_v1,47,2,US_1,MoveAction,,0,0,True
exp_hrl_v1,47,2,GE_2,MoveAction,,0,0,True
exp_hrl_v1,47,2,US_2,MoveAction,,0,0,True
exp_hrl_v1,47,2,GE_3,MoveAction,,0,0,True
exp_hrl_v1,47,2,US_3,MoveAction,,0,0,True
exp_hrl_v1,47,2,GE_4,MoveAction,,0,0,True
exp_hrl_v1,47,2,US_4,MoveAction,,0,0,True
exp_hrl_v1,47,2,GE_5,MoveAction,,0,0,True
exp_hrl_v1,47,2,US_5,MoveAction,,0,0,True
exp_hrl_v1,47,2,US_6,MoveAction,,0,0,True
exp_hrl_v1,47,2,US_7,MoveAction,,0,0,True
exp_hrl_v1,47,3,GE_1,MoveAction,,0,0,True
exp_hrl_v1,47,3,US_1,MoveAction,,0,0,True
exp_hrl_v1,47,3,GE_2,MoveAction,,0,0,True
exp_hrl_v1,47,3,US_2,MoveAction,,0,0,True
exp_hrl_v1,47,3,GE_3,MoveAction,,0,0,True
exp_hrl_v1,47,3,US_3,MoveAction,,0,0,True
exp_hrl_v1,47,3,GE_4,MoveAction,,0,0,True
exp_hrl_v1,47,3,US_4,MoveAction,,0,0,True
exp_hrl_v1,47,3,GE_5,MoveAction,,0,0,True
exp_hrl_v1,47,3,US_5,MoveAction,,0,0,True
exp_hrl_v1,47,3,US_6,MoveAction,,0,0,True
exp_hrl_v1,47,3,US_7,MoveAction,,0,0,True
exp_hrl_v1,47,4,GE_1,MoveAction,,0,0,True
exp_hrl_v1,47,4,US_1,WaitAction,,0,0,True
exp_hrl_v1,47,4,GE_2,WaitAction,,0,0,True
exp_hrl_v1,47,4,US_2,MoveAction,,0,0,True
exp_hrl_v1,47,4,GE_3,MoveAction,,0,0,True
exp_hrl_v1,47,4,US_3,MoveAction,,0,0,True
exp_hrl_v1,47,4,GE_4,MoveAction,,0,0,True
exp_hrl_v1,47,4,US_4,MoveAction,,0,0,True
exp_hrl_v1,47,4,GE_5,WaitAction,,0,0,True
exp_hrl_v1,47,4,US_5,MoveAction,,0,0,True
exp_hrl_v1,47,4,US_6,MoveAction,,0,0,True
exp_hrl_v1,47,4,US_7,MoveAction,,0,0,True
exp_hrl_v1,47,5,GE_1,WaitAction,,0,0,True
exp_hrl_v1,47,5,US_1,RangedIndirectAttack,,0,0,True
exp_hrl_v1,47,5,GE_2,WaitAction,,0,0,True
exp_hrl_v1,47,5,US_2,RangedIndirectAttack,,0,0,True
exp_hrl_v1,47,5,GE_3,WaitAction,,0,0,True
exp_hrl_v1,47,5,US_3,RangedIndirectAttack,,0,0,True
exp_hrl_v1,47,5,GE_4,WaitAction,,0,0,True
exp_hrl_v1,47,5,US_4,RangedIndirectAttack,,0,0,True
exp_hrl_v1,47,5,GE_5,NoneType,,0,0,True
exp_hrl_v1,47,5,US_5,RangedIndirectAttack,,0,0,True
exp_hrl_v1,47,5,US_6,RangedIndirectAttack,,0,0,True
exp_hrl_v1,47,5,US_7,RangedIndirectAttack,,0,0,True
exp_hrl_v1,47,6,GE_1,MoveAction,,0,0,True
exp_hrl_v1,47,6,US_1,RangedIndirectAttack,,0,0,True
exp_hrl_v1,47,6,GE_4,MoveAction,,0,0,True
exp_hrl_v1,47,6,US_2,RangedIndirectAttack,,0,0,True
exp_hrl_v1,47,6,US_3,RangedIndirectAttack,,0,0,True
exp_hrl_v1,48,1,GE_1,MoveAction,,0,0,True
exp_hrl_v1,48,1,US_1,MoveAction,,0,0,True
exp_hrl_v1,48,1,GE_2,MoveAction,,0,0,True
exp_hrl_v1,48,1,US_2,MoveAction,,0,0,True
exp_hrl_v1,48,1,GE_3,MoveAction,,0,0,True
exp_hrl_v1,48,1,US_3,MoveAction,,0,0,True
exp_hrl_v1,48,1,GE_4,MoveAction,,0,0,True
exp_hrl_v1,48,1,US_4,MoveAction,,0,0,True
exp_hrl_v1,48,1,GE_5,MoveAction,,0,0,True
exp_hrl_v1,48,1,US_5,MoveAction,,0,0,True
exp_hrl_v1,48,1,US_6,MoveAction,,0,0,True
exp_hrl_v1,48,1,US_7,MoveAction,,0,0,True
exp_hrl_v1,48,2,GE_1,MoveAction,,0,0,True
exp_hrl_v1,48,2,US_1,MoveAction,,0,0,True
exp_hrl_v1,48,2,GE_2,MoveAction,,0,0,True
exp_hrl_v1,48,2,US_2,MoveAction,,0,0,True
exp_hrl_v1,48,2,GE_3,MoveAction,,0,0,True
exp_hrl_v1,48,2,US_3,WaitAction,,0,0,True
exp_hrl_v1,48,2,GE_4,MoveAction,,0,0,True
exp_hrl_v1,48,2,US_4,MoveAction,,0,0,True
exp_hrl_v1,48,2,GE_5,MoveAction,,0,0,True
exp_hrl_v1,48,2,US_5,MoveAction,,0,0,True
exp_hrl_v1,48,2,US_6,MoveAction,,0,0,True
exp_hrl_v1,48,2,US_7,MoveAction,,0,0,True
exp_hrl_v1,48,3,GE_1,MoveAction,,0,0,True
exp_hrl_v1,48,3,US_1,MoveAction,,0,0,True
exp_hrl_v1,48,3,GE_2,MoveAction,,0,0,True
exp_hrl_v1,48,3,US_2,MoveAction,,0,0,True
exp_hrl_v1,48,3,GE_3,MoveAction,,0,0,True
exp_hrl_v1,48,3,US_3,MoveAction,,0,0,True
exp_hrl_v1,48,3,GE_4,MoveAction,,0,0,True
exp_hrl_v1,48,3,US_4,MoveAction,,0,0,True
exp_hrl_v1,48,3,GE_5,MoveAction,,0,0,True
exp_hrl_v1,48,3,US_5,MoveAction,,0,0,True
exp_hrl_v1,48,3,US_6,MoveAction,,0,0,True
exp_hrl_v1,48,3,US_7,MoveAction,,0,0,True
exp_hrl_v1,48,4,GE_1,MoveAction,,0,0,True
exp_hrl_v1,48,4,US_1,WaitAction,,0,0,True
exp_hrl_v1,48,4,GE_2,WaitAction,,0,0,True
exp_hrl_v1,48,4,US_2,MoveAction,,0,0,True
exp_hrl_v1,48,4,GE_3,MoveAction,,0,0,True
exp_hrl_v1,48,4,US_3,RangedDirectAttack,,0,0,True
exp_hrl_v1,48,4,GE_4,MoveAction,,0,0,True
exp_hrl_v1,48,4,US_4,RangedDirectAttack,,0,0,True
exp_hrl_v1,48,4,GE_5,NoneType,,0,0,True
exp_hrl_v1,48,4,US_5,RangedDirectAttack,,0,0,True
exp_hrl_v1,48,4,US_6,RangedDirectAttack,,0,0,True
exp_hrl_v1,48,4,US_7,RangedDirectAttack,,0,0,True
exp_hrl_v1,48,5,GE_1,WaitAction,,0,0,True
exp_hrl_v1,48,5,US_1,RangedDirectAttack,,0,0,True
exp_hrl_v1,48,5,GE_3,NoneType,,0,0,True
exp_hrl_v1,48,5,US_2,RangedDirectAttack,,0,0,True
exp_hrl_v1,48,5,GE_4,WaitAction,,0,0,True
exp_hrl_v1,48,5,US_3,RangedDirectAttack,,0,0,True
exp_hrl_v1,48,5,US_4,RangedDirectAttack,,0,0,True
exp_hrl_v1,48,5,US_5,RangedDirectAttack,,0,0,True
exp_hrl_v1,48,5,US_6,MoveAction,,0,0,True
exp_hrl_v1,48,5,US_7,MoveAction,,0,0,True
exp_hrl_v1,48,6,GE_1,MoveAction,,0,0,True
exp_hrl_v1,48,6,US_1,WaitAction,,0,0,True
exp_hrl_v1,48,6,GE_4,MoveAction,,0,0,True
exp_hrl_v1,48,6,US_2,MoveAction,,0,0,True
exp_hrl_v1,48,6,US_3,MoveAction,,0,0,True
exp_hrl_v1,48,6,US_4,MoveAction,,0,0,True
exp_hrl_v1,48,6,US_5,MoveAction,,0,0,True
exp_hrl_v1,48,6,US_6,WaitAction,,0,0,True
exp_hrl_v1,48,6,US_7,RangedDirectAttack,,0,0,True
exp_hrl_v1,48,7,GE_4,MoveAction,,0,0,True
exp_hrl_v1,48,7,US_1,RangedDirectAttack,,0,0,True
exp_hrl_v1,48,7,US_2,RangedDirectAttack,,0,0,True
exp_hrl_v1,49,1,GE_1,MoveAction,,0,0,True
exp_hrl_v1,49,1,US_1,MoveAction,,0,0,True
exp_hrl_v1,49,1,GE_2,MoveAction,,0,0,True
exp_hrl_v1,49,1,US_2,MoveAction,,0,0,True
exp_hrl_v1,49,1,GE_3,MoveAction,,0,0,True
exp_hrl_v1,49,1,US_3,MoveAction,,0,0,True
exp_hrl_v1,49,1,GE_4,MoveAction,,0,0,True
exp_hrl_v1,49,1,US_4,MoveAction,,0,0,True
exp_hrl_v1,49,1,GE_5,MoveAction,,0,0,True
exp_hrl_v1,49,1,US_5,MoveAction,,0,0,True
exp_hrl_v1,49,1,US_6,MoveAction,,0,0,True
exp_hrl_v1,49,1,US_7,MoveAction,,0,0,True
exp_hrl_v1,49,2,GE_1,MoveAction,,0,0,True
exp_hrl_v1,49,2,US_1,MoveAction,,0,0,True
exp_hrl_v1,49,2,GE_2,MoveAction,,0,0,True
exp_hrl_v1,49,2,US_2,MoveAction,,0,0,True
exp_hrl_v1,49,2,GE_3,MoveAction,,0,0,True
exp_hrl_v1,49,2,US_3,WaitAction,,0,0,True
exp_hrl_v1,49,2,GE_4,MoveAction,,0,0,True
exp_hrl_v1,49,2,US_4,MoveAction,,0,0,True
exp_hrl_v1,49,2,GE_5,MoveAction,,0,0,True
exp_hrl_v1,49,2,US_5,MoveAction,,0,0,True
exp_hrl_v1,49,2,US_6,MoveAction,,0,0,True
exp_hrl_v1,49,3,US_7,WaitAction,,0,0,True
exp_hrl_v1,49,3,GE_1,MoveAction,,0,0,True
exp_hrl_v1,49,3,US_1,MoveAction,,0,0,True
exp_hrl_v1,49,3,GE_2,MoveAction,,0,0,True
exp_hrl_v1,49,3,US_2,MoveAction,,0,0,True
exp_hrl_v1,49,3,GE_3,MoveAction,,0,0,True
exp_hrl_v1,49,3,US_3,MoveAction,,0,0,True
exp_hrl_v1,49,3,GE_4,MoveAction,,0,0,True
exp_hrl_v1,49,3,US_4,MoveAction,,0,0,True
exp_hrl_v1,49,3,GE_5,WaitAction,,0,0,True
exp_hrl_v1,49,3,US_5,RangedDirectAttack,,0,0,True
exp_hrl_v1,49,3,US_6,RangedDirectAttack,,0,0,True
exp_hrl_v1,49,3,US_7,RangedDirectAttack,,0,0,True
exp_hrl_v1,49,4,GE_1,MoveAction,,0,0,True
exp_hrl_v1,49,4,US_1,RangedDirectAttack,,0,0,True
exp_hrl_v1,49,4,GE_2,WaitAction,,0,0,True
exp_hrl_v1,49,4,US_2,RangedDirectAttack,,0,0,True
exp_hrl_v1,49,4,GE_3,WaitAction,,0,0,True
exp_hrl_v1,49,4,US_3,RangedDirectAttack,,0,0,True
exp_hrl_v1,49,4,GE_4,MoveAction,,0,0,True
exp_hrl_v1,49,4,US_4,RangedDirectAttack,,0,0,True
exp_hrl_v1,49,4,US_5,RangedDirectAttack,,0,0,True
exp_hrl_v1,49,4,US_6,RangedDirectAttack,,0,0,True
exp_hrl_v1,49,4,US_7,RangedDirectAttack,,0,0,True
exp_hrl_v1,49,5,GE_4,MoveAction,,0,0,True
exp_hrl_v1,49,5,US_1,WaitAction,,0,0,True
exp_hrl_v1,49,5,US_2,MoveAction,,0,0,True
exp_hrl_v1,49,5,US_3,MoveAction,,0,0,True
exp_hrl_v1,49,5,US_4,MoveAction,,0,0,True
exp_hrl_v1,49,5,US_5,MoveAction,,0,0,True
exp_hrl_v1,49,5,US_6,MoveAction,,0,0,True
exp_hrl_v1,49,5,US_7,MoveAction,,0,0,True
exp_hrl_v1,49,6,GE_4,WaitAction,,0,0,True
exp_hrl_v1,49,6,US_1,WaitAction,,0,0,True
exp_hrl_v1,49,6,US_2,WaitAction,,0,0,True
exp_hrl_v1,49,6,US_3,MoveAction,,0,0,True
exp_hrl_v1,49,6,US_4,MoveAction,,0,0,True
exp_hrl_v1,49,6,US_5,WaitAction,,0,0,True
exp_hrl_v1,49,6,US_6,MoveAction,,0,0,True
exp_hrl_v1,49,6,US_7,MoveAction,,0,0,True
exp_hrl_v1,49,7,GE_4,WaitAction,,0,0,True
exp_hrl_v1,49,7,US_1,MoveAction,,0,0,True
exp_hrl_v1,49,7,US_2,MoveAction,,0,0,True
exp_hrl_v1,49,7,US_3,MoveAction,,0,0,True
exp_hrl_v1,49,7,US_4,WaitAction,,0,0,True
exp_hrl_v1,49,7,US_5,MoveAction,,0,0,True
exp_hrl_v1,49,7,US_6,MoveAction,,0,0,True
exp_hrl_v1,49,7,US_7,MoveAction,,0,0,True
exp_hrl_v1,49,8,GE_4,MoveAction,,0,0,True
exp_hrl_v1,49,8,US_1,WaitAction,,0,0,True
exp_hrl_v1,49,8,US_2,WaitAction,,0,0,True
exp_hrl_v1,49,8,US_3,MoveAction,,0,0,True
exp_hrl_v1,49,8,US_4,RangedDirectAttack,,0,0,True
exp_hrl_v1,50,1,GE_1,MoveAction,,0,0,True
exp_hrl_v1,50,1,US_1,MoveAction,,0,0,True
exp_hrl_v1,50,1,GE_2,MoveAction,,0,0,True
exp_hrl_v1,50,1,US_2,MoveAction,,0,0,True
exp_hrl_v1,50,1,GE_3,MoveAction,,0,0,True
exp_hrl_v1,50,1,US_3,MoveAction,,0,0,True
exp_hrl_v1,50,1,GE_4,MoveAction,,0,0,True
exp_hrl_v1,50,1,US_4,MoveAction,,0,0,True
exp_hrl_v1,50,1,GE_5,MoveAction,,0,0,True
exp_hrl_v1,50,1,US_5,MoveAction,,0,0,True
exp_hrl_v1,50,1,US_6,MoveAction,,0,0,True
exp_hrl_v1,50,1,US_7,MoveAction,,0,0,True
exp_hrl_v1,50,2,GE_1,MoveAction,,0,0,True
exp_hrl_v1,50,2,US_1,MoveAction,,0,0,True
exp_hrl_v1,50,2,GE_2,MoveAction,,0,0,True
exp_hrl_v1,50,2,US_2,MoveAction,,0,0,True
exp_hrl_v1,50,2,GE_3,MoveAction,,0,0,True
exp_hrl_v1,50,2,US_3,MoveAction,,0,0,True
exp_hrl_v1,50,2,GE_4,MoveAction,,0,0,True
exp_hrl_v1,50,2,US_4,MoveAction,,0,0,True
exp_hrl_v1,50,2,GE_5,MoveAction,,0,0,True
exp_hrl_v1,50,2,US_5,MoveAction,,0,0,True
exp_hrl_v1,50,2,US_6,MoveAction,,0,0,True
exp_hrl_v1,50,2,US_7,MoveAction,,0,0,True
exp_hrl_v1,50,3,GE_1,MoveAction,,0,0,True
exp_hrl_v1,50,3,US_1,MoveAction,,0,0,True
exp_hrl_v1,50,3,GE_2,MoveAction,,0,0,True
exp_hrl_v1,50,3,US_2,MoveAction,,0,0,True
exp_hrl_v1,50,3,GE_3,MoveAction,,0,0,True
exp_hrl_v1,50,3,US_3,MoveAction,,0,0,True
exp_hrl_v1,50,3,GE_4,MoveAction,,0,0,True
exp_hrl_v1,50,3,US_4,MoveAction,,0,0,True
exp_hrl_v1,50,3,GE_5,WaitAction,,0,0,True
exp_hrl_v1,50,3,US_5,MoveAction,,0,0,True
exp_hrl_v1,50,3,US_6,MoveAction,,0,0,True
exp_hrl_v1,50,3,US_7,MoveAction,,0,0,True
exp_hrl_v1,50,4,GE_1,MoveAction,,0,0,True
exp_hrl_v1,50,4,US_1,MoveAction,,0,0,True
exp_hrl_v1,50,4,GE_2,MoveAction,,0,0,True
exp_hrl_v1,50,4,US_2,MoveAction,,0,0,True
exp_hrl_v1,50,4,GE_3,MoveAction,,0,0,True
exp_hrl_v1,50,4,US_3,MoveAction,,0,0,True
exp_hrl_v1,50,4,GE_4,MoveAction,,0,0,True
exp_hrl_v1,50,4,US_4,MoveAction,,0,0,True
exp_hrl_v1,50,4,GE_5,MoveAction,,0,0,True
exp_hrl_v1,50,4,US_5,MoveAction,,0,0,True
exp_hrl_v1,50,4,US_6,MoveAction,,0,0,True
exp_hrl_v1,50,4,US_7,MoveAction,,0,0,True
exp_hrl_v1,50,5,GE_1,MoveAction,,0,0,True
exp_hrl_v1,50,5,US_1,RangedDirectAttack,,0,0,True
exp_hrl_v1,50,5,GE_2,WaitAction,,0,0,True
exp_hrl_v1,50,5,US_2,RangedDirectAttack,,0,0,True
exp_hrl_v1,50,5,GE_3,WaitAction,,0,0,True
exp_hrl_v1,50,5,US_3,RangedDirectAttack,,0,0,True
exp_hrl_v1,50,5,GE_4,MoveAction,,0,0,True
exp_hrl_v1,50,5,US_4,RangedDirectAttack,,0,0,True
exp_hrl_v1,50,5,GE_5,NoneType,,0,0,True
exp_hrl_v1,50,5,US_5,RangedDirectAttack,,0,0,True
exp_hrl_v1,50,5,US_6,RangedDirectAttack,,0,0,True
exp_hrl_v1,50,5,US_7,RangedDirectAttack,,0,0,True
exp_hrl_v1,50,6,GE_1,WaitAction,,0,0,True
exp_hrl_v1,50,6,US_1,RangedDirectAttack,,0,0,True
exp_hrl_v1,50,6,GE_4,MoveAction,,0,0,True
exp_hrl_v1,50,6,US_2,RangedDirectAttack,,0,0,True
exp_hrl_v1,50,6,US_3,RangedDirectAttack,,0,0,True
exp_hrl_v1,50,6,US_4,MoveAction,,0,0,True
exp_hrl_v1,50,6,US_5,WaitAction,,0,0,True
exp_hrl_v1,50,6,US_6,MoveAction,,0,0,True
exp_hrl_v1,50,6,US_7,MoveAction,,0,0,True
exp_hrl_v1,50,7,GE_4,WaitAction,,0,0,True
exp_hrl_v1,50,7,US_1,WaitAction,,0,0,True
exp_hrl_v1,50,7,US_2,WaitAction,,0,0,True
exp_hrl_v1,50,7,US_3,RangedDirectAttack,,0,0,True
exp_hrl_v1,51,1,GE_1,MoveAction,,0,0,True
exp_hrl_v1,51,1,US_1,MoveAction,,0,0,True
exp_hrl_v1,51,1,GE_2,MoveAction,,0,0,True
exp_hrl_v1,51,1,US_2,MoveAction,,0,0,True
exp_hrl_v1,51,1,GE_3,MoveAction,,0,0,True
exp_hrl_v1,51,1,US_3,MoveAction,,0,0,True
exp_hrl_v1,51,1,GE_4,MoveAction,,0,0,True
exp_hrl_v1,51,1,US_4,MoveAction,,0,0,True
exp_hrl_v1,51,1,GE_5,MoveAction,,0,0,True
exp_hrl_v1,51,1,US_5,MoveAction,,0,0,True
exp_hrl_v1,51,1,US_6,MoveAction,,0,0,True
exp_hrl_v1,51,1,US_7,MoveAction,,0,0,True
exp_hrl_v1,51,2,GE_1,MoveAction,,0,0,True
exp_hrl_v1,51,2,US_1,MoveAction,,0,0,True
exp_hrl_v1,51,2,GE_2,MoveAction,,0,0,True
exp_hrl_v1,51,2,US_2,MoveAction,,0,0,True
exp_hrl_v1,51,2,GE_3,MoveAction,,0,0,True
exp_hrl_v1,51,2,US_3,WaitAction,,0,0,True
exp_hrl_v1,51,2,GE_4,MoveAction,,0,0,True
exp_hrl_v1,51,2,US_4,MoveAction,,0,0,True
exp_hrl_v1,51,2,GE_5,MoveAction,,0,0,True
exp_hrl_v1,51,2,US_5,MoveAction,,0,0,True
exp_hrl_v1,51,2,US_6,MoveAction,,0,0,True
exp_hrl_v1,51,2,US_7,MoveAction,,0,0,True
exp_hrl_v1,51,3,GE_1,MoveAction,,0,0,True
exp_hrl_v1,51,3,US_1,MoveAction,,0,0,True
exp_hrl_v1,51,3,GE_2,MoveAction,,0,0,True
exp_hrl_v1,51,3,US_2,MoveAction,,0,0,True
exp_hrl_v1,51,3,GE_3,MoveAction,,0,0,True
exp_hrl_v1,51,3,US_3,MoveAction,,0,0,True
exp_hrl_v1,51,3,GE_4,MoveAction,,0,0,True
exp_hrl_v1,51,3,US_4,MoveAction,,0,0,True
exp_hrl_v1,51,3,GE_5,MoveAction,,0,0,True
exp_hrl_v1,51,3,US_5,MoveAction,,0,0,True
exp_hrl_v1,51,3,US_6,MoveAction,,0,0,True
exp_hrl_v1,51,3,US_7,MoveAction,,0,0,True
exp_hrl_v1,51,4,GE_1,MoveAction,,0,0,True
exp_hrl_v1,51,4,US_1,WaitAction,,0,0,True
exp_hrl_v1,51,4,GE_2,WaitAction,,0,0,True
exp_hrl_v1,51,4,US_2,MoveAction,,0,0,True
exp_hrl_v1,51,4,GE_3,MoveAction,,0,0,True
exp_hrl_v1,51,4,US_3,MoveAction,,0,0,True
exp_hrl_v1,51,4,GE_4,MoveAction,,0,0,True
exp_hrl_v1,51,4,US_4,MoveAction,,0,0,True
exp_hrl_v1,51,4,GE_5,WaitAction,,0,0,True
exp_hrl_v1,51,4,US_5,WaitAction,,0,0,True
exp_hrl_v1,51,4,US_6,WaitAction,,0,0,True
exp_hrl_v1,51,4,US_7,MoveAction,,0,0,True
exp_hrl_v1,51,5,GE_1,WaitAction,,0,0,True
exp_hrl_v1,51,5,US_1,WaitAction,,0,0,True
exp_hrl_v1,51,5,GE_2,WaitAction,,0,0,True
exp_hrl_v1,51,5,US_2,WaitAction,,0,0,True
exp_hrl_v1,51,5,GE_3,WaitAction,,0,0,True
exp_hrl_v1,51,5,US_3,MoveAction,,0,0,True
exp_hrl_v1,51,5,GE_4,WaitAction,,0,0,True
exp_hrl_v1,51,5,US_4,MoveAction,,0,0,True
exp_hrl_v1,51,5,GE_5,WaitAction,,0,0,True
exp_hrl_v1,51,5,US_5,WaitAction,,0,0,True
exp_hrl_v1,51,5,US_6,WaitAction,,0,0,True
exp_hrl_v1,51,6,US_7,WaitAction,,0,0,True
exp_hrl_v1,51,6,GE_1,WaitAction,,0,0,True
exp_hrl_v1,51,6,US_1,RangedDirectAttack,,0,0,True
exp_hrl_v1,51,6,GE_2,WaitAction,,0,0,True
exp_hrl_v1,51,6,US_2,RangedDirectAttack,,0,0,True
exp_hrl_v1,51,6,GE_3,WaitAction,,0,0,True
exp_hrl_v1,51,6,US_3,RangedDirectAttack,,0,0,True
exp_hrl_v1,51,6,GE_4,WaitAction,,0,0,True
exp_hrl_v1,51,6,US_4,RangedDirectAttack,,0,0,True
exp_hrl_v1,51,6,GE_5,NoneType,,0,0,True
exp_hrl_v1,51,6,US_5,RangedDirectAttack,,0,0,True
exp_hrl_v1,51,6,US_6,RangedDirectAttack,,0,0,True
exp_hrl_v1,51,6,US_7,RangedDirectAttack,,0,0,True
exp_hrl_v1,51,7,GE_1,WaitAction,,0,0,True
exp_hrl_v1,51,7,US_1,RangedDirectAttack,,0,0,True
exp_hrl_v1,51,7,GE_3,WaitAction,,0,0,True
exp_hrl_v1,51,7,US_2,RangedDirectAttack,,0,0,True
exp_hrl_v1,51,7,GE_4,WaitAction,,0,0,True
exp_hrl_v1,51,7,US_3,RangedDirectAttack,,0,0,True
exp_hrl_v1,51,7,US_4,WaitAction,,0,0,True
exp_hrl_v1,51,7,US_5,WaitAction,,0,0,True
exp_hrl_v1,51,7,US_6,MoveAction,,0,0,True
exp_hrl_v1,51,8,US_7,WaitAction,,0,0,True
exp_hrl_v1,51,8,GE_1,MoveAction,,0,0,True
exp_hrl_v1,51,8,US_1,WaitAction,,0,0,True
exp_hrl_v1,51,8,GE_4,MoveAction,,0,0,True
exp_hrl_v1,51,8,US_2,MoveAction,,0,0,True
exp_hrl_v1,51,8,US_3,MoveAction,,0,0,True
exp_hrl_v1,51,8,US_4,MoveAction,,0,0,True
exp_hrl_v1,51,8,US_5,MoveAction,,0,0,True
exp_hrl_v1,51,8,US_6,MoveAction,,0,0,True
exp_hrl_v1,51,8,US_7,MoveAction,,0,0,True
exp_hrl_v1,51,9,GE_1,WaitAction,,0,0,True
exp_hrl_v1,51,9,US_1,RangedDirectAttack,,0,0,True
exp_hrl_v1,51,9,GE_4,WaitAction,,0,0,True
exp_hrl_v1,51,9,US_2,RangedDirectAttack,,0,0,True
exp_hrl_v1,51,9,US_3,RangedDirectAttack,,0,0,True
exp_hrl_v1,52,1,GE_1,MoveAction,,0,0,True
exp_hrl_v1,52,1,US_1,MoveAction,,0,0,True
exp_hrl_v1,52,1,GE_2,MoveAction,,0,0,True
exp_hrl_v1,52,1,US_2,MoveAction,,0,0,True
exp_hrl_v1,52,1,GE_3,MoveAction,,0,0,True
exp_hrl_v1,52,1,US_3,MoveAction,,0,0,True
exp_hrl_v1,52,1,GE_4,MoveAction,,0,0,True
exp_hrl_v1,52,1,US_4,MoveAction,,0,0,True
exp_hrl_v1,52,1,GE_5,MoveAction,,0,0,True
exp_hrl_v1,52,1,US_5,MoveAction,,0,0,True
exp_hrl_v1,52,1,US_6,RangedIndirectAttack,,0,0,True
exp_hrl_v1,52,1,US_7,RangedIndirectAttack,,0,0,True
exp_hrl_v1,52,2,GE_1,MoveAction,,0,0,True
exp_hrl_v1,52,2,US_1,RangedIndirectAttack,,0,0,True
exp_hrl_v1,52,2,GE_2,MoveAction,,0,0,True
exp_hrl_v1,52,2,US_2,RangedIndirectAttack,,0,0,True
exp_hrl_v1,52,2,GE_3,MoveAction,,0,0,True
exp_hrl_v1,52,2,US_3,RangedIndirectAttack,,0,0,True
exp_hrl_v1,52,2,GE_4,MoveAction,,0,0,True
exp_hrl_v1,52,2,US_4,RangedIndirectAttack,,0,0,True
exp_hrl_v1,52,2,US_5,RangedIndirectAttack,,0,0,True
exp_hrl_v1,52,2,US_6,RangedIndirectAttack,,0,0,True
exp_hrl_v1,52,2,US_7,RangedIndirectAttack,,0,0,True
exp_hrl_v1,52,3,GE_3,MoveAction,,0,0,True
exp_hrl_v1,52,3,US_1,RangedIndirectAttack,,0,0,True
exp_hrl_v1,52,3,GE_4,MoveAction,,0,0,True
exp_hrl_v1,52,3,US_2,MoveAction,,0,0,True
exp_hrl_v1,52,3,US_3,MoveAction,,0,0,True
exp_hrl_v1,52,3,US_4,MoveAction,,0,0,True
exp_hrl_v1,52,3,US_5,MoveAction,,0,0,True
exp_hrl_v1,52,3,US_6,MoveAction,,0,0,True
exp_hrl_v1,52,3,US_7,MoveAction,,0,0,True
exp_hrl_v1,52,4,GE_4,MoveAction,,0,0,True
exp_hrl_v1,52,4,US_1,MoveAction,,0,0,True
exp_hrl_v1,52,4,US_2,MoveAction,,0,0,True
exp_hrl_v1,52,4,US_3,MoveAction,,0,0,True
exp_hrl_v1,52,4,US_4,MoveAction,,0,0,True
exp_hrl_v1,52,4,US_5,MoveAction,,0,0,True
exp_hrl_v1,52,4,US_6,MoveAction,,0,0,True
exp_hrl_v1,52,4,US_7,MoveAction,,0,0,True
exp_hrl_v1,52,5,GE_4,MoveAction,,0,0,True
exp_hrl_v1,52,5,US_1,MoveAction,,0,0,True
exp_hrl_v1,52,5,US_2,MoveAction,,0,0,True
exp_hrl_v1,52,5,US_3,MoveAction,,0,0,True
exp_hrl_v1,52,5,US_4,MoveAction,,0,0,True
exp_hrl_v1,52,5,US_5,WaitAction,,0,0,True
exp_hrl_v1,52,5,US_6,MoveAction,,0,0,True
exp_hrl_v1,52,5,US_7,MoveAction,,0,0,True
exp_hrl_v1,52,6,GE_4,WaitAction,,0,0,True
exp_hrl_v1,52,6,US_1,WaitAction,,0,0,True
exp_hrl_v1,52,6,US_2,WaitAction,,0,0,True
exp_hrl_v1,52,6,US_3,MoveAction,,0,0,True
exp_hrl_v1,52,6,US_4,MoveAction,,0,0,True
exp_hrl_v1,52,6,US_5,MoveAction,,0,0,True
exp_hrl_v1,52,6,US_6,MoveAction,,0,0,True
exp_hrl_v1,52,6,US_7,MoveAction,,0,0,True
exp_hrl_v1,52,7,GE_4,WaitAction,,0,0,True
exp_hrl_v1,52,7,US_1,MoveAction,,0,0,True
exp_hrl_v1,52,7,US_2,RangedIndirectAttack,,0,0,True
exp_hrl_v1,53,1,GE_1,MoveAction,,0,0,True
exp_hrl_v1,53,1,US_1,RangedDirectAttack,,0,0,True
exp_hrl_v1,53,1,GE_2,MoveAction,,0,0,True
exp_hrl_v1,53,1,US_2,RangedDirectAttack,,0,0,True
exp_hrl_v1,53,1,GE_3,MoveAction,,0,0,True
exp_hrl_v1,53,1,US_3,RangedDirectAttack,,0,0,True
exp_hrl_v1,53,1,GE_4,MoveAction,,0,0,True
exp_hrl_v1,53,1,US_4,RangedDirectAttack,,0,0,True
exp_hrl_v1,53,1,GE_5,NoneType,,0,0,True
exp_hrl_v1,53,1,US_5,RangedDirectAttack,,0,0,True
exp_hrl_v1,53,1,US_6,RangedDirectAttack,,0,0,True
exp_hrl_v1,53,1,US_7,RangedDirectAttack,,0,0,True
exp_hrl_v1,53,2,GE_1,MoveAction,,0,0,True
exp_hrl_v1,53,2,US_1,RangedDirectAttack,,0,0,True
exp_hrl_v1,53,2,GE_2,MoveAction,,0,0,True
exp_hrl_v1,53,2,US_2,RangedDirectAttack,,0,0,True
exp_hrl_v1,53,2,GE_3,MoveAction,,0,0,True
exp_hrl_v1,53,2,US_3,RangedDirectAttack,,0,0,True
exp_hrl_v1,53,2,GE_4,MoveAction,,0,0,True
exp_hrl_v1,53,2,US_4,RangedDirectAttack,,0,0,True
exp_hrl_v1,53,2,US_5,RangedDirectAttack,,0,0,True
exp_hrl_v1,53,2,US_6,RangedDirectAttack,,0,0,True
exp_hrl_v1,53,2,US_7,RangedDirectAttack,,0,0,True
exp_hrl_v1,53,3,GE_2,MoveAction,,0,0,True
exp_hrl_v1,53,3,US_1,RangedDirectAttack,,0,0,True
exp_hrl_v1,53,3,GE_3,MoveAction,,0,0,True
exp_hrl_v1,53,3,US_2,RangedDirectAttack,,0,0,True
exp_hrl_v1,53,3,GE_4,MoveAction,,0,0,True
exp_hrl_v1,53,3,US_3,RangedDirectAttack,,0,0,True
exp_hrl_v1,53,3,US_4,RangedDirectAttack,,0,0,True
exp_hrl_v1,53,3,US_5,RangedDirectAttack,,0,0,True
exp_hrl_v1,53,3,US_6,RangedDirectAttack,,0,0,True
exp_hrl_v1,53,4,US_7,WaitAction,,0,0,True
exp_hrl_v1,53,4,GE_4,MoveAction,,0,0,True
exp_hrl_v1,53,4,US_1,MoveAction,,0,0,True
exp_hrl_v1,53,4,US_2,MoveAction,,0,0,True
exp_hrl_v1,53,4,US_3,MoveAction,,0,0,True
exp_hrl_v1,53,4,US_4,MoveAction,,0,0,True
exp_hrl_v1,53,4,US_5,WaitAction,,0,0,True
exp_hrl_v1,53,4,US_6,MoveAction,,0,0,True
exp_hrl_v1,53,4,US_7,MoveAction,,0,0,True
exp_hrl_v1,53,5,GE_4,MoveAction,,0,0,True
exp_hrl_v1,53,5,US_1,MoveAction,,0,0,True
exp_hrl_v1,53,5,US_2,MoveAction,,0,0,True
exp_hrl_v1,53,5,US_3,MoveAction,,0,0,True
exp_hrl_v1,53,5,US_4,MoveAction,,0,0,True
exp_hrl_v1,53,5,US_5,MoveAction,,0,0,True
exp_hrl_v1,53,5,US_6,MoveAction,,0,0,True
exp_hrl_v1,53,5,US_7,MoveAction,,0,0,True
exp_hrl_v1,53,6,GE_4,WaitAction,,0,0,True
exp_hrl_v1,53,6,US_1,WaitAction,,0,0,True
exp_hrl_v1,53,6,US_2,WaitAction,,0,0,True
exp_hrl_v1,53,6,US_3,MoveAction,,0,0,True
exp_hrl_v1,53,6,US_4,MoveAction,,0,0,True
exp_hrl_v1,53,6,US_5,WaitAction,,0,0,True
exp_hrl_v1,53,6,US_6,MoveAction,,0,0,True
exp_hrl_v1,53,6,US_7,MoveAction,,0,0,True
exp_hrl_v1,53,7,GE_4,WaitAction,,0,0,True
exp_hrl_v1,53,7,US_1,WaitAction,,0,0,True
exp_hrl_v1,53,7,US_2,WaitAction,,0,0,True
exp_hrl_v1,53,7,US_3,MoveAction,,0,0,True
exp_hrl_v1,53,7,US_4,MoveAction,,0,0,True
exp_hrl_v1,53,7,US_5,WaitAction,,0,0,True
exp_hrl_v1,53,7,US_6,MoveAction,,0,0,True
exp_hrl_v1,53,7,US_7,MoveAction,,0,0,True
exp_hrl_v1,53,8,GE_4,WaitAction,,0,0,True
exp_hrl_v1,53,8,US_1,WaitAction,,0,0,True
exp_hrl_v1,53,8,US_2,WaitAction,,0,0,True
exp_hrl_v1,53,8,US_3,MoveAction,,0,0,True
exp_hrl_v1,53,8,US_4,MoveAction,,0,0,True
exp_hrl_v1,53,8,US_5,WaitAction,,0,0,True
exp_hrl_v1,53,8,US_6,MoveAction,,0,0,True
exp_hrl_v1,53,8,US_7,MoveAction,,0,0,True
exp_hrl_v1,53,9,GE_4,WaitAction,,0,0,True
exp_hrl_v1,53,9,US_1,RangedDirectAttack,,0,0,True
exp_hrl_v1,54,1,GE_1,MoveAction,,0,0,True
exp_hrl_v1,54,1,US_1,MoveAction,,0,0,True
exp_hrl_v1,54,1,GE_2,MoveAction,,0,0,True
exp_hrl_v1,54,1,US_2,MoveAction,,0,0,True
exp_hrl_v1,54,1,GE_3,MoveAction,,0,0,True
exp_hrl_v1,54,1,US_3,MoveAction,,0,0,True
exp_hrl_v1,54,1,GE_4,MoveAction,,0,0,True
exp_hrl_v1,54,1,US_4,MoveAction,,0,0,True
exp_hrl_v1,54,1,GE_5,MoveAction,,0,0,True
exp_hrl_v1,54,1,US_5,MoveAction,,0,0,True
exp_hrl_v1,54,1,US_6,MoveAction,,0,0,True
exp_hrl_v1,54,2,US_7,WaitAction,,0,0,True
exp_hrl_v1,54,2,GE_1,MoveAction,,0,0,True
exp_hrl_v1,54,2,US_1,MoveAction,,0,0,True
exp_hrl_v1,54,2,GE_2,MoveAction,,0,0,True
exp_hrl_v1,54,2,US_2,MoveAction,,0,0,True
exp_hrl_v1,54,2,GE_3,MoveAction,,0,0,True
exp_hrl_v1,54,2,US_3,WaitAction,,0,0,True
exp_hrl_v1,54,2,GE_4,MoveAction,,0,0,True
exp_hrl_v1,54,2,US_4,MoveAction,,0,0,True
exp_hrl_v1,54,2,GE_5,MoveAction,,0,0,True
exp_hrl_v1,54,2,US_5,MoveAction,,0,0,True
exp_hrl_v1,54,2,US_6,MoveAction,,0,0,True
exp_hrl_v1,54,3,US_7,WaitAction,,0,0,True
exp_hrl_v1,54,3,GE_1,MoveAction,,0,0,True
exp_hrl_v1,54,3,US_1,MoveAction,,0,0,True
exp_hrl_v1,54,3,GE_2,MoveAction,,0,0,True
exp_hrl_v1,54,3,US_2,MoveAction,,0,0,True
exp_hrl_v1,54,3,GE_3,MoveAction,,0,0,True
exp_hrl_v1,54,3,US_3,MoveAction,,0,0,True
exp_hrl_v1,54,3,GE_4,MoveAction,,0,0,True
exp_hrl_v1,54,3,US_4,MoveAction,,0,0,True
exp_hrl_v1,54,3,GE_5,MoveAction,,0,0,True
exp_hrl_v1,54,3,US_5,MoveAction,,0,0,True
exp_hrl_v1,54,3,US_6,MoveAction,,0,0,True
exp_hrl_v1,54,4,US_7,WaitAction,,0,0,True
exp_hrl_v1,54,4,GE_1,MoveAction,,0,0,True
exp_hrl_v1,54,4,US_1,MoveAction,,0,0,True
exp_hrl_v1,54,4,GE_2,MoveAction,,0,0,True
exp_hrl_v1,54,4,US_2,MoveAction,,0,0,True
exp_hrl_v1,54,4,GE_3,MoveAction,,0,0,True
exp_hrl_v1,54,4,US_3,MoveAction,,0,0,True
exp_hrl_v1,54,4,GE_4,MoveAction,,0,0,True
exp_hrl_v1,54,4,US_4,MoveAction,,0,0,True
exp_hrl_v1,54,4,GE_5,MoveAction,,0,0,True
exp_hrl_v1,54,4,US_5,MoveAction,,0,0,True
exp_hrl_v1,54,4,US_6,MoveAction,,0,0,True
exp_hrl_v1,54,5,US_7,WaitAction,,0,0,True
exp_hrl_v1,54,5,GE_1,MoveAction,,0,0,True
exp_hrl_v1,54,5,US_1,WaitAction,,0,0,True
exp_hrl_v1,54,5,GE_2,WaitAction,,0,0,True
exp_hrl_v1,54,5,US_2,WaitAction,,0,0,True
exp_hrl_v1,54,5,GE_3,MoveAction,,0,0,True
exp_hrl_v1,54,5,US_3,MoveAction,,0,0,True
exp_hrl_v1,54,5,GE_4,MoveAction,,0,0,True
exp_hrl_v1,54,5,US_4,MoveAction,,0,0,True
exp_hrl_v1,54,5,GE_5,WaitAction,,0,0,True
exp_hrl_v1,54,5,US_5,MoveAction,,0,0,True
exp_hrl_v1,54,5,US_6,MoveAction,,0,0,True
exp_hrl_v1,54,5,US_7,MoveAction,,0,0,True
exp_hrl_v1,54,6,GE_1,WaitAction,,0,0,True
exp_hrl_v1,54,6,US_1,WaitAction,,0,0,True
exp_hrl_v1,54,6,GE_2,WaitAction,,0,0,True
exp_hrl_v1,54,6,US_2,WaitAction,,0,0,True
exp_hrl_v1,54,6,GE_3,WaitAction,,0,0,True
exp_hrl_v1,54,6,US_3,WaitAction,,0,0,True
exp_hrl_v1,54,6,GE_4,WaitAction,,0,0,True
exp_hrl_v1,54,6,US_4,MoveAction,,0,0,True
exp_hrl_v1,54,6,GE_5,WaitAction,,0,0,True
exp_hrl_v1,54,6,US_5,WaitAction,,0,0,True
exp_hrl_v1,54,6,US_6,WaitAction,,0,0,True
exp_hrl_v1,54,7,US_7,WaitAction,,0,0,True
exp_hrl_v1,54,7,GE_1,WaitAction,,0,0,True
exp_hrl_v1,54,7,US_1,WaitAction,,0,0,True
exp_hrl_v1,54,7,GE_2,WaitAction,,0,0,True
exp_hrl_v1,54,7,US_2,WaitAction,,0,0,True
exp_hrl_v1,54,7,GE_3,WaitAction,,0,0,True
exp_hrl_v1,54,7,US_3,RangedDirectAttack,,0,0,True
exp_hrl_v1,54,7,GE_4,WaitAction,,0,0,True
exp_hrl_v1,54,7,US_4,RangedDirectAttack,,0,0,True
exp_hrl_v1,54,7,GE_5,NoneType,,0,0,True
exp_hrl_v1,54,7,US_5,RangedDirectAttack,,0,0,True
exp_hrl_v1,54,7,US_6,RangedDirectAttack,,0,0,True
exp_hrl_v1,54,7,US_7,RangedDirectAttack,,0,0,True
exp_hrl_v1,54,8,GE_4,MoveAction,,0,0,True
exp_hrl_v1,54,8,US_1,RangedDirectAttack,,0,0,True
exp_hrl_v1,54,8,US_2,RangedDirectAttack,,0,0,True
exp_hrl_v1,55,1,GE_1,MoveAction,,0,0,True
exp_hrl_v1,55,1,US_1,MoveAction,,0,0,True
exp_hrl_v1,55,1,GE_2,MoveAction,,0,0,True
exp_hrl_v1,55,1,US_2,MoveAction,,0,0,True
exp_hrl_v1,55,1,GE_3,MoveAction,,0,0,True
exp_hrl_v1,55,1,US_3,MoveAction,,0,0,True
exp_hrl_v1,55,1,GE_4,MoveAction,,0,0,True
exp_hrl_v1,55,1,US_4,MoveAction,,0,0,True
exp_hrl_v1,55,1,GE_5,MoveAction,,0,0,True
exp_hrl_v1,55,1,US_5,MoveAction,,0,0,True
exp_hrl_v1,55,1,US_6,MoveAction,,0,0,True
exp_hrl_v1,55,1,US_7,MoveAction,,0,0,True
exp_hrl_v1,55,2,GE_1,MoveAction,,0,0,True
exp_hrl_v1,55,2,US_1,MoveAction,,0,0,True
exp_hrl_v1,55,2,GE_2,MoveAction,,0,0,True
exp_hrl_v1,55,2,US_2,MoveAction,,0,0,True
exp_hrl_v1,55,2,GE_3,MoveAction,,0,0,True
exp_hrl_v1,55,2,US_3,WaitAction,,0,0,True
exp_hrl_v1,55,2,GE_4,MoveAction,,0,0,True
exp_hrl_v1,55,2,US_4,MoveAction,,0,0,True
exp_hrl_v1,55,2,GE_5,MoveAction,,0,0,True
exp_hrl_v1,55,2,US_5,MoveAction,,0,0,True
exp_hrl_v1,55,2,US_6,RangedDirectAttack,,0,0,True
exp_hrl_v1,55,2,US_7,RangedDirectAttack,,0,0,True
exp_hrl_v1,55,3,GE_1,MoveAction,,0,0,True
exp_hrl_v1,55,3,US_1,RangedDirectAttack,,0,0,True
exp_hrl_v1,55,3,GE_2,MoveAction,,0,0,True
exp_hrl_v1,55,3,US_2,RangedDirectAttack,,0,0,True
exp_hrl_v1,55,3,GE_3,MoveAction,,0,0,True
exp_hrl_v1,55,3,US_3,RangedDirectAttack,,0,0,True
exp_hrl_v1,55,3,GE_4,MoveAction,,0,0,True
exp_hrl_v1,55,3,US_4,RangedDirectAttack,,0,0,True
exp_hrl_v1,55,3,US_5,RangedDirectAttack,,0,0,True
exp_hrl_v1,55,3,US_6,RangedDirectAttack,,0,0,True
exp_hrl_v1,55,3,US_7,RangedDirectAttack,,0,0,True
exp_hrl_v1,55,4,GE_4,MoveAction,,0,0,True
exp_hrl_v1,55,4,US_1,RangedDirectAttack,,0,0,True
exp_hrl_v1,56,1,GE_1,MoveAction,,0,0,True
exp_hrl_v1,56,1,US_1,WaitAction,,0,0,True
exp_hrl_v1,56,1,GE_2,MoveAction,,0,0,True
exp_hrl_v1,56,1,US_2,WaitAction,,0,0,True
exp_hrl_v1,56,1,GE_3,MoveAction,,0,0,True
exp_hrl_v1,56,1,US_3,MoveAction,,0,0,True
exp_hrl_v1,56,1,GE_4,MoveAction,,0,0,True
exp_hrl_v1,56,1,US_4,MoveAction,,0,0,True
exp_hrl_v1,56,1,GE_5,MoveAction,,0,0,True
exp_hrl_v1,56,1,US_5,MoveAction,,0,0,True
exp_hrl_v1,56,1,US_6,MoveAction,,0,0,True
exp_hrl_v1,56,1,US_7,MoveAction,,0,0,True
exp_hrl_v1,56,2,GE_1,MoveAction,,0,0,True
exp_hrl_v1,56,2,US_1,MoveAction,,0,0,True
exp_hrl_v1,56,2,GE_2,MoveAction,,0,0,True
exp_hrl_v1,56,2,US_2,MoveAction,,0,0,True
exp_hrl_v1,56,2,GE_3,MoveAction,,0,0,True
exp_hrl_v1,56,2,US_3,MoveAction,,0,0,True
exp_hrl_v1,56,2,GE_4,MoveAction,,0,0,True
exp_hrl_v1,56,2,US_4,MoveAction,,0,0,True
exp_hrl_v1,56,2,GE_5,MoveAction,,0,0,True
exp_hrl_v1,56,2,US_5,MoveAction,,0,0,True
exp_hrl_v1,56,2,US_6,MoveAction,,0,0,True
exp_hrl_v1,56,2,US_7,MoveAction,,0,0,True
exp_hrl_v1,56,3,GE_1,MoveAction,,0,0,True
exp_hrl_v1,56,3,US_1,MoveAction,,0,0,True
exp_hrl_v1,56,3,GE_2,MoveAction,,0,0,True
exp_hrl_v1,56,3,US_2,MoveAction,,0,0,True
exp_hrl_v1,56,3,GE_3,MoveAction,,0,0,True
exp_hrl_v1,56,3,US_3,MoveAction,,0,0,True
exp_hrl_v1,56,3,GE_4,MoveAction,,0,0,True
exp_hrl_v1,56,3,US_4,MoveAction,,0,0,True
exp_hrl_v1,56,3,GE_5,MoveAction,,0,0,True
exp_hrl_v1,56,3,US_5,WaitAction,,0,0,True
exp_hrl_v1,56,3,US_6,MoveAction,,0,0,True
exp_hrl_v1,56,3,US_7,MoveAction,,0,0,True
exp_hrl_v1,56,4,GE_1,MoveAction,,0,0,True
exp_hrl_v1,56,4,US_1,MoveAction,,0,0,True
exp_hrl_v1,56,4,GE_2,WaitAction,,0,0,True
exp_hrl_v1,56,4,US_2,MoveAction,,0,0,True
exp_hrl_v1,56,4,GE_3,MoveAction,,0,0,True
exp_hrl_v1,56,4,US_3,WaitAction,,0,0,True
exp_hrl_v1,56,4,GE_4,MoveAction,,0,0,True
exp_hrl_v1,56,4,US_4,MoveAction,,0,0,True
exp_hrl_v1,56,4,GE_5,WaitAction,,0,0,True
exp_hrl_v1,56,4,US_5,MoveAction,,0,0,True
exp_hrl_v1,56,4,US_6,MoveAction,,0,0,True
exp_hrl_v1,56,4,US_7,MoveAction,,0,0,True
exp_hrl_v1,56,5,GE_1,MoveAction,,0,0,True
exp_hrl_v1,56,5,US_1,RangedDirectAttack,,0,0,True
exp_hrl_v1,56,5,GE_2,WaitAction,,0,0,True
exp_hrl_v1,56,5,US_2,RangedDirectAttack,,0,0,True
exp_hrl_v1,56,5,GE_3,WaitAction,,0,0,True
exp_hrl_v1,56,5,US_3,RangedDirectAttack,,0,0,True
exp_hrl_v1,56,5,GE_4,MoveAction,,0,0,True
exp_hrl_v1,56,5,US_4,RangedDirectAttack,,0,0,True
exp_hrl_v1,56,5,GE_5,NoneType,,0,0,True
exp_hrl_v1,56,5,US_5,RangedDirectAttack,,0,0,True
exp_hrl_v1,56,5,US_6,RangedDirectAttack,,0,0,True
exp_hrl_v1,56,5,US_7,RangedDirectAttack,,0,0,True
exp_hrl_v1,56,6,GE_3,WaitAction,,0,0,True
exp_hrl_v1,56,6,US_1,RangedDirectAttack,,0,0,True
exp_hrl_v1,56,6,GE_4,MoveAction,,0,0,True
exp_hrl_v1,56,6,US_2,RangedDirectAttack,,0,0,True
exp_hrl_v1,57,1,GE_1,MoveAction,,0,0,True
exp_hrl_v1,57,1,US_1,MoveAction,,0,0,True
exp_hrl_v1,57,1,GE_2,MoveAction,,0,0,True
exp_hrl_v1,57,1,US_2,MoveAction,,0,0,True
exp_hrl_v1,57,1,GE_3,MoveAction,,0,0,True
exp_hrl_v1,57,1,US_3,MoveAction,,0,0,True
exp_hrl_v1,57,1,GE_4,MoveAction,,0,0,True
exp_hrl_v1,57,1,US_4,MoveAction,,0,0,True
exp_hrl_v1,57,1,GE_5,MoveAction,,0,0,True
exp_hrl_v1,57,1,US_5,MoveAction,,0,0,True
exp_hrl_v1,57,1,US_6,MoveAction,,0,0,True
exp_hrl_v1,57,1,US_7,MoveAction,,0,0,True
exp_hrl_v1,57,2,GE_1,MoveAction,,0,0,True
exp_hrl_v1,57,2,US_1,MoveAction,,0,0,True
exp_hrl_v1,57,2,GE_2,MoveAction,,0,0,True
exp_hrl_v1,57,2,US_2,MoveAction,,0,0,True
exp_hrl_v1,57,2,GE_3,MoveAction,,0,0,True
exp_hrl_v1,57,2,US_3,WaitAction,,0,0,True
exp_hrl_v1,57,2,GE_4,MoveAction,,0,0,True
exp_hrl_v1,57,2,US_4,MoveAction,,0,0,True
exp_hrl_v1,57,2,GE_5,MoveAction,,0,0,True
exp_hrl_v1,57,2,US_5,MoveAction,,0,0,True
exp_hrl_v1,57,2,US_6,MoveAction,,0,0,True
exp_hrl_v1,57,3,US_7,WaitAction,,0,0,True
exp_hrl_v1,57,3,GE_1,MoveAction,,0,0,True
exp_hrl_v1,57,3,US_1,MoveAction,,0,0,True
exp_hrl_v1,57,3,GE_2,MoveAction,,0,0,True
exp_hrl_v1,57,3,US_2,MoveAction,,0,0,True
exp_hrl_v1,57,3,GE_3,MoveAction,,0,0,True
exp_hrl_v1,57,3,US_3,MoveAction,,0,0,True
exp_hrl_v1,57,3,GE_4,MoveAction,,0,0,True
exp_hrl_v1,57,3,US_4,MoveAction,,0,0,True
exp_hrl_v1,57,3,GE_5,WaitAction,,0,0,True
exp_hrl_v1,57,3,US_5,MoveAction,,0,0,True
exp_hrl_v1,57,3,US_6,MoveAction,,0,0,True
exp_hrl_v1,57,3,US_7,MoveAction,,0,0,True
exp_hrl_v1,57,4,GE_1,MoveAction,,0,0,True
exp_hrl_v1,57,4,US_1,MoveAction,,0,0,True
exp_hrl_v1,57,4,GE_2,MoveAction,,0,0,True
exp_hrl_v1,57,4,US_2,MoveAction,,0,0,True
exp_hrl_v1,57,4,GE_3,MoveAction,,0,0,True
exp_hrl_v1,57,4,US_3,WaitAction,,0,0,True
exp_hrl_v1,57,4,GE_4,MoveAction,,0,0,True
exp_hrl_v1,57,4,US_4,MoveAction,,0,0,True
exp_hrl_v1,57,4,GE_5,MoveAction,,0,0,True
exp_hrl_v1,57,4,US_5,MoveAction,,0,0,True
exp_hrl_v1,57,4,US_6,WaitAction,,0,0,True
exp_hrl_v1,57,5,US_7,WaitAction,,0,0,True
exp_hrl_v1,57,5,GE_1,MoveAction,,0,0,True
exp_hrl_v1,57,5,US_1,WaitAction,,0,0,True
exp_hrl_v1,57,5,GE_2,WaitAction,,0,0,True
exp_hrl_v1,57,5,US_2,RangedDirectAttack,,0,0,True
exp_hrl_v1,57,5,GE_3,WaitAction,,0,0,True
exp_hrl_v1,57,5,US_3,RangedDirectAttack,,0,0,True
exp_hrl_v1,57,5,GE_4,MoveAction,,0,0,True
exp_hrl_v1,57,5,US_4,RangedDirectAttack,,0,0,True
exp_hrl_v1,57,5,GE_5,NoneType,,0,0,True
exp_hrl_v1,57,5,US_5,RangedDirectAttack,,0,0,True
exp_hrl_v1,57,5,US_6,RangedDirectAttack,,0,0,True
exp_hrl_v1,57,5,US_7,RangedDirectAttack,,0,0,True
exp_hrl_v1,57,6,GE_1,WaitAction,,0,0,True
exp_hrl_v1,57,6,US_1,RangedDirectAttack,,0,0,True
exp_hrl_v1,57,6,GE_4,MoveAction,,0,0,True
exp_hrl_v1,57,6,US_2,RangedDirectAttack,,0,0,True
exp_hrl_v1,57,6,US_3,RangedDirectAttack,,0,0,True
exp_hrl_v1,58,1,GE_1,MoveAction,,0,0,True
exp_hrl_v1,58,1,US_1,MoveAction,,0,0,True
exp_hrl_v1,58,1,GE_2,MoveAction,,0,0,True
exp_hrl_v1,58,1,US_2,MoveAction,,0,0,True
exp_hrl_v1,58,1,GE_3,MoveAction,,0,0,True
exp_hrl_v1,58,1,US_3,MoveAction,,0,0,True
exp_hrl_v1,58,1,GE_4,MoveAction,,0,0,True
exp_hrl_v1,58,1,US_4,MoveAction,,0,0,True
exp_hrl_v1,58,1,GE_5,MoveAction,,0,0,True
exp_hrl_v1,58,1,US_5,MoveAction,,0,0,True
exp_hrl_v1,58,1,US_6,MoveAction,,0,0,True
exp_hrl_v1,58,1,US_7,MoveAction,,0,0,True
exp_hrl_v1,58,2,GE_1,MoveAction,,0,0,True
exp_hrl_v1,58,2,US_1,MoveAction,,0,0,True
exp_hrl_v1,58,2,GE_2,MoveAction,,0,0,True
exp_hrl_v1,58,2,US_2,MoveAction,,0,0,True
exp_hrl_v1,58,2,GE_3,MoveAction,,0,0,True
exp_hrl_v1,58,2,US_3,WaitAction,,0,0,True
exp_hrl_v1,58,2,GE_4,MoveAction,,0,0,True
exp_hrl_v1,58,2,US_4,MoveAction,,0,0,True
exp_hrl_v1,58,2,GE_5,MoveAction,,0,0,True
exp_hrl_v1,58,2,US_5,MoveAction,,0,0,True
exp_hrl_v1,58,2,US_6,MoveAction,,0,0,True
exp_hrl_v1,58,2,US_7,MoveAction,,0,0,True
exp_hrl_v1,58,3,GE_1,MoveAction,,0,0,True
exp_hrl_v1,58,3,US_1,MoveAction,,0,0,True
exp_hrl_v1,58,3,GE_2,MoveAction,,0,0,True
exp_hrl_v1,58,3,US_2,MoveAction,,0,0,True
exp_hrl_v1,58,3,GE_3,MoveAction,,0,0,True
exp_hrl_v1,58,3,US_3,MoveAction,,0,0,True
exp_hrl_v1,58,3,GE_4,MoveAction,,0,0,True
exp_hrl_v1,58,3,US_4,RangedDirectAttack,,0,0,True
exp_hrl_v1,58,3,GE_5,NoneType,,0,0,True
exp_hrl_v1,58,3,US_5,RangedDirectAttack,,0,0,True
exp_hrl_v1,58,3,US_6,RangedDirectAttack,,0,0,True
exp_hrl_v1,58,3,US_7,RangedDirectAttack,,0,0,True
exp_hrl_v1,58,4,GE_1,MoveAction,,0,0,True
exp_hrl_v1,58,4,US_1,RangedDirectAttack,,0,0,True
exp_hrl_v1,58,4,GE_3,MoveAction,,0,0,True
exp_hrl_v1,58,4,US_2,RangedDirectAttack,,0,0,True
exp_hrl_v1,58,4,GE_4,MoveAction,,0,0,True
exp_hrl_v1,58,4,US_3,RangedDirectAttack,,0,0,True
exp_hrl_v1,59,1,GE_1,MoveAction,,0,0,True
exp_hrl_v1,59,1,US_1,MoveAction,,0,0,True
exp_hrl_v1,59,1,GE_2,MoveAction,,0,0,True
exp_hrl_v1,59,1,US_2,MoveAction,,0,0,True
exp_hrl_v1,59,1,GE_3,MoveAction,,0,0,True
exp_hrl_v1,59,1,US_3,MoveAction,,0,0,True
exp_hrl_v1,59,1,GE_4,MoveAction,,0,0,True
exp_hrl_v1,59,1,US_4,MoveAction,,0,0,True
exp_hrl_v1,59,1,GE_5,MoveAction,,0,0,True
exp_hrl_v1,59,1,US_5,MoveAction,,0,0,True
exp_hrl_v1,59,1,US_6,MoveAction,,0,0,True
exp_hrl_v1,59,1,US_7,MoveAction,,0,0,True
exp_hrl_v1,59,2,GE_1,MoveAction,,0,0,True
exp_hrl_v1,59,2,US_1,MoveAction,,0,0,True
exp_hrl_v1,59,2,GE_2,MoveAction,,0,0,True
exp_hrl_v1,59,2,US_2,MoveAction,,0,0,True
exp_hrl_v1,59,2,GE_3,MoveAction,,0,0,True
exp_hrl_v1,59,2,US_3,WaitAction,,0,0,True
exp_hrl_v1,59,2,GE_4,MoveAction,,0,0,True
exp_hrl_v1,59,2,US_4,MoveAction,,0,0,True
exp_hrl_v1,59,2,GE_5,MoveAction,,0,0,True
exp_hrl_v1,59,2,US_5,MoveAction,,0,0,True
exp_hrl_v1,59,2,US_6,RangedDirectAttack,,0,0,True
exp_hrl_v1,59,2,US_7,RangedDirectAttack,,0,0,True
exp_hrl_v1,59,3,GE_1,MoveAction,,0,0,True
exp_hrl_v1,59,3,US_1,RangedDirectAttack,,0,0,True
exp_hrl_v1,59,3,GE_2,MoveAction,,0,0,True
exp_hrl_v1,59,3,US_2,RangedDirectAttack,,0,0,True
exp_hrl_v1,59,3,GE_3,MoveAction,,0,0,True
exp_hrl_v1,59,3,US_3,RangedDirectAttack,,0,0,True
exp_hrl_v1,59,3,GE_4,MoveAction,,0,0,True
exp_hrl_v1,59,3,US_4,RangedDirectAttack,,0,0,True
exp_hrl_v1,59,3,US_5,RangedDirectAttack,,0,0,True
exp_hrl_v1,59,3,US_6,RangedDirectAttack,,0,0,True
exp_hrl_v1,59,3,US_7,RangedDirectAttack,,0,0,True
exp_hrl_v1,59,4,GE_3,MoveAction,,0,0,True
exp_hrl_v1,59,4,US_1,RangedDirectAttack,,0,0,True
exp_hrl_v1,59,4,GE_4,MoveAction,,0,0,True
exp_hrl_v1,59,4,US_2,MoveAction,,0,0,True
exp_hrl_v1,59,4,US_3,MoveAction,,0,0,True
exp_hrl_v1,59,4,US_4,MoveAction,,0,0,True
exp_hrl_v1,59,4,US_5,MoveAction,,0,0,True
exp_hrl_v1,59,4,US_6,WaitAction,,0,0,True
exp_hrl_v1,59,4,US_7,MoveAction,,0,0,True
exp_hrl_v1,59,5,GE_4,MoveAction,,0,0,True
exp_hrl_v1,59,5,US_1,MoveAction,,0,0,True
exp_hrl_v1,59,5,US_2,MoveAction,,0,0,True
exp_hrl_v1,59,5,US_3,MoveAction,,0,0,True
exp_hrl_v1,59,5,US_4,MoveAction,,0,0,True
exp_hrl_v1,59,5,US_5,WaitAction,,0,0,True
exp_hrl_v1,59,5,US_6,MoveAction,,0,0,True
exp_hrl_v1,59,5,US_7,MoveAction,,0,0,True
exp_hrl_v1,59,6,GE_4,WaitAction,,0,0,True
exp_hrl_v1,59,6,US_1,MoveAction,,0,0,True
exp_hrl_v1,59,6,US_2,MoveAction,,0,0,True
exp_hrl_v1,59,6,US_3,MoveAction,,0,0,True
exp_hrl_v1,59,6,US_4,MoveAction,,0,0,True
exp_hrl_v1,59,6,US_5,RangedIndirectAttack,,0,0,True
exp_hrl_v1,59,6,US_6,RangedIndirectAttack,,0,0,True
exp_hrl_v1,59,6,US_7,RangedIndirectAttack,,0,0,True
exp_hrl_v1,59,7,GE_4,MoveAction,,0,0,True
exp_hrl_v1,59,7,US_1,RangedIndirectAttack,,0,0,True
exp_hrl_v1,60,1,GE_1,MoveAction,,0,0,True
exp_hrl_v1,60,1,US_1,MoveAction,,0,0,True
exp_hrl_v1,60,1,GE_2,MoveAction,,0,0,True
exp_hrl_v1,60,1,US_2,MoveAction,,0,0,True
exp_hrl_v1,60,1,GE_3,MoveAction,,0,0,True
exp_hrl_v1,60,1,US_3,MoveAction,,0,0,True
exp_hrl_v1,60,1,GE_4,MoveAction,,0,0,True
exp_hrl_v1,60,1,US_4,MoveAction,,0,0,True
exp_hrl_v1,60,1,GE_5,MoveAction,,0,0,True
exp_hrl_v1,60,1,US_5,MoveAction,,0,0,True
exp_hrl_v1,60,1,US_6,MoveAction,,0,0,True
exp_hrl_v1,60,1,US_7,MoveAction,,0,0,True
exp_hrl_v1,60,2,GE_1,MoveAction,,0,0,True
exp_hrl_v1,60,2,US_1,MoveAction,,0,0,True
exp_hrl_v1,60,2,GE_2,MoveAction,,0,0,True
exp_hrl_v1,60,2,US_2,MoveAction,,0,0,True
exp_hrl_v1,60,2,GE_3,MoveAction,,0,0,True
exp_hrl_v1,60,2,US_3,MoveAction,,0,0,True
exp_hrl_v1,60,2,GE_4,MoveAction,,0,0,True
exp_hrl_v1,60,2,US_4,MoveAction,,0,0,True
exp_hrl_v1,60,2,GE_5,MoveAction,,0,0,True
exp_hrl_v1,60,2,US_5,MoveAction,,0,0,True
exp_hrl_v1,60,2,US_6,MoveAction,,0,0,True
exp_hrl_v1,60,3,US_7,WaitAction,,0,0,True
exp_hrl_v1,60,3,GE_1,MoveAction,,0,0,True
exp_hrl_v1,60,3,US_1,MoveAction,,0,0,True
exp_hrl_v1,60,3,GE_2,MoveAction,,0,0,True
exp_hrl_v1,60,3,US_2,MoveAction,,0,0,True
exp_hrl_v1,60,3,GE_3,MoveAction,,0,0,True
exp_hrl_v1,60,3,US_3,MoveAction,,0,0,True
exp_hrl_v1,60,3,GE_4,MoveAction,,0,0,True
exp_hrl_v1,60,3,US_4,MoveAction,,0,0,True
exp_hrl_v1,60,3,GE_5,WaitAction,,0,0,True
exp_hrl_v1,60,3,US_5,WaitAction,,0,0,True
exp_hrl_v1,60,3,US_6,MoveAction,,0,0,True
exp_hrl_v1,60,3,US_7,MoveAction,,0,0,True
exp_hrl_v1,60,4,GE_1,MoveAction,,0,0,True
exp_hrl_v1,60,4,US_1,WaitAction,,0,0,True
exp_hrl_v1,60,4,GE_2,WaitAction,,0,0,True
exp_hrl_v1,60,4,US_2,MoveAction,,0,0,True
exp_hrl_v1,60,4,GE_3,WaitAction,,0,0,True
exp_hrl_v1,60,4,US_3,RangedDirectAttack,,0,0,True
exp_hrl_v1,60,4,GE_4,MoveAction,,0,0,True
exp_hrl_v1,60,4,US_4,RangedDirectAttack,,0,0,True
exp_hrl_v1,60,4,GE_5,WaitAction,,0,0,True
exp_hrl_v1,60,4,US_5,RangedDirectAttack,,0,0,True
exp_hrl_v1,60,4,US_6,RangedDirectAttack,,0,0,True
exp_hrl_v1,60,4,US_7,RangedDirectAttack,,0,0,True
exp_hrl_v1,60,5,GE_1,WaitAction,,0,0,True
exp_hrl_v1,60,5,US_1,RangedDirectAttack,,0,0,True
exp_hrl_v1,60,5,GE_2,NoneType,,0,0,True
exp_hrl_v1,60,5,US_2,RangedDirectAttack,,0,0,True
exp_hrl_v1,60,5,GE_3,MoveAction,,0,0,True
exp_hrl_v1,60,5,US_3,RangedDirectAttack,,0,0,True
exp_hrl_v1,60,5,GE_4,MoveAction,,0,0,True
exp_hrl_v1,60,5,US_4,RangedDirectAttack,,0,0,True
exp_hrl_v1,60,5,US_5,RangedDirectAttack,,0,0,True
exp_hrl_v1,60,5,US_6,RangedIndirectAttack,,0,0,True
exp_hrl_v1,60,5,US_7,RangedIndirectAttack,,0,0,True
exp_hrl_v1,60,6,GE_4,WaitAction,,0,0,True
exp_hrl_v1,60,6,US_1,RangedIndirectAttack,,0,0,True
exp_hrl_v1,61,1,GE_1,MoveAction,,0,0,True
exp_hrl_v1,61,1,US_1,MoveAction,,0,0,True
exp_hrl_v1,61,1,GE_2,MoveAction,,0,0,True
exp_hrl_v1,61,1,US_2,MoveAction,,0,0,True
exp_hrl_v1,61,1,GE_3,MoveAction,,0,0,True
exp_hrl_v1,61,1,US_3,MoveAction,,0,0,True
exp_hrl_v1,61,1,GE_4,MoveAction,,0,0,True
exp_hrl_v1,61,1,US_4,MoveAction,,0,0,True
exp_hrl_v1,61,1,GE_5,MoveAction,,0,0,True
exp_hrl_v1,61,1,US_5,MoveAction,,0,0,True
exp_hrl_v1,61,1,US_6,MoveAction,,0,0,True
exp_hrl_v1,61,2,US_7,WaitAction,,0,0,True
exp_hrl_v1,61,2,GE_1,MoveAction,,0,0,True
exp_hrl_v1,61,2,US_1,MoveAction,,0,0,True
exp_hrl_v1,61,2,GE_2,MoveAction,,0,0,True
exp_hrl_v1,61,2,US_2,MoveAction,,0,0,True
exp_hrl_v1,61,2,GE_3,MoveAction,,0,0,True
exp_hrl_v1,61,2,US_3,MoveAction,,0,0,True
exp_hrl_v1,61,2,GE_4,MoveAction,,0,0,True
exp_hrl_v1,61,2,US_4,MoveAction,,0,0,True
exp_hrl_v1,61,2,GE_5,MoveAction,,0,0,True
exp_hrl_v1,61,2,US_5,MoveAction,,0,0,True
exp_hrl_v1,61,2,US_6,MoveAction,,0,0,True
exp_hrl_v1,61,3,US_7,WaitAction,,0,0,True
exp_hrl_v1,61,3,GE_1,MoveAction,,0,0,True
exp_hrl_v1,61,3,US_1,MoveAction,,0,0,True
exp_hrl_v1,61,3,GE_2,MoveAction,,0,0,True
exp_hrl_v1,61,3,US_2,MoveAction,,0,0,True
exp_hrl_v1,61,3,GE_3,MoveAction,,0,0,True
exp_hrl_v1,61,3,US_3,MoveAction,,0,0,True
exp_hrl_v1,61,3,GE_4,MoveAction,,0,0,True
exp_hrl_v1,61,3,US_4,MoveAction,,0,0,True
exp_hrl_v1,61,3,GE_5,WaitAction,,0,0,True
exp_hrl_v1,61,3,US_5,RangedDirectAttack,,0,0,True
exp_hrl_v1,61,3,US_6,RangedDirectAttack,,0,0,True
exp_hrl_v1,61,3,US_7,RangedDirectAttack,,0,0,True
exp_hrl_v1,61,4,GE_1,MoveAction,,0,0,True
exp_hrl_v1,61,4,US_1,RangedDirectAttack,,0,0,True
exp_hrl_v1,61,4,GE_2,WaitAction,,0,0,True
exp_hrl_v1,61,4,US_2,RangedDirectAttack,,0,0,True
exp_hrl_v1,61,4,GE_3,MoveAction,,0,0,True
exp_hrl_v1,61,4,US_3,RangedDirectAttack,,0,0,True
exp_hrl_v1,61,4,GE_4,MoveAction,,0,0,True
exp_hrl_v1,61,4,US_4,RangedDirectAttack,,0,0,True
exp_hrl_v1,62,1,GE_1,MoveAction,,0,0,True
exp_hrl_v1,62,1,US_1,MoveAction,,0,0,True
exp_hrl_v1,62,1,GE_2,MoveAction,,0,0,True
exp_hrl_v1,62,1,US_2,MoveAction,,0,0,True
exp_hrl_v1,62,1,GE_3,MoveAction,,0,0,True
exp_hrl_v1,62,1,US_3,MoveAction,,0,0,True
exp_hrl_v1,62,1,GE_4,MoveAction,,0,0,True
exp_hrl_v1,62,1,US_4,MoveAction,,0,0,True
exp_hrl_v1,62,1,GE_5,MoveAction,,0,0,True
exp_hrl_v1,62,1,US_5,MoveAction,,0,0,True
exp_hrl_v1,62,1,US_6,MoveAction,,0,0,True
exp_hrl_v1,62,1,US_7,MoveAction,,0,0,True
exp_hrl_v1,62,2,GE_1,MoveAction,,0,0,True
exp_hrl_v1,62,2,US_1,MoveAction,,0,0,True
exp_hrl_v1,62,2,GE_2,MoveAction,,0,0,True
exp_hrl_v1,62,2,US_2,MoveAction,,0,0,True
exp_hrl_v1,62,2,GE_3,MoveAction,,0,0,True
exp_hrl_v1,62,2,US_3,MoveAction,,0,0,True
exp_hrl_v1,62,2,GE_4,MoveAction,,0,0,True
exp_hrl_v1,62,2,US_4,MoveAction,,0,0,True
exp_hrl_v1,62,2,GE_5,MoveAction,,0,0,True
exp_hrl_v1,62,2,US_5,MoveAction,,0,0,True
exp_hrl_v1,62,2,US_6,MoveAction,,0,0,True
exp_hrl_v1,62,2,US_7,MoveAction,,0,0,True
exp_hrl_v1,62,3,GE_1,MoveAction,,0,0,True
exp_hrl_v1,62,3,US_1,MoveAction,,0,0,True
exp_hrl_v1,62,3,GE_2,MoveAction,,0,0,True
exp_hrl_v1,62,3,US_2,MoveAction,,0,0,True
exp_hrl_v1,62,3,GE_3,MoveAction,,0,0,True
exp_hrl_v1,62,3,US_3,MoveAction,,0,0,True
exp_hrl_v1,62,3,GE_4,MoveAction,,0,0,True
exp_hrl_v1,62,3,US_4,MoveAction,,0,0,True
exp_hrl_v1,62,3,GE_5,WaitAction,,0,0,True
exp_hrl_v1,62,3,US_5,WaitAction,,0,0,True
exp_hrl_v1,62,3,US_6,MoveAction,,0,0,True
exp_hrl_v1,62,3,US_7,MoveAction,,0,0,True
exp_hrl_v1,62,4,GE_1,MoveAction,,0,0,True
exp_hrl_v1,62,4,US_1,WaitAction,,0,0,True
exp_hrl_v1,62,4,GE_2,WaitAction,,0,0,True
exp_hrl_v1,62,4,US_2,MoveAction,,0,0,True
exp_hrl_v1,62,4,GE_3,WaitAction,,0,0,True
exp_hrl_v1,62,4,US_3,MoveAction,,0,0,True
exp_hrl_v1,62,4,GE_4,MoveAction,,0,0,True
exp_hrl_v1,62,4,US_4,MoveAction,,0,0,True
exp_hrl_v1,62,4,GE_5,WaitAction,,0,0,True
exp_hrl_v1,62,4,US_5,MoveAction,,0,0,True
exp_hrl_v1,62,4,US_6,MoveAction,,0,0,True
exp_hrl_v1,62,4,US_7,MoveAction,,0,0,True
exp_hrl_v1,62,5,GE_1,WaitAction,,0,0,True
exp_hrl_v1,62,5,US_1,RangedDirectAttack,,0,0,True
exp_hrl_v1,62,5,GE_2,WaitAction,,0,0,True
exp_hrl_v1,62,5,US_2,RangedDirectAttack,,0,0,True
exp_hrl_v1,62,5,GE_3,WaitAction,,0,0,True
exp_hrl_v1,62,5,US_3,RangedDirectAttack,,0,0,True
exp_hrl_v1,62,5,GE_4,WaitAction,,0,0,True
exp_hrl_v1,62,5,US_4,RangedDirectAttack,,0,0,True
exp_hrl_v1,62,5,GE_5,NoneType,,0,0,True
exp_hrl_v1,62,5,US_5,RangedDirectAttack,,0,0,True
exp_hrl_v1,62,5,US_6,RangedDirectAttack,,0,0,True
exp_hrl_v1,62,5,US_7,RangedDirectAttack,,0,0,True
exp_hrl_v1,62,6,GE_1,WaitAction,,0,0,True
exp_hrl_v1,62,6,US_1,RangedDirectAttack,,0,0,True
exp_hrl_v1,62,6,GE_3,MoveAction,,0,0,True
exp_hrl_v1,62,6,US_2,RangedDirectAttack,,0,0,True
exp_hrl_v1,62,6,GE_4,MoveAction,,0,0,True
exp_hrl_v1,62,6,US_3,RangedDirectAttack,,0,0,True
exp_hrl_v1,62,6,US_4,WaitAction,,0,0,True
exp_hrl_v1,62,6,US_5,MoveAction,,0,0,True
exp_hrl_v1,62,6,US_6,MoveAction,,0,0,True
exp_hrl_v1,62,6,US_7,MoveAction,,0,0,True
exp_hrl_v1,62,7,GE_4,WaitAction,,0,0,True
exp_hrl_v1,62,7,US_1,WaitAction,,0,0,True
exp_hrl_v1,62,7,US_2,MoveAction,,0,0,True
exp_hrl_v1,62,7,US_3,MoveAction,,0,0,True
exp_hrl_v1,62,7,US_4,MoveAction,,0,0,True
exp_hrl_v1,62,7,US_5,MoveAction,,0,0,True
exp_hrl_v1,62,7,US_6,MoveAction,,0,0,True
exp_hrl_v1,62,7,US_7,MoveAction,,0,0,True
exp_hrl_v1,62,8,GE_4,WaitAction,,0,0,True
exp_hrl_v1,62,8,US_1,RangedDirectAttack,,0,0,True
exp_hrl_v1,62,8,US_2,RangedDirectAttack,,0,0,True
exp_hrl_v1,62,8,US_3,RangedDirectAttack,,0,0,True
exp_hrl_v1,63,1,GE_1,MoveAction,,0,0,True
exp_hrl_v1,63,1,US_1,MoveAction,,0,0,True
exp_hrl_v1,63,1,GE_2,MoveAction,,0,0,True
exp_hrl_v1,63,1,US_2,MoveAction,,0,0,True
exp_hrl_v1,63,1,GE_3,MoveAction,,0,0,True
exp_hrl_v1,63,1,US_3,MoveAction,,0,0,True
exp_hrl_v1,63,1,GE_4,MoveAction,,0,0,True
exp_hrl_v1,63,1,US_4,MoveAction,,0,0,True
exp_hrl_v1,63,1,GE_5,MoveAction,,0,0,True
exp_hrl_v1,63,1,US_5,MoveAction,,0,0,True
exp_hrl_v1,63,1,US_6,MoveAction,,0,0,True
exp_hrl_v1,63,1,US_7,MoveAction,,0,0,True
exp_hrl_v1,63,2,GE_1,MoveAction,,0,0,True
exp_hrl_v1,63,2,US_1,MoveAction,,0,0,True
exp_hrl_v1,63,2,GE_2,MoveAction,,0,0,True
exp_hrl_v1,63,2,US_2,MoveAction,,0,0,True
exp_hrl_v1,63,2,GE_3,MoveAction,,0,0,True
exp_hrl_v1,63,2,US_3,WaitAction,,0,0,True
exp_hrl_v1,63,2,GE_4,MoveAction,,0,0,True
exp_hrl_v1,63,2,US_4,MoveAction,,0,0,True
exp_hrl_v1,63,2,GE_5,MoveAction,,0,0,True
exp_hrl_v1,63,2,US_5,MoveAction,,0,0,True
exp_hrl_v1,63,2,US_6,MoveAction,,0,0,True
exp_hrl_v1,63,3,US_7,WaitAction,,0,0,True
exp_hrl_v1,63,3,GE_1,MoveAction,,0,0,True
exp_hrl_v1,63,3,US_1,MoveAction,,0,0,True
exp_hrl_v1,63,3,GE_2,MoveAction,,0,0,True
exp_hrl_v1,63,3,US_2,MoveAction,,0,0,True
exp_hrl_v1,63,3,GE_3,MoveAction,,0,0,True
exp_hrl_v1,63,3,US_3,MoveAction,,0,0,True
exp_hrl_v1,63,3,GE_4,MoveAction,,0,0,True
exp_hrl_v1,63,3,US_4,MoveAction,,0,0,True
exp_hrl_v1,63,3,GE_5,WaitAction,,0,0,True
exp_hrl_v1,63,3,US_5,RangedDirectAttack,,0,0,True
exp_hrl_v1,63,3,US_6,RangedDirectAttack,,0,0,True
exp_hrl_v1,63,3,US_7,RangedDirectAttack,,0,0,True
exp_hrl_v1,63,4,GE_1,MoveAction,,0,0,True
exp_hrl_v1,63,4,US_1,RangedDirectAttack,,0,0,True
exp_hrl_v1,63,4,GE_2,WaitAction,,0,0,True
exp_hrl_v1,63,4,US_2,RangedDirectAttack,,0,0,True
exp_hrl_v1,63,4,GE_3,MoveAction,,0,0,True
exp_hrl_v1,63,4,US_3,RangedDirectAttack,,0,0,True
exp_hrl_v1,63,4,GE_4,MoveAction,,0,0,True
exp_hrl_v1,63,4,US_4,RangedDirectAttack,,0,0,True
exp_hrl_v1,63,4,US_5,RangedDirectAttack,,0,0,True
exp_hrl_v1,63,4,US_6,RangedDirectAttack,,0,0,True
exp_hrl_v1,63,4,US_7,RangedDirectAttack,,0,0,True
exp_hrl_v1,63,5,GE_4,MoveAction,,0,0,True
exp_hrl_v1,63,5,US_1,RangedDirectAttack,,0,0,True
exp_hrl_v1,64,1,GE_1,MoveAction,,0,0,True
exp_hrl_v1,64,1,US_1,RangedDirectAttack,,0,0,True
exp_hrl_v1,64,1,GE_2,MoveAction,,0,0,True
exp_hrl_v1,64,1,US_2,RangedDirectAttack,,0,0,True
exp_hrl_v1,64,1,GE_3,MoveAction,,0,0,True
exp_hrl_v1,64,1,US_3,RangedDirectAttack,,0,0,True
exp_hrl_v1,64,1,GE_4,MoveAction,,0,0,True
exp_hrl_v1,64,1,US_4,RangedDirectAttack,,0,0,True
exp_hrl_v1,64,1,GE_5,NoneType,,0,0,True
exp_hrl_v1,64,1,US_5,RangedDirectAttack,,0,0,True
exp_hrl_v1,64,1,US_6,RangedDirectAttack,,0,0,True
exp_hrl_v1,64,1,US_7,RangedDirectAttack,,0,0,True
exp_hrl_v1,64,2,GE_1,MoveAction,,0,0,True
exp_hrl_v1,64,2,US_1,RangedDirectAttack,,0,0,True
exp_hrl_v1,64,2,GE_2,MoveAction,,0,0,True
exp_hrl_v1,64,2,US_2,RangedDirectAttack,,0,0,True
exp_hrl_v1,64,2,GE_3,MoveAction,,0,0,True
exp_hrl_v1,64,2,US_3,RangedDirectAttack,,0,0,True
exp_hrl_v1,64,2,GE_4,MoveAction,,0,0,True
exp_hrl_v1,64,2,US_4,RangedDirectAttack,,0,0,True
exp_hrl_v1,64,2,US_5,RangedDirectAttack,,0,0,True
exp_hrl_v1,64,2,US_6,RangedDirectAttack,,0,0,True
exp_hrl_v1,64,2,US_7,RangedDirectAttack,,0,0,True
exp_hrl_v1,64,3,GE_3,MoveAction,,0,0,True
exp_hrl_v1,64,3,US_1,RangedDirectAttack,,0,0,True
exp_hrl_v1,64,3,GE_4,MoveAction,,0,0,True
exp_hrl_v1,64,3,US_2,RangedDirectAttack,,0,0,True
exp_hrl_v1,64,3,US_3,RangedDirectAttack,,0,0,True
exp_hrl_v1,64,3,US_4,RangedDirectAttack,,0,0,True
exp_hrl_v1,64,3,US_5,RangedDirectAttack,,0,0,True
exp_hrl_v1,64,3,US_6,RangedDirectAttack,,0,0,True
exp_hrl_v1,64,4,US_7,WaitAction,,0,0,True
exp_hrl_v1,64,4,GE_4,MoveAction,,0,0,True
exp_hrl_v1,64,4,US_1,MoveAction,,0,0,True
exp_hrl_v1,64,4,US_2,MoveAction,,0,0,True
exp_hrl_v1,64,4,US_3,MoveAction,,0,0,True
exp_hrl_v1,64,4,US_4,MoveAction,,0,0,True
exp_hrl_v1,64,4,US_5,WaitAction,,0,0,True
exp_hrl_v1,64,4,US_6,MoveAction,,0,0,True
exp_hrl_v1,64,4,US_7,MoveAction,,0,0,True
exp_hrl_v1,64,5,GE_4,MoveAction,,0,0,True
exp_hrl_v1,64,5,US_1,MoveAction,,0,0,True
exp_hrl_v1,64,5,US_2,MoveAction,,0,0,True
exp_hrl_v1,64,5,US_3,MoveAction,,0,0,True
exp_hrl_v1,64,5,US_4,MoveAction,,0,0,True
exp_hrl_v1,64,5,US_5,RangedDirectAttack,,0,0,True
exp_hrl_v1,64,5,US_6,RangedDirectAttack,,0,0,True
exp_hrl_v1,64,5,US_7,RangedDirectAttack,,0,0,True
exp_hrl_v1,64,6,GE_4,WaitAction,,0,0,True
exp_hrl_v1,64,6,US_1,RangedDirectAttack,,0,0,True
exp_hrl_v1,65,1,GE_1,MoveAction,,0,0,True
exp_hrl_v1,65,1,US_1,MoveAction,,0,0,True
exp_hrl_v1,65,1,GE_2,MoveAction,,0,0,True
exp_hrl_v1,65,1,US_2,MoveAction,,0,0,True
exp_hrl_v1,65,1,GE_3,MoveAction,,0,0,True
exp_hrl_v1,65,1,US_3,MoveAction,,0,0,True
exp_hrl_v1,65,1,GE_4,MoveAction,,0,0,True
exp_hrl_v1,65,1,US_4,MoveAction,,0,0,True
exp_hrl_v1,65,1,GE_5,MoveAction,,0,0,True
exp_hrl_v1,65,1,US_5,MoveAction,,0,0,True
exp_hrl_v1,65,1,US_6,MoveAction,,0,0,True
exp_hrl_v1,65,1,US_7,MoveAction,,0,0,True
exp_hrl_v1,65,2,GE_1,MoveAction,,0,0,True
exp_hrl_v1,65,2,US_1,MoveAction,,0,0,True
exp_hrl_v1,65,2,GE_2,MoveAction,,0,0,True
exp_hrl_v1,65,2,US_2,MoveAction,,0,0,True
exp_hrl_v1,65,2,GE_3,MoveAction,,0,0,True
exp_hrl_v1,65,2,US_3,WaitAction,,0,0,True
exp_hrl_v1,65,2,GE_4,MoveAction,,0,0,True
exp_hrl_v1,65,2,US_4,MoveAction,,0,0,True
exp_hrl_v1,65,2,GE_5,MoveAction,,0,0,True
exp_hrl_v1,65,2,US_5,MoveAction,,0,0,True
exp_hrl_v1,65,2,US_6,MoveAction,,0,0,True
exp_hrl_v1,65,3,US_7,WaitAction,,0,0,True
exp_hrl_v1,65,3,GE_1,MoveAction,,0,0,True
exp_hrl_v1,65,3,US_1,MoveAction,,0,0,True
exp_hrl_v1,65,3,GE_2,MoveAction,,0,0,True
exp_hrl_v1,65,3,US_2,MoveAction,,0,0,True
exp_hrl_v1,65,3,GE_3,MoveAction,,0,0,True
exp_hrl_v1,65,3,US_3,MoveAction,,0,0,True
exp_hrl_v1,65,3,GE_4,MoveAction,,0,0,True
exp_hrl_v1,65,3,US_4,MoveAction,,0,0,True
exp_hrl_v1,65,3,GE_5,WaitAction,,0,0,True
exp_hrl_v1,65,3,US_5,MoveAction,,0,0,True
exp_hrl_v1,65,3,US_6,MoveAction,,0,0,True
exp_hrl_v1,65,3,US_7,MoveAction,,0,0,True
exp_hrl_v1,65,4,GE_1,MoveAction,,0,0,True
exp_hrl_v1,65,4,US_1,MoveAction,,0,0,True
exp_hrl_v1,65,4,GE_2,MoveAction,,0,0,True
exp_hrl_v1,65,4,US_2,MoveAction,,0,0,True
exp_hrl_v1,65,4,GE_3,MoveAction,,0,0,True
exp_hrl_v1,65,4,US_3,WaitAction,,0,0,True
exp_hrl_v1,65,4,GE_4,MoveAction,,0,0,True
exp_hrl_v1,65,4,US_4,MoveAction,,0,0,True
exp_hrl_v1,65,4,GE_5,MoveAction,,0,0,True
exp_hrl_v1,65,4,US_5,MoveAction,,0,0,True
exp_hrl_v1,65,4,US_6,WaitAction,,0,0,True
exp_hrl_v1,65,5,US_7,WaitAction,,0,0,True
exp_hrl_v1,65,5,GE_1,MoveAction,,0,0,True
exp_hrl_v1,65,5,US_1,WaitAction,,0,0,True
exp_hrl_v1,65,5,GE_2,WaitAction,,0,0,True
exp_hrl_v1,65,5,US_2,RangedDirectAttack,,0,0,True
exp_hrl_v1,65,5,GE_3,WaitAction,,0,0,True
exp_hrl_v1,65,5,US_3,RangedDirectAttack,,0,0,True
exp_hrl_v1,65,5,GE_4,MoveAction,,0,0,True
exp_hrl_v1,65,5,US_4,RangedDirectAttack,,0,0,True
exp_hrl_v1,65,5,GE_5,NoneType,,0,0,True
exp_hrl_v1,65,5,US_5,RangedDirectAttack,,0,0,True
exp_hrl_v1,65,5,US_6,RangedDirectAttack,,0,0,True
exp_hrl_v1,65,5,US_7,RangedDirectAttack,,0,0,True
exp_hrl_v1,65,6,GE_1,WaitAction,,0,0,True
exp_hrl_v1,65,6,US_1,RangedDirectAttack,,0,0,True
exp_hrl_v1,65,6,GE_4,MoveAction,,0,0,True
exp_hrl_v1,65,6,US_2,RangedDirectAttack,,0,0,True
exp_hrl_v1,65,6,US_3,RangedDirectAttack,,0,0,True
exp_hrl_v1,65,6,US_4,RangedDirectAttack,,0,0,True
exp_hrl_v1,66,1,GE_1,MoveAction,,0,0,True
exp_hrl_v1,66,1,US_1,MoveAction,,0,0,True
exp_hrl_v1,66,1,GE_2,MoveAction,,0,0,True
exp_hrl_v1,66,1,US_2,MoveAction,,0,0,True
exp_hrl_v1,66,1,GE_3,MoveAction,,0,0,True
exp_hrl_v1,66,1,US_3,MoveAction,,0,0,True
exp_hrl_v1,66,1,GE_4,MoveAction,,0,0,True
exp_hrl_v1,66,1,US_4,MoveAction,,0,0,True
exp_hrl_v1,66,1,GE_5,MoveAction,,0,0,True
exp_hrl_v1,66,1,US_5,MoveAction,,0,0,True
exp_hrl_v1,66,1,US_6,MoveAction,,0,0,True
exp_hrl_v1,66,1,US_7,MoveAction,,0,0,True
exp_hrl_v1,66,2,GE_1,MoveAction,,0,0,True
exp_hrl_v1,66,2,US_1,MoveAction,,0,0,True
exp_hrl_v1,66,2,GE_2,MoveAction,,0,0,True
exp_hrl_v1,66,2,US_2,MoveAction,,0,0,True
exp_hrl_v1,66,2,GE_3,MoveAction,,0,0,True
exp_hrl_v1,66,2,US_3,WaitAction,,0,0,True
exp_hrl_v1,66,2,GE_4,MoveAction,,0,0,True
exp_hrl_v1,66,2,US_4,MoveAction,,0,0,True
exp_hrl_v1,66,2,GE_5,MoveAction,,0,0,True
exp_hrl_v1,66,2,US_5,MoveAction,,0,0,True
exp_hrl_v1,66,2,US_6,MoveAction,,0,0,True
exp_hrl_v1,66,2,US_7,MoveAction,,0,0,True
exp_hrl_v1,66,3,GE_1,MoveAction,,0,0,True
exp_hrl_v1,66,3,US_1,MoveAction,,0,0,True
exp_hrl_v1,66,3,GE_2,MoveAction,,0,0,True
exp_hrl_v1,66,3,US_2,MoveAction,,0,0,True
exp_hrl_v1,66,3,GE_3,MoveAction,,0,0,True
exp_hrl_v1,66,3,US_3,MoveAction,,0,0,True
exp_hrl_v1,66,3,GE_4,MoveAction,,0,0,True
exp_hrl_v1,66,3,US_4,MoveAction,,0,0,True
exp_hrl_v1,66,3,GE_5,MoveAction,,0,0,True
exp_hrl_v1,66,3,US_5,MoveAction,,0,0,True
exp_hrl_v1,66,3,US_6,MoveAction,,0,0,True
exp_hrl_v1,66,3,US_7,MoveAction,,0,0,True
exp_hrl_v1,66,4,GE_1,MoveAction,,0,0,True
exp_hrl_v1,66,4,US_1,MoveAction,,0,0,True
exp_hrl_v1,66,4,GE_2,MoveAction,,0,0,True
exp_hrl_v1,66,4,US_2,RangedDirectAttack,,0,0,True
exp_hrl_v1,66,4,GE_3,MoveAction,,0,0,True
exp_hrl_v1,66,4,US_3,RangedDirectAttack,,0,0,True
exp_hrl_v1,66,4,GE_4,MoveAction,,0,0,True
exp_hrl_v1,66,4,US_4,RangedDirectAttack,,0,0,True
exp_hrl_v1,66,4,GE_5,NoneType,,0,0,True
exp_hrl_v1,66,4,US_5,RangedDirectAttack,,0,0,True
exp_hrl_v1,66,4,US_6,RangedDirectAttack,,0,0,True
exp_hrl_v1,66,4,US_7,RangedDirectAttack,,0,0,True
exp_hrl_v1,66,5,GE_4,MoveAction,,0,0,True
exp_hrl_v1,66,5,US_1,RangedDirectAttack,,0,0,True
exp_hrl_v1,67,1,GE_1,MoveAction,,0,0,True
exp_hrl_v1,67,1,US_1,WaitAction,,0,0,True
exp_hrl_v1,67,1,GE_2,MoveAction,,0,0,True
exp_hrl_v1,67,1,US_2,WaitAction,,0,0,True
exp_hrl_v1,67,1,GE_3,MoveAction,,0,0,True
exp_hrl_v1,67,1,US_3,MoveAction,,0,0,True
exp_hrl_v1,67,1,GE_4,MoveAction,,0,0,True
exp_hrl_v1,67,1,US_4,MoveAction,,0,0,True
exp_hrl_v1,67,1,GE_5,MoveAction,,0,0,True
exp_hrl_v1,67,1,US_5,MoveAction,,0,0,True
exp_hrl_v1,67,1,US_6,MoveAction,,0,0,True
exp_hrl_v1,67,1,US_7,MoveAction,,0,0,True
exp_hrl_v1,67,2,GE_1,MoveAction,,0,0,True
exp_hrl_v1,67,2,US_1,MoveAction,,0,0,True
exp_hrl_v1,67,2,GE_2,MoveAction,,0,0,True
exp_hrl_v1,67,2,US_2,MoveAction,,0,0,True
exp_hrl_v1,67,2,GE_3,MoveAction,,0,0,True
exp_hrl_v1,67,2,US_3,MoveAction,,0,0,True
exp_hrl_v1,67,2,GE_4,MoveAction,,0,0,True
exp_hrl_v1,67,2,US_4,MoveAction,,0,0,True
exp_hrl_v1,67,2,GE_5,MoveAction,,0,0,True
exp_hrl_v1,67,2,US_5,MoveAction,,0,0,True
exp_hrl_v1,67,2,US_6,MoveAction,,0,0,True
exp_hrl_v1,67,2,US_7,MoveAction,,0,0,True
exp_hrl_v1,67,3,GE_1,MoveAction,,0,0,True
exp_hrl_v1,67,3,US_1,MoveAction,,0,0,True
exp_hrl_v1,67,3,GE_2,MoveAction,,0,0,True
exp_hrl_v1,67,3,US_2,MoveAction,,0,0,True
exp_hrl_v1,67,3,GE_3,MoveAction,,0,0,True
exp_hrl_v1,67,3,US_3,MoveAction,,0,0,True
exp_hrl_v1,67,3,GE_4,MoveAction,,0,0,True
exp_hrl_v1,67,3,US_4,MoveAction,,0,0,True
exp_hrl_v1,67,3,GE_5,MoveAction,,0,0,True
exp_hrl_v1,67,3,US_5,MoveAction,,0,0,True
exp_hrl_v1,67,3,US_6,MoveAction,,0,0,True
exp_hrl_v1,67,3,US_7,MoveAction,,0,0,True
exp_hrl_v1,67,4,GE_1,MoveAction,,0,0,True
exp_hrl_v1,67,4,US_1,MoveAction,,0,0,True
exp_hrl_v1,67,4,GE_2,WaitAction,,0,0,True
exp_hrl_v1,67,4,US_2,MoveAction,,0,0,True
exp_hrl_v1,67,4,GE_3,MoveAction,,0,0,True
exp_hrl_v1,67,4,US_3,MoveAction,,0,0,True
exp_hrl_v1,67,4,GE_4,MoveAction,,0,0,True
exp_hrl_v1,67,4,US_4,RangedDirectAttack,,0,0,True
exp_hrl_v1,67,4,GE_5,NoneType,,0,0,True
exp_hrl_v1,67,4,US_5,RangedDirectAttack,,0,0,True
exp_hrl_v1,67,4,US_6,RangedDirectAttack,,0,0,True
exp_hrl_v1,67,4,US_7,RangedDirectAttack,,0,0,True
exp_hrl_v1,67,5,GE_1,MoveAction,,0,0,True
exp_hrl_v1,67,5,US_1,RangedDirectAttack,,0,0,True
exp_hrl_v1,67,5,GE_3,WaitAction,,0,0,True
exp_hrl_v1,67,5,US_2,RangedDirectAttack,,0,0,True
exp_hrl_v1,67,5,GE_4,MoveAction,,0,0,True
exp_hrl_v1,67,5,US_3,RangedDirectAttack,,0,0,True
exp_hrl_v1,67,5,US_4,RangedDirectAttack,,0,0,True
exp_hrl_v1,67,5,US_5,RangedDirectAttack,,0,0,True
exp_hrl_v1,67,5,US_6,RangedDirectAttack,,0,0,True
exp_hrl_v1,67,5,US_7,RangedDirectAttack,,0,0,True
exp_hrl_v1,67,6,GE_4,MoveAction,,0,0,True
exp_hrl_v1,67,6,US_1,RangedDirectAttack,,0,0,True
exp_hrl_v1,68,1,GE_1,MoveAction,,0,0,True
exp_hrl_v1,68,1,US_1,MoveAction,,0,0,True
exp_hrl_v1,68,1,GE_2,MoveAction,,0,0,True
exp_hrl_v1,68,1,US_2,MoveAction,,0,0,True
exp_hrl_v1,68,1,GE_3,MoveAction,,0,0,True
exp_hrl_v1,68,1,US_3,MoveAction,,0,0,True
exp_hrl_v1,68,1,GE_4,MoveAction,,0,0,True
exp_hrl_v1,68,1,US_4,MoveAction,,0,0,True
exp_hrl_v1,68,1,GE_5,MoveAction,,0,0,True
exp_hrl_v1,68,1,US_5,MoveAction,,0,0,True
exp_hrl_v1,68,1,US_6,MoveAction,,0,0,True
exp_hrl_v1,68,1,US_7,MoveAction,,0,0,True
exp_hrl_v1,68,2,GE_1,MoveAction,,0,0,True
exp_hrl_v1,68,2,US_1,MoveAction,,0,0,True
exp_hrl_v1,68,2,GE_2,MoveAction,,0,0,True
exp_hrl_v1,68,2,US_2,MoveAction,,0,0,True
exp_hrl_v1,68,2,GE_3,MoveAction,,0,0,True
exp_hrl_v1,68,2,US_3,MoveAction,,0,0,True
exp_hrl_v1,68,2,GE_4,MoveAction,,0,0,True
exp_hrl_v1,68,2,US_4,MoveAction,,0,0,True
exp_hrl_v1,68,2,GE_5,MoveAction,,0,0,True
exp_hrl_v1,68,2,US_5,MoveAction,,0,0,True
exp_hrl_v1,68,2,US_6,MoveAction,,0,0,True
exp_hrl_v1,68,3,US_7,WaitAction,,0,0,True
exp_hrl_v1,68,3,GE_1,MoveAction,,0,0,True
exp_hrl_v1,68,3,US_1,MoveAction,,0,0,True
exp_hrl_v1,68,3,GE_2,MoveAction,,0,0,True
exp_hrl_v1,68,3,US_2,MoveAction,,0,0,True
exp_hrl_v1,68,3,GE_3,MoveAction,,0,0,True
exp_hrl_v1,68,3,US_3,MoveAction,,0,0,True
exp_hrl_v1,68,3,GE_4,MoveAction,,0,0,True
exp_hrl_v1,68,3,US_4,MoveAction,,0,0,True
exp_hrl_v1,68,3,GE_5,WaitAction,,0,0,True
exp_hrl_v1,68,3,US_5,WaitAction,,0,0,True
exp_hrl_v1,68,3,US_6,MoveAction,,0,0,True
exp_hrl_v1,68,3,US_7,MoveAction,,0,0,True
exp_hrl_v1,68,4,GE_1,MoveAction,,0,0,True
exp_hrl_v1,68,4,US_1,WaitAction,,0,0,True
exp_hrl_v1,68,4,GE_2,WaitAction,,0,0,True
exp_hrl_v1,68,4,US_2,MoveAction,,0,0,True
exp_hrl_v1,68,4,GE_3,WaitAction,,0,0,True
exp_hrl_v1,68,4,US_3,MoveAction,,0,0,True
exp_hrl_v1,68,4,GE_4,MoveAction,,0,0,True
exp_hrl_v1,68,4,US_4,MoveAction,,0,0,True
exp_hrl_v1,68,4,GE_5,WaitAction,,0,0,True
exp_hrl_v1,68,4,US_5,WaitAction,,0,0,True
exp_hrl_v1,68,4,US_6,MoveAction,,0,0,True
exp_hrl_v1,68,5,US_7,WaitAction,,0,0,True
exp_hrl_v1,68,5,GE_1,WaitAction,,0,0,True
exp_hrl_v1,68,5,US_1,WaitAction,,0,0,True
exp_hrl_v1,68,5,GE_2,WaitAction,,0,0,True
exp_hrl_v1,68,5,US_2,WaitAction,,0,0,True
exp_hrl_v1,68,5,GE_3,WaitAction,,0,0,True
exp_hrl_v1,68,5,US_3,WaitAction,,0,0,True
exp_hrl_v1,68,5,GE_4,WaitAction,,0,0,True
exp_hrl_v1,68,5,US_4,MoveAction,,0,0,True
exp_hrl_v1,68,5,GE_5,WaitAction,,0,0,True
exp_hrl_v1,68,5,US_5,WaitAction,,0,0,True
exp_hrl_v1,68,5,US_6,MoveAction,,0,0,True
exp_hrl_v1,68,6,US_7,WaitAction,,0,0,True
exp_hrl_v1,68,6,GE_1,WaitAction,,0,0,True
exp_hrl_v1,68,6,US_1,RangedIndirectAttack,,0,0,True
exp_hrl_v1,68,6,GE_2,WaitAction,,0,0,True
exp_hrl_v1,68,6,US_2,RangedIndirectAttack,,0,0,True
exp_hrl_v1,68,6,GE_3,WaitAction,,0,0,True
exp_hrl_v1,68,6,US_3,RangedIndirectAttack,,0,0,True
exp_hrl_v1,68,6,GE_4,WaitAction,,0,0,True
exp_hrl_v1,68,6,US_4,RangedIndirectAttack,,0,0,True
exp_hrl_v1,68,6,GE_5,NoneType,,0,0,True
exp_hrl_v1,68,6,US_5,RangedIndirectAttack,,0,0,True
exp_hrl_v1,68,6,US_6,RangedIndirectAttack,,0,0,True
exp_hrl_v1,68,6,US_7,RangedIndirectAttack,,0,0,True
exp_hrl_v1,68,7,GE_1,WaitAction,,0,0,True
exp_hrl_v1,68,7,US_1,RangedIndirectAttack,,0,0,True
exp_hrl_v1,68,7,GE_4,MoveAction,,0,0,True
exp_hrl_v1,68,7,US_2,RangedIndirectAttack,,0,0,True
exp_hrl_v1,69,1,GE_1,MoveAction,,0,0,True
exp_hrl_v1,69,1,US_1,WaitAction,,0,0,True
exp_hrl_v1,69,1,GE_2,MoveAction,,0,0,True
exp_hrl_v1,69,1,US_2,WaitAction,,0,0,True
exp_hrl_v1,69,1,GE_3,MoveAction,,0,0,True
exp_hrl_v1,69,1,US_3,MoveAction,,0,0,True
exp_hrl_v1,69,1,GE_4,MoveAction,,0,0,True
exp_hrl_v1,69,1,US_4,MoveAction,,0,0,True
exp_hrl_v1,69,1,GE_5,MoveAction,,0,0,True
exp_hrl_v1,69,1,US_5,MoveAction,,0,0,True
exp_hrl_v1,69,1,US_6,MoveAction,,0,0,True
exp_hrl_v1,69,1,US_7,MoveAction,,0,0,True
exp_hrl_v1,69,2,GE_1,MoveAction,,0,0,True
exp_hrl_v1,69,2,US_1,MoveAction,,0,0,True
exp_hrl_v1,69,2,GE_2,MoveAction,,0,0,True
exp_hrl_v1,69,2,US_2,WaitAction,,0,0,True
exp_hrl_v1,69,2,GE_3,MoveAction,,0,0,True
exp_hrl_v1,69,2,US_3,MoveAction,,0,0,True
exp_hrl_v1,69,2,GE_4,MoveAction,,0,0,True
exp_hrl_v1,69,2,US_4,MoveAction,,0,0,True
exp_hrl_v1,69,2,GE_5,MoveAction,,0,0,True
exp_hrl_v1,69,2,US_5,MoveAction,,0,0,True
exp_hrl_v1,69,2,US_6,WaitAction,,0,0,True
exp_hrl_v1,69,2,US_7,MoveAction,,0,0,True
exp_hrl_v1,69,3,GE_1,MoveAction,,0,0,True
exp_hrl_v1,69,3,US_1,MoveAction,,0,0,True
exp_hrl_v1,69,3,GE_2,MoveAction,,0,0,True
exp_hrl_v1,69,3,US_2,MoveAction,,0,0,True
exp_hrl_v1,69,3,GE_3,MoveAction,,0,0,True
exp_hrl_v1,69,3,US_3,RangedDirectAttack,,0,0,True
exp_hrl_v1,69,3,GE_4,MoveAction,,0,0,True
exp_hrl_v1,69,3,US_4,RangedDirectAttack,,0,0,True
exp_hrl_v1,69,3,GE_5,NoneType,,0,0,True
exp_hrl_v1,69,3,US_5,RangedDirectAttack,,0,0,True
exp_hrl_v1,69,3,US_6,RangedDirectAttack,,0,0,True
exp_hrl_v1,69,3,US_7,RangedDirectAttack,,0,0,True
exp_hrl_v1,69,4,GE_2,MoveAction,,0,0,True
exp_hrl_v1,69,4,US_1,RangedDirectAttack,,0,0,True
exp_hrl_v1,69,4,GE_3,MoveAction,,0,0,True
exp_hrl_v1,69,4,US_2,RangedDirectAttack,,0,0,True
exp_hrl_v1,69,4,GE_4,MoveAction,,0,0,True
exp_hrl_v1,69,4,US_3,RangedDirectAttack,,0,0,True
exp_hrl_v1,69,4,US_4,RangedDirectAttack,,0,0,True
exp_hrl_v1,69,4,US_5,RangedDirectAttack,,0,0,True
exp_hrl_v1,69,4,US_6,RangedDirectAttack,,0,0,True
exp_hrl_v1,69,4,US_7,RangedDirectAttack,,0,0,True
exp_hrl_v1,70,1,GE_1,MoveAction,,0,0,True
exp_hrl_v1,70,1,US_1,MoveAction,,0,0,True
exp_hrl_v1,70,1,GE_2,MoveAction,,0,0,True
exp_hrl_v1,70,1,US_2,MoveAction,,0,0,True
exp_hrl_v1,70,1,GE_3,MoveAction,,0,0,True
exp_hrl_v1,70,1,US_3,MoveAction,,0,0,True
exp_hrl_v1,70,1,GE_4,MoveAction,,0,0,True
exp_hrl_v1,70,1,US_4,MoveAction,,0,0,True
exp_hrl_v1,70,1,GE_5,MoveAction,,0,0,True
exp_hrl_v1,70,1,US_5,MoveAction,,0,0,True
exp_hrl_v1,70,1,US_6,MoveAction,,0,0,True
exp_hrl_v1,70,1,US_7,MoveAction,,0,0,True
exp_hrl_v1,70,2,GE_1,MoveAction,,0,0,True
exp_hrl_v1,70,2,US_1,MoveAction,,0,0,True
exp_hrl_v1,70,2,GE_2,MoveAction,,0,0,True
exp_hrl_v1,70,2,US_2,MoveAction,,0,0,True
exp_hrl_v1,70,2,GE_3,MoveAction,,0,0,True
exp_hrl_v1,70,2,US_3,WaitAction,,0,0,True
exp_hrl_v1,70,2,GE_4,MoveAction,,0,0,True
exp_hrl_v1,70,2,US_4,MoveAction,,0,0,True
exp_hrl_v1,70,2,GE_5,MoveAction,,0,0,True
exp_hrl_v1,70,2,US_5,MoveAction,,0,0,True
exp_hrl_v1,70,2,US_6,MoveAction,,0,0,True
exp_hrl_v1,70,2,US_7,MoveAction,,0,0,True
exp_hrl_v1,70,3,GE_1,MoveAction,,0,0,True
exp_hrl_v1,70,3,US_1,MoveAction,,0,0,True
exp_hrl_v1,70,3,GE_2,MoveAction,,0,0,True
exp_hrl_v1,70,3,US_2,MoveAction,,0,0,True
exp_hrl_v1,70,3,GE_3,MoveAction,,0,0,True
exp_hrl_v1,70,3,US_3,MoveAction,,0,0,True
exp_hrl_v1,70,3,GE_4,MoveAction,,0,0,True
exp_hrl_v1,70,3,US_4,MoveAction,,0,0,True
exp_hrl_v1,70,3,GE_5,MoveAction,,0,0,True
exp_hrl_v1,70,3,US_5,MoveAction,,0,0,True
exp_hrl_v1,70,3,US_6,MoveAction,,0,0,True
exp_hrl_v1,70,3,US_7,MoveAction,,0,0,True
exp_hrl_v1,70,4,GE_1,MoveAction,,0,0,True
exp_hrl_v1,70,4,US_1,WaitAction,,0,0,True
exp_hrl_v1,70,4,GE_2,WaitAction,,0,0,True
exp_hrl_v1,70,4,US_2,MoveAction,,0,0,True
exp_hrl_v1,70,4,GE_3,MoveAction,,0,0,True
exp_hrl_v1,70,4,US_3,MoveAction,,0,0,True
exp_hrl_v1,70,4,GE_4,MoveAction,,0,0,True
exp_hrl_v1,70,4,US_4,MoveAction,,0,0,True
exp_hrl_v1,70,4,GE_5,WaitAction,,0,0,True
exp_hrl_v1,70,4,US_5,WaitAction,,0,0,True
exp_hrl_v1,70,4,US_6,WaitAction,,0,0,True
exp_hrl_v1,70,4,US_7,MoveAction,,0,0,True
exp_hrl_v1,70,5,GE_1,WaitAction,,0,0,True
exp_hrl_v1,70,5,US_1,WaitAction,,0,0,True
exp_hrl_v1,70,5,GE_2,WaitAction,,0,0,True
exp_hrl_v1,70,5,US_2,RangedIndirectAttack,,0,0,True
exp_hrl_v1,70,5,GE_3,WaitAction,,0,0,True
exp_hrl_v1,70,5,US_3,RangedIndirectAttack,,0,0,True
exp_hrl_v1,70,5,GE_4,WaitAction,,0,0,True
exp_hrl_v1,70,5,US_4,RangedIndirectAttack,,0,0,True
exp_hrl_v1,70,5,GE_5,NoneType,,0,0,True
exp_hrl_v1,70,5,US_5,RangedIndirectAttack,,0,0,True
exp_hrl_v1,70,5,US_6,RangedIndirectAttack,,0,0,True
exp_hrl_v1,70,5,US_7,RangedIndirectAttack,,0,0,True
exp_hrl_v1,70,6,GE_1,WaitAction,,0,0,True
exp_hrl_v1,70,6,US_1,RangedIndirectAttack,,0,0,True
exp_hrl_v1,70,6,GE_3,WaitAction,,0,0,True
exp_hrl_v1,70,6,US_2,RangedIndirectAttack,,0,0,True
exp_hrl_v1,70,6,GE_4,WaitAction,,0,0,True
exp_hrl_v1,70,6,US_3,RangedIndirectAttack,,0,0,True
exp_hrl_v1,70,6,US_4,RangedIndirectAttack,,0,0,True
exp_hrl_v1,70,6,US_5,RangedDirectAttack,,0,0,True
exp_hrl_v1,70,6,US_6,RangedDirectAttack,,0,0,True
exp_hrl_v1,71,1,GE_1,MoveAction,,0,0,True
exp_hrl_v1,71,1,US_1,MoveAction,,0,0,True
exp_hrl_v1,71,1,GE_2,MoveAction,,0,0,True
exp_hrl_v1,71,1,US_2,MoveAction,,0,0,True
exp_hrl_v1,71,1,GE_3,MoveAction,,0,0,True
exp_hrl_v1,71,1,US_3,MoveAction,,0,0,True
exp_hrl_v1,71,1,GE_4,MoveAction,,0,0,True
exp_hrl_v1,71,1,US_4,MoveAction,,0,0,True
exp_hrl_v1,71,1,GE_5,MoveAction,,0,0,True
exp_hrl_v1,71,1,US_5,MoveAction,,0,0,True
exp_hrl_v1,71,1,US_6,MoveAction,,0,0,True
exp_hrl_v1,71,2,US_7,WaitAction,,0,0,True
exp_hrl_v1,71,2,GE_1,MoveAction,,0,0,True
exp_hrl_v1,71,2,US_1,MoveAction,,0,0,True
exp_hrl_v1,71,2,GE_2,MoveAction,,0,0,True
exp_hrl_v1,71,2,US_2,MoveAction,,0,0,True
exp_hrl_v1,71,2,GE_3,MoveAction,,0,0,True
exp_hrl_v1,71,2,US_3,WaitAction,,0,0,True
exp_hrl_v1,71,2,GE_4,MoveAction,,0,0,True
exp_hrl_v1,71,2,US_4,MoveAction,,0,0,True
exp_hrl_v1,71,2,GE_5,MoveAction,,0,0,True
exp_hrl_v1,71,2,US_5,MoveAction,,0,0,True
exp_hrl_v1,71,2,US_6,MoveAction,,0,0,True
exp_hrl_v1,71,3,US_7,WaitAction,,0,0,True
exp_hrl_v1,71,3,GE_1,MoveAction,,0,0,True
exp_hrl_v1,71,3,US_1,MoveAction,,0,0,True
exp_hrl_v1,71,3,GE_2,MoveAction,,0,0,True
exp_hrl_v1,71,3,US_2,MoveAction,,0,0,True
exp_hrl_v1,71,3,GE_3,MoveAction,,0,0,True
exp_hrl_v1,71,3,US_3,MoveAction,,0,0,True
exp_hrl_v1,71,3,GE_4,MoveAction,,0,0,True
exp_hrl_v1,71,3,US_4,MoveAction,,0,0,True
exp_hrl_v1,71,3,GE_5,WaitAction,,0,0,True
exp_hrl_v1,71,3,US_5,WaitAction,,0,0,True
exp_hrl_v1,71,3,US_6,MoveAction,,0,0,True
exp_hrl_v1,71,3,US_7,MoveAction,,0,0,True
exp_hrl_v1,71,4,GE_1,MoveAction,,0,0,True
exp_hrl_v1,71,4,US_1,MoveAction,,0,0,True
exp_hrl_v1,71,4,GE_2,MoveAction,,0,0,True
exp_hrl_v1,71,4,US_2,MoveAction,,0,0,True
exp_hrl_v1,71,4,GE_3,MoveAction,,0,0,True
exp_hrl_v1,71,4,US_3,MoveAction,,0,0,True
exp_hrl_v1,71,4,GE_4,MoveAction,,0,0,True
exp_hrl_v1,71,4,US_4,MoveAction,,0,0,True
exp_hrl_v1,71,4,GE_5,MoveAction,,0,0,True
exp_hrl_v1,71,4,US_5,MoveAction,,0,0,True
exp_hrl_v1,71,4,US_6,MoveAction,,0,0,True
exp_hrl_v1,71,4,US_7,MoveAction,,0,0,True
exp_hrl_v1,71,5,GE_1,MoveAction,,0,0,True
exp_hrl_v1,71,5,US_1,WaitAction,,0,0,True
exp_hrl_v1,71,5,GE_2,WaitAction,,0,0,True
exp_hrl_v1,71,5,US_2,WaitAction,,0,0,True
exp_hrl_v1,71,5,GE_3,WaitAction,,0,0,True
exp_hrl_v1,71,5,US_3,RangedDirectAttack,,0,0,True
exp_hrl_v1,71,5,GE_4,MoveAction,,0,0,True
exp_hrl_v1,71,5,US_4,RangedDirectAttack,,0,0,True
exp_hrl_v1,71,5,GE_5,NoneType,,0,0,True
exp_hrl_v1,71,5,US_5,RangedDirectAttack,,0,0,True
exp_hrl_v1,71,5,US_6,RangedDirectAttack,,0,0,True
exp_hrl_v1,71,5,US_7,RangedDirectAttack,,0,0,True
exp_hrl_v1,71,6,GE_4,MoveAction,,0,0,True
exp_hrl_v1,71,6,US_1,RangedDirectAttack,,0,0,True
exp_hrl_v1,72,1,GE_1,MoveAction,,0,0,True
exp_hrl_v1,72,1,US_1,MoveAction,,0,0,True
exp_hrl_v1,72,1,GE_2,MoveAction,,0,0,True
exp_hrl_v1,72,1,US_2,MoveAction,,0,0,True
exp_hrl_v1,72,1,GE_3,MoveAction,,0,0,True
exp_hrl_v1,72,1,US_3,MoveAction,,0,0,True
exp_hrl_v1,72,1,GE_4,MoveAction,,0,0,True
exp_hrl_v1,72,1,US_4,MoveAction,,0,0,True
exp_hrl_v1,72,1,GE_5,MoveAction,,0,0,True
exp_hrl_v1,72,1,US_5,MoveAction,,0,0,True
exp_hrl_v1,72,1,US_6,MoveAction,,0,0,True
exp_hrl_v1,72,1,US_7,MoveAction,,0,0,True
exp_hrl_v1,72,2,GE_1,MoveAction,,0,0,True
exp_hrl_v1,72,2,US_1,MoveAction,,0,0,True
exp_hrl_v1,72,2,GE_2,MoveAction,,0,0,True
exp_hrl_v1,72,2,US_2,MoveAction,,0,0,True
exp_hrl_v1,72,2,GE_3,MoveAction,,0,0,True
exp_hrl_v1,72,2,US_3,MoveAction,,0,0,True
exp_hrl_v1,72,2,GE_4,MoveAction,,0,0,True
exp_hrl_v1,72,2,US_4,MoveAction,,0,0,True
exp_hrl_v1,72,2,GE_5,MoveAction,,0,0,True
exp_hrl_v1,72,2,US_5,MoveAction,,0,0,True
exp_hrl_v1,72,2,US_6,MoveAction,,0,0,True
exp_hrl_v1,72,2,US_7,MoveAction,,0,0,True
exp_hrl_v1,72,3,GE_1,MoveAction,,0,0,True
exp_hrl_v1,72,3,US_1,MoveAction,,0,0,True
exp_hrl_v1,72,3,GE_2,MoveAction,,0,0,True
exp_hrl_v1,72,3,US_2,MoveAction,,0,0,True
exp_hrl_v1,72,3,GE_3,MoveAction,,0,0,True
exp_hrl_v1,72,3,US_3,MoveAction,,0,0,True
exp_hrl_v1,72,3,GE_4,MoveAction,,0,0,True
exp_hrl_v1,72,3,US_4,MoveAction,,0,0,True
exp_hrl_v1,72,3,GE_5,WaitAction,,0,0,True
exp_hrl_v1,72,3,US_5,WaitAction,,0,0,True
exp_hrl_v1,72,3,US_6,MoveAction,,0,0,True
exp_hrl_v1,72,3,US_7,MoveAction,,0,0,True
exp_hrl_v1,72,4,GE_1,MoveAction,,0,0,True
exp_hrl_v1,72,4,US_1,WaitAction,,0,0,True
exp_hrl_v1,72,4,GE_2,WaitAction,,0,0,True
exp_hrl_v1,72,4,US_2,RangedDirectAttack,,0,0,True
exp_hrl_v1,72,4,GE_3,WaitAction,,0,0,True
exp_hrl_v1,72,4,US_3,RangedDirectAttack,,0,0,True
exp_hrl_v1,72,4,GE_4,MoveAction,,0,0,True
exp_hrl_v1,72,4,US_4,RangedDirectAttack,,0,0,True
exp_hrl_v1,72,4,GE_5,NoneType,,0,0,True
exp_hrl_v1,72,4,US_5,RangedDirectAttack,,0,0,True
exp_hrl_v1,72,4,US_6,RangedDirectAttack,,0,0,True
exp_hrl_v1,72,4,US_7,RangedDirectAttack,,0,0,True
exp_hrl_v1,72,5,GE_1,WaitAction,,0,0,True
exp_hrl_v1,72,5,US_1,RangedDirectAttack,,0,0,True
exp_hrl_v1,72,5,GE_3,MoveAction,,0,0,True
exp_hrl_v1,72,5,US_2,RangedDirectAttack,,0,0,True
exp_hrl_v1,72,5,GE_4,MoveAction,,0,0,True
exp_hrl_v1,72,5,US_3,RangedDirectAttack,,0,0,True
exp_hrl_v1,72,5,US_4,RangedDirectAttack,,0,0,True
exp_hrl_v1,72,5,US_5,RangedDirectAttack,,0,0,True
exp_hrl_v1,72,5,US_6,RangedDirectAttack,,0,0,True
exp_hrl_v1,73,1,GE_1,MoveAction,,0,0,True
exp_hrl_v1,73,1,US_1,MoveAction,,0,0,True
exp_hrl_v1,73,1,GE_2,MoveAction,,0,0,True
exp_hrl_v1,73,1,US_2,MoveAction,,0,0,True
exp_hrl_v1,73,1,GE_3,MoveAction,,0,0,True
exp_hrl_v1,73,1,US_3,MoveAction,,0,0,True
exp_hrl_v1,73,1,GE_4,MoveAction,,0,0,True
exp_hrl_v1,73,1,US_4,MoveAction,,0,0,True
exp_hrl_v1,73,1,GE_5,MoveAction,,0,0,True
exp_hrl_v1,73,1,US_5,MoveAction,,0,0,True
exp_hrl_v1,73,1,US_6,MoveAction,,0,0,True
exp_hrl_v1,73,1,US_7,MoveAction,,0,0,True
exp_hrl_v1,73,2,GE_1,MoveAction,,0,0,True
exp_hrl_v1,73,2,US_1,MoveAction,,0,0,True
exp_hrl_v1,73,2,GE_2,MoveAction,,0,0,True
exp_hrl_v1,73,2,US_2,MoveAction,,0,0,True
exp_hrl_v1,73,2,GE_3,MoveAction,,0,0,True
exp_hrl_v1,73,2,US_3,MoveAction,,0,0,True
exp_hrl_v1,73,2,GE_4,MoveAction,,0,0,True
exp_hrl_v1,73,2,US_4,MoveAction,,0,0,True
exp_hrl_v1,73,2,GE_5,MoveAction,,0,0,True
exp_hrl_v1,73,2,US_5,MoveAction,,0,0,True
exp_hrl_v1,73,2,US_6,MoveAction,,0,0,True
exp_hrl_v1,73,3,US_7,WaitAction,,0,0,True
exp_hrl_v1,73,3,GE_1,MoveAction,,0,0,True
exp_hrl_v1,73,3,US_1,MoveAction,,0,0,True
exp_hrl_v1,73,3,GE_2,MoveAction,,0,0,True
exp_hrl_v1,73,3,US_2,MoveAction,,0,0,True
exp_hrl_v1,73,3,GE_3,MoveAction,,0,0,True
exp_hrl_v1,73,3,US_3,MoveAction,,0,0,True
exp_hrl_v1,73,3,GE_4,MoveAction,,0,0,True
exp_hrl_v1,73,3,US_4,MoveAction,,0,0,True
exp_hrl_v1,73,3,GE_5,WaitAction,,0,0,True
exp_hrl_v1,73,3,US_5,WaitAction,,0,0,True
exp_hrl_v1,73,3,US_6,MoveAction,,0,0,True
exp_hrl_v1,73,3,US_7,MoveAction,,0,0,True
exp_hrl_v1,73,4,GE_1,MoveAction,,0,0,True
exp_hrl_v1,73,4,US_1,WaitAction,,0,0,True
exp_hrl_v1,73,4,GE_2,WaitAction,,0,0,True
exp_hrl_v1,73,4,US_2,MoveAction,,0,0,True
exp_hrl_v1,73,4,GE_3,WaitAction,,0,0,True
exp_hrl_v1,73,4,US_3,MoveAction,,0,0,True
exp_hrl_v1,73,4,GE_4,MoveAction,,0,0,True
exp_hrl_v1,73,4,US_4,MoveAction,,0,0,True
exp_hrl_v1,73,4,GE_5,WaitAction,,0,0,True
exp_hrl_v1,73,4,US_5,WaitAction,,0,0,True
exp_hrl_v1,73,4,US_6,MoveAction,,0,0,True
exp_hrl_v1,73,5,US_7,WaitAction,,0,0,True
exp_hrl_v1,73,5,GE_1,WaitAction,,0,0,True
exp_hrl_v1,73,5,US_1,WaitAction,,0,0,True
exp_hrl_v1,73,5,GE_2,WaitAction,,0,0,True
exp_hrl_v1,73,5,US_2,WaitAction,,0,0,True
exp_hrl_v1,73,5,GE_3,WaitAction,,0,0,True
exp_hrl_v1,73,5,US_3,WaitAction,,0,0,True
exp_hrl_v1,73,5,GE_4,WaitAction,,0,0,True
exp_hrl_v1,73,5,US_4,MoveAction,,0,0,True
exp_hrl_v1,73,5,GE_5,WaitAction,,0,0,True
exp_hrl_v1,73,5,US_5,WaitAction,,0,0,True
exp_hrl_v1,73,5,US_6,MoveAction,,0,0,True
exp_hrl_v1,73,6,US_7,WaitAction,,0,0,True
exp_hrl_v1,73,6,GE_1,WaitAction,,0,0,True
exp_hrl_v1,73,6,US_1,WaitAction,,0,0,True
exp_hrl_v1,73,6,GE_2,WaitAction,,0,0,True
exp_hrl_v1,73,6,US_2,WaitAction,,0,0,True
exp_hrl_v1,73,6,GE_3,WaitAction,,0,0,True
exp_hrl_v1,73,6,US_3,WaitAction,,0,0,True
exp_hrl_v1,73,6,GE_4,WaitAction,,0,0,True
exp_hrl_v1,73,6,US_4,MoveAction,,0,0,True
exp_hrl_v1,73,6,GE_5,MoveAction,,0,0,True
exp_hrl_v1,73,6,US_5,WaitAction,,0,0,True
exp_hrl_v1,73,6,US_6,MoveAction,,0,0,True
exp_hrl_v1,73,6,US_7,RangedIndirectAttack,,0,0,True
exp_hrl_v1,73,7,GE_1,WaitAction,,0,0,True
exp_hrl_v1,73,7,US_1,RangedIndirectAttack,,0,0,True
exp_hrl_v1,73,7,GE_2,WaitAction,,0,0,True
exp_hrl_v1,73,7,US_2,RangedIndirectAttack,,0,0,True
exp_hrl_v1,73,7,GE_3,WaitAction,,0,0,True
exp_hrl_v1,73,7,US_3,RangedIndirectAttack,,0,0,True
exp_hrl_v1,73,7,GE_4,MoveAction,,0,0,True
exp_hrl_v1,73,7,US_4,RangedIndirectAttack,,0,0,True
exp_hrl_v1,73,7,US_5,RangedIndirectAttack,,0,0,True
exp_hrl_v1,73,7,US_6,RangedIndirectAttack,,0,0,True
exp_hrl_v1,73,7,US_7,RangedIndirectAttack,,0,0,True
exp_hrl_v1,73,8,GE_4,WaitAction,,0,0,True
exp_hrl_v1,73,8,US_1,RangedIndirectAttack,,0,0,True
exp_hrl_v1,74,1,GE_1,MoveAction,,0,0,True
exp_hrl_v1,74,1,US_1,MoveAction,,0,0,True
exp_hrl_v1,74,1,GE_2,MoveAction,,0,0,True
exp_hrl_v1,74,1,US_2,MoveAction,,0,0,True
exp_hrl_v1,74,1,GE_3,MoveAction,,0,0,True
exp_hrl_v1,74,1,US_3,MoveAction,,0,0,True
exp_hrl_v1,74,1,GE_4,MoveAction,,0,0,True
exp_hrl_v1,74,1,US_4,MoveAction,,0,0,True
exp_hrl_v1,74,1,GE_5,MoveAction,,0,0,True
exp_hrl_v1,74,1,US_5,MoveAction,,0,0,True
exp_hrl_v1,74,1,US_6,MoveAction,,0,0,True
exp_hrl_v1,74,2,US_7,WaitAction,,0,0,True
exp_hrl_v1,74,2,GE_1,MoveAction,,0,0,True
exp_hrl_v1,74,2,US_1,MoveAction,,0,0,True
exp_hrl_v1,74,2,GE_2,MoveAction,,0,0,True
exp_hrl_v1,74,2,US_2,MoveAction,,0,0,True
exp_hrl_v1,74,2,GE_3,MoveAction,,0,0,True
exp_hrl_v1,74,2,US_3,MoveAction,,0,0,True
exp_hrl_v1,74,2,GE_4,MoveAction,,0,0,True
exp_hrl_v1,74,2,US_4,MoveAction,,0,0,True
exp_hrl_v1,74,2,GE_5,MoveAction,,0,0,True
exp_hrl_v1,74,2,US_5,MoveAction,,0,0,True
exp_hrl_v1,74,2,US_6,MoveAction,,0,0,True
exp_hrl_v1,74,2,US_7,MoveAction,,0,0,True
exp_hrl_v1,74,3,GE_1,MoveAction,,0,0,True
exp_hrl_v1,74,3,US_1,MoveAction,,0,0,True
exp_hrl_v1,74,3,GE_2,MoveAction,,0,0,True
exp_hrl_v1,74,3,US_2,MoveAction,,0,0,True
exp_hrl_v1,74,3,GE_3,MoveAction,,0,0,True
exp_hrl_v1,74,3,US_3,MoveAction,,0,0,True
exp_hrl_v1,74,3,GE_4,MoveAction,,0,0,True
exp_hrl_v1,74,3,US_4,MoveAction,,0,0,True
exp_hrl_v1,74,3,GE_5,MoveAction,,0,0,True
exp_hrl_v1,74,3,US_5,MoveAction,,0,0,True
exp_hrl_v1,74,3,US_6,MoveAction,,0,0,True
exp_hrl_v1,74,3,US_7,MoveAction,,0,0,True
exp_hrl_v1,74,4,GE_1,MoveAction,,0,0,True
exp_hrl_v1,74,4,US_1,MoveAction,,0,0,True
exp_hrl_v1,74,4,GE_2,WaitAction,,0,0,True
exp_hrl_v1,74,4,US_2,WaitAction,,0,0,True
exp_hrl_v1,74,4,GE_3,WaitAction,,0,0,True
exp_hrl_v1,74,4,US_3,WaitAction,,0,0,True
exp_hrl_v1,74,4,GE_4,MoveAction,,0,0,True
exp_hrl_v1,74,4,US_4,MoveAction,,0,0,True
exp_hrl_v1,74,4,GE_5,MoveAction,,0,0,True
exp_hrl_v1,74,4,US_5,MoveAction,,0,0,True
exp_hrl_v1,74,4,US_6,MoveAction,,0,0,True
exp_hrl_v1,74,4,US_7,MoveAction,,0,0,True
exp_hrl_v1,74,5,GE_1,MoveAction,,0,0,True
exp_hrl_v1,74,5,US_1,MoveAction,,0,0,True
exp_hrl_v1,74,5,GE_2,WaitAction,,0,0,True
exp_hrl_v1,74,5,US_2,MoveAction,,0,0,True
exp_hrl_v1,74,5,GE_3,MoveAction,,0,0,True
exp_hrl_v1,74,5,US_3,MoveAction,,0,0,True
exp_hrl_v1,74,5,GE_4,MoveAction,,0,0,True
exp_hrl_v1,74,5,US_4,MoveAction,,0,0,True
exp_hrl_v1,74,5,GE_5,WaitAction,,0,0,True
exp_hrl_v1,74,5,US_5,MoveAction,,0,0,True
exp_hrl_v1,74,5,US_6,MoveAction,,0,0,True
exp_hrl_v1,74,5,US_7,MoveAction,,0,0,True
exp_hrl_v1,74,6,GE_1,WaitAction,,0,0,True
exp_hrl_v1,74,6,US_1,MoveAction,,0,0,True
exp_hrl_v1,74,6,GE_2,WaitAction,,0,0,True
exp_hrl_v1,74,6,US_2,RangedDirectAttack,,0,0,True
exp_hrl_v1,74,6,GE_3,WaitAction,,0,0,True
exp_hrl_v1,74,6,US_3,RangedDirectAttack,,0,0,True
exp_hrl_v1,74,6,GE_4,MoveAction,,0,0,True
exp_hrl_v1,74,6,US_4,RangedDirectAttack,,0,0,True
exp_hrl_v1,74,6,GE_5,NoneType,,0,0,True
exp_hrl_v1,74,6,US_5,RangedDirectAttack,,0,0,True
exp_hrl_v1,74,6,US_6,RangedDirectAttack,,0,0,True
exp_hrl_v1,74,6,US_7,RangedDirectAttack,,0,0,True
exp_hrl_v1,74,7,GE_3,MoveAction,,0,0,True
exp_hrl_v1,74,7,US_1,RangedDirectAttack,,0,0,True
exp_hrl_v1,74,7,GE_4,WaitAction,,0,0,True
exp_hrl_v1,74,7,US_2,RangedDirectAttack,,0,0,True
exp_hrl_v1,75,1,GE_1,MoveAction,,0,0,True
exp_hrl_v1,75,1,US_1,MoveAction,,0,0,True
exp_hrl_v1,75,1,GE_2,MoveAction,,0,0,True
exp_hrl_v1,75,1,US_2,MoveAction,,0,0,True
exp_hrl_v1,75,1,GE_3,MoveAction,,0,0,True
exp_hrl_v1,75,1,US_3,MoveAction,,0,0,True
exp_hrl_v1,75,1,GE_4,MoveAction,,0,0,True
exp_hrl_v1,75,1,US_4,MoveAction,,0,0,True
exp_hrl_v1,75,1,GE_5,MoveAction,,0,0,True
exp_hrl_v1,75,1,US_5,MoveAction,,0,0,True
exp_hrl_v1,75,1,US_6,MoveAction,,0,0,True
exp_hrl_v1,75,1,US_7,MoveAction,,0,0,True
exp_hrl_v1,75,2,GE_1,MoveAction,,0,0,True
exp_hrl_v1,75,2,US_1,MoveAction,,0,0,True
exp_hrl_v1,75,2,GE_2,MoveAction,,0,0,True
exp_hrl_v1,75,2,US_2,MoveAction,,0,0,True
exp_hrl_v1,75,2,GE_3,MoveAction,,0,0,True
exp_hrl_v1,75,2,US_3,WaitAction,,0,0,True
exp_hrl_v1,75,2,GE_4,MoveAction,,0,0,True
exp_hrl_v1,75,2,US_4,MoveAction,,0,0,True
exp_hrl_v1,75,2,GE_5,MoveAction,,0,0,True
exp_hrl_v1,75,2,US_5,MoveAction,,0,0,True
exp_hrl_v1,75,2,US_6,MoveAction,,0,0,True
exp_hrl_v1,75,2,US_7,MoveAction,,0,0,True
exp_hrl_v1,75,3,GE_1,MoveAction,,0,0,True
exp_hrl_v1,75,3,US_1,MoveAction,,0,0,True
exp_hrl_v1,75,3,GE_2,MoveAction,,0,0,True
exp_hrl_v1,75,3,US_2,MoveAction,,0,0,True
exp_hrl_v1,75,3,GE_3,MoveAction,,0,0,True
exp_hrl_v1,75,3,US_3,MoveAction,,0,0,True
exp_hrl_v1,75,3,GE_4,MoveAction,,0,0,True
exp_hrl_v1,75,3,US_4,MoveAction,,0,0,True
exp_hrl_v1,75,3,GE_5,MoveAction,,0,0,True
exp_hrl_v1,75,3,US_5,MoveAction,,0,0,True
exp_hrl_v1,75,3,US_6,MoveAction,,0,0,True
exp_hrl_v1,75,3,US_7,MoveAction,,0,0,True
exp_hrl_v1,75,4,GE_1,MoveAction,,0,0,True
exp_hrl_v1,75,4,US_1,MoveAction,,0,0,True
exp_hrl_v1,75,4,GE_2,MoveAction,,0,0,True
exp_hrl_v1,75,4,US_2,RangedDirectAttack,,0,0,True
exp_hrl_v1,75,4,GE_3,MoveAction,,0,0,True
exp_hrl_v1,75,4,US_3,RangedDirectAttack,,0,0,True
exp_hrl_v1,75,4,GE_4,MoveAction,,0,0,True
exp_hrl_v1,75,4,US_4,RangedDirectAttack,,0,0,True
exp_hrl_v1,75,4,GE_5,NoneType,,0,0,True
exp_hrl_v1,75,4,US_5,RangedDirectAttack,,0,0,True
exp_hrl_v1,75,4,US_6,RangedDirectAttack,,0,0,True
exp_hrl_v1,75,4,US_7,RangedDirectAttack,,0,0,True
exp_hrl_v1,75,5,GE_2,WaitAction,,0,0,True
exp_hrl_v1,75,5,US_1,RangedDirectAttack,,0,0,True
exp_hrl_v1,75,5,GE_3,WaitAction,,0,0,True
exp_hrl_v1,75,5,US_2,RangedDirectAttack,,0,0,True
exp_hrl_v1,75,5,GE_4,MoveAction,,0,0,True
exp_hrl_v1,75,5,US_3,RangedDirectAttack,,0,0,True
exp_hrl_v1,75,5,US_4,RangedDirectAttack,,0,0,True
exp_hrl_v1,76,1,GE_1,MoveAction,,0,0,True
exp_hrl_v1,76,1,US_1,MoveAction,,0,0,True
exp_hrl_v1,76,1,GE_2,MoveAction,,0,0,True
exp_hrl_v1,76,1,US_2,MoveAction,,0,0,True
exp_hrl_v1,76,1,GE_3,MoveAction,,0,0,True
exp_hrl_v1,76,1,US_3,MoveAction,,0,0,True
exp_hrl_v1,76,1,GE_4,MoveAction,,0,0,True
exp_hrl_v1,76,1,US_4,MoveAction,,0,0,True
exp_hrl_v1,76,1,GE_5,MoveAction,,0,0,True
exp_hrl_v1,76,1,US_5,MoveAction,,0,0,True
exp_hrl_v1,76,1,US_6,MoveAction,,0,0,True
exp_hrl_v1,76,1,US_7,MoveAction,,0,0,True
exp_hrl_v1,76,2,GE_1,MoveAction,,0,0,True
exp_hrl_v1,76,2,US_1,MoveAction,,0,0,True
exp_hrl_v1,76,2,GE_2,MoveAction,,0,0,True
exp_hrl_v1,76,2,US_2,MoveAction,,0,0,True
exp_hrl_v1,76,2,GE_3,MoveAction,,0,0,True
exp_hrl_v1,76,2,US_3,MoveAction,,0,0,True
exp_hrl_v1,76,2,GE_4,MoveAction,,0,0,True
exp_hrl_v1,76,2,US_4,MoveAction,,0,0,True
exp_hrl_v1,76,2,GE_5,MoveAction,,0,0,True
exp_hrl_v1,76,2,US_5,MoveAction,,0,0,True
exp_hrl_v1,76,2,US_6,MoveAction,,0,0,True
exp_hrl_v1,76,2,US_7,MoveAction,,0,0,True
exp_hrl_v1,76,3,GE_1,MoveAction,,0,0,True
exp_hrl_v1,76,3,US_1,MoveAction,,0,0,True
exp_hrl_v1,76,3,GE_2,MoveAction,,0,0,True
exp_hrl_v1,76,3,US_2,MoveAction,,0,0,True
exp_hrl_v1,76,3,GE_3,MoveAction,,0,0,True
exp_hrl_v1,76,3,US_3,MoveAction,,0,0,True
exp_hrl_v1,76,3,GE_4,MoveAction,,0,0,True
exp_hrl_v1,76,3,US_4,MoveAction,,0,0,True
exp_hrl_v1,76,3,GE_5,MoveAction,,0,0,True
exp_hrl_v1,76,3,US_5,MoveAction,,0,0,True
exp_hrl_v1,76,3,US_6,MoveAction,,0,0,True
exp_hrl_v1,76,3,US_7,MoveAction,,0,0,True
exp_hrl_v1,76,4,GE_1,MoveAction,,0,0,True
exp_hrl_v1,76,4,US_1,WaitAction,,0,0,True
exp_hrl_v1,76,4,GE_2,WaitAction,,0,0,True
exp_hrl_v1,76,4,US_2,MoveAction,,0,0,True
exp_hrl_v1,76,4,GE_3,MoveAction,,0,0,True
exp_hrl_v1,76,4,US_3,WaitAction,,0,0,True
exp_hrl_v1,76,4,GE_4,MoveAction,,0,0,True
exp_hrl_v1,76,4,US_4,MoveAction,,0,0,True
exp_hrl_v1,76,4,GE_5,WaitAction,,0,0,True
exp_hrl_v1,76,4,US_5,WaitAction,,0,0,True
exp_hrl_v1,76,4,US_6,MoveAction,,0,0,True
exp_hrl_v1,76,5,US_7,WaitAction,,0,0,True
exp_hrl_v1,76,5,GE_1,WaitAction,,0,0,True
exp_hrl_v1,76,5,US_1,WaitAction,,0,0,True
exp_hrl_v1,76,5,GE_2,WaitAction,,0,0,True
exp_hrl_v1,76,5,US_2,WaitAction,,0,0,True
exp_hrl_v1,76,5,GE_3,WaitAction,,0,0,True
exp_hrl_v1,76,5,US_3,WaitAction,,0,0,True
exp_hrl_v1,76,5,GE_4,WaitAction,,0,0,True
exp_hrl_v1,76,5,US_4,WaitAction,,0,0,True
exp_hrl_v1,76,5,GE_5,WaitAction,,0,0,True
exp_hrl_v1,76,5,US_5,WaitAction,,0,0,True
exp_hrl_v1,76,5,US_6,MoveAction,,0,0,True
exp_hrl_v1,76,5,US_7,RangedIndirectAttack,,0,0,True
exp_hrl_v1,76,6,GE_1,WaitAction,,0,0,True
exp_hrl_v1,76,6,US_1,RangedIndirectAttack,,0,0,True
exp_hrl_v1,76,6,GE_2,WaitAction,,0,0,True
exp_hrl_v1,76,6,US_2,RangedIndirectAttack,,0,0,True
exp_hrl_v1,76,6,GE_3,WaitAction,,0,0,True
exp_hrl_v1,76,6,US_3,RangedIndirectAttack,,0,0,True
exp_hrl_v1,76,6,GE_4,WaitAction,,0,0,True
exp_hrl_v1,76,6,US_4,RangedIndirectAttack,,0,0,True
exp_hrl_v1,76,6,GE_5,NoneType,,0,0,True
exp_hrl_v1,76,6,US_5,RangedIndirectAttack,,0,0,True
exp_hrl_v1,76,6,US_6,RangedIndirectAttack,,0,0,True
exp_hrl_v1,76,6,US_7,RangedIndirectAttack,,0,0,True
exp_hrl_v1,76,7,GE_3,WaitAction,,0,0,True
exp_hrl_v1,76,7,US_1,RangedIndirectAttack,,0,0,True
exp_hrl_v1,76,7,GE_4,MoveAction,,0,0,True
exp_hrl_v1,76,7,US_2,RangedIndirectAttack,,0,0,True
exp_hrl_v1,77,1,GE_1,MoveAction,,0,0,True
exp_hrl_v1,77,1,US_1,MoveAction,,0,0,True
exp_hrl_v1,77,1,GE_2,MoveAction,,0,0,True
exp_hrl_v1,77,1,US_2,MoveAction,,0,0,True
exp_hrl_v1,77,1,GE_3,MoveAction,,0,0,True
exp_hrl_v1,77,1,US_3,MoveAction,,0,0,True
exp_hrl_v1,77,1,GE_4,MoveAction,,0,0,True
exp_hrl_v1,77,1,US_4,MoveAction,,0,0,True
exp_hrl_v1,77,1,GE_5,MoveAction,,0,0,True
exp_hrl_v1,77,1,US_5,MoveAction,,0,0,True
exp_hrl_v1,77,1,US_6,MoveAction,,0,0,True
exp_hrl_v1,77,1,US_7,MoveAction,,0,0,True
exp_hrl_v1,77,2,GE_1,MoveAction,,0,0,True
exp_hrl_v1,77,2,US_1,MoveAction,,0,0,True
exp_hrl_v1,77,2,GE_2,MoveAction,,0,0,True
exp_hrl_v1,77,2,US_2,MoveAction,,0,0,True
exp_hrl_v1,77,2,GE_3,MoveAction,,0,0,True
exp_hrl_v1,77,2,US_3,MoveAction,,0,0,True
exp_hrl_v1,77,2,GE_4,MoveAction,,0,0,True
exp_hrl_v1,77,2,US_4,MoveAction,,0,0,True
exp_hrl_v1,77,2,GE_5,MoveAction,,0,0,True
exp_hrl_v1,77,2,US_5,RangedIndirectAttack,,0,0,True
exp_hrl_v1,77,2,US_6,RangedIndirectAttack,,0,0,True
exp_hrl_v1,77,2,US_7,RangedIndirectAttack,,0,0,True
exp_hrl_v1,77,3,GE_2,MoveAction,,0,0,True
exp_hrl_v1,77,3,US_1,RangedIndirectAttack,,0,0,True
exp_hrl_v1,77,3,GE_3,MoveAction,,0,0,True
exp_hrl_v1,77,3,US_2,RangedIndirectAttack,,0,0,True
exp_hrl_v1,77,3,GE_4,MoveAction,,0,0,True
exp_hrl_v1,77,3,US_3,RangedIndirectAttack,,0,0,True
exp_hrl_v1,77,3,US_4,RangedIndirectAttack,,0,0,True
exp_hrl_v1,77,3,US_5,RangedIndirectAttack,,0,0,True
exp_hrl_v1,77,3,US_6,RangedIndirectAttack,,0,0,True
exp_hrl_v1,77,3,US_7,RangedIndirectAttack,,0,0,True
exp_hrl_v1,78,1,GE_1,MoveAction,,0,0,True
exp_hrl_v1,78,1,US_1,RangedIndirectAttack,,0,0,True
exp_hrl_v1,78,1,GE_2,MoveAction,,0,0,True
exp_hrl_v1,78,1,US_2,RangedIndirectAttack,,0,0,True
exp_hrl_v1,78,1,GE_3,MoveAction,,0,0,True
exp_hrl_v1,78,1,US_3,RangedIndirectAttack,,0,0,True
exp_hrl_v1,78,1,GE_4,MoveAction,,0,0,True
exp_hrl_v1,78,1,US_4,RangedIndirectAttack,,0,0,True
exp_hrl_v1,78,1,GE_5,NoneType,,0,0,True
exp_hrl_v1,78,1,US_5,RangedIndirectAttack,,0,0,True
exp_hrl_v1,78,1,US_6,RangedIndirectAttack,,0,0,True
exp_hrl_v1,78,1,US_7,RangedIndirectAttack,,0,0,True
exp_hrl_v1,78,2,GE_1,MoveAction,,0,0,True
exp_hrl_v1,78,2,US_1,RangedIndirectAttack,,0,0,True
exp_hrl_v1,78,2,GE_2,MoveAction,,0,0,True
exp_hrl_v1,78,2,US_2,RangedIndirectAttack,,0,0,True
exp_hrl_v1,78,2,GE_3,MoveAction,,0,0,True
exp_hrl_v1,78,2,US_3,RangedIndirectAttack,,0,0,True
exp_hrl_v1,78,2,GE_4,MoveAction,,0,0,True
exp_hrl_v1,78,2,US_4,MoveAction,,0,0,True
exp_hrl_v1,78,2,US_5,MoveAction,,0,0,True
exp_hrl_v1,78,2,US_6,MoveAction,,0,0,True
exp_hrl_v1,78,3,US_7,WaitAction,,0,0,True
exp_hrl_v1,78,3,GE_1,MoveAction,,0,0,True
exp_hrl_v1,78,3,US_1,MoveAction,,0,0,True
exp_hrl_v1,78,3,GE_2,MoveAction,,0,0,True
exp_hrl_v1,78,3,US_2,MoveAction,,0,0,True
exp_hrl_v1,78,3,GE_3,MoveAction,,0,0,True
exp_hrl_v1,78,3,US_3,MoveAction,,0,0,True
exp_hrl_v1,78,3,GE_4,MoveAction,,0,0,True
exp_hrl_v1,78,3,US_4,MoveAction,,0,0,True
exp_hrl_v1,78,3,US_5,MoveAction,,0,0,True
exp_hrl_v1,78,3,US_6,MoveAction,,0,0,True
exp_hrl_v1,78,4,US_7,WaitAction,,0,0,True
exp_hrl_v1,78,4,GE_1,MoveAction,,0,0,True
exp_hrl_v1,78,4,US_1,MoveAction,,0,0,True
exp_hrl_v1,78,4,GE_2,MoveAction,,0,0,True
exp_hrl_v1,78,4,US_2,RangedDirectAttack,,0,0,True
exp_hrl_v1,78,4,GE_3,MoveAction,,0,0,True
exp_hrl_v1,78,4,US_3,RangedDirectAttack,,0,0,True
exp_hrl_v1,78,4,GE_4,MoveAction,,0,0,True
exp_hrl_v1,78,4,US_4,RangedDirectAttack,,0,0,True
exp_hrl_v1,78,4,US_5,RangedDirectAttack,,0,0,True
exp_hrl_v1,78,4,US_6,RangedDirectAttack,,0,0,True
exp_hrl_v1,78,4,US_7,RangedDirectAttack,,0,0,True
exp_hrl_v1,78,5,GE_4,MoveAction,,0,0,True
exp_hrl_v1,78,5,US_1,RangedDirectAttack,,0,0,True
exp_hrl_v1,78,5,US_2,RangedDirectAttack,,0,0,True
exp_hrl_v1,78,5,US_3,RangedDirectAttack,,0,0,True
exp_hrl_v1,79,1,GE_1,MoveAction,,0,0,True
exp_hrl_v1,79,1,US_1,MoveAction,,0,0,True
exp_hrl_v1,79,1,GE_2,MoveAction,,0,0,True
exp_hrl_v1,79,1,US_2,MoveAction,,0,0,True
exp_hrl_v1,79,1,GE_3,MoveAction,,0,0,True
exp_hrl_v1,79,1,US_3,MoveAction,,0,0,True
exp_hrl_v1,79,1,GE_4,MoveAction,,0,0,True
exp_hrl_v1,79,1,US_4,MoveAction,,0,0,True
exp_hrl_v1,79,1,GE_5,MoveAction,,0,0,True
exp_hrl_v1,79,1,US_5,MoveAction,,0,0,True
exp_hrl_v1,79,1,US_6,MoveAction,,0,0,True
exp_hrl_v1,79,1,US_7,MoveAction,,0,0,True
exp_hrl_v1,79,2,GE_1,MoveAction,,0,0,True
exp_hrl_v1,79,2,US_1,MoveAction,,0,0,True
exp_hrl_v1,79,2,GE_2,MoveAction,,0,0,True
exp_hrl_v1,79,2,US_2,MoveAction,,0,0,True
exp_hrl_v1,79,2,GE_3,MoveAction,,0,0,True
exp_hrl_v1,79,2,US_3,WaitAction,,0,0,True
exp_hrl_v1,79,2,GE_4,MoveAction,,0,0,True
exp_hrl_v1,79,2,US_4,MoveAction,,0,0,True
exp_hrl_v1,79,2,GE_5,MoveAction,,0,0,True
exp_hrl_v1,79,2,US_5,MoveAction,,0,0,True
exp_hrl_v1,79,2,US_6,MoveAction,,0,0,True
exp_hrl_v1,79,3,US_7,WaitAction,,0,0,True
exp_hrl_v1,79,3,GE_1,MoveAction,,0,0,True
exp_hrl_v1,79,3,US_1,MoveAction,,0,0,True
exp_hrl_v1,79,3,GE_2,MoveAction,,0,0,True
exp_hrl_v1,79,3,US_2,MoveAction,,0,0,True
exp_hrl_v1,79,3,GE_3,MoveAction,,0,0,True
exp_hrl_v1,79,3,US_3,MoveAction,,0,0,True
exp_hrl_v1,79,3,GE_4,MoveAction,,0,0,True
exp_hrl_v1,79,3,US_4,MoveAction,,0,0,True
exp_hrl_v1,79,3,GE_5,WaitAction,,0,0,True
exp_hrl_v1,79,3,US_5,WaitAction,,0,0,True
exp_hrl_v1,79,3,US_6,MoveAction,,0,0,True
exp_hrl_v1,79,3,US_7,MoveAction,,0,0,True
exp_hrl_v1,79,4,GE_1,MoveAction,,0,0,True
exp_hrl_v1,79,4,US_1,WaitAction,,0,0,True
exp_hrl_v1,79,4,GE_2,WaitAction,,0,0,True
exp_hrl_v1,79,4,US_2,MoveAction,,0,0,True
exp_hrl_v1,79,4,GE_3,WaitAction,,0,0,True
exp_hrl_v1,79,4,US_3,MoveAction,,0,0,True
exp_hrl_v1,79,4,GE_4,MoveAction,,0,0,True
exp_hrl_v1,79,4,US_4,RangedDirectAttack,,0,0,True
exp_hrl_v1,79,4,GE_5,NoneType,,0,0,True
exp_hrl_v1,79,4,US_5,RangedDirectAttack,,0,0,True
exp_hrl_v1,79,4,US_6,RangedDirectAttack,,0,0,True
exp_hrl_v1,79,4,US_7,RangedDirectAttack,,0,0,True
exp_hrl_v1,79,5,GE_1,WaitAction,,0,0,True
exp_hrl_v1,79,5,US_1,RangedDirectAttack,,0,0,True
exp_hrl_v1,79,5,GE_3,MoveAction,,0,0,True
exp_hrl_v1,79,5,US_2,RangedDirectAttack,,0,0,True
exp_hrl_v1,79,5,GE_4,WaitAction,,0,0,True
exp_hrl_v1,79,5,US_3,RangedDirectAttack,,0,0,True
exp_hrl_v1,79,5,US_4,RangedDirectAttack,,0,0,True
exp_hrl_v1,79,5,US_5,RangedDirectAttack,,0,0,True
exp_hrl_v1,79,5,US_6,RangedDirectAttack,,0,0,True
exp_hrl_v1,79,6,US_7,WaitAction,,0,0,True
exp_hrl_v1,79,6,GE_3,WaitAction,,0,0,True
exp_hrl_v1,79,6,US_1,WaitAction,,0,0,True
exp_hrl_v1,79,6,GE_4,MoveAction,,0,0,True
exp_hrl_v1,79,6,US_2,WaitAction,,0,0,True
exp_hrl_v1,79,6,US_3,WaitAction,,0,0,True
exp_hrl_v1,79,6,US_4,MoveAction,,0,0,True
exp_hrl_v1,79,6,US_5,WaitAction,,0,0,True
exp_hrl_v1,79,6,US_6,MoveAction,,0,0,True
exp_hrl_v1,79,6,US_7,MoveAction,,0,0,True
exp_hrl_v1,79,7,GE_3,WaitAction,,0,0,True
exp_hrl_v1,79,7,US_1,MoveAction,,0,0,True
exp_hrl_v1,79,7,GE_4,MoveAction,,0,0,True
exp_hrl_v1,79,7,US_2,MoveAction,,0,0,True
exp_hrl_v1,79,7,US_3,MoveAction,,0,0,True
exp_hrl_v1,79,7,US_4,MoveAction,,0,0,True
exp_hrl_v1,79,7,US_5,MoveAction,,0,0,True
exp_hrl_v1,79,7,US_6,MoveAction,,0,0,True
exp_hrl_v1,79,7,US_7,MoveAction,,0,0,True
exp_hrl_v1,79,8,GE_3,WaitAction,,0,0,True
exp_hrl_v1,79,8,US_1,MoveAction,,0,0,True
exp_hrl_v1,79,8,GE_4,WaitAction,,0,0,True
exp_hrl_v1,79,8,US_2,RangedDirectAttack,,0,0,True
exp_hrl_v1,79,8,US_3,RangedDirectAttack,,0,0,True
exp_hrl_v1,79,8,US_4,RangedDirectAttack,,0,0,True
exp_hrl_v1,79,8,US_5,RangedDirectAttack,,0,0,True
exp_hrl_v1,79,8,US_6,RangedDirectAttack,,0,0,True
exp_hrl_v1,79,8,US_7,RangedDirectAttack,,0,0,True
exp_hrl_v1,79,9,GE_3,MoveAction,,0,0,True
exp_hrl_v1,79,9,US_1,RangedDirectAttack,,0,0,True
exp_hrl_v1,80,1,GE_1,MoveAction,,0,0,True
exp_hrl_v1,80,1,US_1,MoveAction,,0,0,True
exp_hrl_v1,80,1,GE_2,MoveAction,,0,0,True
exp_hrl_v1,80,1,US_2,MoveAction,,0,0,True
exp_hrl_v1,80,1,GE_3,MoveAction,,0,0,True
exp_hrl_v1,80,1,US_3,MoveAction,,0,0,True
exp_hrl_v1,80,1,GE_4,MoveAction,,0,0,True
exp_hrl_v1,80,1,US_4,MoveAction,,0,0,True
exp_hrl_v1,80,1,GE_5,MoveAction,,0,0,True
exp_hrl_v1,80,1,US_5,MoveAction,,0,0,True
exp_hrl_v1,80,1,US_6,MoveAction,,0,0,True
exp_hrl_v1,80,1,US_7,RangedDirectAttack,,0,0,True
exp_hrl_v1,80,2,GE_1,MoveAction,,0,0,True
exp_hrl_v1,80,2,US_1,RangedDirectAttack,,0,0,True
exp_hrl_v1,80,2,GE_2,MoveAction,,0,0,True
exp_hrl_v1,80,2,US_2,RangedDirectAttack,,0,0,True
exp_hrl_v1,80,2,GE_3,MoveAction,,0,0,True
exp_hrl_v1,80,2,US_3,RangedDirectAttack,,0,0,True
exp_hrl_v1,80,2,GE_4,MoveAction,,0,0,True
exp_hrl_v1,80,2,US_4,RangedDirectAttack,,0,0,True
exp_hrl_v1,80,2,GE_5,NoneType,,0,0,True
exp_hrl_v1,80,2,US_5,RangedDirectAttack,,0,0,True
exp_hrl_v1,80,2,US_6,RangedDirectAttack,,0,0,True
exp_hrl_v1,80,2,US_7,RangedDirectAttack,,0,0,True
exp_hrl_v1,80,3,GE_1,MoveAction,,0,0,True
exp_hrl_v1,80,3,US_1,RangedDirectAttack,,0,0,True
exp_hrl_v1,80,3,GE_3,MoveAction,,0,0,True
exp_hrl_v1,80,3,US_2,RangedDirectAttack,,0,0,True
exp_hrl_v1,80,3,GE_4,MoveAction,,0,0,True
exp_hrl_v1,80,3,US_3,MoveAction,,0,0,True
exp_hrl_v1,80,3,US_4,MoveAction,,0,0,True
exp_hrl_v1,80,3,US_5,MoveAction,,0,0,True
exp_hrl_v1,80,3,US_6,MoveAction,,0,0,True
exp_hrl_v1,80,3,US_7,MoveAction,,0,0,True
exp_hrl_v1,80,4,GE_3,MoveAction,,0,0,True
exp_hrl_v1,80,4,US_1,MoveAction,,0,0,True
exp_hrl_v1,80,4,GE_4,MoveAction,,0,0,True
exp_hrl_v1,80,4,US_2,MoveAction,,0,0,True
exp_hrl_v1,80,4,US_3,MoveAction,,0,0,True
exp_hrl_v1,80,4,US_4,WaitAction,,0,0,True
exp_hrl_v1,80,4,US_5,MoveAction,,0,0,True
exp_hrl_v1,80,4,US_6,MoveAction,,0,0,True
exp_hrl_v1,80,5,US_7,WaitAction,,0,0,True
exp_hrl_v1,80,5,GE_3,MoveAction,,0,0,True
exp_hrl_v1,80,5,US_1,MoveAction,,0,0,True
exp_hrl_v1,80,5,GE_4,MoveAction,,0,0,True
exp_hrl_v1,80,5,US_2,RangedDirectAttack,,0,0,True
exp_hrl_v1,80,5,US_3,RangedDirectAttack,,0,0,True
exp_hrl_v1,80,5,US_4,RangedDirectAttack,,0,0,True
exp_hrl_v1,81,1,GE_1,MoveAction,,0,0,True
exp_hrl_v1,81,1,US_1,RangedDirectAttack,,0,0,True
exp_hrl_v1,81,1,GE_2,MoveAction,,0,0,True
exp_hrl_v1,81,1,US_2,RangedDirectAttack,,0,0,True
exp_hrl_v1,81,1,GE_3,MoveAction,,0,0,True
exp_hrl_v1,81,1,US_3,RangedDirectAttack,,0,0,True
exp_hrl_v1,81,1,GE_4,MoveAction,,0,0,True
exp_hrl_v1,81,1,US_4,RangedDirectAttack,,0,0,True
exp_hrl_v1,81,1,GE_5,NoneType,,0,0,True
exp_hrl_v1,81,1,US_5,RangedDirectAttack,,0,0,True
exp_hrl_v1,81,1,US_6,RangedDirectAttack,,0,0,True
exp_hrl_v1,81,1,US_7,RangedDirectAttack,,0,0,True
exp_hrl_v1,81,2,GE_1,MoveAction,,0,0,True
exp_hrl_v1,81,2,US_1,RangedDirectAttack,,0,0,True
exp_hrl_v1,81,2,GE_2,MoveAction,,0,0,True
exp_hrl_v1,81,2,US_2,RangedDirectAttack,,0,0,True
exp_hrl_v1,81,2,GE_3,MoveAction,,0,0,True
exp_hrl_v1,81,2,US_3,RangedDirectAttack,,0,0,True
exp_hrl_v1,81,2,GE_4,MoveAction,,0,0,True
exp_hrl_v1,81,2,US_4,RangedDirectAttack,,0,0,True
exp_hrl_v1,81,2,US_5,RangedDirectAttack,,0,0,True
exp_hrl_v1,81,2,US_6,RangedDirectAttack,,0,0,True
exp_hrl_v1,81,2,US_7,RangedDirectAttack,,0,0,True
exp_hrl_v1,81,3,GE_4,MoveAction,,0,0,True
exp_hrl_v1,81,3,US_1,RangedDirectAttack,,0,0,True
exp_hrl_v1,81,3,US_2,RangedDirectAttack,,0,0,True
exp_hrl_v1,81,3,US_3,RangedDirectAttack,,0,0,True
exp_hrl_v1,82,1,GE_1,MoveAction,,0,0,True
exp_hrl_v1,82,1,US_1,MoveAction,,0,0,True
exp_hrl_v1,82,1,GE_2,MoveAction,,0,0,True
exp_hrl_v1,82,1,US_2,MoveAction,,0,0,True
exp_hrl_v1,82,1,GE_3,MoveAction,,0,0,True
exp_hrl_v1,82,1,US_3,MoveAction,,0,0,True
exp_hrl_v1,82,1,GE_4,MoveAction,,0,0,True
exp_hrl_v1,82,1,US_4,MoveAction,,0,0,True
exp_hrl_v1,82,1,GE_5,MoveAction,,0,0,True
exp_hrl_v1,82,1,US_5,MoveAction,,0,0,True
exp_hrl_v1,82,1,US_6,MoveAction,,0,0,True
exp_hrl_v1,82,1,US_7,MoveAction,,0,0,True
exp_hrl_v1,82,2,GE_1,MoveAction,,0,0,True
exp_hrl_v1,82,2,US_1,MoveAction,,0,0,True
exp_hrl_v1,82,2,GE_2,MoveAction,,0,0,True
exp_hrl_v1,82,2,US_2,MoveAction,,0,0,True
exp_hrl_v1,82,2,GE_3,MoveAction,,0,0,True
exp_hrl_v1,82,2,US_3,WaitAction,,0,0,True
exp_hrl_v1,82,2,GE_4,MoveAction,,0,0,True
exp_hrl_v1,82,2,US_4,MoveAction,,0,0,True
exp_hrl_v1,82,2,GE_5,MoveAction,,0,0,True
exp_hrl_v1,82,2,US_5,MoveAction,,0,0,True
exp_hrl_v1,82,2,US_6,MoveAction,,0,0,True
exp_hrl_v1,82,3,US_7,WaitAction,,0,0,True
exp_hrl_v1,82,3,GE_1,MoveAction,,0,0,True
exp_hrl_v1,82,3,US_1,MoveAction,,0,0,True
exp_hrl_v1,82,3,GE_2,MoveAction,,0,0,True
exp_hrl_v1,82,3,US_2,MoveAction,,0,0,True
exp_hrl_v1,82,3,GE_3,MoveAction,,0,0,True
exp_hrl_v1,82,3,US_3,MoveAction,,0,0,True
exp_hrl_v1,82,3,GE_4,MoveAction,,0,0,True
exp_hrl_v1,82,3,US_4,MoveAction,,0,0,True
exp_hrl_v1,82,3,GE_5,WaitAction,,0,0,True
exp_hrl_v1,82,3,US_5,WaitAction,,0,0,True
exp_hrl_v1,82,3,US_6,MoveAction,,0,0,True
exp_hrl_v1,82,3,US_7,MoveAction,,0,0,True
exp_hrl_v1,82,4,GE_1,MoveAction,,0,0,True
exp_hrl_v1,82,4,US_1,WaitAction,,0,0,True
exp_hrl_v1,82,4,GE_2,WaitAction,,0,0,True
exp_hrl_v1,82,4,US_2,MoveAction,,0,0,True
exp_hrl_v1,82,4,GE_3,WaitAction,,0,0,True
exp_hrl_v1,82,4,US_3,MoveAction,,0,0,True
exp_hrl_v1,82,4,GE_4,MoveAction,,0,0,True
exp_hrl_v1,82,4,US_4,MoveAction,,0,0,True
exp_hrl_v1,82,4,GE_5,WaitAction,,0,0,True
exp_hrl_v1,82,4,US_5,WaitAction,,0,0,True
exp_hrl_v1,82,4,US_6,MoveAction,,0,0,True
exp_hrl_v1,82,5,US_7,WaitAction,,0,0,True
exp_hrl_v1,82,5,GE_1,WaitAction,,0,0,True
exp_hrl_v1,82,5,US_1,WaitAction,,0,0,True
exp_hrl_v1,82,5,GE_2,WaitAction,,0,0,True
exp_hrl_v1,82,5,US_2,WaitAction,,0,0,True
exp_hrl_v1,82,5,GE_3,WaitAction,,0,0,True
exp_hrl_v1,82,5,US_3,WaitAction,,0,0,True
exp_hrl_v1,82,5,GE_4,WaitAction,,0,0,True
exp_hrl_v1,82,5,US_4,MoveAction,,0,0,True
exp_hrl_v1,82,5,GE_5,WaitAction,,0,0,True
exp_hrl_v1,82,5,US_5,WaitAction,,0,0,True
exp_hrl_v1,82,5,US_6,MoveAction,,0,0,True
exp_hrl_v1,82,6,US_7,WaitAction,,0,0,True
exp_hrl_v1,82,6,GE_1,WaitAction,,0,0,True
exp_hrl_v1,82,6,US_1,WaitAction,,0,0,True
exp_hrl_v1,82,6,GE_2,WaitAction,,0,0,True
exp_hrl_v1,82,6,US_2,RangedDirectAttack,,0,0,True
exp_hrl_v1,82,6,GE_3,WaitAction,,0,0,True
exp_hrl_v1,82,6,US_3,RangedDirectAttack,,0,0,True
exp_hrl_v1,82,6,GE_4,WaitAction,,0,0,True
exp_hrl_v1,82,6,US_4,RangedDirectAttack,,0,0,True
exp_hrl_v1,82,6,GE_5,NoneType,,0,0,True
exp_hrl_v1,82,6,US_5,RangedDirectAttack,,0,0,True
exp_hrl_v1,82,6,US_6,RangedDirectAttack,,0,0,True
exp_hrl_v1,82,6,US_7,RangedDirectAttack,,0,0,True
exp_hrl_v1,82,7,GE_4,MoveAction,,0,0,True
exp_hrl_v1,82,7,US_1,RangedDirectAttack,,0,0,True
exp_hrl_v1,83,1,GE_1,MoveAction,,0,0,True
exp_hrl_v1,83,1,US_1,MoveAction,,0,0,True
exp_hrl_v1,83,1,GE_2,MoveAction,,0,0,True
exp_hrl_v1,83,1,US_2,MoveAction,,0,0,True
exp_hrl_v1,83,1,GE_3,MoveAction,,0,0,True
exp_hrl_v1,83,1,US_3,MoveAction,,0,0,True
exp_hrl_v1,83,1,GE_4,MoveAction,,0,0,True
exp_hrl_v1,83,1,US_4,MoveAction,,0,0,True
exp_hrl_v1,83,1,GE_5,MoveAction,,0,0,True
exp_hrl_v1,83,1,US_5,MoveAction,,0,0,True
exp_hrl_v1,83,1,US_6,MoveAction,,0,0,True
exp_hrl_v1,83,1,US_7,MoveAction,,0,0,True
exp_hrl_v1,83,2,GE_1,MoveAction,,0,0,True
exp_hrl_v1,83,2,US_1,MoveAction,,0,0,True
exp_hrl_v1,83,2,GE_2,MoveAction,,0,0,True
exp_hrl_v1,83,2,US_2,MoveAction,,0,0,True
exp_hrl_v1,83,2,GE_3,MoveAction,,0,0,True
exp_hrl_v1,83,2,US_3,MoveAction,,0,0,True
exp_hrl_v1,83,2,GE_4,MoveAction,,0,0,True
exp_hrl_v1,83,2,US_4,MoveAction,,0,0,True
exp_hrl_v1,83,2,GE_5,MoveAction,,0,0,True
exp_hrl_v1,83,2,US_5,MoveAction,,0,0,True
exp_hrl_v1,83,2,US_6,MoveAction,,0,0,True
exp_hrl_v1,83,2,US_7,MoveAction,,0,0,True
exp_hrl_v1,83,3,GE_1,MoveAction,,0,0,True
exp_hrl_v1,83,3,US_1,MoveAction,,0,0,True
exp_hrl_v1,83,3,GE_2,MoveAction,,0,0,True
exp_hrl_v1,83,3,US_2,MoveAction,,0,0,True
exp_hrl_v1,83,3,GE_3,MoveAction,,0,0,True
exp_hrl_v1,83,3,US_3,MoveAction,,0,0,True
exp_hrl_v1,83,3,GE_4,MoveAction,,0,0,True
exp_hrl_v1,83,3,US_4,MoveAction,,0,0,True
exp_hrl_v1,83,3,GE_5,WaitAction,,0,0,True
exp_hrl_v1,83,3,US_5,WaitAction,,0,0,True
exp_hrl_v1,83,3,US_6,MoveAction,,0,0,True
exp_hrl_v1,83,4,US_7,WaitAction,,0,0,True
exp_hrl_v1,83,4,GE_1,MoveAction,,0,0,True
exp_hrl_v1,83,4,US_1,WaitAction,,0,0,True
exp_hrl_v1,83,4,GE_2,WaitAction,,0,0,True
exp_hrl_v1,83,4,US_2,MoveAction,,0,0,True
exp_hrl_v1,83,4,GE_3,WaitAction,,0,0,True
exp_hrl_v1,83,4,US_3,MoveAction,,0,0,True
exp_hrl_v1,83,4,GE_4,MoveAction,,0,0,True
exp_hrl_v1,83,4,US_4,MoveAction,,0,0,True
exp_hrl_v1,83,4,GE_5,WaitAction,,0,0,True
exp_hrl_v1,83,4,US_5,WaitAction,,0,0,True
exp_hrl_v1,83,4,US_6,MoveAction,,0,0,True
exp_hrl_v1,83,5,US_7,WaitAction,,0,0,True
exp_hrl_v1,83,5,GE_1,WaitAction,,0,0,True
exp_hrl_v1,83,5,US_1,WaitAction,,0,0,True
exp_hrl_v1,83,5,GE_2,WaitAction,,0,0,True
exp_hrl_v1,83,5,US_2,RangedDirectAttack,,0,0,True
exp_hrl_v1,83,5,GE_3,WaitAction,,0,0,True
exp_hrl_v1,83,5,US_3,RangedDirectAttack,,0,0,True
exp_hrl_v1,83,5,GE_4,WaitAction,,0,0,True
exp_hrl_v1,83,5,US_4,RangedDirectAttack,,0,0,True
exp_hrl_v1,83,5,GE_5,NoneType,,0,0,True
exp_hrl_v1,83,5,US_5,RangedDirectAttack,,0,0,True
exp_hrl_v1,83,5,US_6,RangedDirectAttack,,0,0,True
exp_hrl_v1,83,5,US_7,RangedDirectAttack,,0,0,True
exp_hrl_v1,83,6,GE_3,MoveAction,,0,0,True
exp_hrl_v1,83,6,US_1,RangedDirectAttack,,0,0,True
exp_hrl_v1,83,6,GE_4,MoveAction,,0,0,True
exp_hrl_v1,83,6,US_2,RangedDirectAttack,,0,0,True
exp_hrl_v1,83,6,US_3,RangedDirectAttack,,0,0,True
exp_hrl_v1,84,1,GE_1,MoveAction,,0,0,True
exp_hrl_v1,84,1,US_1,MoveAction,,0,0,True
exp_hrl_v1,84,1,GE_2,MoveAction,,0,0,True
exp_hrl_v1,84,1,US_2,MoveAction,,0,0,True
exp_hrl_v1,84,1,GE_3,MoveAction,,0,0,True
exp_hrl_v1,84,1,US_3,MoveAction,,0,0,True
exp_hrl_v1,84,1,GE_4,MoveAction,,0,0,True
exp_hrl_v1,84,1,US_4,MoveAction,,0,0,True
exp_hrl_v1,84,1,GE_5,MoveAction,,0,0,True
exp_hrl_v1,84,1,US_5,MoveAction,,0,0,True
exp_hrl_v1,84,1,US_6,MoveAction,,0,0,True
exp_hrl_v1,84,1,US_7,MoveAction,,0,0,True
exp_hrl_v1,84,2,GE_1,MoveAction,,0,0,True
exp_hrl_v1,84,2,US_1,MoveAction,,0,0,True
exp_hrl_v1,84,2,GE_2,MoveAction,,0,0,True
exp_hrl_v1,84,2,US_2,MoveAction,,0,0,True
exp_hrl_v1,84,2,GE_3,MoveAction,,0,0,True
exp_hrl_v1,84,2,US_3,MoveAction,,0,0,True
exp_hrl_v1,84,2,GE_4,MoveAction,,0,0,True
exp_hrl_v1,84,2,US_4,MoveAction,,0,0,True
exp_hrl_v1,84,2,GE_5,MoveAction,,0,0,True
exp_hrl_v1,84,2,US_5,RangedDirectAttack,,0,0,True
exp_hrl_v1,84,2,US_6,RangedDirectAttack,,0,0,True
exp_hrl_v1,84,2,US_7,RangedDirectAttack,,0,0,True
exp_hrl_v1,84,3,GE_1,MoveAction,,0,0,True
exp_hrl_v1,84,3,US_1,RangedDirectAttack,,0,0,True
exp_hrl_v1,84,3,GE_2,MoveAction,,0,0,True
exp_hrl_v1,84,3,US_2,RangedDirectAttack,,0,0,True
exp_hrl_v1,84,3,GE_3,MoveAction,,0,0,True
exp_hrl_v1,84,3,US_3,RangedDirectAttack,,0,0,True
exp_hrl_v1,84,3,GE_4,MoveAction,,0,0,True
exp_hrl_v1,84,3,US_4,RangedDirectAttack,,0,0,True
exp_hrl_v1,84,3,US_5,RangedDirectAttack,,0,0,True
exp_hrl_v1,84,3,US_6,RangedDirectAttack,,0,0,True
exp_hrl_v1,84,3,US_7,RangedDirectAttack,,0,0,True
exp_hrl_v1,84,4,GE_3,MoveAction,,0,0,True
exp_hrl_v1,84,4,US_1,RangedDirectAttack,,0,0,True
exp_hrl_v1,84,4,GE_4,MoveAction,,0,0,True
exp_hrl_v1,84,4,US_2,RangedDirectAttack,,0,0,True
exp_hrl_v1,84,4,US_3,RangedDirectAttack,,0,0,True
exp_hrl_v1,85,1,GE_1,MoveAction,,0,0,True
exp_hrl_v1,85,1,US_1,MoveAction,,0,0,True
exp_hrl_v1,85,1,GE_2,MoveAction,,0,0,True
exp_hrl_v1,85,1,US_2,MoveAction,,0,0,True
exp_hrl_v1,85,1,GE_3,MoveAction,,0,0,True
exp_hrl_v1,85,1,US_3,MoveAction,,0,0,True
exp_hrl_v1,85,1,GE_4,MoveAction,,0,0,True
exp_hrl_v1,85,1,US_4,MoveAction,,0,0,True
exp_hrl_v1,85,1,GE_5,MoveAction,,0,0,True
exp_hrl_v1,85,1,US_5,MoveAction,,0,0,True
exp_hrl_v1,85,1,US_6,MoveAction,,0,0,True
exp_hrl_v1,85,1,US_7,MoveAction,,0,0,True
exp_hrl_v1,85,2,GE_1,MoveAction,,0,0,True
exp_hrl_v1,85,2,US_1,MoveAction,,0,0,True
exp_hrl_v1,85,2,GE_2,MoveAction,,0,0,True
exp_hrl_v1,85,2,US_2,MoveAction,,0,0,True
exp_hrl_v1,85,2,GE_3,MoveAction,,0,0,True
exp_hrl_v1,85,2,US_3,WaitAction,,0,0,True
exp_hrl_v1,85,2,GE_4,MoveAction,,0,0,True
exp_hrl_v1,85,2,US_4,MoveAction,,0,0,True
exp_hrl_v1,85,2,GE_5,MoveAction,,0,0,True
exp_hrl_v1,85,2,US_5,MoveAction,,0,0,True
exp_hrl_v1,85,2,US_6,MoveAction,,0,0,True
exp_hrl_v1,85,2,US_7,MoveAction,,0,0,True
exp_hrl_v1,85,3,GE_1,MoveAction,,0,0,True
exp_hrl_v1,85,3,US_1,MoveAction,,0,0,True
exp_hrl_v1,85,3,GE_2,MoveAction,,0,0,True
exp_hrl_v1,85,3,US_2,MoveAction,,0,0,True
exp_hrl_v1,85,3,GE_3,MoveAction,,0,0,True
exp_hrl_v1,85,3,US_3,MoveAction,,0,0,True
exp_hrl_v1,85,3,GE_4,MoveAction,,0,0,True
exp_hrl_v1,85,3,US_4,MoveAction,,0,0,True
exp_hrl_v1,85,3,GE_5,MoveAction,,0,0,True
exp_hrl_v1,85,3,US_5,MoveAction,,0,0,True
exp_hrl_v1,85,3,US_6,MoveAction,,0,0,True
exp_hrl_v1,85,3,US_7,MoveAction,,0,0,True
exp_hrl_v1,85,4,GE_1,MoveAction,,0,0,True
exp_hrl_v1,85,4,US_1,MoveAction,,0,0,True
exp_hrl_v1,85,4,GE_2,MoveAction,,0,0,True
exp_hrl_v1,85,4,US_2,MoveAction,,0,0,True
exp_hrl_v1,85,4,GE_3,MoveAction,,0,0,True
exp_hrl_v1,85,4,US_3,MoveAction,,0,0,True
exp_hrl_v1,85,4,GE_4,MoveAction,,0,0,True
exp_hrl_v1,85,4,US_4,MoveAction,,0,0,True
exp_hrl_v1,85,4,GE_5,MoveAction,,0,0,True
exp_hrl_v1,85,4,US_5,MoveAction,,0,0,True
exp_hrl_v1,85,4,US_6,MoveAction,,0,0,True
exp_hrl_v1,85,4,US_7,MoveAction,,0,0,True
exp_hrl_v1,85,5,GE_1,MoveAction,,0,0,True
exp_hrl_v1,85,5,US_1,RangedDirectAttack,,0,0,True
exp_hrl_v1,85,5,GE_2,WaitAction,,0,0,True
exp_hrl_v1,85,5,US_2,RangedDirectAttack,,0,0,True
exp_hrl_v1,85,5,GE_3,WaitAction,,0,0,True
exp_hrl_v1,85,5,US_3,RangedDirectAttack,,0,0,True
exp_hrl_v1,85,5,GE_4,MoveAction,,0,0,True
exp_hrl_v1,85,5,US_4,RangedDirectAttack,,0,0,True
exp_hrl_v1,85,5,GE_5,NoneType,,0,0,True
exp_hrl_v1,85,5,US_5,RangedDirectAttack,,0,0,True
exp_hrl_v1,85,5,US_6,RangedDirectAttack,,0,0,True
exp_hrl_v1,85,5,US_7,RangedDirectAttack,,0,0,True
exp_hrl_v1,85,6,GE_4,MoveAction,,0,0,True
exp_hrl_v1,85,6,US_1,RangedDirectAttack,,0,0,True
exp_hrl_v1,85,6,US_2,RangedDirectAttack,,0,0,True
exp_hrl_v1,86,1,GE_1,MoveAction,,0,0,True
exp_hrl_v1,86,1,US_1,MoveAction,,0,0,True
exp_hrl_v1,86,1,GE_2,MoveAction,,0,0,True
exp_hrl_v1,86,1,US_2,MoveAction,,0,0,True
exp_hrl_v1,86,1,GE_3,MoveAction,,0,0,True
exp_hrl_v1,86,1,US_3,MoveAction,,0,0,True
exp_hrl_v1,86,1,GE_4,MoveAction,,0,0,True
exp_hrl_v1,86,1,US_4,MoveAction,,0,0,True
exp_hrl_v1,86,1,GE_5,MoveAction,,0,0,True
exp_hrl_v1,86,1,US_5,MoveAction,,0,0,True
exp_hrl_v1,86,1,US_6,MoveAction,,0,0,True
exp_hrl_v1,86,1,US_7,MoveAction,,0,0,True
exp_hrl_v1,86,2,GE_1,MoveAction,,0,0,True
exp_hrl_v1,86,2,US_1,MoveAction,,0,0,True
exp_hrl_v1,86,2,GE_2,MoveAction,,0,0,True
exp_hrl_v1,86,2,US_2,MoveAction,,0,0,True
exp_hrl_v1,86,2,GE_3,MoveAction,,0,0,True
exp_hrl_v1,86,2,US_3,MoveAction,,0,0,True
exp_hrl_v1,86,2,GE_4,MoveAction,,0,0,True
exp_hrl_v1,86,2,US_4,MoveAction,,0,0,True
exp_hrl_v1,86,2,GE_5,MoveAction,,0,0,True
exp_hrl_v1,86,2,US_5,RangedDirectAttack,,0,0,True
exp_hrl_v1,86,2,US_6,RangedDirectAttack,,0,0,True
exp_hrl_v1,86,2,US_7,RangedDirectAttack,,0,0,True
exp_hrl_v1,86,3,GE_1,MoveAction,,0,0,True
exp_hrl_v1,86,3,US_1,RangedDirectAttack,,0,0,True
exp_hrl_v1,86,3,GE_2,MoveAction,,0,0,True
exp_hrl_v1,86,3,US_2,RangedDirectAttack,,0,0,True
exp_hrl_v1,86,3,GE_3,MoveAction,,0,0,True
exp_hrl_v1,86,3,US_3,RangedDirectAttack,,0,0,True
exp_hrl_v1,86,3,GE_4,MoveAction,,0,0,True
exp_hrl_v1,86,3,US_4,RangedDirectAttack,,0,0,True
exp_hrl_v1,86,3,US_5,RangedDirectAttack,,0,0,True
exp_hrl_v1,86,3,US_6,RangedDirectAttack,,0,0,True
exp_hrl_v1,86,3,US_7,RangedDirectAttack,,0,0,True
exp_hrl_v1,86,4,GE_4,MoveAction,,0,0,True
exp_hrl_v1,86,4,US_1,MoveAction,,0,0,True
exp_hrl_v1,86,4,US_2,MoveAction,,0,0,True
exp_hrl_v1,86,4,US_3,MoveAction,,0,0,True
exp_hrl_v1,86,4,US_4,MoveAction,,0,0,True
exp_hrl_v1,86,4,US_5,MoveAction,,0,0,True
exp_hrl_v1,86,4,US_6,MoveAction,,0,0,True
exp_hrl_v1,86,4,US_7,RangedDirectAttack,,0,0,True
exp_hrl_v1,87,1,GE_1,MoveAction,,0,0,True
exp_hrl_v1,87,1,US_1,MoveAction,,0,0,True
exp_hrl_v1,87,1,GE_2,MoveAction,,0,0,True
exp_hrl_v1,87,1,US_2,MoveAction,,0,0,True
exp_hrl_v1,87,1,GE_3,MoveAction,,0,0,True
exp_hrl_v1,87,1,US_3,MoveAction,,0,0,True
exp_hrl_v1,87,1,GE_4,MoveAction,,0,0,True
exp_hrl_v1,87,1,US_4,MoveAction,,0,0,True
exp_hrl_v1,87,1,GE_5,MoveAction,,0,0,True
exp_hrl_v1,87,1,US_5,MoveAction,,0,0,True
exp_hrl_v1,87,1,US_6,MoveAction,,0,0,True
exp_hrl_v1,87,1,US_7,MoveAction,,0,0,True
exp_hrl_v1,87,2,GE_1,MoveAction,,0,0,True
exp_hrl_v1,87,2,US_1,MoveAction,,0,0,True
exp_hrl_v1,87,2,GE_2,MoveAction,,0,0,True
exp_hrl_v1,87,2,US_2,MoveAction,,0,0,True
exp_hrl_v1,87,2,GE_3,MoveAction,,0,0,True
exp_hrl_v1,87,2,US_3,WaitAction,,0,0,True
exp_hrl_v1,87,2,GE_4,MoveAction,,0,0,True
exp_hrl_v1,87,2,US_4,MoveAction,,0,0,True
exp_hrl_v1,87,2,GE_5,MoveAction,,0,0,True
exp_hrl_v1,87,2,US_5,MoveAction,,0,0,True
exp_hrl_v1,87,2,US_6,MoveAction,,0,0,True
exp_hrl_v1,87,2,US_7,MoveAction,,0,0,True
exp_hrl_v1,87,3,GE_1,MoveAction,,0,0,True
exp_hrl_v1,87,3,US_1,MoveAction,,0,0,True
exp_hrl_v1,87,3,GE_2,MoveAction,,0,0,True
exp_hrl_v1,87,3,US_2,MoveAction,,0,0,True
exp_hrl_v1,87,3,GE_3,MoveAction,,0,0,True
exp_hrl_v1,87,3,US_3,MoveAction,,0,0,True
exp_hrl_v1,87,3,GE_4,MoveAction,,0,0,True
exp_hrl_v1,87,3,US_4,MoveAction,,0,0,True
exp_hrl_v1,87,3,GE_5,MoveAction,,0,0,True
exp_hrl_v1,87,3,US_5,MoveAction,,0,0,True
exp_hrl_v1,87,3,US_6,MoveAction,,0,0,True
exp_hrl_v1,87,3,US_7,MoveAction,,0,0,True
exp_hrl_v1,87,4,GE_1,MoveAction,,0,0,True
exp_hrl_v1,87,4,US_1,WaitAction,,0,0,True
exp_hrl_v1,87,4,GE_2,WaitAction,,0,0,True
exp_hrl_v1,87,4,US_2,MoveAction,,0,0,True
exp_hrl_v1,87,4,GE_3,MoveAction,,0,0,True
exp_hrl_v1,87,4,US_3,MoveAction,,0,0,True
exp_hrl_v1,87,4,GE_4,MoveAction,,0,0,True
exp_hrl_v1,87,4,US_4,MoveAction,,0,0,True
exp_hrl_v1,87,4,GE_5,WaitAction,,0,0,True
exp_hrl_v1,87,4,US_5,WaitAction,,0,0,True
exp_hrl_v1,87,4,US_6,WaitAction,,0,0,True
exp_hrl_v1,87,4,US_7,MoveAction,,0,0,True
exp_hrl_v1,87,5,GE_1,WaitAction,,0,0,True
exp_hrl_v1,87,5,US_1,WaitAction,,0,0,True
exp_hrl_v1,87,5,GE_2,WaitAction,,0,0,True
exp_hrl_v1,87,5,US_2,WaitAction,,0,0,True
exp_hrl_v1,87,5,GE_3,WaitAction,,0,0,True
exp_hrl_v1,87,5,US_3,MoveAction,,0,0,True
exp_hrl_v1,87,5,GE_4,WaitAction,,0,0,True
exp_hrl_v1,87,5,US_4,MoveAction,,0,0,True
exp_hrl_v1,87,5,GE_5,WaitAction,,0,0,True
exp_hrl_v1,87,5,US_5,WaitAction,,0,0,True
exp_hrl_v1,87,5,US_6,WaitAction,,0,0,True
exp_hrl_v1,87,6,US_7,WaitAction,,0,0,True
exp_hrl_v1,87,6,GE_1,WaitAction,,0,0,True
exp_hrl_v1,87,6,US_1,RangedDirectAttack,,0,0,True
exp_hrl_v1,87,6,GE_2,WaitAction,,0,0,True
exp_hrl_v1,87,6,US_2,RangedDirectAttack,,0,0,True
exp_hrl_v1,87,6,GE_3,WaitAction,,0,0,True
exp_hrl_v1,87,6,US_3,RangedDirectAttack,,0,0,True
exp_hrl_v1,87,6,GE_4,WaitAction,,0,0,True
exp_hrl_v1,87,6,US_4,RangedDirectAttack,,0,0,True
exp_hrl_v1,87,6,GE_5,NoneType,,0,0,True
exp_hrl_v1,87,6,US_5,RangedDirectAttack,,0,0,True
exp_hrl_v1,87,6,US_6,RangedDirectAttack,,0,0,True
exp_hrl_v1,87,6,US_7,RangedDirectAttack,,0,0,True
exp_hrl_v1,87,7,GE_1,WaitAction,,0,0,True
exp_hrl_v1,87,7,US_1,RangedDirectAttack,,0,0,True
exp_hrl_v1,87,7,GE_3,NoneType,,0,0,True
exp_hrl_v1,87,7,US_2,RangedDirectAttack,,0,0,True
exp_hrl_v1,87,7,GE_4,WaitAction,,0,0,True
exp_hrl_v1,87,7,US_3,RangedDirectAttack,,0,0,True
exp_hrl_v1,87,7,US_4,WaitAction,,0,0,True
exp_hrl_v1,87,7,US_5,WaitAction,,0,0,True
exp_hrl_v1,87,7,US_6,MoveAction,,0,0,True
exp_hrl_v1,87,8,US_7,WaitAction,,0,0,True
exp_hrl_v1,87,8,GE_1,MoveAction,,0,0,True
exp_hrl_v1,87,8,US_1,WaitAction,,0,0,True
exp_hrl_v1,87,8,GE_4,MoveAction,,0,0,True
exp_hrl_v1,87,8,US_2,MoveAction,,0,0,True
exp_hrl_v1,87,8,US_3,WaitAction,,0,0,True
exp_hrl_v1,87,8,US_4,MoveAction,,0,0,True
exp_hrl_v1,87,8,US_5,WaitAction,,0,0,True
exp_hrl_v1,87,8,US_6,WaitAction,,0,0,True
exp_hrl_v1,87,9,US_7,WaitAction,,0,0,True
exp_hrl_v1,87,9,GE_1,WaitAction,,0,0,True
exp_hrl_v1,87,9,US_1,WaitAction,,0,0,True
exp_hrl_v1,87,9,GE_4,WaitAction,,0,0,True
exp_hrl_v1,87,9,US_2,MoveAction,,0,0,True
exp_hrl_v1,87,9,US_3,MoveAction,,0,0,True
exp_hrl_v1,87,9,US_4,MoveAction,,0,0,True
exp_hrl_v1,87,9,US_5,MoveAction,,0,0,True
exp_hrl_v1,87,9,US_6,MoveAction,,0,0,True
exp_hrl_v1,87,10,US_7,WaitAction,,0,0,True
exp_hrl_v1,87,10,GE_1,WaitAction,,0,0,True
exp_hrl_v1,87,10,US_1,WaitAction,,0,0,True
exp_hrl_v1,87,10,GE_4,WaitAction,,0,0,True
exp_hrl_v1,87,10,US_2,MoveAction,,0,0,True
exp_hrl_v1,87,10,US_3,MoveAction,,0,0,True
exp_hrl_v1,87,10,US_4,WaitAction,,0,0,True
exp_hrl_v1,87,10,US_5,MoveAction,,0,0,True
exp_hrl_v1,87,10,US_6,WaitAction,,0,0,True
exp_hrl_v1,87,11,US_7,WaitAction,,0,0,True
exp_hrl_v1,87,11,GE_1,WaitAction,,0,0,True
exp_hrl_v1,87,11,US_1,WaitAction,,0,0,True
exp_hrl_v1,87,11,GE_4,WaitAction,,0,0,True
exp_hrl_v1,87,11,US_2,WaitAction,,0,0,True
exp_hrl_v1,87,11,US_3,MoveAction,,0,0,True
exp_hrl_v1,87,11,US_4,WaitAction,,0,0,True
exp_hrl_v1,87,11,US_5,RangedDirectAttack,,0,0,True
exp_hrl_v1,87,11,US_6,RangedDirectAttack,,0,0,True
exp_hrl_v1,87,11,US_7,RangedDirectAttack,,0,0,True
exp_hrl_v1,88,1,GE_1,MoveAction,,0,0,True
exp_hrl_v1,88,1,US_1,MoveAction,,0,0,True
exp_hrl_v1,88,1,GE_2,MoveAction,,0,0,True
exp_hrl_v1,88,1,US_2,MoveAction,,0,0,True
exp_hrl_v1,88,1,GE_3,MoveAction,,0,0,True
exp_hrl_v1,88,1,US_3,MoveAction,,0,0,True
exp_hrl_v1,88,1,GE_4,MoveAction,,0,0,True
exp_hrl_v1,88,1,US_4,MoveAction,,0,0,True
exp_hrl_v1,88,1,GE_5,MoveAction,,0,0,True
exp_hrl_v1,88,1,US_5,MoveAction,,0,0,True
exp_hrl_v1,88,1,US_6,MoveAction,,0,0,True
exp_hrl_v1,88,1,US_7,MoveAction,,0,0,True
exp_hrl_v1,88,2,GE_1,MoveAction,,0,0,True
exp_hrl_v1,88,2,US_1,MoveAction,,0,0,True
exp_hrl_v1,88,2,GE_2,MoveAction,,0,0,True
exp_hrl_v1,88,2,US_2,MoveAction,,0,0,True
exp_hrl_v1,88,2,GE_3,MoveAction,,0,0,True
exp_hrl_v1,88,2,US_3,WaitAction,,0,0,True
exp_hrl_v1,88,2,GE_4,MoveAction,,0,0,True
exp_hrl_v1,88,2,US_4,MoveAction,,0,0,True
exp_hrl_v1,88,2,GE_5,MoveAction,,0,0,True
exp_hrl_v1,88,2,US_5,MoveAction,,0,0,True
exp_hrl_v1,88,2,US_6,MoveAction,,0,0,True
exp_hrl_v1,88,3,US_7,WaitAction,,0,0,True
exp_hrl_v1,88,3,GE_1,MoveAction,,0,0,True
exp_hrl_v1,88,3,US_1,MoveAction,,0,0,True
exp_hrl_v1,88,3,GE_2,MoveAction,,0,0,True
exp_hrl_v1,88,3,US_2,MoveAction,,0,0,True
exp_hrl_v1,88,3,GE_3,MoveAction,,0,0,True
exp_hrl_v1,88,3,US_3,MoveAction,,0,0,True
exp_hrl_v1,88,3,GE_4,MoveAction,,0,0,True
exp_hrl_v1,88,3,US_4,MoveAction,,0,0,True
exp_hrl_v1,88,3,GE_5,WaitAction,,0,0,True
exp_hrl_v1,88,3,US_5,RangedDirectAttack,,0,0,True
exp_hrl_v1,88,3,US_6,RangedDirectAttack,,0,0,True
exp_hrl_v1,88,3,US_7,RangedDirectAttack,,0,0,True
exp_hrl_v1,88,4,GE_1,MoveAction,,0,0,True
exp_hrl_v1,88,4,US_1,RangedDirectAttack,,0,0,True
exp_hrl_v1,88,4,GE_2,WaitAction,,0,0,True
exp_hrl_v1,88,4,US_2,RangedDirectAttack,,0,0,True
exp_hrl_v1,88,4,GE_3,WaitAction,,0,0,True
exp_hrl_v1,88,4,US_3,RangedDirectAttack,,0,0,True
exp_hrl_v1,88,4,GE_4,MoveAction,,0,0,True
exp_hrl_v1,88,4,US_4,RangedDirectAttack,,0,0,True
exp_hrl_v1,88,4,US_5,RangedDirectAttack,,0,0,True
exp_hrl_v1,88,4,US_6,RangedDirectAttack,,0,0,True
exp_hrl_v1,88,4,US_7,RangedDirectAttack,,0,0,True
exp_hrl_v1,88,5,GE_4,MoveAction,,0,0,True
exp_hrl_v1,88,5,US_1,RangedDirectAttack,,0,0,True
exp_hrl_v1,88,5,US_2,RangedDirectAttack,,0,0,True
exp_hrl_v1,89,1,GE_1,MoveAction,,0,0,True
exp_hrl_v1,89,1,US_1,MoveAction,,0,0,True
exp_hrl_v1,89,1,GE_2,MoveAction,,0,0,True
exp_hrl_v1,89,1,US_2,MoveAction,,0,0,True
exp_hrl_v1,89,1,GE_3,MoveAction,,0,0,True
exp_hrl_v1,89,1,US_3,MoveAction,,0,0,True
exp_hrl_v1,89,1,GE_4,MoveAction,,0,0,True
exp_hrl_v1,89,1,US_4,MoveAction,,0,0,True
exp_hrl_v1,89,1,GE_5,MoveAction,,0,0,True
exp_hrl_v1,89,1,US_5,MoveAction,,0,0,True
exp_hrl_v1,89,1,US_6,MoveAction,,0,0,True
exp_hrl_v1,89,1,US_7,MoveAction,,0,0,True
exp_hrl_v1,89,2,GE_1,MoveAction,,0,0,True
exp_hrl_v1,89,2,US_1,MoveAction,,0,0,True
exp_hrl_v1,89,2,GE_2,MoveAction,,0,0,True
exp_hrl_v1,89,2,US_2,MoveAction,,0,0,True
exp_hrl_v1,89,2,GE_3,MoveAction,,0,0,True
exp_hrl_v1,89,2,US_3,WaitAction,,0,0,True
exp_hrl_v1,89,2,GE_4,MoveAction,,0,0,True
exp_hrl_v1,89,2,US_4,MoveAction,,0,0,True
exp_hrl_v1,89,2,GE_5,MoveAction,,0,0,True
exp_hrl_v1,89,2,US_5,MoveAction,,0,0,True
exp_hrl_v1,89,2,US_6,RangedDirectAttack,,0,0,True
exp_hrl_v1,89,2,US_7,RangedDirectAttack,,0,0,True
exp_hrl_v1,89,3,GE_1,MoveAction,,0,0,True
exp_hrl_v1,89,3,US_1,RangedDirectAttack,,0,0,True
exp_hrl_v1,89,3,GE_2,MoveAction,,0,0,True
exp_hrl_v1,89,3,US_2,RangedDirectAttack,,0,0,True
exp_hrl_v1,89,3,GE_3,MoveAction,,0,0,True
exp_hrl_v1,89,3,US_3,RangedDirectAttack,,0,0,True
exp_hrl_v1,89,3,GE_4,MoveAction,,0,0,True
exp_hrl_v1,89,3,US_4,RangedDirectAttack,,0,0,True
exp_hrl_v1,89,3,GE_5,NoneType,,0,0,True
exp_hrl_v1,89,3,US_5,RangedDirectAttack,,0,0,True
exp_hrl_v1,89,3,US_6,RangedDirectAttack,,0,0,True
exp_hrl_v1,89,3,US_7,RangedDirectAttack,,0,0,True
exp_hrl_v1,89,4,GE_3,MoveAction,,0,0,True
exp_hrl_v1,89,4,US_1,RangedDirectAttack,,0,0,True
exp_hrl_v1,89,4,GE_4,MoveAction,,0,0,True
exp_hrl_v1,89,4,US_2,MoveAction,,0,0,True
exp_hrl_v1,89,4,US_3,MoveAction,,0,0,True
exp_hrl_v1,89,4,US_4,MoveAction,,0,0,True
exp_hrl_v1,89,4,US_5,MoveAction,,0,0,True
exp_hrl_v1,89,4,US_6,WaitAction,,0,0,True
exp_hrl_v1,89,4,US_7,MoveAction,,0,0,True
exp_hrl_v1,89,5,GE_4,MoveAction,,0,0,True
exp_hrl_v1,89,5,US_1,MoveAction,,0,0,True
exp_hrl_v1,89,5,US_2,MoveAction,,0,0,True
exp_hrl_v1,89,5,US_3,MoveAction,,0,0,True
exp_hrl_v1,89,5,US_4,MoveAction,,0,0,True
exp_hrl_v1,89,5,US_5,WaitAction,,0,0,True
exp_hrl_v1,89,5,US_6,MoveAction,,0,0,True
exp_hrl_v1,89,5,US_7,RangedIndirectAttack,,0,0,True
exp_hrl_v1,89,6,GE_4,WaitAction,,0,0,True
exp_hrl_v1,89,6,US_1,RangedIndirectAttack,,0,0,True
exp_hrl_v1,90,1,GE_1,MoveAction,,0,0,True
exp_hrl_v1,90,1,US_1,MoveAction,,0,0,True
exp_hrl_v1,90,1,GE_2,MoveAction,,0,0,True
exp_hrl_v1,90,1,US_2,MoveAction,,0,0,True
exp_hrl_v1,90,1,GE_3,MoveAction,,0,0,True
exp_hrl_v1,90,1,US_3,MoveAction,,0,0,True
exp_hrl_v1,90,1,GE_4,MoveAction,,0,0,True
exp_hrl_v1,90,1,US_4,MoveAction,,0,0,True
exp_hrl_v1,90,1,GE_5,MoveAction,,0,0,True
exp_hrl_v1,90,1,US_5,MoveAction,,0,0,True
exp_hrl_v1,90,1,US_6,MoveAction,,0,0,True
exp_hrl_v1,90,1,US_7,MoveAction,,0,0,True
exp_hrl_v1,90,2,GE_1,MoveAction,,0,0,True
exp_hrl_v1,90,2,US_1,MoveAction,,0,0,True
exp_hrl_v1,90,2,GE_2,MoveAction,,0,0,True
exp_hrl_v1,90,2,US_2,MoveAction,,0,0,True
exp_hrl_v1,90,2,GE_3,MoveAction,,0,0,True
exp_hrl_v1,90,2,US_3,WaitAction,,0,0,True
exp_hrl_v1,90,2,GE_4,MoveAction,,0,0,True
exp_hrl_v1,90,2,US_4,MoveAction,,0,0,True
exp_hrl_v1,90,2,GE_5,MoveAction,,0,0,True
exp_hrl_v1,90,2,US_5,MoveAction,,0,0,True
exp_hrl_v1,90,2,US_6,MoveAction,,0,0,True
exp_hrl_v1,90,2,US_7,MoveAction,,0,0,True
exp_hrl_v1,90,3,GE_1,MoveAction,,0,0,True
exp_hrl_v1,90,3,US_1,MoveAction,,0,0,True
exp_hrl_v1,90,3,GE_2,MoveAction,,0,0,True
exp_hrl_v1,90,3,US_2,MoveAction,,0,0,True
exp_hrl_v1,90,3,GE_3,MoveAction,,0,0,True
exp_hrl_v1,90,3,US_3,MoveAction,,0,0,True
exp_hrl_v1,90,3,GE_4,MoveAction,,0,0,True
exp_hrl_v1,90,3,US_4,MoveAction,,0,0,True
exp_hrl_v1,90,3,GE_5,MoveAction,,0,0,True
exp_hrl_v1,90,3,US_5,MoveAction,,0,0,True
exp_hrl_v1,90,3,US_6,MoveAction,,0,0,True
exp_hrl_v1,90,3,US_7,MoveAction,,0,0,True
exp_hrl_v1,90,4,GE_1,MoveAction,,0,0,True
exp_hrl_v1,90,4,US_1,WaitAction,,0,0,True
exp_hrl_v1,90,4,GE_2,WaitAction,,0,0,True
exp_hrl_v1,90,4,US_2,MoveAction,,0,0,True
exp_hrl_v1,90,4,GE_3,MoveAction,,0,0,True
exp_hrl_v1,90,4,US_3,MoveAction,,0,0,True
exp_hrl_v1,90,4,GE_4,MoveAction,,0,0,True
exp_hrl_v1,90,4,US_4,MoveAction,,0,0,True
exp_hrl_v1,90,4,GE_5,WaitAction,,0,0,True
exp_hrl_v1,90,4,US_5,WaitAction,,0,0,True
exp_hrl_v1,90,4,US_6,WaitAction,,0,0,True
exp_hrl_v1,90,4,US_7,MoveAction,,0,0,True
exp_hrl_v1,90,5,GE_1,WaitAction,,0,0,True
exp_hrl_v1,90,5,US_1,WaitAction,,0,0,True
exp_hrl_v1,90,5,GE_2,WaitAction,,0,0,True
exp_hrl_v1,90,5,US_2,WaitAction,,0,0,True
exp_hrl_v1,90,5,GE_3,WaitAction,,0,0,True
exp_hrl_v1,90,5,US_3,MoveAction,,0,0,True
exp_hrl_v1,90,5,GE_4,WaitAction,,0,0,True
exp_hrl_v1,90,5,US_4,MoveAction,,0,0,True
exp_hrl_v1,90,5,GE_5,WaitAction,,0,0,True
exp_hrl_v1,90,5,US_5,WaitAction,,0,0,True
exp_hrl_v1,90,5,US_6,WaitAction,,0,0,True
exp_hrl_v1,90,6,US_7,WaitAction,,0,0,True
exp_hrl_v1,90,6,GE_1,WaitAction,,0,0,True
exp_hrl_v1,90,6,US_1,MoveAction,,0,0,True
exp_hrl_v1,90,6,GE_2,WaitAction,,0,0,True
exp_hrl_v1,90,6,US_2,WaitAction,,0,0,True
exp_hrl_v1,90,6,GE_3,MoveAction,,0,0,True
exp_hrl_v1,90,6,US_3,RangedDirectAttack,,0,0,True
exp_hrl_v1,90,6,GE_4,MoveAction,,0,0,True
exp_hrl_v1,90,6,US_4,RangedDirectAttack,,0,0,True
exp_hrl_v1,90,6,GE_5,NoneType,,0,0,True
exp_hrl_v1,90,6,US_5,RangedDirectAttack,,0,0,True
exp_hrl_v1,90,6,US_6,RangedDirectAttack,,0,0,True
exp_hrl_v1,90,6,US_7,RangedDirectAttack,,0,0,True
exp_hrl_v1,90,7,GE_1,MoveAction,,0,0,True
exp_hrl_v1,90,7,US_1,RangedDirectAttack,,0,0,True
exp_hrl_v1,90,7,GE_3,NoneType,,0,0,True
exp_hrl_v1,90,7,US_2,RangedDirectAttack,,0,0,True
exp_hrl_v1,90,7,GE_4,MoveAction,,0,0,True
exp_hrl_v1,90,7,US_3,RangedDirectAttack,,0,0,True
exp_hrl_v1,91,1,GE_1,MoveAction,,0,0,True
exp_hrl_v1,91,1,US_1,MoveAction,,0,0,True
exp_hrl_v1,91,1,GE_2,MoveAction,,0,0,True
exp_hrl_v1,91,1,US_2,MoveAction,,0,0,True
exp_hrl_v1,91,1,GE_3,MoveAction,,0,0,True
exp_hrl_v1,91,1,US_3,MoveAction,,0,0,True
exp_hrl_v1,91,1,GE_4,MoveAction,,0,0,True
exp_hrl_v1,91,1,US_4,MoveAction,,0,0,True
exp_hrl_v1,91,1,GE_5,MoveAction,,0,0,True
exp_hrl_v1,91,1,US_5,MoveAction,,0,0,True
exp_hrl_v1,91,1,US_6,MoveAction,,0,0,True
exp_hrl_v1,91,1,US_7,MoveAction,,0,0,True
exp_hrl_v1,91,2,GE_1,MoveAction,,0,0,True
exp_hrl_v1,91,2,US_1,MoveAction,,0,0,True
exp_hrl_v1,91,2,GE_2,MoveAction,,0,0,True
exp_hrl_v1,91,2,US_2,MoveAction,,0,0,True
exp_hrl_v1,91,2,GE_3,MoveAction,,0,0,True
exp_hrl_v1,91,2,US_3,WaitAction,,0,0,True
exp_hrl_v1,91,2,GE_4,MoveAction,,0,0,True
exp_hrl_v1,91,2,US_4,MoveAction,,0,0,True
exp_hrl_v1,91,2,GE_5,MoveAction,,0,0,True
exp_hrl_v1,91,2,US_5,MoveAction,,0,0,True
exp_hrl_v1,91,2,US_6,WaitAction,,0,0,True
exp_hrl_v1,91,3,US_7,WaitAction,,0,0,True
exp_hrl_v1,91,3,GE_1,MoveAction,,0,0,True
exp_hrl_v1,91,3,US_1,MoveAction,,0,0,True
exp_hrl_v1,91,3,GE_2,MoveAction,,0,0,True
exp_hrl_v1,91,3,US_2,MoveAction,,0,0,True
exp_hrl_v1,91,3,GE_3,MoveAction,,0,0,True
exp_hrl_v1,91,3,US_3,MoveAction,,0,0,True
exp_hrl_v1,91,3,GE_4,MoveAction,,0,0,True
exp_hrl_v1,91,3,US_4,MoveAction,,0,0,True
exp_hrl_v1,91,3,GE_5,WaitAction,,0,0,True
exp_hrl_v1,91,3,US_5,WaitAction,,0,0,True
exp_hrl_v1,91,3,US_6,WaitAction,,0,0,True
exp_hrl_v1,91,3,US_7,MoveAction,,0,0,True
exp_hrl_v1,91,4,GE_1,MoveAction,,0,0,True
exp_hrl_v1,91,4,US_1,WaitAction,,0,0,True
exp_hrl_v1,91,4,GE_2,WaitAction,,0,0,True
exp_hrl_v1,91,4,US_2,MoveAction,,0,0,True
exp_hrl_v1,91,4,GE_3,WaitAction,,0,0,True
exp_hrl_v1,91,4,US_3,MoveAction,,0,0,True
exp_hrl_v1,91,4,GE_4,MoveAction,,0,0,True
exp_hrl_v1,91,4,US_4,MoveAction,,0,0,True
exp_hrl_v1,91,4,GE_5,WaitAction,,0,0,True
exp_hrl_v1,91,4,US_5,RangedDirectAttack,,0,0,True
exp_hrl_v1,91,4,US_6,RangedDirectAttack,,0,0,True
exp_hrl_v1,91,4,US_7,RangedDirectAttack,,0,0,True
exp_hrl_v1,91,5,GE_1,WaitAction,,0,0,True
exp_hrl_v1,91,5,US_1,RangedDirectAttack,,0,0,True
exp_hrl_v1,91,5,GE_2,WaitAction,,0,0,True
exp_hrl_v1,91,5,US_2,RangedDirectAttack,,0,0,True
exp_hrl_v1,91,5,GE_3,MoveAction,,0,0,True
exp_hrl_v1,91,5,US_3,RangedDirectAttack,,0,0,True
exp_hrl_v1,91,5,GE_4,MoveAction,,0,0,True
exp_hrl_v1,91,5,US_4,RangedDirectAttack,,0,0,True
exp_hrl_v1,91,5,US_5,RangedDirectAttack,,0,0,True
exp_hrl_v1,92,1,GE_1,MoveAction,,0,0,True
exp_hrl_v1,92,1,US_1,MoveAction,,0,0,True
exp_hrl_v1,92,1,GE_2,MoveAction,,0,0,True
exp_hrl_v1,92,1,US_2,MoveAction,,0,0,True
exp_hrl_v1,92,1,GE_3,MoveAction,,0,0,True
exp_hrl_v1,92,1,US_3,MoveAction,,0,0,True
exp_hrl_v1,92,1,GE_4,MoveAction,,0,0,True
exp_hrl_v1,92,1,US_4,MoveAction,,0,0,True
exp_hrl_v1,92,1,GE_5,MoveAction,,0,0,True
exp_hrl_v1,92,1,US_5,MoveAction,,0,0,True
exp_hrl_v1,92,1,US_6,MoveAction,,0,0,True
exp_hrl_v1,92,1,US_7,MoveAction,,0,0,True
exp_hrl_v1,92,2,GE_1,MoveAction,,0,0,True
exp_hrl_v1,92,2,US_1,MoveAction,,0,0,True
exp_hrl_v1,92,2,GE_2,MoveAction,,0,0,True
exp_hrl_v1,92,2,US_2,MoveAction,,0,0,True
exp_hrl_v1,92,2,GE_3,MoveAction,,0,0,True
exp_hrl_v1,92,2,US_3,WaitAction,,0,0,True
exp_hrl_v1,92,2,GE_4,MoveAction,,0,0,True
exp_hrl_v1,92,2,US_4,MoveAction,,0,0,True
exp_hrl_v1,92,2,GE_5,MoveAction,,0,0,True
exp_hrl_v1,92,2,US_5,MoveAction,,0,0,True
exp_hrl_v1,92,2,US_6,MoveAction,,0,0,True
exp_hrl_v1,92,3,US_7,WaitAction,,0,0,True
exp_hrl_v1,92,3,GE_1,MoveAction,,0,0,True
exp_hrl_v1,92,3,US_1,MoveAction,,0,0,True
exp_hrl_v1,92,3,GE_2,MoveAction,,0,0,True
exp_hrl_v1,92,3,US_2,MoveAction,,0,0,True
exp_hrl_v1,92,3,GE_3,MoveAction,,0,0,True
exp_hrl_v1,92,3,US_3,MoveAction,,0,0,True
exp_hrl_v1,92,3,GE_4,MoveAction,,0,0,True
exp_hrl_v1,92,3,US_4,MoveAction,,0,0,True
exp_hrl_v1,92,3,GE_5,WaitAction,,0,0,True
exp_hrl_v1,92,3,US_5,RangedDirectAttack,,0,0,True
exp_hrl_v1,92,3,US_6,RangedDirectAttack,,0,0,True
exp_hrl_v1,92,3,US_7,RangedDirectAttack,,0,0,True
exp_hrl_v1,92,4,GE_1,MoveAction,,0,0,True
exp_hrl_v1,92,4,US_1,RangedDirectAttack,,0,0,True
exp_hrl_v1,92,4,GE_2,WaitAction,,0,0,True
exp_hrl_v1,92,4,US_2,RangedDirectAttack,,0,0,True
exp_hrl_v1,92,4,GE_3,WaitAction,,0,0,True
exp_hrl_v1,92,4,US_3,RangedDirectAttack,,0,0,True
exp_hrl_v1,92,4,GE_4,MoveAction,,0,0,True
exp_hrl_v1,92,4,US_4,RangedDirectAttack,,0,0,True
exp_hrl_v1,92,4,US_5,RangedDirectAttack,,0,0,True
exp_hrl_v1,92,4,US_6,RangedDirectAttack,,0,0,True
exp_hrl_v1,92,4,US_7,RangedDirectAttack,,0,0,True
exp_hrl_v1,92,5,GE_4,MoveAction,,0,0,True
exp_hrl_v1,92,5,US_1,WaitAction,,0,0,True
exp_hrl_v1,92,5,US_2,MoveAction,,0,0,True
exp_hrl_v1,92,5,US_3,MoveAction,,0,0,True
exp_hrl_v1,92,5,US_4,MoveAction,,0,0,True
exp_hrl_v1,92,5,US_5,MoveAction,,0,0,True
exp_hrl_v1,92,5,US_6,MoveAction,,0,0,True
exp_hrl_v1,92,5,US_7,MoveAction,,0,0,True
exp_hrl_v1,92,6,GE_4,WaitAction,,0,0,True
exp_hrl_v1,92,6,US_1,MoveAction,,0,0,True
exp_hrl_v1,92,6,US_2,MoveAction,,0,0,True
exp_hrl_v1,92,6,US_3,MoveAction,,0,0,True
exp_hrl_v1,92,6,US_4,MoveAction,,0,0,True
exp_hrl_v1,92,6,US_5,MoveAction,,0,0,True
exp_hrl_v1,92,6,US_6,MoveAction,,0,0,True
exp_hrl_v1,92,6,US_7,MoveAction,,0,0,True
exp_hrl_v1,92,7,GE_4,MoveAction,,0,0,True
exp_hrl_v1,92,7,US_1,WaitAction,,0,0,True
exp_hrl_v1,92,7,US_2,WaitAction,,0,0,True
exp_hrl_v1,92,7,US_3,WaitAction,,0,0,True
exp_hrl_v1,92,7,US_4,MoveAction,,0,0,True
exp_hrl_v1,92,7,US_5,WaitAction,,0,0,True
exp_hrl_v1,92,7,US_6,MoveAction,,0,0,True
exp_hrl_v1,92,7,US_7,MoveAction,,0,0,True
exp_hrl_v1,92,8,GE_4,WaitAction,,0,0,True
exp_hrl_v1,92,8,US_1,WaitAction,,0,0,True
exp_hrl_v1,92,8,US_2,WaitAction,,0,0,True
exp_hrl_v1,92,8,US_3,WaitAction,,0,0,True
exp_hrl_v1,92,8,US_4,WaitAction,,0,0,True
exp_hrl_v1,92,8,US_5,WaitAction,,0,0,True
exp_hrl_v1,92,8,US_6,WaitAction,,0,0,True
exp_hrl_v1,92,8,US_7,MoveAction,,0,0,True
exp_hrl_v1,92,9,GE_4,WaitAction,,0,0,True
exp_hrl_v1,92,9,US_1,WaitAction,,0,0,True
exp_hrl_v1,92,9,US_2,RangedDirectAttack,,0,0,True
exp_hrl_v1,92,9,US_3,RangedDirectAttack,,0,0,True
exp_hrl_v1,93,1,GE_1,MoveAction,,0,0,True
exp_hrl_v1,93,1,US_1,MoveAction,,0,0,True
exp_hrl_v1,93,1,GE_2,MoveAction,,0,0,True
exp_hrl_v1,93,1,US_2,MoveAction,,0,0,True
exp_hrl_v1,93,1,GE_3,MoveAction,,0,0,True
exp_hrl_v1,93,1,US_3,MoveAction,,0,0,True
exp_hrl_v1,93,1,GE_4,MoveAction,,0,0,True
exp_hrl_v1,93,1,US_4,MoveAction,,0,0,True
exp_hrl_v1,93,1,GE_5,MoveAction,,0,0,True
exp_hrl_v1,93,1,US_5,MoveAction,,0,0,True
exp_hrl_v1,93,1,US_6,MoveAction,,0,0,True
exp_hrl_v1,93,1,US_7,RangedDirectAttack,,0,0,True
exp_hrl_v1,93,2,GE_1,MoveAction,,0,0,True
exp_hrl_v1,93,2,US_1,RangedDirectAttack,,0,0,True
exp_hrl_v1,93,2,GE_2,MoveAction,,0,0,True
exp_hrl_v1,93,2,US_2,RangedDirectAttack,,0,0,True
exp_hrl_v1,93,2,GE_3,MoveAction,,0,0,True
exp_hrl_v1,93,2,US_3,RangedDirectAttack,,0,0,True
exp_hrl_v1,93,2,GE_4,MoveAction,,0,0,True
exp_hrl_v1,93,2,US_4,RangedDirectAttack,,0,0,True
exp_hrl_v1,93,2,GE_5,NoneType,,0,0,True
exp_hrl_v1,93,2,US_5,RangedDirectAttack,,0,0,True
exp_hrl_v1,93,2,US_6,RangedDirectAttack,,0,0,True
exp_hrl_v1,93,2,US_7,RangedDirectAttack,,0,0,True
exp_hrl_v1,93,3,GE_1,MoveAction,,0,0,True
exp_hrl_v1,93,3,US_1,RangedDirectAttack,,0,0,True
exp_hrl_v1,93,3,GE_3,MoveAction,,0,0,True
exp_hrl_v1,93,3,US_2,RangedDirectAttack,,0,0,True
exp_hrl_v1,93,3,GE_4,MoveAction,,0,0,True
exp_hrl_v1,93,3,US_3,MoveAction,,0,0,True
exp_hrl_v1,93,3,US_4,MoveAction,,0,0,True
exp_hrl_v1,93,3,US_5,MoveAction,,0,0,True
exp_hrl_v1,93,3,US_6,MoveAction,,0,0,True
exp_hrl_v1,93,4,US_7,WaitAction,,0,0,True
exp_hrl_v1,93,4,GE_4,MoveAction,,0,0,True
exp_hrl_v1,93,4,US_1,MoveAction,,0,0,True
exp_hrl_v1,93,4,US_2,MoveAction,,0,0,True
exp_hrl_v1,93,4,US_3,MoveAction,,0,0,True
exp_hrl_v1,93,4,US_4,MoveAction,,0,0,True
exp_hrl_v1,93,4,US_5,MoveAction,,0,0,True
exp_hrl_v1,93,4,US_6,MoveAction,,0,0,True
exp_hrl_v1,93,4,US_7,MoveAction,,0,0,True
exp_hrl_v1,93,5,GE_4,MoveAction,,0,0,True
exp_hrl_v1,93,5,US_1,RangedDirectAttack,,0,0,True
exp_hrl_v1,94,1,GE_1,MoveAction,,0,0,True
exp_hrl_v1,94,1,US_1,MoveAction,,0,0,True
exp_hrl_v1,94,1,GE_2,MoveAction,,0,0,True
exp_hrl_v1,94,1,US_2,MoveAction,,0,0,True
exp_hrl_v1,94,1,GE_3,MoveAction,,0,0,True
exp_hrl_v1,94,1,US_3,MoveAction,,0,0,True
exp_hrl_v1,94,1,GE_4,MoveAction,,0,0,True
exp_hrl_v1,94,1,US_4,MoveAction,,0,0,True
exp_hrl_v1,94,1,GE_5,MoveAction,,0,0,True
exp_hrl_v1,94,1,US_5,MoveAction,,0,0,True
exp_hrl_v1,94,1,US_6,MoveAction,,0,0,True
exp_hrl_v1,94,1,US_7,MoveAction,,0,0,True
exp_hrl_v1,94,2,GE_1,MoveAction,,0,0,True
exp_hrl_v1,94,2,US_1,MoveAction,,0,0,True
exp_hrl_v1,94,2,GE_2,MoveAction,,0,0,True
exp_hrl_v1,94,2,US_2,MoveAction,,0,0,True
exp_hrl_v1,94,2,GE_3,MoveAction,,0,0,True
exp_hrl_v1,94,2,US_3,MoveAction,,0,0,True
exp_hrl_v1,94,2,GE_4,MoveAction,,0,0,True
exp_hrl_v1,94,2,US_4,MoveAction,,0,0,True
exp_hrl_v1,94,2,GE_5,MoveAction,,0,0,True
exp_hrl_v1,94,2,US_5,MoveAction,,0,0,True
exp_hrl_v1,94,2,US_6,MoveAction,,0,0,True
exp_hrl_v1,94,2,US_7,MoveAction,,0,0,True
exp_hrl_v1,94,3,GE_1,MoveAction,,0,0,True
exp_hrl_v1,94,3,US_1,MoveAction,,0,0,True
exp_hrl_v1,94,3,GE_2,MoveAction,,0,0,True
exp_hrl_v1,94,3,US_2,MoveAction,,0,0,True
exp_hrl_v1,94,3,GE_3,MoveAction,,0,0,True
exp_hrl_v1,94,3,US_3,MoveAction,,0,0,True
exp_hrl_v1,94,3,GE_4,MoveAction,,0,0,True
exp_hrl_v1,94,3,US_4,RangedDirectAttack,,0,0,True
exp_hrl_v1,94,3,GE_5,NoneType,,0,0,True
exp_hrl_v1,94,3,US_5,RangedDirectAttack,,0,0,True
exp_hrl_v1,94,3,US_6,RangedDirectAttack,,0,0,True
exp_hrl_v1,94,3,US_7,RangedDirectAttack,,0,0,True
exp_hrl_v1,94,4,GE_2,WaitAction,,0,0,True
exp_hrl_v1,94,4,US_1,RangedDirectAttack,,0,0,True
exp_hrl_v1,94,4,GE_3,MoveAction,,0,0,True
exp_hrl_v1,94,4,US_2,RangedDirectAttack,,0,0,True
exp_hrl_v1,94,4,GE_4,MoveAction,,0,0,True
exp_hrl_v1,94,4,US_3,RangedDirectAttack,,0,0,True
exp_hrl_v1,94,4,US_4,RangedDirectAttack,,0,0,True
exp_hrl_v1,94,4,US_5,RangedDirectAttack,,0,0,True
exp_hrl_v1,94,4,US_6,RangedDirectAttack,,0,0,True
exp_hrl_v1,94,4,US_7,MoveAction,,0,0,True
exp_hrl_v1,94,5,GE_4,MoveAction,,0,0,True
exp_hrl_v1,94,5,US_1,MoveAction,,0,0,True
exp_hrl_v1,94,5,US_2,MoveAction,,0,0,True
exp_hrl_v1,94,5,US_3,MoveAction,,0,0,True
exp_hrl_v1,94,5,US_4,MoveAction,,0,0,True
exp_hrl_v1,94,5,US_5,MoveAction,,0,0,True
exp_hrl_v1,94,5,US_6,MoveAction,,0,0,True
exp_hrl_v1,94,5,US_7,MoveAction,,0,0,True
exp_hrl_v1,94,6,GE_4,MoveAction,,0,0,True
exp_hrl_v1,94,6,US_1,MoveAction,,0,0,True
exp_hrl_v1,94,6,US_2,MoveAction,,0,0,True
exp_hrl_v1,94,6,US_3,MoveAction,,0,0,True
exp_hrl_v1,94,6,US_4,MoveAction,,0,0,True
exp_hrl_v1,94,6,US_5,MoveAction,,0,0,True
exp_hrl_v1,94,6,US_6,MoveAction,,0,0,True
exp_hrl_v1,94,6,US_7,MoveAction,,0,0,True
exp_hrl_v1,94,7,GE_4,MoveAction,,0,0,True
exp_hrl_v1,94,7,US_1,RangedDirectAttack,,0,0,True
exp_hrl_v1,95,1,GE_1,MoveAction,,0,0,True
exp_hrl_v1,95,1,US_1,MoveAction,,0,0,True
exp_hrl_v1,95,1,GE_2,MoveAction,,0,0,True
exp_hrl_v1,95,1,US_2,MoveAction,,0,0,True
exp_hrl_v1,95,1,GE_3,MoveAction,,0,0,True
exp_hrl_v1,95,1,US_3,MoveAction,,0,0,True
exp_hrl_v1,95,1,GE_4,MoveAction,,0,0,True
exp_hrl_v1,95,1,US_4,MoveAction,,0,0,True
exp_hrl_v1,95,1,GE_5,MoveAction,,0,0,True
exp_hrl_v1,95,1,US_5,MoveAction,,0,0,True
exp_hrl_v1,95,1,US_6,MoveAction,,0,0,True
exp_hrl_v1,95,1,US_7,MoveAction,,0,0,True
exp_hrl_v1,95,2,GE_1,MoveAction,,0,0,True
exp_hrl_v1,95,2,US_1,MoveAction,,0,0,True
exp_hrl_v1,95,2,GE_2,MoveAction,,0,0,True
exp_hrl_v1,95,2,US_2,MoveAction,,0,0,True
exp_hrl_v1,95,2,GE_3,MoveAction,,0,0,True
exp_hrl_v1,95,2,US_3,WaitAction,,0,0,True
exp_hrl_v1,95,2,GE_4,MoveAction,,0,0,True
exp_hrl_v1,95,2,US_4,MoveAction,,0,0,True
exp_hrl_v1,95,2,GE_5,MoveAction,,0,0,True
exp_hrl_v1,95,2,US_5,MoveAction,,0,0,True
exp_hrl_v1,95,2,US_6,MoveAction,,0,0,True
exp_hrl_v1,95,3,US_7,WaitAction,,0,0,True
exp_hrl_v1,95,3,GE_1,MoveAction,,0,0,True
exp_hrl_v1,95,3,US_1,MoveAction,,0,0,True
exp_hrl_v1,95,3,GE_2,MoveAction,,0,0,True
exp_hrl_v1,95,3,US_2,MoveAction,,0,0,True
exp_hrl_v1,95,3,GE_3,MoveAction,,0,0,True
exp_hrl_v1,95,3,US_3,MoveAction,,0,0,True
exp_hrl_v1,95,3,GE_4,MoveAction,,0,0,True
exp_hrl_v1,95,3,US_4,MoveAction,,0,0,True
exp_hrl_v1,95,3,GE_5,WaitAction,,0,0,True
exp_hrl_v1,95,3,US_5,WaitAction,,0,0,True
exp_hrl_v1,95,3,US_6,MoveAction,,0,0,True
exp_hrl_v1,95,3,US_7,MoveAction,,0,0,True
exp_hrl_v1,95,4,GE_1,MoveAction,,0,0,True
exp_hrl_v1,95,4,US_1,WaitAction,,0,0,True
exp_hrl_v1,95,4,GE_2,WaitAction,,0,0,True
exp_hrl_v1,95,4,US_2,MoveAction,,0,0,True
exp_hrl_v1,95,4,GE_3,WaitAction,,0,0,True
exp_hrl_v1,95,4,US_3,MoveAction,,0,0,True
exp_hrl_v1,95,4,GE_4,MoveAction,,0,0,True
exp_hrl_v1,95,4,US_4,MoveAction,,0,0,True
exp_hrl_v1,95,4,GE_5,WaitAction,,0,0,True
exp_hrl_v1,95,4,US_5,WaitAction,,0,0,True
exp_hrl_v1,95,4,US_6,MoveAction,,0,0,True
exp_hrl_v1,95,5,US_7,WaitAction,,0,0,True
exp_hrl_v1,95,5,GE_1,WaitAction,,0,0,True
exp_hrl_v1,95,5,US_1,WaitAction,,0,0,True
exp_hrl_v1,95,5,GE_2,WaitAction,,0,0,True
exp_hrl_v1,95,5,US_2,WaitAction,,0,0,True
exp_hrl_v1,95,5,GE_3,WaitAction,,0,0,True
exp_hrl_v1,95,5,US_3,WaitAction,,0,0,True
exp_hrl_v1,95,5,GE_4,WaitAction,,0,0,True
exp_hrl_v1,95,5,US_4,MoveAction,,0,0,True
exp_hrl_v1,95,5,GE_5,WaitAction,,0,0,True
exp_hrl_v1,95,5,US_5,WaitAction,,0,0,True
exp_hrl_v1,95,5,US_6,MoveAction,,0,0,True
exp_hrl_v1,95,6,US_7,WaitAction,,0,0,True
exp_hrl_v1,95,6,GE_1,WaitAction,,0,0,True
exp_hrl_v1,95,6,US_1,WaitAction,,0,0,True
exp_hrl_v1,95,6,GE_2,WaitAction,,0,0,True
exp_hrl_v1,95,6,US_2,MoveAction,,0,0,True
exp_hrl_v1,95,6,GE_3,WaitAction,,0,0,True
exp_hrl_v1,95,6,US_3,MoveAction,,0,0,True
exp_hrl_v1,95,6,GE_4,WaitAction,,0,0,True
exp_hrl_v1,95,6,US_4,MoveAction,,0,0,True
exp_hrl_v1,95,6,GE_5,WaitAction,,0,0,True
exp_hrl_v1,95,6,US_5,MoveAction,,0,0,True
exp_hrl_v1,95,6,US_6,MoveAction,,0,0,True
exp_hrl_v1,95,6,US_7,RangedDirectAttack,,0,0,True
exp_hrl_v1,95,7,GE_1,WaitAction,,0,0,True
exp_hrl_v1,95,7,US_1,RangedDirectAttack,,0,0,True
exp_hrl_v1,95,7,GE_2,WaitAction,,0,0,True
exp_hrl_v1,95,7,US_2,RangedDirectAttack,,0,0,True
exp_hrl_v1,95,7,GE_3,WaitAction,,0,0,True
exp_hrl_v1,95,7,US_3,RangedDirectAttack,,0,0,True
exp_hrl_v1,95,7,GE_4,MoveAction,,0,0,True
exp_hrl_v1,95,7,US_4,RangedDirectAttack,,0,0,True
exp_hrl_v1,95,7,US_5,RangedDirectAttack,,0,0,True
exp_hrl_v1,95,7,US_6,RangedDirectAttack,,0,0,True
exp_hrl_v1,95,7,US_7,RangedDirectAttack,,0,0,True
exp_hrl_v1,95,8,GE_4,WaitAction,,0,0,True
exp_hrl_v1,95,8,US_1,RangedDirectAttack,,0,0,True
exp_hrl_v1,95,8,US_2,RangedDirectAttack,,0,0,True
exp_hrl_v1,96,1,GE_1,MoveAction,,0,0,True
exp_hrl_v1,96,1,US_1,MoveAction,,0,0,True
exp_hrl_v1,96,1,GE_2,MoveAction,,0,0,True
exp_hrl_v1,96,1,US_2,MoveAction,,0,0,True
exp_hrl_v1,96,1,GE_3,MoveAction,,0,0,True
exp_hrl_v1,96,1,US_3,MoveAction,,0,0,True
exp_hrl_v1,96,1,GE_4,MoveAction,,0,0,True
exp_hrl_v1,96,1,US_4,MoveAction,,0,0,True
exp_hrl_v1,96,1,GE_5,MoveAction,,0,0,True
exp_hrl_v1,96,1,US_5,MoveAction,,0,0,True
exp_hrl_v1,96,1,US_6,MoveAction,,0,0,True
exp_hrl_v1,96,1,US_7,MoveAction,,0,0,True
exp_hrl_v1,96,2,GE_1,MoveAction,,0,0,True
exp_hrl_v1,96,2,US_1,MoveAction,,0,0,True
exp_hrl_v1,96,2,GE_2,MoveAction,,0,0,True
exp_hrl_v1,96,2,US_2,MoveAction,,0,0,True
exp_hrl_v1,96,2,GE_3,MoveAction,,0,0,True
exp_hrl_v1,96,2,US_3,WaitAction,,0,0,True
exp_hrl_v1,96,2,GE_4,MoveAction,,0,0,True
exp_hrl_v1,96,2,US_4,MoveAction,,0,0,True
exp_hrl_v1,96,2,GE_5,MoveAction,,0,0,True
exp_hrl_v1,96,2,US_5,MoveAction,,0,0,True
exp_hrl_v1,96,2,US_6,MoveAction,,0,0,True
exp_hrl_v1,96,3,US_7,WaitAction,,0,0,True
exp_hrl_v1,96,3,GE_1,MoveAction,,0,0,True
exp_hrl_v1,96,3,US_1,MoveAction,,0,0,True
exp_hrl_v1,96,3,GE_2,MoveAction,,0,0,True
exp_hrl_v1,96,3,US_2,MoveAction,,0,0,True
exp_hrl_v1,96,3,GE_3,MoveAction,,0,0,True
exp_hrl_v1,96,3,US_3,MoveAction,,0,0,True
exp_hrl_v1,96,3,GE_4,MoveAction,,0,0,True
exp_hrl_v1,96,3,US_4,MoveAction,,0,0,True
exp_hrl_v1,96,3,GE_5,WaitAction,,0,0,True
exp_hrl_v1,96,3,US_5,MoveAction,,0,0,True
exp_hrl_v1,96,3,US_6,MoveAction,,0,0,True
exp_hrl_v1,96,3,US_7,MoveAction,,0,0,True
exp_hrl_v1,96,4,GE_1,MoveAction,,0,0,True
exp_hrl_v1,96,4,US_1,MoveAction,,0,0,True
exp_hrl_v1,96,4,GE_2,MoveAction,,0,0,True
exp_hrl_v1,96,4,US_2,MoveAction,,0,0,True
exp_hrl_v1,96,4,GE_3,MoveAction,,0,0,True
exp_hrl_v1,96,4,US_3,WaitAction,,0,0,True
exp_hrl_v1,96,4,GE_4,MoveAction,,0,0,True
exp_hrl_v1,96,4,US_4,MoveAction,,0,0,True
exp_hrl_v1,96,4,GE_5,MoveAction,,0,0,True
exp_hrl_v1,96,4,US_5,MoveAction,,0,0,True
exp_hrl_v1,96,4,US_6,WaitAction,,0,0,True
exp_hrl_v1,96,5,US_7,WaitAction,,0,0,True
exp_hrl_v1,96,5,GE_1,MoveAction,,0,0,True
exp_hrl_v1,96,5,US_1,WaitAction,,0,0,True
exp_hrl_v1,96,5,GE_2,WaitAction,,0,0,True
exp_hrl_v1,96,5,US_2,WaitAction,,0,0,True
exp_hrl_v1,96,5,GE_3,WaitAction,,0,0,True
exp_hrl_v1,96,5,US_3,WaitAction,,0,0,True
exp_hrl_v1,96,5,GE_4,MoveAction,,0,0,True
exp_hrl_v1,96,5,US_4,MoveAction,,0,0,True
exp_hrl_v1,96,5,GE_5,MoveAction,,0,0,True
exp_hrl_v1,96,5,US_5,MoveAction,,0,0,True
exp_hrl_v1,96,5,US_6,WaitAction,,0,0,True
exp_hrl_v1,96,5,US_7,MoveAction,,0,0,True
exp_hrl_v1,96,6,GE_1,WaitAction,,0,0,True
exp_hrl_v1,96,6,US_1,RangedDirectAttack,,0,0,True
exp_hrl_v1,96,6,GE_2,WaitAction,,0,0,True
exp_hrl_v1,96,6,US_2,RangedDirectAttack,,0,0,True
exp_hrl_v1,96,6,GE_3,WaitAction,,0,0,True
exp_hrl_v1,96,6,US_3,RangedDirectAttack,,0,0,True
exp_hrl_v1,96,6,GE_4,WaitAction,,0,0,True
exp_hrl_v1,96,6,US_4,RangedDirectAttack,,0,0,True
exp_hrl_v1,96,6,GE_5,NoneType,,0,0,True
exp_hrl_v1,96,6,US_5,RangedDirectAttack,,0,0,True
exp_hrl_v1,96,6,US_6,RangedDirectAttack,,0,0,True
exp_hrl_v1,96,6,US_7,RangedDirectAttack,,0,0,True
exp_hrl_v1,97,1,GE_1,MoveAction,,0,0,True
exp_hrl_v1,97,1,US_1,MoveAction,,0,0,True
exp_hrl_v1,97,1,GE_2,MoveAction,,0,0,True
exp_hrl_v1,97,1,US_2,MoveAction,,0,0,True
exp_hrl_v1,97,1,GE_3,MoveAction,,0,0,True
exp_hrl_v1,97,1,US_3,MoveAction,,0,0,True
exp_hrl_v1,97,1,GE_4,MoveAction,,0,0,True
exp_hrl_v1,97,1,US_4,MoveAction,,0,0,True
exp_hrl_v1,97,1,GE_5,MoveAction,,0,0,True
exp_hrl_v1,97,1,US_5,MoveAction,,0,0,True
exp_hrl_v1,97,1,US_6,MoveAction,,0,0,True
exp_hrl_v1,97,1,US_7,MoveAction,,0,0,True
exp_hrl_v1,97,2,GE_1,MoveAction,,0,0,True
exp_hrl_v1,97,2,US_1,MoveAction,,0,0,True
exp_hrl_v1,97,2,GE_2,MoveAction,,0,0,True
exp_hrl_v1,97,2,US_2,MoveAction,,0,0,True
exp_hrl_v1,97,2,GE_3,MoveAction,,0,0,True
exp_hrl_v1,97,2,US_3,WaitAction,,0,0,True
exp_hrl_v1,97,2,GE_4,MoveAction,,0,0,True
exp_hrl_v1,97,2,US_4,MoveAction,,0,0,True
exp_hrl_v1,97,2,GE_5,MoveAction,,0,0,True
exp_hrl_v1,97,2,US_5,MoveAction,,0,0,True
exp_hrl_v1,97,2,US_6,MoveAction,,0,0,True
exp_hrl_v1,97,2,US_7,MoveAction,,0,0,True
exp_hrl_v1,97,3,GE_1,MoveAction,,0,0,True
exp_hrl_v1,97,3,US_1,MoveAction,,0,0,True
exp_hrl_v1,97,3,GE_2,MoveAction,,0,0,True
exp_hrl_v1,97,3,US_2,MoveAction,,0,0,True
exp_hrl_v1,97,3,GE_3,MoveAction,,0,0,True
exp_hrl_v1,97,3,US_3,MoveAction,,0,0,True
exp_hrl_v1,97,3,GE_4,MoveAction,,0,0,True
exp_hrl_v1,97,3,US_4,MoveAction,,0,0,True
exp_hrl_v1,97,3,GE_5,MoveAction,,0,0,True
exp_hrl_v1,97,3,US_5,MoveAction,,0,0,True
exp_hrl_v1,97,3,US_6,MoveAction,,0,0,True
exp_hrl_v1,97,3,US_7,MoveAction,,0,0,True
exp_hrl_v1,97,4,GE_1,MoveAction,,0,0,True
exp_hrl_v1,97,4,US_1,MoveAction,,0,0,True
exp_hrl_v1,97,4,GE_2,MoveAction,,0,0,True
exp_hrl_v1,97,4,US_2,MoveAction,,0,0,True
exp_hrl_v1,97,4,GE_3,MoveAction,,0,0,True
exp_hrl_v1,97,4,US_3,MoveAction,,0,0,True
exp_hrl_v1,97,4,GE_4,MoveAction,,0,0,True
exp_hrl_v1,97,4,US_4,MoveAction,,0,0,True
exp_hrl_v1,97,4,GE_5,MoveAction,,0,0,True
exp_hrl_v1,97,4,US_5,MoveAction,,0,0,True
exp_hrl_v1,97,4,US_6,MoveAction,,0,0,True
exp_hrl_v1,97,4,US_7,MoveAction,,0,0,True
exp_hrl_v1,97,5,GE_1,MoveAction,,0,0,True
exp_hrl_v1,97,5,US_1,WaitAction,,0,0,True
exp_hrl_v1,97,5,GE_2,WaitAction,,0,0,True
exp_hrl_v1,97,5,US_2,WaitAction,,0,0,True
exp_hrl_v1,97,5,GE_3,WaitAction,,0,0,True
exp_hrl_v1,97,5,US_3,WaitAction,,0,0,True
exp_hrl_v1,97,5,GE_4,MoveAction,,0,0,True
exp_hrl_v1,97,5,US_4,MoveAction,,0,0,True
exp_hrl_v1,97,5,GE_5,WaitAction,,0,0,True
exp_hrl_v1,97,5,US_5,WaitAction,,0,0,True
exp_hrl_v1,97,5,US_6,WaitAction,,0,0,True
exp_hrl_v1,97,6,US_7,WaitAction,,0,0,True
exp_hrl_v1,97,6,GE_1,MoveAction,,0,0,True
exp_hrl_v1,97,6,US_1,WaitAction,,0,0,True
exp_hrl_v1,97,6,GE_2,WaitAction,,0,0,True
exp_hrl_v1,97,6,US_2,WaitAction,,0,0,True
exp_hrl_v1,97,6,GE_3,WaitAction,,0,0,True
exp_hrl_v1,97,6,US_3,WaitAction,,0,0,True
exp_hrl_v1,97,6,GE_4,MoveAction,,0,0,True
exp_hrl_v1,97,6,US_4,MoveAction,,0,0,True
exp_hrl_v1,97,6,GE_5,WaitAction,,0,0,True
exp_hrl_v1,97,6,US_5,WaitAction,,0,0,True
exp_hrl_v1,97,6,US_6,RangedIndirectAttack,,0,0,True
exp_hrl_v1,97,6,US_7,RangedIndirectAttack,,0,0,True
exp_hrl_v1,97,7,GE_1,WaitAction,,0,0,True
exp_hrl_v1,97,7,US_1,RangedIndirectAttack,,0,0,True
exp_hrl_v1,97,7,GE_2,WaitAction,,0,0,True
exp_hrl_v1,97,7,US_2,RangedIndirectAttack,,0,0,True
exp_hrl_v1,97,7,GE_3,WaitAction,,0,0,True
exp_hrl_v1,97,7,US_3,RangedIndirectAttack,,0,0,True
exp_hrl_v1,97,7,GE_4,MoveAction,,0,0,True
exp_hrl_v1,97,7,US_4,RangedIndirectAttack,,0,0,True
exp_hrl_v1,97,7,US_5,RangedIndirectAttack,,0,0,True
exp_hrl_v1,97,7,US_6,RangedIndirectAttack,,0,0,True
exp_hrl_v1,98,1,GE_1,MoveAction,,0,0,True
exp_hrl_v1,98,1,US_1,MoveAction,,0,0,True
exp_hrl_v1,98,1,GE_2,MoveAction,,0,0,True
exp_hrl_v1,98,1,US_2,MoveAction,,0,0,True
exp_hrl_v1,98,1,GE_3,MoveAction,,0,0,True
exp_hrl_v1,98,1,US_3,MoveAction,,0,0,True
exp_hrl_v1,98,1,GE_4,MoveAction,,0,0,True
exp_hrl_v1,98,1,US_4,MoveAction,,0,0,True
exp_hrl_v1,98,1,GE_5,MoveAction,,0,0,True
exp_hrl_v1,98,1,US_5,MoveAction,,0,0,True
exp_hrl_v1,98,1,US_6,MoveAction,,0,0,True
exp_hrl_v1,98,1,US_7,MoveAction,,0,0,True
exp_hrl_v1,98,2,GE_1,MoveAction,,0,0,True
exp_hrl_v1,98,2,US_1,MoveAction,,0,0,True
exp_hrl_v1,98,2,GE_2,MoveAction,,0,0,True
exp_hrl_v1,98,2,US_2,MoveAction,,0,0,True
exp_hrl_v1,98,2,GE_3,MoveAction,,0,0,True
exp_hrl_v1,98,2,US_3,WaitAction,,0,0,True
exp_hrl_v1,98,2,GE_4,MoveAction,,0,0,True
exp_hrl_v1,98,2,US_4,MoveAction,,0,0,True
exp_hrl_v1,98,2,GE_5,MoveAction,,0,0,True
exp_hrl_v1,98,2,US_5,MoveAction,,0,0,True
exp_hrl_v1,98,2,US_6,MoveAction,,0,0,True
exp_hrl_v1,98,3,US_7,WaitAction,,0,0,True
exp_hrl_v1,98,3,GE_1,MoveAction,,0,0,True
exp_hrl_v1,98,3,US_1,MoveAction,,0,0,True
exp_hrl_v1,98,3,GE_2,MoveAction,,0,0,True
exp_hrl_v1,98,3,US_2,MoveAction,,0,0,True
exp_hrl_v1,98,3,GE_3,MoveAction,,0,0,True
exp_hrl_v1,98,3,US_3,MoveAction,,0,0,True
exp_hrl_v1,98,3,GE_4,MoveAction,,0,0,True
exp_hrl_v1,98,3,US_4,MoveAction,,0,0,True
exp_hrl_v1,98,3,GE_5,WaitAction,,0,0,True
exp_hrl_v1,98,3,US_5,WaitAction,,0,0,True
exp_hrl_v1,98,3,US_6,MoveAction,,0,0,True
exp_hrl_v1,98,3,US_7,MoveAction,,0,0,True
exp_hrl_v1,98,4,GE_1,MoveAction,,0,0,True
exp_hrl_v1,98,4,US_1,WaitAction,,0,0,True
exp_hrl_v1,98,4,GE_2,WaitAction,,0,0,True
exp_hrl_v1,98,4,US_2,MoveAction,,0,0,True
exp_hrl_v1,98,4,GE_3,WaitAction,,0,0,True
exp_hrl_v1,98,4,US_3,MoveAction,,0,0,True
exp_hrl_v1,98,4,GE_4,MoveAction,,0,0,True
exp_hrl_v1,98,4,US_4,MoveAction,,0,0,True
exp_hrl_v1,98,4,GE_5,WaitAction,,0,0,True
exp_hrl_v1,98,4,US_5,MoveAction,,0,0,True
exp_hrl_v1,98,4,US_6,MoveAction,,0,0,True
exp_hrl_v1,98,4,US_7,MoveAction,,0,0,True
exp_hrl_v1,98,5,GE_1,WaitAction,,0,0,True
exp_hrl_v1,98,5,US_1,MoveAction,,0,0,True
exp_hrl_v1,98,5,GE_2,WaitAction,,0,0,True
exp_hrl_v1,98,5,US_2,WaitAction,,0,0,True
exp_hrl_v1,98,5,GE_3,MoveAction,,0,0,True
exp_hrl_v1,98,5,US_3,WaitAction,,0,0,True
exp_hrl_v1,98,5,GE_4,MoveAction,,0,0,True
exp_hrl_v1,98,5,US_4,MoveAction,,0,0,True
exp_hrl_v1,98,5,GE_5,MoveAction,,0,0,True
exp_hrl_v1,98,5,US_5,MoveAction,,0,0,True
exp_hrl_v1,98,5,US_6,MoveAction,,0,0,True
exp_hrl_v1,98,6,US_7,WaitAction,,0,0,True
exp_hrl_v1,98,6,GE_1,MoveAction,,0,0,True
exp_hrl_v1,98,6,US_1,RangedDirectAttack,,0,0,True
exp_hrl_v1,98,6,GE_2,WaitAction,,0,0,True
exp_hrl_v1,98,6,US_2,RangedDirectAttack,,0,0,True
exp_hrl_v1,98,6,GE_3,WaitAction,,0,0,True
exp_hrl_v1,98,6,US_3,RangedDirectAttack,,0,0,True
exp_hrl_v1,98,6,GE_4,MoveAction,,0,0,True
exp_hrl_v1,98,6,US_4,RangedDirectAttack,,0,0,True
exp_hrl_v1,98,6,GE_5,NoneType,,0,0,True
exp_hrl_v1,98,6,US_5,RangedDirectAttack,,0,0,True
exp_hrl_v1,98,6,US_6,RangedDirectAttack,,0,0,True
exp_hrl_v1,98,6,US_7,RangedDirectAttack,,0,0,True
exp_hrl_v1,98,7,GE_4,WaitAction,,0,0,True
exp_hrl_v1,98,7,US_1,RangedDirectAttack,,0,0,True
exp_hrl_v1,99,1,GE_1,MoveAction,,0,0,True
exp_hrl_v1,99,1,US_1,RangedDirectAttack,,0,0,True
exp_hrl_v1,99,1,GE_2,MoveAction,,0,0,True
exp_hrl_v1,99,1,US_2,RangedDirectAttack,,0,0,True
exp_hrl_v1,99,1,GE_3,MoveAction,,0,0,True
exp_hrl_v1,99,1,US_3,RangedDirectAttack,,0,0,True
exp_hrl_v1,99,1,GE_4,MoveAction,,0,0,True
exp_hrl_v1,99,1,US_4,RangedDirectAttack,,0,0,True
exp_hrl_v1,99,1,GE_5,NoneType,,0,0,True
exp_hrl_v1,99,1,US_5,RangedDirectAttack,,0,0,True
exp_hrl_v1,99,1,US_6,RangedDirectAttack,,0,0,True
exp_hrl_v1,99,1,US_7,RangedDirectAttack,,0,0,True
exp_hrl_v1,99,2,GE_1,MoveAction,,0,0,True
exp_hrl_v1,99,2,US_1,RangedDirectAttack,,0,0,True
exp_hrl_v1,99,2,GE_2,MoveAction,,0,0,True
exp_hrl_v1,99,2,US_2,RangedDirectAttack,,0,0,True
exp_hrl_v1,99,2,GE_3,MoveAction,,0,0,True
exp_hrl_v1,99,2,US_3,RangedDirectAttack,,0,0,True
exp_hrl_v1,99,2,GE_4,MoveAction,,0,0,True
exp_hrl_v1,99,2,US_4,MoveAction,,0,0,True
exp_hrl_v1,99,2,US_5,MoveAction,,0,0,True
exp_hrl_v1,99,2,US_6,MoveAction,,0,0,True
exp_hrl_v1,99,3,US_7,WaitAction,,0,0,True
exp_hrl_v1,99,3,GE_3,MoveAction,,0,0,True
exp_hrl_v1,99,3,US_1,MoveAction,,0,0,True
exp_hrl_v1,99,3,GE_4,MoveAction,,0,0,True
exp_hrl_v1,99,3,US_2,MoveAction,,0,0,True
exp_hrl_v1,99,3,US_3,MoveAction,,0,0,True
exp_hrl_v1,99,3,US_4,MoveAction,,0,0,True
exp_hrl_v1,99,3,US_5,MoveAction,,0,0,True
exp_hrl_v1,99,3,US_6,MoveAction,,0,0,True
exp_hrl_v1,99,4,US_7,WaitAction,,0,0,True
exp_hrl_v1,99,4,GE_3,MoveAction,,0,0,True
exp_hrl_v1,99,4,US_1,MoveAction,,0,0,True
exp_hrl_v1,99,4,GE_4,MoveAction,,0,0,True
exp_hrl_v1,99,4,US_2,MoveAction,,0,0,True
exp_hrl_v1,99,4,US_3,MoveAction,,0,0,True
exp_hrl_v1,99,4,US_4,MoveAction,,0,0,True
exp_hrl_v1,99,4,US_5,MoveAction,,0,0,True
exp_hrl_v1,99,4,US_6,MoveAction,,0,0,True
exp_hrl_v1,99,4,US_7,MoveAction,,0,0,True
exp_hrl_v1,99,5,GE_3,MoveAction,,0,0,True
exp_hrl_v1,99,5,US_1,WaitAction,,0,0,True
exp_hrl_v1,99,5,GE_4,MoveAction,,0,0,True
exp_hrl_v1,99,5,US_2,MoveAction,,0,0,True
exp_hrl_v1,99,5,US_3,MoveAction,,0,0,True
exp_hrl_v1,99,5,US_4,MoveAction,,0,0,True
exp_hrl_v1,99,5,US_5,WaitAction,,0,0,True
exp_hrl_v1,99,5,US_6,MoveAction,,0,0,True
exp_hrl_v1,99,5,US_7,MoveAction,,0,0,True
exp_hrl_v1,99,6,GE_3,WaitAction,,0,0,True
exp_hrl_v1,99,6,US_1,WaitAction,,0,0,True
exp_hrl_v1,99,6,GE_4,MoveAction,,0,0,True
exp_hrl_v1,99,6,US_2,WaitAction,,0,0,True
exp_hrl_v1,99,6,US_3,WaitAction,,0,0,True
exp_hrl_v1,99,6,US_4,MoveAction,,0,0,True
exp_hrl_v1,99,6,US_5,RangedDirectAttack,,0,0,True
exp_hrl_v1,99,6,US_6,RangedDirectAttack,,0,0,True
exp_hrl_v1,99,6,US_7,RangedDirectAttack,,0,0,True
exp_hrl_v1,99,7,GE_4,WaitAction,,0,0,True
exp_hrl_v1,99,7,US_1,RangedDirectAttack,,0,0,True
exp_hrl_v1,100,1,GE_1,MoveAction,,0,0,True
exp_hrl_v1,100,1,US_1,MoveAction,,0,0,True
exp_hrl_v1,100,1,GE_2,MoveAction,,0,0,True
exp_hrl_v1,100,1,US_2,MoveAction,,0,0,True
exp_hrl_v1,100,1,GE_3,MoveAction,,0,0,True
exp_hrl_v1,100,1,US_3,MoveAction,,0,0,True
exp_hrl_v1,100,1,GE_4,MoveAction,,0,0,True
exp_hrl_v1,100,1,US_4,MoveAction,,0,0,True
exp_hrl_v1,100,1,GE_5,MoveAction,,0,0,True
exp_hrl_v1,100,1,US_5,MoveAction,,0,0,True
exp_hrl_v1,100,1,US_6,MoveAction,,0,0,True
exp_hrl_v1,100,1,US_7,MoveAction,,0,0,True
exp_hrl_v1,100,2,GE_1,MoveAction,,0,0,True
exp_hrl_v1,100,2,US_1,MoveAction,,0,0,True
exp_hrl_v1,100,2,GE_2,MoveAction,,0,0,True
exp_hrl_v1,100,2,US_2,MoveAction,,0,0,True
exp_hrl_v1,100,2,GE_3,MoveAction,,0,0,True
exp_hrl_v1,100,2,US_3,WaitAction,,0,0,True
exp_hrl_v1,100,2,GE_4,MoveAction,,0,0,True
exp_hrl_v1,100,2,US_4,MoveAction,,0,0,True
exp_hrl_v1,100,2,GE_5,MoveAction,,0,0,True
exp_hrl_v1,100,2,US_5,MoveAction,,0,0,True
exp_hrl_v1,100,2,US_6,MoveAction,,0,0,True
exp_hrl_v1,100,3,US_7,WaitAction,,0,0,True
exp_hrl_v1,100,3,GE_1,MoveAction,,0,0,True
exp_hrl_v1,100,3,US_1,MoveAction,,0,0,True
exp_hrl_v1,100,3,GE_2,MoveAction,,0,0,True
exp_hrl_v1,100,3,US_2,MoveAction,,0,0,True
exp_hrl_v1,100,3,GE_3,MoveAction,,0,0,True
exp_hrl_v1,100,3,US_3,MoveAction,,0,0,True
exp_hrl_v1,100,3,GE_4,MoveAction,,0,0,True
exp_hrl_v1,100,3,US_4,MoveAction,,0,0,True
exp_hrl_v1,100,3,GE_5,WaitAction,,0,0,True
exp_hrl_v1,100,3,US_5,MoveAction,,0,0,True
exp_hrl_v1,100,3,US_6,MoveAction,,0,0,True
exp_hrl_v1,100,3,US_7,MoveAction,,0,0,True
exp_hrl_v1,100,4,GE_1,MoveAction,,0,0,True
exp_hrl_v1,100,4,US_1,MoveAction,,0,0,True
exp_hrl_v1,100,4,GE_2,MoveAction,,0,0,True
exp_hrl_v1,100,4,US_2,MoveAction,,0,0,True
exp_hrl_v1,100,4,GE_3,MoveAction,,0,0,True
exp_hrl_v1,100,4,US_3,WaitAction,,0,0,True
exp_hrl_v1,100,4,GE_4,MoveAction,,0,0,True
exp_hrl_v1,100,4,US_4,MoveAction,,0,0,True
exp_hrl_v1,100,4,GE_5,MoveAction,,0,0,True
exp_hrl_v1,100,4,US_5,MoveAction,,0,0,True
exp_hrl_v1,100,4,US_6,WaitAction,,0,0,True
exp_hrl_v1,100,5,US_7,WaitAction,,0,0,True
exp_hrl_v1,100,5,GE_1,MoveAction,,0,0,True
exp_hrl_v1,100,5,US_1,WaitAction,,0,0,True
exp_hrl_v1,100,5,GE_2,WaitAction,,0,0,True
exp_hrl_v1,100,5,US_2,WaitAction,,0,0,True
exp_hrl_v1,100,5,GE_3,WaitAction,,0,0,True
exp_hrl_v1,100,5,US_3,WaitAction,,0,0,True
exp_hrl_v1,100,5,GE_4,MoveAction,,0,0,True
exp_hrl_v1,100,5,US_4,MoveAction,,0,0,True
exp_hrl_v1,100,5,GE_5,MoveAction,,0,0,True
exp_hrl_v1,100,5,US_5,MoveAction,,0,0,True
exp_hrl_v1,100,5,US_6,WaitAction,,0,0,True
exp_hrl_v1,100,5,US_7,MoveAction,,0,0,True
exp_hrl_v1,100,6,GE_1,WaitAction,,0,0,True
exp_hrl_v1,100,6,US_1,RangedDirectAttack,,0,0,True
exp_hrl_v1,100,6,GE_2,WaitAction,,0,0,True
exp_hrl_v1,100,6,US_2,RangedDirectAttack,,0,0,True
exp_hrl_v1,100,6,GE_3,WaitAction,,0,0,True
exp_hrl_v1,100,6,US_3,RangedDirectAttack,,0,0,True
exp_hrl_v1,100,6,GE_4,MoveAction,,0,0,True
exp_hrl_v1,100,6,US_4,RangedDirectAttack,,0,0,True
exp_hrl_v1,100,6,GE_5,NoneType,,0,0,True
exp_hrl_v1,100,6,US_5,RangedDirectAttack,,0,0,True
exp_hrl_v1,100,6,US_6,RangedDirectAttack,,0,0,True
exp_hrl_v1,100,6,US_7,RangedDirectAttack,,0,0,True
exp_hrl_v1,100,7,GE_2,WaitAction,,0,0,True
exp_hrl_v1,100,7,US_1,RangedDirectAttack,,0,0,True
exp_hrl_v1,100,7,GE_4,WaitAction,,0,0,True
exp_hrl_v1,100,7,US_2,RangedDirectAttack,,0,0,True
exp_hrl_v1,101,1,GE_1,MoveAction,,0,0,True
exp_hrl_v1,101,1,US_1,MoveAction,,0,0,True
exp_hrl_v1,101,1,GE_2,MoveAction,,0,0,True
exp_hrl_v1,101,1,US_2,MoveAction,,0,0,True
exp_hrl_v1,101,1,GE_3,MoveAction,,0,0,True
exp_hrl_v1,101,1,US_3,MoveAction,,0,0,True
exp_hrl_v1,101,1,GE_4,MoveAction,,0,0,True
exp_hrl_v1,101,1,US_4,MoveAction,,0,0,True
exp_hrl_v1,101,1,GE_5,MoveAction,,0,0,True
exp_hrl_v1,101,1,US_5,MoveAction,,0,0,True
exp_hrl_v1,101,1,US_6,MoveAction,,0,0,True
exp_hrl_v1,101,1,US_7,MoveAction,,0,0,True
exp_hrl_v1,101,2,GE_1,MoveAction,,0,0,True
exp_hrl_v1,101,2,US_1,MoveAction,,0,0,True
exp_hrl_v1,101,2,GE_2,MoveAction,,0,0,True
exp_hrl_v1,101,2,US_2,MoveAction,,0,0,True
exp_hrl_v1,101,2,GE_3,MoveAction,,0,0,True
exp_hrl_v1,101,2,US_3,MoveAction,,0,0,True
exp_hrl_v1,101,2,GE_4,MoveAction,,0,0,True
exp_hrl_v1,101,2,US_4,MoveAction,,0,0,True
exp_hrl_v1,101,2,GE_5,MoveAction,,0,0,True
exp_hrl_v1,101,2,US_5,MoveAction,,0,0,True
exp_hrl_v1,101,2,US_6,MoveAction,,0,0,True
exp_hrl_v1,101,2,US_7,MoveAction,,0,0,True
exp_hrl_v1,101,3,GE_1,MoveAction,,0,0,True
exp_hrl_v1,101,3,US_1,MoveAction,,0,0,True
exp_hrl_v1,101,3,GE_2,MoveAction,,0,0,True
exp_hrl_v1,101,3,US_2,MoveAction,,0,0,True
exp_hrl_v1,101,3,GE_3,MoveAction,,0,0,True
exp_hrl_v1,101,3,US_3,MoveAction,,0,0,True
exp_hrl_v1,101,3,GE_4,MoveAction,,0,0,True
exp_hrl_v1,101,3,US_4,MoveAction,,0,0,True
exp_hrl_v1,101,3,GE_5,WaitAction,,0,0,True
exp_hrl_v1,101,3,US_5,WaitAction,,0,0,True
exp_hrl_v1,101,3,US_6,MoveAction,,0,0,True
exp_hrl_v1,101,3,US_7,MoveAction,,0,0,True
exp_hrl_v1,101,4,GE_1,MoveAction,,0,0,True
exp_hrl_v1,101,4,US_1,WaitAction,,0,0,True
exp_hrl_v1,101,4,GE_2,WaitAction,,0,0,True
exp_hrl_v1,101,4,US_2,MoveAction,,0,0,True
exp_hrl_v1,101,4,GE_3,WaitAction,,0,0,True
exp_hrl_v1,101,4,US_3,MoveAction,,0,0,True
exp_hrl_v1,101,4,GE_4,MoveAction,,0,0,True
exp_hrl_v1,101,4,US_4,MoveAction,,0,0,True
exp_hrl_v1,101,4,GE_5,WaitAction,,0,0,True
exp_hrl_v1,101,4,US_5,MoveAction,,0,0,True
exp_hrl_v1,101,4,US_6,MoveAction,,0,0,True
exp_hrl_v1,101,4,US_7,MoveAction,,0,0,True
exp_hrl_v1,101,5,GE_1,WaitAction,,0,0,True
exp_hrl_v1,101,5,US_1,RangedDirectAttack,,0,0,True
exp_hrl_v1,101,5,GE_2,WaitAction,,0,0,True
exp_hrl_v1,101,5,US_2,RangedDirectAttack,,0,0,True
exp_hrl_v1,101,5,GE_3,MoveAction,,0,0,True
exp_hrl_v1,101,5,US_3,RangedDirectAttack,,0,0,True
exp_hrl_v1,101,5,GE_4,WaitAction,,0,0,True
exp_hrl_v1,101,5,US_4,RangedDirectAttack,,0,0,True
exp_hrl_v1,101,5,GE_5,NoneType,,0,0,True
exp_hrl_v1,101,5,US_5,RangedDirectAttack,,0,0,True
exp_hrl_v1,101,5,US_6,RangedDirectAttack,,0,0,True
exp_hrl_v1,101,5,US_7,RangedDirectAttack,,0,0,True
exp_hrl_v1,101,6,GE_1,WaitAction,,0,0,True
exp_hrl_v1,101,6,US_1,RangedDirectAttack,,0,0,True
exp_hrl_v1,101,6,GE_4,MoveAction,,0,0,True
exp_hrl_v1,101,6,US_2,RangedDirectAttack,,0,0,True
exp_hrl_v1,102,1,GE_1,MoveAction,,0,0,True
exp_hrl_v1,102,1,US_1,MoveAction,,0,0,True
exp_hrl_v1,102,1,GE_2,MoveAction,,0,0,True
exp_hrl_v1,102,1,US_2,MoveAction,,0,0,True
exp_hrl_v1,102,1,GE_3,MoveAction,,0,0,True
exp_hrl_v1,102,1,US_3,MoveAction,,0,0,True
exp_hrl_v1,102,1,GE_4,MoveAction,,0,0,True
exp_hrl_v1,102,1,US_4,MoveAction,,0,0,True
exp_hrl_v1,102,1,GE_5,MoveAction,,0,0,True
exp_hrl_v1,102,1,US_5,MoveAction,,0,0,True
exp_hrl_v1,102,1,US_6,MoveAction,,0,0,True
exp_hrl_v1,102,1,US_7,MoveAction,,0,0,True
exp_hrl_v1,102,2,GE_1,MoveAction,,0,0,True
exp_hrl_v1,102,2,US_1,MoveAction,,0,0,True
exp_hrl_v1,102,2,GE_2,MoveAction,,0,0,True
exp_hrl_v1,102,2,US_2,MoveAction,,0,0,True
exp_hrl_v1,102,2,GE_3,MoveAction,,0,0,True
exp_hrl_v1,102,2,US_3,MoveAction,,0,0,True
exp_hrl_v1,102,2,GE_4,MoveAction,,0,0,True
exp_hrl_v1,102,2,US_4,MoveAction,,0,0,True
exp_hrl_v1,102,2,GE_5,MoveAction,,0,0,True
exp_hrl_v1,102,2,US_5,MoveAction,,0,0,True
exp_hrl_v1,102,2,US_6,MoveAction,,0,0,True
exp_hrl_v1,102,3,US_7,WaitAction,,0,0,True
exp_hrl_v1,102,3,GE_1,MoveAction,,0,0,True
exp_hrl_v1,102,3,US_1,MoveAction,,0,0,True
exp_hrl_v1,102,3,GE_2,MoveAction,,0,0,True
exp_hrl_v1,102,3,US_2,MoveAction,,0,0,True
exp_hrl_v1,102,3,GE_3,MoveAction,,0,0,True
exp_hrl_v1,102,3,US_3,MoveAction,,0,0,True
exp_hrl_v1,102,3,GE_4,MoveAction,,0,0,True
exp_hrl_v1,102,3,US_4,MoveAction,,0,0,True
exp_hrl_v1,102,3,GE_5,WaitAction,,0,0,True
exp_hrl_v1,102,3,US_5,WaitAction,,0,0,True
exp_hrl_v1,102,3,US_6,MoveAction,,0,0,True
exp_hrl_v1,102,3,US_7,MoveAction,,0,0,True
exp_hrl_v1,102,4,GE_1,MoveAction,,0,0,True
exp_hrl_v1,102,4,US_1,WaitAction,,0,0,True
exp_hrl_v1,102,4,GE_2,WaitAction,,0,0,True
exp_hrl_v1,102,4,US_2,MoveAction,,0,0,True
exp_hrl_v1,102,4,GE_3,WaitAction,,0,0,True
exp_hrl_v1,102,4,US_3,RangedDirectAttack,,0,0,True
exp_hrl_v1,102,4,GE_4,MoveAction,,0,0,True
exp_hrl_v1,102,4,US_4,RangedDirectAttack,,0,0,True
exp_hrl_v1,102,4,GE_5,NoneType,,0,0,True
exp_hrl_v1,102,4,US_5,RangedDirectAttack,,0,0,True
exp_hrl_v1,102,4,US_6,RangedDirectAttack,,0,0,True
exp_hrl_v1,102,4,US_7,RangedDirectAttack,,0,0,True
exp_hrl_v1,102,5,GE_1,WaitAction,,0,0,True
exp_hrl_v1,102,5,US_1,RangedDirectAttack,,0,0,True
exp_hrl_v1,102,5,GE_3,MoveAction,,0,0,True
exp_hrl_v1,102,5,US_2,RangedDirectAttack,,0,0,True
exp_hrl_v1,102,5,GE_4,MoveAction,,0,0,True
exp_hrl_v1,102,5,US_3,RangedDirectAttack,,0,0,True
exp_hrl_v1,102,5,US_4,RangedDirectAttack,,0,0,True
exp_hrl_v1,102,5,US_5,RangedDirectAttack,,0,0,True
exp_hrl_v1,102,5,US_6,WaitAction,,0,0,True
exp_hrl_v1,102,5,US_7,MoveAction,,0,0,True
exp_hrl_v1,102,6,GE_4,WaitAction,,0,0,True
exp_hrl_v1,102,6,US_1,WaitAction,,0,0,True
exp_hrl_v1,102,6,US_2,MoveAction,,0,0,True
exp_hrl_v1,102,6,US_3,MoveAction,,0,0,True
exp_hrl_v1,102,6,US_4,MoveAction,,0,0,True
exp_hrl_v1,102,6,US_5,MoveAction,,0,0,True
exp_hrl_v1,102,6,US_6,MoveAction,,0,0,True
exp_hrl_v1,102,7,US_7,WaitAction,,0,0,True
exp_hrl_v1,102,7,GE_4,WaitAction,,0,0,True
exp_hrl_v1,102,7,US_1,WaitAction,,0,0,True
exp_hrl_v1,102,7,US_2,WaitAction,,0,0,True
exp_hrl_v1,102,7,US_3,MoveAction,,0,0,True
exp_hrl_v1,102,7,US_4,MoveAction,,0,0,True
exp_hrl_v1,102,7,US_5,WaitAction,,0,0,True
exp_hrl_v1,102,7,US_6,MoveAction,,0,0,True
exp_hrl_v1,102,8,US_7,WaitAction,,0,0,True
exp_hrl_v1,102,8,GE_4,WaitAction,,0,0,True
exp_hrl_v1,102,8,US_1,WaitAction,,0,0,True
exp_hrl_v1,102,8,US_2,WaitAction,,0,0,True
exp_hrl_v1,102,8,US_3,WaitAction,,0,0,True
exp_hrl_v1,102,8,US_4,MoveAction,,0,0,True
exp_hrl_v1,102,8,US_5,WaitAction,,0,0,True
exp_hrl_v1,102,8,US_6,MoveAction,,0,0,True
exp_hrl_v1,102,9,US_7,WaitAction,,0,0,True
exp_hrl_v1,102,9,GE_4,WaitAction,,0,0,True
exp_hrl_v1,102,9,US_1,WaitAction,,0,0,True
exp_hrl_v1,102,9,US_2,WaitAction,,0,0,True
exp_hrl_v1,102,9,US_3,WaitAction,,0,0,True
exp_hrl_v1,102,9,US_4,MoveAction,,0,0,True
exp_hrl_v1,102,9,US_5,WaitAction,,0,0,True
exp_hrl_v1,102,9,US_6,WaitAction,,0,0,True
exp_hrl_v1,102,10,US_7,WaitAction,,0,0,True
exp_hrl_v1,102,10,GE_4,WaitAction,,0,0,True
exp_hrl_v1,102,10,US_1,RangedDirectAttack,,0,0,True
exp_hrl_v1,103,1,GE_1,MoveAction,,0,0,True
exp_hrl_v1,103,1,US_1,MoveAction,,0,0,True
exp_hrl_v1,103,1,GE_2,MoveAction,,0,0,True
exp_hrl_v1,103,1,US_2,MoveAction,,0,0,True
exp_hrl_v1,103,1,GE_3,MoveAction,,0,0,True
exp_hrl_v1,103,1,US_3,MoveAction,,0,0,True
exp_hrl_v1,103,1,GE_4,MoveAction,,0,0,True
exp_hrl_v1,103,1,US_4,MoveAction,,0,0,True
exp_hrl_v1,103,1,GE_5,MoveAction,,0,0,True
exp_hrl_v1,103,1,US_5,MoveAction,,0,0,True
exp_hrl_v1,103,1,US_6,MoveAction,,0,0,True
exp_hrl_v1,103,1,US_7,MoveAction,,0,0,True
exp_hrl_v1,103,2,GE_1,MoveAction,,0,0,True
exp_hrl_v1,103,2,US_1,MoveAction,,0,0,True
exp_hrl_v1,103,2,GE_2,MoveAction,,0,0,True
exp_hrl_v1,103,2,US_2,MoveAction,,0,0,True
exp_hrl_v1,103,2,GE_3,MoveAction,,0,0,True
exp_hrl_v1,103,2,US_3,WaitAction,,0,0,True
exp_hrl_v1,103,2,GE_4,MoveAction,,0,0,True
exp_hrl_v1,103,2,US_4,MoveAction,,0,0,True
exp_hrl_v1,103,2,GE_5,MoveAction,,0,0,True
exp_hrl_v1,103,2,US_5,MoveAction,,0,0,True
exp_hrl_v1,103,2,US_6,MoveAction,,0,0,True
exp_hrl_v1,103,3,US_7,WaitAction,,0,0,True
exp_hrl_v1,103,3,GE_1,MoveAction,,0,0,True
exp_hrl_v1,103,3,US_1,MoveAction,,0,0,True
exp_hrl_v1,103,3,GE_2,MoveAction,,0,0,True
exp_hrl_v1,103,3,US_2,MoveAction,,0,0,True
exp_hrl_v1,103,3,GE_3,MoveAction,,0,0,True
exp_hrl_v1,103,3,US_3,MoveAction,,0,0,True
exp_hrl_v1,103,3,GE_4,MoveAction,,0,0,True
exp_hrl_v1,103,3,US_4,MoveAction,,0,0,True
exp_hrl_v1,103,3,GE_5,WaitAction,,0,0,True
exp_hrl_v1,103,3,US_5,WaitAction,,0,0,True
exp_hrl_v1,103,3,US_6,MoveAction,,0,0,True
exp_hrl_v1,103,3,US_7,MoveAction,,0,0,True
exp_hrl_v1,103,4,GE_1,MoveAction,,0,0,True
exp_hrl_v1,103,4,US_1,WaitAction,,0,0,True
exp_hrl_v1,103,4,GE_2,WaitAction,,0,0,True
exp_hrl_v1,103,4,US_2,MoveAction,,0,0,True
exp_hrl_v1,103,4,GE_3,WaitAction,,0,0,True
exp_hrl_v1,103,4,US_3,MoveAction,,0,0,True
exp_hrl_v1,103,4,GE_4,MoveAction,,0,0,True
exp_hrl_v1,103,4,US_4,MoveAction,,0,0,True
exp_hrl_v1,103,4,GE_5,WaitAction,,0,0,True
exp_hrl_v1,103,4,US_5,MoveAction,,0,0,True
exp_hrl_v1,103,4,US_6,MoveAction,,0,0,True
exp_hrl_v1,103,5,US_7,WaitAction,,0,0,True
exp_hrl_v1,103,5,GE_1,WaitAction,,0,0,True
exp_hrl_v1,103,5,US_1,WaitAction,,0,0,True
exp_hrl_v1,103,5,GE_2,WaitAction,,0,0,True
exp_hrl_v1,103,5,US_2,WaitAction,,0,0,True
exp_hrl_v1,103,5,GE_3,WaitAction,,0,0,True
exp_hrl_v1,103,5,US_3,WaitAction,,0,0,True
exp_hrl_v1,103,5,GE_4,WaitAction,,0,0,True
exp_hrl_v1,103,5,US_4,MoveAction,,0,0,True
exp_hrl_v1,103,5,GE_5,WaitAction,,0,0,True
exp_hrl_v1,103,5,US_5,MoveAction,,0,0,True
exp_hrl_v1,103,5,US_6,MoveAction,,0,0,True
exp_hrl_v1,103,5,US_7,MoveAction,,0,0,True
exp_hrl_v1,103,6,GE_1,WaitAction,,0,0,True
exp_hrl_v1,103,6,US_1,MoveAction,,0,0,True
exp_hrl_v1,103,6,GE_2,WaitAction,,0,0,True
exp_hrl_v1,103,6,US_2,MoveAction,,0,0,True
exp_hrl_v1,103,6,GE_3,WaitAction,,0,0,True
exp_hrl_v1,103,6,US_3,MoveAction,,0,0,True
exp_hrl_v1,103,6,GE_4,MoveAction,,0,0,True
exp_hrl_v1,103,6,US_4,MoveAction,,0,0,True
exp_hrl_v1,103,6,GE_5,MoveAction,,0,0,True
exp_hrl_v1,103,6,US_5,MoveAction,,0,0,True
exp_hrl_v1,103,6,US_6,MoveAction,,0,0,True
exp_hrl_v1,103,6,US_7,MoveAction,,0,0,True
exp_hrl_v1,103,7,GE_1,MoveAction,,0,0,True
exp_hrl_v1,103,7,US_1,RangedDirectAttack,,0,0,True
exp_hrl_v1,103,7,GE_2,MoveAction,,0,0,True
exp_hrl_v1,103,7,US_2,RangedDirectAttack,,0,0,True
exp_hrl_v1,103,7,GE_3,MoveAction,,0,0,True
exp_hrl_v1,103,7,US_3,RangedDirectAttack,,0,0,True
exp_hrl_v1,103,7,GE_4,MoveAction,,0,0,True
exp_hrl_v1,103,7,US_4,RangedDirectAttack,,0,0,True
exp_hrl_v1,103,7,GE_5,NoneType,,0,0,True
exp_hrl_v1,103,7,US_5,RangedDirectAttack,,0,0,True
exp_hrl_v1,103,7,US_6,RangedDirectAttack,,0,0,True
exp_hrl_v1,103,7,US_7,RangedDirectAttack,,0,0,True
exp_hrl_v1,103,8,GE_2,WaitAction,,0,0,True
exp_hrl_v1,103,8,US_1,RangedDirectAttack,,0,0,True
exp_hrl_v1,103,8,GE_4,WaitAction,,0,0,True
exp_hrl_v1,103,8,US_2,RangedDirectAttack,,0,0,True
exp_hrl_v1,103,8,US_3,RangedDirectAttack,,0,0,True
exp_hrl_v1,104,1,GE_1,MoveAction,,0,0,True
exp_hrl_v1,104,1,US_1,RangedDirectAttack,,0,0,True
exp_hrl_v1,104,1,GE_2,MoveAction,,0,0,True
exp_hrl_v1,104,1,US_2,RangedDirectAttack,,0,0,True
exp_hrl_v1,104,1,GE_3,MoveAction,,0,0,True
exp_hrl_v1,104,1,US_3,RangedDirectAttack,,0,0,True
exp_hrl_v1,104,1,GE_4,MoveAction,,0,0,True
exp_hrl_v1,104,1,US_4,RangedDirectAttack,,0,0,True
exp_hrl_v1,104,1,GE_5,NoneType,,0,0,True
exp_hrl_v1,104,1,US_5,RangedDirectAttack,,0,0,True
exp_hrl_v1,104,1,US_6,RangedDirectAttack,,0,0,True
exp_hrl_v1,104,1,US_7,RangedDirectAttack,,0,0,True
exp_hrl_v1,104,2,GE_1,MoveAction,,0,0,True
exp_hrl_v1,104,2,US_1,RangedDirectAttack,,0,0,True
exp_hrl_v1,104,2,GE_2,MoveAction,,0,0,True
exp_hrl_v1,104,2,US_2,RangedDirectAttack,,0,0,True
exp_hrl_v1,104,2,GE_3,MoveAction,,0,0,True
exp_hrl_v1,104,2,US_3,RangedDirectAttack,,0,0,True
exp_hrl_v1,104,2,GE_4,MoveAction,,0,0,True
exp_hrl_v1,104,2,US_4,RangedDirectAttack,,0,0,True
exp_hrl_v1,104,2,US_5,RangedDirectAttack,,0,0,True
exp_hrl_v1,104,2,US_6,RangedDirectAttack,,0,0,True
exp_hrl_v1,104,2,US_7,RangedDirectAttack,,0,0,True
exp_hrl_v1,104,3,GE_3,MoveAction,,0,0,True
exp_hrl_v1,104,3,US_1,RangedDirectAttack,,0,0,True
exp_hrl_v1,104,3,GE_4,MoveAction,,0,0,True
exp_hrl_v1,104,3,US_2,RangedDirectAttack,,0,0,True
exp_hrl_v1,104,3,US_3,RangedDirectAttack,,0,0,True
exp_hrl_v1,104,3,US_4,RangedDirectAttack,,0,0,True
exp_hrl_v1,104,3,US_5,RangedDirectAttack,,0,0,True
exp_hrl_v1,104,3,US_6,RangedDirectAttack,,0,0,True
exp_hrl_v1,104,4,US_7,WaitAction,,0,0,True
exp_hrl_v1,104,4,GE_4,MoveAction,,0,0,True
exp_hrl_v1,104,4,US_1,MoveAction,,0,0,True
exp_hrl_v1,104,4,US_2,MoveAction,,0,0,True
exp_hrl_v1,104,4,US_3,MoveAction,,0,0,True
exp_hrl_v1,104,4,US_4,MoveAction,,0,0,True
exp_hrl_v1,104,4,US_5,WaitAction,,0,0,True
exp_hrl_v1,104,4,US_6,MoveAction,,0,0,True
exp_hrl_v1,104,4,US_7,MoveAction,,0,0,True
exp_hrl_v1,104,5,GE_4,MoveAction,,0,0,True
exp_hrl_v1,104,5,US_1,MoveAction,,0,0,True
exp_hrl_v1,104,5,US_2,MoveAction,,0,0,True
exp_hrl_v1,104,5,US_3,MoveAction,,0,0,True
exp_hrl_v1,104,5,US_4,MoveAction,,0,0,True
exp_hrl_v1,104,5,US_5,MoveAction,,0,0,True
exp_hrl_v1,104,5,US_6,MoveAction,,0,0,True
exp_hrl_v1,104,5,US_7,MoveAction,,0,0,True
exp_hrl_v1,104,6,GE_4,MoveAction,,0,0,True
exp_hrl_v1,104,6,US_1,WaitAction,,0,0,True
exp_hrl_v1,104,6,US_2,WaitAction,,0,0,True
exp_hrl_v1,104,6,US_3,MoveAction,,0,0,True
exp_hrl_v1,104,6,US_4,MoveAction,,0,0,True
exp_hrl_v1,104,6,US_5,MoveAction,,0,0,True
exp_hrl_v1,104,6,US_6,MoveAction,,0,0,True
exp_hrl_v1,104,6,US_7,MoveAction,,0,0,True
exp_hrl_v1,104,7,GE_4,WaitAction,,0,0,True
exp_hrl_v1,104,7,US_1,WaitAction,,0,0,True
exp_hrl_v1,104,7,US_2,WaitAction,,0,0,True
exp_hrl_v1,104,7,US_3,MoveAction,,0,0,True
exp_hrl_v1,104,7,US_4,MoveAction,,0,0,True
exp_hrl_v1,104,7,US_5,MoveAction,,0,0,True
exp_hrl_v1,104,7,US_6,MoveAction,,0,0,True
exp_hrl_v1,104,7,US_7,MoveAction,,0,0,True
exp_hrl_v1,104,8,GE_4,WaitAction,,0,0,True
exp_hrl_v1,104,8,US_1,RangedDirectAttack,,0,0,True
exp_hrl_v1,104,8,US_2,RangedDirectAttack,,0,0,True
exp_hrl_v1,105,1,GE_1,MoveAction,,0,0,True
exp_hrl_v1,105,1,US_1,MoveAction,,0,0,True
exp_hrl_v1,105,1,GE_2,MoveAction,,0,0,True
exp_hrl_v1,105,1,US_2,MoveAction,,0,0,True
exp_hrl_v1,105,1,GE_3,MoveAction,,0,0,True
exp_hrl_v1,105,1,US_3,MoveAction,,0,0,True
exp_hrl_v1,105,1,GE_4,MoveAction,,0,0,True
exp_hrl_v1,105,1,US_4,MoveAction,,0,0,True
exp_hrl_v1,105,1,GE_5,MoveAction,,0,0,True
exp_hrl_v1,105,1,US_5,MoveAction,,0,0,True
exp_hrl_v1,105,1,US_6,MoveAction,,0,0,True
exp_hrl_v1,105,1,US_7,MoveAction,,0,0,True
exp_hrl_v1,105,2,GE_1,MoveAction,,0,0,True
exp_hrl_v1,105,2,US_1,MoveAction,,0,0,True
exp_hrl_v1,105,2,GE_2,MoveAction,,0,0,True
exp_hrl_v1,105,2,US_2,MoveAction,,0,0,True
exp_hrl_v1,105,2,GE_3,MoveAction,,0,0,True
exp_hrl_v1,105,2,US_3,WaitAction,,0,0,True
exp_hrl_v1,105,2,GE_4,MoveAction,,0,0,True
exp_hrl_v1,105,2,US_4,MoveAction,,0,0,True
exp_hrl_v1,105,2,GE_5,MoveAction,,0,0,True
exp_hrl_v1,105,2,US_5,MoveAction,,0,0,True
exp_hrl_v1,105,2,US_6,MoveAction,,0,0,True
exp_hrl_v1,105,3,US_7,WaitAction,,0,0,True
exp_hrl_v1,105,3,GE_1,MoveAction,,0,0,True
exp_hrl_v1,105,3,US_1,MoveAction,,0,0,True
exp_hrl_v1,105,3,GE_2,MoveAction,,0,0,True
exp_hrl_v1,105,3,US_2,MoveAction,,0,0,True
exp_hrl_v1,105,3,GE_3,MoveAction,,0,0,True
exp_hrl_v1,105,3,US_3,MoveAction,,0,0,True
exp_hrl_v1,105,3,GE_4,MoveAction,,0,0,True
exp_hrl_v1,105,3,US_4,MoveAction,,0,0,True
exp_hrl_v1,105,3,GE_5,WaitAction,,0,0,True
exp_hrl_v1,105,3,US_5,WaitAction,,0,0,True
exp_hrl_v1,105,3,US_6,MoveAction,,0,0,True
exp_hrl_v1,105,3,US_7,MoveAction,,0,0,True
exp_hrl_v1,105,4,GE_1,MoveAction,,0,0,True
exp_hrl_v1,105,4,US_1,WaitAction,,0,0,True
exp_hrl_v1,105,4,GE_2,WaitAction,,0,0,True
exp_hrl_v1,105,4,US_2,MoveAction,,0,0,True
exp_hrl_v1,105,4,GE_3,WaitAction,,0,0,True
exp_hrl_v1,105,4,US_3,MoveAction,,0,0,True
exp_hrl_v1,105,4,GE_4,MoveAction,,0,0,True
exp_hrl_v1,105,4,US_4,MoveAction,,0,0,True
exp_hrl_v1,105,4,GE_5,WaitAction,,0,0,True
exp_hrl_v1,105,4,US_5,WaitAction,,0,0,True
exp_hrl_v1,105,4,US_6,MoveAction,,0,0,True
exp_hrl_v1,105,5,US_7,WaitAction,,0,0,True
exp_hrl_v1,105,5,GE_1,WaitAction,,0,0,True
exp_hrl_v1,105,5,US_1,WaitAction,,0,0,True
exp_hrl_v1,105,5,GE_2,WaitAction,,0,0,True
exp_hrl_v1,105,5,US_2,WaitAction,,0,0,True
exp_hrl_v1,105,5,GE_3,WaitAction,,0,0,True
exp_hrl_v1,105,5,US_3,WaitAction,,0,0,True
exp_hrl_v1,105,5,GE_4,WaitAction,,0,0,True
exp_hrl_v1,105,5,US_4,MoveAction,,0,0,True
exp_hrl_v1,105,5,GE_5,WaitAction,,0,0,True
exp_hrl_v1,105,5,US_5,WaitAction,,0,0,True
exp_hrl_v1,105,5,US_6,MoveAction,,0,0,True
exp_hrl_v1,105,6,US_7,WaitAction,,0,0,True
exp_hrl_v1,105,6,GE_1,WaitAction,,0,0,True
exp_hrl_v1,105,6,US_1,WaitAction,,0,0,True
exp_hrl_v1,105,6,GE_2,WaitAction,,0,0,True
exp_hrl_v1,105,6,US_2,RangedDirectAttack,,0,0,True
exp_hrl_v1,105,6,GE_3,WaitAction,,0,0,True
exp_hrl_v1,105,6,US_3,RangedDirectAttack,,0,0,True
exp_hrl_v1,105,6,GE_4,WaitAction,,0,0,True
exp_hrl_v1,105,6,US_4,RangedDirectAttack,,0,0,True
exp_hrl_v1,105,6,GE_5,NoneType,,0,0,True
exp_hrl_v1,105,6,US_5,RangedDirectAttack,,0,0,True
exp_hrl_v1,105,6,US_6,RangedDirectAttack,,0,0,True
exp_hrl_v1,105,6,US_7,RangedDirectAttack,,0,0,True
exp_hrl_v1,105,7,GE_4,MoveAction,,0,0,True
exp_hrl_v1,105,7,US_1,RangedDirectAttack,,0,0,True
exp_hrl_v1,106,1,GE_1,MoveAction,,0,0,True
exp_hrl_v1,106,1,US_1,MoveAction,,0,0,True
exp_hrl_v1,106,1,GE_2,MoveAction,,0,0,True
exp_hrl_v1,106,1,US_2,MoveAction,,0,0,True
exp_hrl_v1,106,1,GE_3,MoveAction,,0,0,True
exp_hrl_v1,106,1,US_3,MoveAction,,0,0,True
exp_hrl_v1,106,1,GE_4,MoveAction,,0,0,True
exp_hrl_v1,106,1,US_4,MoveAction,,0,0,True
exp_hrl_v1,106,1,GE_5,MoveAction,,0,0,True
exp_hrl_v1,106,1,US_5,MoveAction,,0,0,True
exp_hrl_v1,106,1,US_6,MoveAction,,0,0,True
exp_hrl_v1,106,1,US_7,MoveAction,,0,0,True
exp_hrl_v1,106,2,GE_1,MoveAction,,0,0,True
exp_hrl_v1,106,2,US_1,MoveAction,,0,0,True
exp_hrl_v1,106,2,GE_2,MoveAction,,0,0,True
exp_hrl_v1,106,2,US_2,MoveAction,,0,0,True
exp_hrl_v1,106,2,GE_3,MoveAction,,0,0,True
exp_hrl_v1,106,2,US_3,MoveAction,,0,0,True
exp_hrl_v1,106,2,GE_4,MoveAction,,0,0,True
exp_hrl_v1,106,2,US_4,MoveAction,,0,0,True
exp_hrl_v1,106,2,GE_5,MoveAction,,0,0,True
exp_hrl_v1,106,2,US_5,MoveAction,,0,0,True
exp_hrl_v1,106,2,US_6,MoveAction,,0,0,True
exp_hrl_v1,106,2,US_7,MoveAction,,0,0,True
exp_hrl_v1,106,3,GE_1,MoveAction,,0,0,True
exp_hrl_v1,106,3,US_1,MoveAction,,0,0,True
exp_hrl_v1,106,3,GE_2,MoveAction,,0,0,True
exp_hrl_v1,106,3,US_2,MoveAction,,0,0,True
exp_hrl_v1,106,3,GE_3,MoveAction,,0,0,True
exp_hrl_v1,106,3,US_3,MoveAction,,0,0,True
exp_hrl_v1,106,3,GE_4,MoveAction,,0,0,True
exp_hrl_v1,106,3,US_4,MoveAction,,0,0,True
exp_hrl_v1,106,3,GE_5,WaitAction,,0,0,True
exp_hrl_v1,106,3,US_5,WaitAction,,0,0,True
exp_hrl_v1,106,3,US_6,MoveAction,,0,0,True
exp_hrl_v1,106,3,US_7,MoveAction,,0,0,True
exp_hrl_v1,106,4,GE_1,MoveAction,,0,0,True
exp_hrl_v1,106,4,US_1,WaitAction,,0,0,True
exp_hrl_v1,106,4,GE_2,WaitAction,,0,0,True
exp_hrl_v1,106,4,US_2,WaitAction,,0,0,True
exp_hrl_v1,106,4,GE_3,WaitAction,,0,0,True
exp_hrl_v1,106,4,US_3,MoveAction,,0,0,True
exp_hrl_v1,106,4,GE_4,MoveAction,,0,0,True
exp_hrl_v1,106,4,US_4,MoveAction,,0,0,True
exp_hrl_v1,106,4,GE_5,WaitAction,,0,0,True
exp_hrl_v1,106,4,US_5,WaitAction,,0,0,True
exp_hrl_v1,106,4,US_6,MoveAction,,0,0,True
exp_hrl_v1,106,5,US_7,WaitAction,,0,0,True
exp_hrl_v1,106,5,GE_1,WaitAction,,0,0,True
exp_hrl_v1,106,5,US_1,WaitAction,,0,0,True
exp_hrl_v1,106,5,GE_2,WaitAction,,0,0,True
exp_hrl_v1,106,5,US_2,RangedIndirectAttack,,0,0,True
exp_hrl_v1,106,5,GE_3,WaitAction,,0,0,True
exp_hrl_v1,106,5,US_3,RangedIndirectAttack,,0,0,True
exp_hrl_v1,106,5,GE_4,WaitAction,,0,0,True
exp_hrl_v1,106,5,US_4,RangedIndirectAttack,,0,0,True
exp_hrl_v1,106,5,GE_5,NoneType,,0,0,True
exp_hrl_v1,106,5,US_5,RangedIndirectAttack,,0,0,True
exp_hrl_v1,106,5,US_6,RangedIndirectAttack,,0,0,True
exp_hrl_v1,106,5,US_7,RangedIndirectAttack,,0,0,True
exp_hrl_v1,106,6,GE_2,WaitAction,,0,0,True
exp_hrl_v1,106,6,US_1,RangedIndirectAttack,,0,0,True
exp_hrl_v1,106,6,GE_3,MoveAction,,0,0,True
exp_hrl_v1,106,6,US_2,RangedIndirectAttack,,0,0,True
exp_hrl_v1,106,6,GE_4,MoveAction,,0,0,True
exp_hrl_v1,106,6,US_3,RangedIndirectAttack,,0,0,True
exp_hrl_v1,106,6,US_4,RangedIndirectAttack,,0,0,True
exp_hrl_v1,107,1,GE_1,MoveAction,,0,0,True
exp_hrl_v1,107,1,US_1,MoveAction,,0,0,True
exp_hrl_v1,107,1,GE_2,MoveAction,,0,0,True
exp_hrl_v1,107,1,US_2,MoveAction,,0,0,True
exp_hrl_v1,107,1,GE_3,MoveAction,,0,0,True
exp_hrl_v1,107,1,US_3,MoveAction,,0,0,True
exp_hrl_v1,107,1,GE_4,MoveAction,,0,0,True
exp_hrl_v1,107,1,US_4,MoveAction,,0,0,True
exp_hrl_v1,107,1,GE_5,MoveAction,,0,0,True
exp_hrl_v1,107,1,US_5,MoveAction,,0,0,True
exp_hrl_v1,107,1,US_6,MoveAction,,0,0,True
exp_hrl_v1,107,1,US_7,MoveAction,,0,0,True
exp_hrl_v1,107,2,GE_1,MoveAction,,0,0,True
exp_hrl_v1,107,2,US_1,MoveAction,,0,0,True
exp_hrl_v1,107,2,GE_2,MoveAction,,0,0,True
exp_hrl_v1,107,2,US_2,MoveAction,,0,0,True
exp_hrl_v1,107,2,GE_3,MoveAction,,0,0,True
exp_hrl_v1,107,2,US_3,WaitAction,,0,0,True
exp_hrl_v1,107,2,GE_4,MoveAction,,0,0,True
exp_hrl_v1,107,2,US_4,MoveAction,,0,0,True
exp_hrl_v1,107,2,GE_5,MoveAction,,0,0,True
exp_hrl_v1,107,2,US_5,MoveAction,,0,0,True
exp_hrl_v1,107,2,US_6,RangedDirectAttack,,0,0,True
exp_hrl_v1,107,2,US_7,RangedDirectAttack,,0,0,True
exp_hrl_v1,107,3,GE_1,MoveAction,,0,0,True
exp_hrl_v1,107,3,US_1,RangedDirectAttack,,0,0,True
exp_hrl_v1,107,3,GE_2,MoveAction,,0,0,True
exp_hrl_v1,107,3,US_2,RangedDirectAttack,,0,0,True
exp_hrl_v1,107,3,GE_3,MoveAction,,0,0,True
exp_hrl_v1,107,3,US_3,RangedDirectAttack,,0,0,True
exp_hrl_v1,107,3,GE_4,MoveAction,,0,0,True
exp_hrl_v1,107,3,US_4,RangedDirectAttack,,0,0,True
exp_hrl_v1,107,3,GE_5,NoneType,,0,0,True
exp_hrl_v1,107,3,US_5,RangedDirectAttack,,0,0,True
exp_hrl_v1,107,3,US_6,RangedDirectAttack,,0,0,True
exp_hrl_v1,107,3,US_7,RangedDirectAttack,,0,0,True
exp_hrl_v1,107,4,GE_4,MoveAction,,0,0,True
exp_hrl_v1,107,4,US_1,RangedDirectAttack,,0,0,True
exp_hrl_v1,108,1,GE_1,MoveAction,,0,0,True
exp_hrl_v1,108,1,US_1,MoveAction,,0,0,True
exp_hrl_v1,108,1,GE_2,MoveAction,,0,0,True
exp_hrl_v1,108,1,US_2,MoveAction,,0,0,True
exp_hrl_v1,108,1,GE_3,MoveAction,,0,0,True
exp_hrl_v1,108,1,US_3,MoveAction,,0,0,True
exp_hrl_v1,108,1,GE_4,MoveAction,,0,0,True
exp_hrl_v1,108,1,US_4,MoveAction,,0,0,True
exp_hrl_v1,108,1,GE_5,MoveAction,,0,0,True
exp_hrl_v1,108,1,US_5,MoveAction,,0,0,True
exp_hrl_v1,108,1,US_6,MoveAction,,0,0,True
exp_hrl_v1,108,1,US_7,MoveAction,,0,0,True
exp_hrl_v1,108,2,GE_1,MoveAction,,0,0,True
exp_hrl_v1,108,2,US_1,MoveAction,,0,0,True
exp_hrl_v1,108,2,GE_2,MoveAction,,0,0,True
exp_hrl_v1,108,2,US_2,MoveAction,,0,0,True
exp_hrl_v1,108,2,GE_3,MoveAction,,0,0,True
exp_hrl_v1,108,2,US_3,WaitAction,,0,0,True
exp_hrl_v1,108,2,GE_4,MoveAction,,0,0,True
exp_hrl_v1,108,2,US_4,MoveAction,,0,0,True
exp_hrl_v1,108,2,GE_5,MoveAction,,0,0,True
exp_hrl_v1,108,2,US_5,MoveAction,,0,0,True
exp_hrl_v1,108,2,US_6,MoveAction,,0,0,True
exp_hrl_v1,108,3,US_7,WaitAction,,0,0,True
exp_hrl_v1,108,3,GE_1,MoveAction,,0,0,True
exp_hrl_v1,108,3,US_1,MoveAction,,0,0,True
exp_hrl_v1,108,3,GE_2,MoveAction,,0,0,True
exp_hrl_v1,108,3,US_2,MoveAction,,0,0,True
exp_hrl_v1,108,3,GE_3,MoveAction,,0,0,True
exp_hrl_v1,108,3,US_3,MoveAction,,0,0,True
exp_hrl_v1,108,3,GE_4,MoveAction,,0,0,True
exp_hrl_v1,108,3,US_4,MoveAction,,0,0,True
exp_hrl_v1,108,3,GE_5,WaitAction,,0,0,True
exp_hrl_v1,108,3,US_5,WaitAction,,0,0,True
exp_hrl_v1,108,3,US_6,MoveAction,,0,0,True
exp_hrl_v1,108,3,US_7,MoveAction,,0,0,True
exp_hrl_v1,108,4,GE_1,MoveAction,,0,0,True
exp_hrl_v1,108,4,US_1,WaitAction,,0,0,True
exp_hrl_v1,108,4,GE_2,WaitAction,,0,0,True
exp_hrl_v1,108,4,US_2,MoveAction,,0,0,True
exp_hrl_v1,108,4,GE_3,WaitAction,,0,0,True
exp_hrl_v1,108,4,US_3,MoveAction,,0,0,True
exp_hrl_v1,108,4,GE_4,MoveAction,,0,0,True
exp_hrl_v1,108,4,US_4,MoveAction,,0,0,True
exp_hrl_v1,108,4,GE_5,WaitAction,,0,0,True
exp_hrl_v1,108,4,US_5,WaitAction,,0,0,True
exp_hrl_v1,108,4,US_6,MoveAction,,0,0,True
exp_hrl_v1,108,5,US_7,WaitAction,,0,0,True
exp_hrl_v1,108,5,GE_1,WaitAction,,0,0,True
exp_hrl_v1,108,5,US_1,WaitAction,,0,0,True
exp_hrl_v1,108,5,GE_2,WaitAction,,0,0,True
exp_hrl_v1,108,5,US_2,WaitAction,,0,0,True
exp_hrl_v1,108,5,GE_3,WaitAction,,0,0,True
exp_hrl_v1,108,5,US_3,MoveAction,,0,0,True
exp_hrl_v1,108,5,GE_4,WaitAction,,0,0,True
exp_hrl_v1,108,5,US_4,MoveAction,,0,0,True
exp_hrl_v1,108,5,GE_5,WaitAction,,0,0,True
exp_hrl_v1,108,5,US_5,MoveAction,,0,0,True
exp_hrl_v1,108,5,US_6,MoveAction,,0,0,True
exp_hrl_v1,108,5,US_7,MoveAction,,0,0,True
exp_hrl_v1,108,6,GE_1,WaitAction,,0,0,True
exp_hrl_v1,108,6,US_1,RangedDirectAttack,,0,0,True
exp_hrl_v1,108,6,GE_2,WaitAction,,0,0,True
exp_hrl_v1,108,6,US_2,RangedDirectAttack,,0,0,True
exp_hrl_v1,108,6,GE_3,MoveAction,,0,0,True
exp_hrl_v1,108,6,US_3,RangedDirectAttack,,0,0,True
exp_hrl_v1,108,6,GE_4,WaitAction,,0,0,True
exp_hrl_v1,108,6,US_4,RangedDirectAttack,,0,0,True
exp_hrl_v1,108,6,GE_5,NoneType,,0,0,True
exp_hrl_v1,108,6,US_5,RangedDirectAttack,,0,0,True
exp_hrl_v1,108,6,US_6,RangedDirectAttack,,0,0,True
exp_hrl_v1,108,6,US_7,RangedDirectAttack,,0,0,True
exp_hrl_v1,108,7,GE_1,WaitAction,,0,0,True
exp_hrl_v1,108,7,US_1,RangedDirectAttack,,0,0,True
exp_hrl_v1,108,7,GE_4,MoveAction,,0,0,True
exp_hrl_v1,108,7,US_2,RangedDirectAttack,,0,0,True
exp_hrl_v1,109,1,GE_1,MoveAction,,0,0,True
exp_hrl_v1,109,1,US_1,MoveAction,,0,0,True
exp_hrl_v1,109,1,GE_2,MoveAction,,0,0,True
exp_hrl_v1,109,1,US_2,MoveAction,,0,0,True
exp_hrl_v1,109,1,GE_3,MoveAction,,0,0,True
exp_hrl_v1,109,1,US_3,MoveAction,,0,0,True
exp_hrl_v1,109,1,GE_4,MoveAction,,0,0,True
exp_hrl_v1,109,1,US_4,MoveAction,,0,0,True
exp_hrl_v1,109,1,GE_5,MoveAction,,0,0,True
exp_hrl_v1,109,1,US_5,MoveAction,,0,0,True
exp_hrl_v1,109,1,US_6,MoveAction,,0,0,True
exp_hrl_v1,109,1,US_7,MoveAction,,0,0,True
exp_hrl_v1,109,2,GE_1,MoveAction,,0,0,True
exp_hrl_v1,109,2,US_1,MoveAction,,0,0,True
exp_hrl_v1,109,2,GE_2,MoveAction,,0,0,True
exp_hrl_v1,109,2,US_2,MoveAction,,0,0,True
exp_hrl_v1,109,2,GE_3,MoveAction,,0,0,True
exp_hrl_v1,109,2,US_3,MoveAction,,0,0,True
exp_hrl_v1,109,2,GE_4,MoveAction,,0,0,True
exp_hrl_v1,109,2,US_4,MoveAction,,0,0,True
exp_hrl_v1,109,2,GE_5,MoveAction,,0,0,True
exp_hrl_v1,109,2,US_5,MoveAction,,0,0,True
exp_hrl_v1,109,2,US_6,MoveAction,,0,0,True
exp_hrl_v1,109,3,US_7,WaitAction,,0,0,True
exp_hrl_v1,109,3,GE_1,MoveAction,,0,0,True
exp_hrl_v1,109,3,US_1,MoveAction,,0,0,True
exp_hrl_v1,109,3,GE_2,MoveAction,,0,0,True
exp_hrl_v1,109,3,US_2,MoveAction,,0,0,True
exp_hrl_v1,109,3,GE_3,MoveAction,,0,0,True
exp_hrl_v1,109,3,US_3,MoveAction,,0,0,True
exp_hrl_v1,109,3,GE_4,MoveAction,,0,0,True
exp_hrl_v1,109,3,US_4,MoveAction,,0,0,True
exp_hrl_v1,109,3,GE_5,WaitAction,,0,0,True
exp_hrl_v1,109,3,US_5,MoveAction,,0,0,True
exp_hrl_v1,109,3,US_6,MoveAction,,0,0,True
exp_hrl_v1,109,3,US_7,MoveAction,,0,0,True
exp_hrl_v1,109,4,GE_1,MoveAction,,0,0,True
exp_hrl_v1,109,4,US_1,MoveAction,,0,0,True
exp_hrl_v1,109,4,GE_2,MoveAction,,0,0,True
exp_hrl_v1,109,4,US_2,RangedDirectAttack,,0,0,True
exp_hrl_v1,109,4,GE_3,MoveAction,,0,0,True
exp_hrl_v1,109,4,US_3,RangedDirectAttack,,0,0,True
exp_hrl_v1,109,4,GE_4,MoveAction,,0,0,True
exp_hrl_v1,109,4,US_4,RangedDirectAttack,,0,0,True
exp_hrl_v1,109,4,GE_5,NoneType,,0,0,True
exp_hrl_v1,109,4,US_5,RangedDirectAttack,,0,0,True
exp_hrl_v1,109,4,US_6,RangedDirectAttack,,0,0,True
exp_hrl_v1,109,4,US_7,RangedDirectAttack,,0,0,True
exp_hrl_v1,109,5,GE_2,WaitAction,,0,0,True
exp_hrl_v1,109,5,US_1,RangedDirectAttack,,0,0,True
exp_hrl_v1,109,5,GE_3,WaitAction,,0,0,True
exp_hrl_v1,109,5,US_2,RangedDirectAttack,,0,0,True
exp_hrl_v1,109,5,GE_4,MoveAction,,0,0,True
exp_hrl_v1,109,5,US_3,RangedDirectAttack,,0,0,True
exp_hrl_v1,109,5,US_4,RangedDirectAttack,,0,0,True
exp_hrl_v1,109,5,US_5,RangedDirectAttack,,0,0,True
exp_hrl_v1,109,5,US_6,RangedDirectAttack,,0,0,True
exp_hrl_v1,109,5,US_7,RangedDirectAttack,,0,0,True
exp_hrl_v1,109,6,GE_4,MoveAction,,0,0,True
exp_hrl_v1,109,6,US_1,RangedDirectAttack,,0,0,True
exp_hrl_v1,110,1,GE_1,MoveAction,,0,0,True
exp_hrl_v1,110,1,US_1,MoveAction,,0,0,True
exp_hrl_v1,110,1,GE_2,MoveAction,,0,0,True
exp_hrl_v1,110,1,US_2,MoveAction,,0,0,True
exp_hrl_v1,110,1,GE_3,MoveAction,,0,0,True
exp_hrl_v1,110,1,US_3,MoveAction,,0,0,True
exp_hrl_v1,110,1,GE_4,MoveAction,,0,0,True
exp_hrl_v1,110,1,US_4,MoveAction,,0,0,True
exp_hrl_v1,110,1,GE_5,MoveAction,,0,0,True
exp_hrl_v1,110,1,US_5,MoveAction,,0,0,True
exp_hrl_v1,110,1,US_6,MoveAction,,0,0,True
exp_hrl_v1,110,1,US_7,MoveAction,,0,0,True
exp_hrl_v1,110,2,GE_1,MoveAction,,0,0,True
exp_hrl_v1,110,2,US_1,MoveAction,,0,0,True
exp_hrl_v1,110,2,GE_2,MoveAction,,0,0,True
exp_hrl_v1,110,2,US_2,MoveAction,,0,0,True
exp_hrl_v1,110,2,GE_3,MoveAction,,0,0,True
exp_hrl_v1,110,2,US_3,MoveAction,,0,0,True
exp_hrl_v1,110,2,GE_4,MoveAction,,0,0,True
exp_hrl_v1,110,2,US_4,MoveAction,,0,0,True
exp_hrl_v1,110,2,GE_5,MoveAction,,0,0,True
exp_hrl_v1,110,2,US_5,MoveAction,,0,0,True
exp_hrl_v1,110,2,US_6,MoveAction,,0,0,True
exp_hrl_v1,110,2,US_7,MoveAction,,0,0,True
exp_hrl_v1,110,3,GE_1,MoveAction,,0,0,True
exp_hrl_v1,110,3,US_1,MoveAction,,0,0,True
exp_hrl_v1,110,3,GE_2,MoveAction,,0,0,True
exp_hrl_v1,110,3,US_2,MoveAction,,0,0,True
exp_hrl_v1,110,3,GE_3,MoveAction,,0,0,True
exp_hrl_v1,110,3,US_3,MoveAction,,0,0,True
exp_hrl_v1,110,3,GE_4,MoveAction,,0,0,True
exp_hrl_v1,110,3,US_4,MoveAction,,0,0,True
exp_hrl_v1,110,3,GE_5,WaitAction,,0,0,True
exp_hrl_v1,110,3,US_5,WaitAction,,0,0,True
exp_hrl_v1,110,3,US_6,MoveAction,,0,0,True
exp_hrl_v1,110,4,US_7,WaitAction,,0,0,True
exp_hrl_v1,110,4,GE_1,MoveAction,,0,0,True
exp_hrl_v1,110,4,US_1,WaitAction,,0,0,True
exp_hrl_v1,110,4,GE_2,WaitAction,,0,0,True
exp_hrl_v1,110,4,US_2,MoveAction,,0,0,True
exp_hrl_v1,110,4,GE_3,WaitAction,,0,0,True
exp_hrl_v1,110,4,US_3,MoveAction,,0,0,True
exp_hrl_v1,110,4,GE_4,MoveAction,,0,0,True
exp_hrl_v1,110,4,US_4,MoveAction,,0,0,True
exp_hrl_v1,110,4,GE_5,WaitAction,,0,0,True
exp_hrl_v1,110,4,US_5,WaitAction,,0,0,True
exp_hrl_v1,110,4,US_6,MoveAction,,0,0,True
exp_hrl_v1,110,5,US_7,WaitAction,,0,0,True
exp_hrl_v1,110,5,GE_1,WaitAction,,0,0,True
exp_hrl_v1,110,5,US_1,WaitAction,,0,0,True
exp_hrl_v1,110,5,GE_2,WaitAction,,0,0,True
exp_hrl_v1,110,5,US_2,WaitAction,,0,0,True
exp_hrl_v1,110,5,GE_3,WaitAction,,0,0,True
exp_hrl_v1,110,5,US_3,WaitAction,,0,0,True
exp_hrl_v1,110,5,GE_4,WaitAction,,0,0,True
exp_hrl_v1,110,5,US_4,MoveAction,,0,0,True
exp_hrl_v1,110,5,GE_5,WaitAction,,0,0,True
exp_hrl_v1,110,5,US_5,WaitAction,,0,0,True
exp_hrl_v1,110,5,US_6,MoveAction,,0,0,True
exp_hrl_v1,110,5,US_7,MoveAction,,0,0,True
exp_hrl_v1,110,6,GE_1,WaitAction,,0,0,True
exp_hrl_v1,110,6,US_1,RangedDirectAttack,,0,0,True
exp_hrl_v1,110,6,GE_2,WaitAction,,0,0,True
exp_hrl_v1,110,6,US_2,RangedDirectAttack,,0,0,True
exp_hrl_v1,110,6,GE_3,WaitAction,,0,0,True
exp_hrl_v1,110,6,US_3,RangedDirectAttack,,0,0,True
exp_hrl_v1,110,6,GE_4,WaitAction,,0,0,True
exp_hrl_v1,110,6,US_4,RangedDirectAttack,,0,0,True
exp_hrl_v1,110,6,GE_5,NoneType,,0,0,True
exp_hrl_v1,110,6,US_5,RangedDirectAttack,,0,0,True
exp_hrl_v1,110,6,US_6,RangedDirectAttack,,0,0,True
exp_hrl_v1,110,6,US_7,RangedDirectAttack,,0,0,True
exp_hrl_v1,110,7,GE_3,MoveAction,,0,0,True
exp_hrl_v1,110,7,US_1,RangedDirectAttack,,0,0,True
exp_hrl_v1,110,7,GE_4,MoveAction,,0,0,True
exp_hrl_v1,110,7,US_2,RangedDirectAttack,,0,0,True
exp_hrl_v1,111,1,GE_1,MoveAction,,0,0,True
exp_hrl_v1,111,1,US_1,MoveAction,,0,0,True
exp_hrl_v1,111,1,GE_2,MoveAction,,0,0,True
exp_hrl_v1,111,1,US_2,MoveAction,,0,0,True
exp_hrl_v1,111,1,GE_3,MoveAction,,0,0,True
exp_hrl_v1,111,1,US_3,MoveAction,,0,0,True
exp_hrl_v1,111,1,GE_4,MoveAction,,0,0,True
exp_hrl_v1,111,1,US_4,MoveAction,,0,0,True
exp_hrl_v1,111,1,GE_5,MoveAction,,0,0,True
exp_hrl_v1,111,1,US_5,MoveAction,,0,0,True
exp_hrl_v1,111,1,US_6,MoveAction,,0,0,True
exp_hrl_v1,111,1,US_7,MoveAction,,0,0,True
exp_hrl_v1,111,2,GE_1,MoveAction,,0,0,True
exp_hrl_v1,111,2,US_1,MoveAction,,0,0,True
exp_hrl_v1,111,2,GE_2,MoveAction,,0,0,True
exp_hrl_v1,111,2,US_2,MoveAction,,0,0,True
exp_hrl_v1,111,2,GE_3,MoveAction,,0,0,True
exp_hrl_v1,111,2,US_3,WaitAction,,0,0,True
exp_hrl_v1,111,2,GE_4,MoveAction,,0,0,True
exp_hrl_v1,111,2,US_4,MoveAction,,0,0,True
exp_hrl_v1,111,2,GE_5,MoveAction,,0,0,True
exp_hrl_v1,111,2,US_5,MoveAction,,0,0,True
exp_hrl_v1,111,2,US_6,MoveAction,,0,0,True
exp_hrl_v1,111,3,US_7,WaitAction,,0,0,True
exp_hrl_v1,111,3,GE_1,MoveAction,,0,0,True
exp_hrl_v1,111,3,US_1,MoveAction,,0,0,True
exp_hrl_v1,111,3,GE_2,MoveAction,,0,0,True
exp_hrl_v1,111,3,US_2,MoveAction,,0,0,True
exp_hrl_v1,111,3,GE_3,MoveAction,,0,0,True
exp_hrl_v1,111,3,US_3,MoveAction,,0,0,True
exp_hrl_v1,111,3,GE_4,MoveAction,,0,0,True
exp_hrl_v1,111,3,US_4,MoveAction,,0,0,True
exp_hrl_v1,111,3,GE_5,WaitAction,,0,0,True
exp_hrl_v1,111,3,US_5,MoveAction,,0,0,True
exp_hrl_v1,111,3,US_6,MoveAction,,0,0,True
exp_hrl_v1,111,3,US_7,MoveAction,,0,0,True
exp_hrl_v1,111,4,GE_1,MoveAction,,0,0,True
exp_hrl_v1,111,4,US_1,MoveAction,,0,0,True
exp_hrl_v1,111,4,GE_2,MoveAction,,0,0,True
exp_hrl_v1,111,4,US_2,MoveAction,,0,0,True
exp_hrl_v1,111,4,GE_3,MoveAction,,0,0,True
exp_hrl_v1,111,4,US_3,MoveAction,,0,0,True
exp_hrl_v1,111,4,GE_4,MoveAction,,0,0,True
exp_hrl_v1,111,4,US_4,MoveAction,,0,0,True
exp_hrl_v1,111,4,GE_5,MoveAction,,0,0,True
exp_hrl_v1,111,4,US_5,MoveAction,,0,0,True
exp_hrl_v1,111,4,US_6,MoveAction,,0,0,True
exp_hrl_v1,111,4,US_7,MoveAction,,0,0,True
exp_hrl_v1,111,5,GE_1,MoveAction,,0,0,True
exp_hrl_v1,111,5,US_1,WaitAction,,0,0,True
exp_hrl_v1,111,5,GE_2,WaitAction,,0,0,True
exp_hrl_v1,111,5,US_2,WaitAction,,0,0,True
exp_hrl_v1,111,5,GE_3,WaitAction,,0,0,True
exp_hrl_v1,111,5,US_3,MoveAction,,0,0,True
exp_hrl_v1,111,5,GE_4,MoveAction,,0,0,True
exp_hrl_v1,111,5,US_4,MoveAction,,0,0,True
exp_hrl_v1,111,5,GE_5,WaitAction,,0,0,True
exp_hrl_v1,111,5,US_5,MoveAction,,0,0,True
exp_hrl_v1,111,5,US_6,MoveAction,,0,0,True
exp_hrl_v1,111,5,US_7,RangedDirectAttack,,0,0,True
exp_hrl_v1,111,6,GE_1,WaitAction,,0,0,True
exp_hrl_v1,111,6,US_1,RangedDirectAttack,,0,0,True
exp_hrl_v1,111,6,GE_2,WaitAction,,0,0,True
exp_hrl_v1,111,6,US_2,RangedDirectAttack,,0,0,True
exp_hrl_v1,111,6,GE_3,WaitAction,,0,0,True
exp_hrl_v1,111,6,US_3,RangedDirectAttack,,0,0,True
exp_hrl_v1,111,6,GE_4,MoveAction,,0,0,True
exp_hrl_v1,111,6,US_4,RangedDirectAttack,,0,0,True
exp_hrl_v1,111,6,US_5,RangedDirectAttack,,0,0,True
exp_hrl_v1,111,6,US_6,RangedDirectAttack,,0,0,True
exp_hrl_v1,111,6,US_7,RangedDirectAttack,,0,0,True
exp_hrl_v1,111,7,GE_4,WaitAction,,0,0,True
exp_hrl_v1,111,7,US_1,RangedDirectAttack,,0,0,True
exp_hrl_v1,112,1,GE_1,MoveAction,,0,0,True
exp_hrl_v1,112,1,US_1,MoveAction,,0,0,True
exp_hrl_v1,112,1,GE_2,MoveAction,,0,0,True
exp_hrl_v1,112,1,US_2,MoveAction,,0,0,True
exp_hrl_v1,112,1,GE_3,MoveAction,,0,0,True
exp_hrl_v1,112,1,US_3,MoveAction,,0,0,True
exp_hrl_v1,112,1,GE_4,MoveAction,,0,0,True
exp_hrl_v1,112,1,US_4,MoveAction,,0,0,True
exp_hrl_v1,112,1,GE_5,MoveAction,,0,0,True
exp_hrl_v1,112,1,US_5,MoveAction,,0,0,True
exp_hrl_v1,112,1,US_6,MoveAction,,0,0,True
exp_hrl_v1,112,1,US_7,MoveAction,,0,0,True
exp_hrl_v1,112,2,GE_1,MoveAction,,0,0,True
exp_hrl_v1,112,2,US_1,MoveAction,,0,0,True
exp_hrl_v1,112,2,GE_2,MoveAction,,0,0,True
exp_hrl_v1,112,2,US_2,MoveAction,,0,0,True
exp_hrl_v1,112,2,GE_3,MoveAction,,0,0,True
exp_hrl_v1,112,2,US_3,MoveAction,,0,0,True
exp_hrl_v1,112,2,GE_4,MoveAction,,0,0,True
exp_hrl_v1,112,2,US_4,MoveAction,,0,0,True
exp_hrl_v1,112,2,GE_5,MoveAction,,0,0,True
exp_hrl_v1,112,2,US_5,MoveAction,,0,0,True
exp_hrl_v1,112,2,US_6,MoveAction,,0,0,True
exp_hrl_v1,112,3,US_7,WaitAction,,0,0,True
exp_hrl_v1,112,3,GE_1,MoveAction,,0,0,True
exp_hrl_v1,112,3,US_1,MoveAction,,0,0,True
exp_hrl_v1,112,3,GE_2,MoveAction,,0,0,True
exp_hrl_v1,112,3,US_2,MoveAction,,0,0,True
exp_hrl_v1,112,3,GE_3,MoveAction,,0,0,True
exp_hrl_v1,112,3,US_3,MoveAction,,0,0,True
exp_hrl_v1,112,3,GE_4,MoveAction,,0,0,True
exp_hrl_v1,112,3,US_4,WaitAction,,0,0,True
exp_hrl_v1,112,3,GE_5,WaitAction,,0,0,True
exp_hrl_v1,112,3,US_5,WaitAction,,0,0,True
exp_hrl_v1,112,3,US_6,MoveAction,,0,0,True
exp_hrl_v1,112,3,US_7,MoveAction,,0,0,True
exp_hrl_v1,112,4,GE_1,MoveAction,,0,0,True
exp_hrl_v1,112,4,US_1,WaitAction,,0,0,True
exp_hrl_v1,112,4,GE_2,WaitAction,,0,0,True
exp_hrl_v1,112,4,US_2,MoveAction,,0,0,True
exp_hrl_v1,112,4,GE_3,WaitAction,,0,0,True
exp_hrl_v1,112,4,US_3,MoveAction,,0,0,True
exp_hrl_v1,112,4,GE_4,MoveAction,,0,0,True
exp_hrl_v1,112,4,US_4,MoveAction,,0,0,True
exp_hrl_v1,112,4,GE_5,WaitAction,,0,0,True
exp_hrl_v1,112,4,US_5,WaitAction,,0,0,True
exp_hrl_v1,112,4,US_6,MoveAction,,0,0,True
exp_hrl_v1,112,5,US_7,WaitAction,,0,0,True
exp_hrl_v1,112,5,GE_1,WaitAction,,0,0,True
exp_hrl_v1,112,5,US_1,WaitAction,,0,0,True
exp_hrl_v1,112,5,GE_2,WaitAction,,0,0,True
exp_hrl_v1,112,5,US_2,WaitAction,,0,0,True
exp_hrl_v1,112,5,GE_3,WaitAction,,0,0,True
exp_hrl_v1,112,5,US_3,RangedDirectAttack,,0,0,True
exp_hrl_v1,112,5,GE_4,WaitAction,,0,0,True
exp_hrl_v1,112,5,US_4,RangedDirectAttack,,0,0,True
exp_hrl_v1,112,5,GE_5,NoneType,,0,0,True
exp_hrl_v1,112,5,US_5,RangedDirectAttack,,0,0,True
exp_hrl_v1,112,5,US_6,RangedDirectAttack,,0,0,True
exp_hrl_v1,112,5,US_7,RangedDirectAttack,,0,0,True
exp_hrl_v1,112,6,GE_3,MoveAction,,0,0,True
exp_hrl_v1,112,6,US_1,RangedDirectAttack,,0,0,True
exp_hrl_v1,112,6,GE_4,MoveAction,,0,0,True
exp_hrl_v1,112,6,US_2,RangedDirectAttack,,0,0,True
exp_hrl_v1,112,6,US_3,RangedDirectAttack,,0,0,True
exp_hrl_v1,112,6,US_4,RangedDirectAttack,,0,0,True
exp_hrl_v1,113,1,GE_1,MoveAction,,0,0,True
exp_hrl_v1,113,1,US_1,MoveAction,,0,0,True
exp_hrl_v1,113,1,GE_2,MoveAction,,0,0,True
exp_hrl_v1,113,1,US_2,MoveAction,,0,0,True
exp_hrl_v1,113,1,GE_3,MoveAction,,0,0,True
exp_hrl_v1,113,1,US_3,MoveAction,,0,0,True
exp_hrl_v1,113,1,GE_4,MoveAction,,0,0,True
exp_hrl_v1,113,1,US_4,MoveAction,,0,0,True
exp_hrl_v1,113,1,GE_5,MoveAction,,0,0,True
exp_hrl_v1,113,1,US_5,MoveAction,,0,0,True
exp_hrl_v1,113,1,US_6,MoveAction,,0,0,True
exp_hrl_v1,113,1,US_7,MoveAction,,0,0,True
exp_hrl_v1,113,2,GE_1,MoveAction,,0,0,True
exp_hrl_v1,113,2,US_1,MoveAction,,0,0,True
exp_hrl_v1,113,2,GE_2,MoveAction,,0,0,True
exp_hrl_v1,113,2,US_2,MoveAction,,0,0,True
exp_hrl_v1,113,2,GE_3,MoveAction,,0,0,True
exp_hrl_v1,113,2,US_3,MoveAction,,0,0,True
exp_hrl_v1,113,2,GE_4,MoveAction,,0,0,True
exp_hrl_v1,113,2,US_4,MoveAction,,0,0,True
exp_hrl_v1,113,2,GE_5,MoveAction,,0,0,True
exp_hrl_v1,113,2,US_5,MoveAction,,0,0,True
exp_hrl_v1,113,2,US_6,MoveAction,,0,0,True
exp_hrl_v1,113,3,US_7,WaitAction,,0,0,True
exp_hrl_v1,113,3,GE_1,MoveAction,,0,0,True
exp_hrl_v1,113,3,US_1,MoveAction,,0,0,True
exp_hrl_v1,113,3,GE_2,MoveAction,,0,0,True
exp_hrl_v1,113,3,US_2,MoveAction,,0,0,True
exp_hrl_v1,113,3,GE_3,MoveAction,,0,0,True
exp_hrl_v1,113,3,US_3,MoveAction,,0,0,True
exp_hrl_v1,113,3,GE_4,MoveAction,,0,0,True
exp_hrl_v1,113,3,US_4,MoveAction,,0,0,True
exp_hrl_v1,113,3,GE_5,WaitAction,,0,0,True
exp_hrl_v1,113,3,US_5,WaitAction,,0,0,True
exp_hrl_v1,113,3,US_6,MoveAction,,0,0,True
exp_hrl_v1,113,3,US_7,MoveAction,,0,0,True
exp_hrl_v1,113,4,GE_1,MoveAction,,0,0,True
exp_hrl_v1,113,4,US_1,WaitAction,,0,0,True
exp_hrl_v1,113,4,GE_2,WaitAction,,0,0,True
exp_hrl_v1,113,4,US_2,MoveAction,,0,0,True
exp_hrl_v1,113,4,GE_3,WaitAction,,0,0,True
exp_hrl_v1,113,4,US_3,MoveAction,,0,0,True
exp_hrl_v1,113,4,GE_4,MoveAction,,0,0,True
exp_hrl_v1,113,4,US_4,MoveAction,,0,0,True
exp_hrl_v1,113,4,GE_5,WaitAction,,0,0,True
exp_hrl_v1,113,4,US_5,WaitAction,,0,0,True
exp_hrl_v1,113,4,US_6,MoveAction,,0,0,True
exp_hrl_v1,113,5,US_7,WaitAction,,0,0,True
exp_hrl_v1,113,5,GE_1,WaitAction,,0,0,True
exp_hrl_v1,113,5,US_1,WaitAction,,0,0,True
exp_hrl_v1,113,5,GE_2,WaitAction,,0,0,True
exp_hrl_v1,113,5,US_2,WaitAction,,0,0,True
exp_hrl_v1,113,5,GE_3,WaitAction,,0,0,True
exp_hrl_v1,113,5,US_3,WaitAction,,0,0,True
exp_hrl_v1,113,5,GE_4,WaitAction,,0,0,True
exp_hrl_v1,113,5,US_4,MoveAction,,0,0,True
exp_hrl_v1,113,5,GE_5,WaitAction,,0,0,True
exp_hrl_v1,113,5,US_5,WaitAction,,0,0,True
exp_hrl_v1,113,5,US_6,MoveAction,,0,0,True
exp_hrl_v1,113,6,US_7,WaitAction,,0,0,True
exp_hrl_v1,113,6,GE_1,WaitAction,,0,0,True
exp_hrl_v1,113,6,US_1,RangedDirectAttack,,0,0,True
exp_hrl_v1,113,6,GE_2,WaitAction,,0,0,True
exp_hrl_v1,113,6,US_2,RangedDirectAttack,,0,0,True
exp_hrl_v1,113,6,GE_3,WaitAction,,0,0,True
exp_hrl_v1,113,6,US_3,RangedDirectAttack,,0,0,True
exp_hrl_v1,113,6,GE_4,WaitAction,,0,0,True
exp_hrl_v1,113,6,US_4,RangedDirectAttack,,0,0,True
exp_hrl_v1,113,6,GE_5,NoneType,,0,0,True
exp_hrl_v1,113,6,US_5,RangedDirectAttack,,0,0,True
exp_hrl_v1,113,6,US_6,RangedDirectAttack,,0,0,True
exp_hrl_v1,113,6,US_7,RangedDirectAttack,,0,0,True
exp_hrl_v1,113,7,GE_4,MoveAction,,0,0,True
exp_hrl_v1,113,7,US_1,RangedDirectAttack,,0,0,True
exp_hrl_v1,113,7,US_2,RangedDirectAttack,,0,0,True
exp_hrl_v1,114,1,GE_1,MoveAction,,0,0,True
exp_hrl_v1,114,1,US_1,MoveAction,,0,0,True
exp_hrl_v1,114,1,GE_2,MoveAction,,0,0,True
exp_hrl_v1,114,1,US_2,MoveAction,,0,0,True
exp_hrl_v1,114,1,GE_3,MoveAction,,0,0,True
exp_hrl_v1,114,1,US_3,MoveAction,,0,0,True
exp_hrl_v1,114,1,GE_4,MoveAction,,0,0,True
exp_hrl_v1,114,1,US_4,MoveAction,,0,0,True
exp_hrl_v1,114,1,GE_5,MoveAction,,0,0,True
exp_hrl_v1,114,1,US_5,MoveAction,,0,0,True
exp_hrl_v1,114,1,US_6,MoveAction,,0,0,True
exp_hrl_v1,114,1,US_7,MoveAction,,0,0,True
exp_hrl_v1,114,2,GE_1,MoveAction,,0,0,True
exp_hrl_v1,114,2,US_1,MoveAction,,0,0,True
exp_hrl_v1,114,2,GE_2,MoveAction,,0,0,True
exp_hrl_v1,114,2,US_2,MoveAction,,0,0,True
exp_hrl_v1,114,2,GE_3,MoveAction,,0,0,True
exp_hrl_v1,114,2,US_3,MoveAction,,0,0,True
exp_hrl_v1,114,2,GE_4,MoveAction,,0,0,True
exp_hrl_v1,114,2,US_4,MoveAction,,0,0,True
exp_hrl_v1,114,2,GE_5,MoveAction,,0,0,True
exp_hrl_v1,114,2,US_5,MoveAction,,0,0,True
exp_hrl_v1,114,2,US_6,MoveAction,,0,0,True
exp_hrl_v1,114,3,US_7,WaitAction,,0,0,True
exp_hrl_v1,114,3,GE_1,MoveAction,,0,0,True
exp_hrl_v1,114,3,US_1,MoveAction,,0,0,True
exp_hrl_v1,114,3,GE_2,MoveAction,,0,0,True
exp_hrl_v1,114,3,US_2,MoveAction,,0,0,True
exp_hrl_v1,114,3,GE_3,MoveAction,,0,0,True
exp_hrl_v1,114,3,US_3,MoveAction,,0,0,True
exp_hrl_v1,114,3,GE_4,MoveAction,,0,0,True
exp_hrl_v1,114,3,US_4,RangedDirectAttack,,0,0,True
exp_hrl_v1,114,3,GE_5,NoneType,,0,0,True
exp_hrl_v1,114,3,US_5,RangedDirectAttack,,0,0,True
exp_hrl_v1,114,3,US_6,RangedDirectAttack,,0,0,True
exp_hrl_v1,114,3,US_7,RangedDirectAttack,,0,0,True
exp_hrl_v1,114,4,GE_1,MoveAction,,0,0,True
exp_hrl_v1,114,4,US_1,RangedDirectAttack,,0,0,True
exp_hrl_v1,114,4,GE_2,WaitAction,,0,0,True
exp_hrl_v1,114,4,US_2,RangedDirectAttack,,0,0,True
exp_hrl_v1,114,4,GE_3,MoveAction,,0,0,True
exp_hrl_v1,114,4,US_3,RangedDirectAttack,,0,0,True
exp_hrl_v1,114,4,GE_4,MoveAction,,0,0,True
exp_hrl_v1,114,4,US_4,RangedDirectAttack,,0,0,True
exp_hrl_v1,114,4,US_5,RangedDirectAttack,,0,0,True
exp_hrl_v1,114,4,US_6,RangedDirectAttack,,0,0,True
exp_hrl_v1,115,1,GE_1,MoveAction,,0,0,True
exp_hrl_v1,115,1,US_1,MoveAction,,0,0,True
exp_hrl_v1,115,1,GE_2,MoveAction,,0,0,True
exp_hrl_v1,115,1,US_2,MoveAction,,0,0,True
exp_hrl_v1,115,1,GE_3,MoveAction,,0,0,True
exp_hrl_v1,115,1,US_3,MoveAction,,0,0,True
exp_hrl_v1,115,1,GE_4,MoveAction,,0,0,True
exp_hrl_v1,115,1,US_4,MoveAction,,0,0,True
exp_hrl_v1,115,1,GE_5,MoveAction,,0,0,True
exp_hrl_v1,115,1,US_5,MoveAction,,0,0,True
exp_hrl_v1,115,1,US_6,MoveAction,,0,0,True
exp_hrl_v1,115,1,US_7,MoveAction,,0,0,True
exp_hrl_v1,115,2,GE_1,MoveAction,,0,0,True
exp_hrl_v1,115,2,US_1,MoveAction,,0,0,True
exp_hrl_v1,115,2,GE_2,MoveAction,,0,0,True
exp_hrl_v1,115,2,US_2,MoveAction,,0,0,True
exp_hrl_v1,115,2,GE_3,MoveAction,,0,0,True
exp_hrl_v1,115,2,US_3,MoveAction,,0,0,True
exp_hrl_v1,115,2,GE_4,MoveAction,,0,0,True
exp_hrl_v1,115,2,US_4,MoveAction,,0,0,True
exp_hrl_v1,115,2,GE_5,MoveAction,,0,0,True
exp_hrl_v1,115,2,US_5,MoveAction,,0,0,True
exp_hrl_v1,115,2,US_6,MoveAction,,0,0,True
exp_hrl_v1,115,2,US_7,MoveAction,,0,0,True
exp_hrl_v1,115,3,GE_1,MoveAction,,0,0,True
exp_hrl_v1,115,3,US_1,MoveAction,,0,0,True
exp_hrl_v1,115,3,GE_2,MoveAction,,0,0,True
exp_hrl_v1,115,3,US_2,MoveAction,,0,0,True
exp_hrl_v1,115,3,GE_3,MoveAction,,0,0,True
exp_hrl_v1,115,3,US_3,MoveAction,,0,0,True
exp_hrl_v1,115,3,GE_4,MoveAction,,0,0,True
exp_hrl_v1,115,3,US_4,MoveAction,,0,0,True
exp_hrl_v1,115,3,GE_5,WaitAction,,0,0,True
exp_hrl_v1,115,3,US_5,WaitAction,,0,0,True
exp_hrl_v1,115,3,US_6,MoveAction,,0,0,True
exp_hrl_v1,115,3,US_7,MoveAction,,0,0,True
exp_hrl_v1,115,4,GE_1,MoveAction,,0,0,True
exp_hrl_v1,115,4,US_1,WaitAction,,0,0,True
exp_hrl_v1,115,4,GE_2,WaitAction,,0,0,True
exp_hrl_v1,115,4,US_2,MoveAction,,0,0,True
exp_hrl_v1,115,4,GE_3,WaitAction,,0,0,True
exp_hrl_v1,115,4,US_3,MoveAction,,0,0,True
exp_hrl_v1,115,4,GE_4,MoveAction,,0,0,True
exp_hrl_v1,115,4,US_4,MoveAction,,0,0,True
exp_hrl_v1,115,4,GE_5,WaitAction,,0,0,True
exp_hrl_v1,115,4,US_5,MoveAction,,0,0,True
exp_hrl_v1,115,4,US_6,MoveAction,,0,0,True
exp_hrl_v1,115,4,US_7,MoveAction,,0,0,True
exp_hrl_v1,115,5,GE_1,WaitAction,,0,0,True
exp_hrl_v1,115,5,US_1,WaitAction,,0,0,True
exp_hrl_v1,115,5,GE_2,WaitAction,,0,0,True
exp_hrl_v1,115,5,US_2,WaitAction,,0,0,True
exp_hrl_v1,115,5,GE_3,WaitAction,,0,0,True
exp_hrl_v1,115,5,US_3,MoveAction,,0,0,True
exp_hrl_v1,115,5,GE_4,WaitAction,,0,0,True
exp_hrl_v1,115,5,US_4,MoveAction,,0,0,True
exp_hrl_v1,115,5,GE_5,WaitAction,,0,0,True
exp_hrl_v1,115,5,US_5,WaitAction,,0,0,True
exp_hrl_v1,115,5,US_6,MoveAction,,0,0,True
exp_hrl_v1,115,5,US_7,RangedDirectAttack,,0,0,True
exp_hrl_v1,115,6,GE_1,WaitAction,,0,0,True
exp_hrl_v1,115,6,US_1,RangedDirectAttack,,0,0,True
exp_hrl_v1,115,6,GE_2,WaitAction,,0,0,True
exp_hrl_v1,115,6,US_2,RangedDirectAttack,,0,0,True
exp_hrl_v1,115,6,GE_3,MoveAction,,0,0,True
exp_hrl_v1,115,6,US_3,RangedDirectAttack,,0,0,True
exp_hrl_v1,115,6,GE_4,MoveAction,,0,0,True
exp_hrl_v1,115,6,US_4,RangedDirectAttack,,0,0,True
exp_hrl_v1,116,1,GE_1,MoveAction,,0,0,True
exp_hrl_v1,116,1,US_1,MoveAction,,0,0,True
exp_hrl_v1,116,1,GE_2,MoveAction,,0,0,True
exp_hrl_v1,116,1,US_2,MoveAction,,0,0,True
exp_hrl_v1,116,1,GE_3,MoveAction,,0,0,True
exp_hrl_v1,116,1,US_3,MoveAction,,0,0,True
exp_hrl_v1,116,1,GE_4,MoveAction,,0,0,True
exp_hrl_v1,116,1,US_4,MoveAction,,0,0,True
exp_hrl_v1,116,1,GE_5,MoveAction,,0,0,True
exp_hrl_v1,116,1,US_5,MoveAction,,0,0,True
exp_hrl_v1,116,1,US_6,MoveAction,,0,0,True
exp_hrl_v1,116,1,US_7,MoveAction,,0,0,True
exp_hrl_v1,116,2,GE_1,MoveAction,,0,0,True
exp_hrl_v1,116,2,US_1,MoveAction,,0,0,True
exp_hrl_v1,116,2,GE_2,MoveAction,,0,0,True
exp_hrl_v1,116,2,US_2,MoveAction,,0,0,True
exp_hrl_v1,116,2,GE_3,MoveAction,,0,0,True
exp_hrl_v1,116,2,US_3,MoveAction,,0,0,True
exp_hrl_v1,116,2,GE_4,MoveAction,,0,0,True
exp_hrl_v1,116,2,US_4,MoveAction,,0,0,True
exp_hrl_v1,116,2,GE_5,MoveAction,,0,0,True
exp_hrl_v1,116,2,US_5,MoveAction,,0,0,True
exp_hrl_v1,116,2,US_6,MoveAction,,0,0,True
exp_hrl_v1,116,2,US_7,MoveAction,,0,0,True
exp_hrl_v1,116,3,GE_1,MoveAction,,0,0,True
exp_hrl_v1,116,3,US_1,MoveAction,,0,0,True
exp_hrl_v1,116,3,GE_2,MoveAction,,0,0,True
exp_hrl_v1,116,3,US_2,MoveAction,,0,0,True
exp_hrl_v1,116,3,GE_3,MoveAction,,0,0,True
exp_hrl_v1,116,3,US_3,MoveAction,,0,0,True
exp_hrl_v1,116,3,GE_4,MoveAction,,0,0,True
exp_hrl_v1,116,3,US_4,MoveAction,,0,0,True
exp_hrl_v1,116,3,GE_5,WaitAction,,0,0,True
exp_hrl_v1,116,3,US_5,WaitAction,,0,0,True
exp_hrl_v1,116,3,US_6,MoveAction,,0,0,True
exp_hrl_v1,116,4,US_7,WaitAction,,0,0,True
exp_hrl_v1,116,4,GE_1,MoveAction,,0,0,True
exp_hrl_v1,116,4,US_1,WaitAction,,0,0,True
exp_hrl_v1,116,4,GE_2,WaitAction,,0,0,True
exp_hrl_v1,116,4,US_2,MoveAction,,0,0,True
exp_hrl_v1,116,4,GE_3,WaitAction,,0,0,True
exp_hrl_v1,116,4,US_3,MoveAction,,0,0,True
exp_hrl_v1,116,4,GE_4,MoveAction,,0,0,True
exp_hrl_v1,116,4,US_4,MoveAction,,0,0,True
exp_hrl_v1,116,4,GE_5,WaitAction,,0,0,True
exp_hrl_v1,116,4,US_5,WaitAction,,0,0,True
exp_hrl_v1,116,4,US_6,MoveAction,,0,0,True
exp_hrl_v1,116,5,US_7,WaitAction,,0,0,True
exp_hrl_v1,116,5,GE_1,WaitAction,,0,0,True
exp_hrl_v1,116,5,US_1,WaitAction,,0,0,True
exp_hrl_v1,116,5,GE_2,WaitAction,,0,0,True
exp_hrl_v1,116,5,US_2,WaitAction,,0,0,True
exp_hrl_v1,116,5,GE_3,WaitAction,,0,0,True
exp_hrl_v1,116,5,US_3,WaitAction,,0,0,True
exp_hrl_v1,116,5,GE_4,WaitAction,,0,0,True
exp_hrl_v1,116,5,US_4,MoveAction,,0,0,True
exp_hrl_v1,116,5,GE_5,WaitAction,,0,0,True
exp_hrl_v1,116,5,US_5,WaitAction,,0,0,True
exp_hrl_v1,116,5,US_6,MoveAction,,0,0,True
exp_hrl_v1,116,5,US_7,MoveAction,,0,0,True
exp_hrl_v1,116,6,GE_1,WaitAction,,0,0,True
exp_hrl_v1,116,6,US_1,WaitAction,,0,0,True
exp_hrl_v1,116,6,GE_2,WaitAction,,0,0,True
exp_hrl_v1,116,6,US_2,WaitAction,,0,0,True
exp_hrl_v1,116,6,GE_3,WaitAction,,0,0,True
exp_hrl_v1,116,6,US_3,WaitAction,,0,0,True
exp_hrl_v1,116,6,GE_4,WaitAction,,0,0,True
exp_hrl_v1,116,6,US_4,WaitAction,,0,0,True
exp_hrl_v1,116,6,GE_5,WaitAction,,0,0,True
exp_hrl_v1,116,6,US_5,WaitAction,,0,0,True
exp_hrl_v1,116,6,US_6,MoveAction,,0,0,True
exp_hrl_v1,116,6,US_7,MoveAction,,0,0,True
exp_hrl_v1,116,7,GE_1,WaitAction,,0,0,True
exp_hrl_v1,116,7,US_1,WaitAction,,0,0,True
exp_hrl_v1,116,7,GE_2,WaitAction,,0,0,True
exp_hrl_v1,116,7,US_2,WaitAction,,0,0,True
exp_hrl_v1,116,7,GE_3,WaitAction,,0,0,True
exp_hrl_v1,116,7,US_3,WaitAction,,0,0,True
exp_hrl_v1,116,7,GE_4,WaitAction,,0,0,True
exp_hrl_v1,116,7,US_4,WaitAction,,0,0,True
exp_hrl_v1,116,7,GE_5,MoveAction,,0,0,True
exp_hrl_v1,116,7,US_5,WaitAction,,0,0,True
exp_hrl_v1,116,7,US_6,RangedDirectAttack,,0,0,True
exp_hrl_v1,116,7,US_7,RangedDirectAttack,,0,0,True
exp_hrl_v1,116,8,GE_1,WaitAction,,0,0,True
exp_hrl_v1,116,8,US_1,RangedDirectAttack,,0,0,True
exp_hrl_v1,116,8,GE_2,NoneType,,0,0,True
exp_hrl_v1,116,8,US_2,RangedDirectAttack,,0,0,True
exp_hrl_v1,116,8,GE_3,WaitAction,,0,0,True
exp_hrl_v1,116,8,US_3,RangedDirectAttack,,0,0,True
exp_hrl_v1,116,8,GE_4,MoveAction,,0,0,True
exp_hrl_v1,116,8,US_4,RangedDirectAttack,,0,0,True
exp_hrl_v1,116,8,US_5,RangedDirectAttack,,0,0,True
exp_hrl_v1,116,8,US_6,RangedDirectAttack,,0,0,True
exp_hrl_v1,116,8,US_7,RangedDirectAttack,,0,0,True
exp_hrl_v1,117,1,GE_1,MoveAction,,0,0,True
exp_hrl_v1,117,1,US_1,MoveAction,,0,0,True
exp_hrl_v1,117,1,GE_2,MoveAction,,0,0,True
exp_hrl_v1,117,1,US_2,MoveAction,,0,0,True
exp_hrl_v1,117,1,GE_3,MoveAction,,0,0,True
exp_hrl_v1,117,1,US_3,MoveAction,,0,0,True
exp_hrl_v1,117,1,GE_4,MoveAction,,0,0,True
exp_hrl_v1,117,1,US_4,MoveAction,,0,0,True
exp_hrl_v1,117,1,GE_5,MoveAction,,0,0,True
exp_hrl_v1,117,1,US_5,MoveAction,,0,0,True
exp_hrl_v1,117,1,US_6,MoveAction,,0,0,True
exp_hrl_v1,117,1,US_7,MoveAction,,0,0,True
exp_hrl_v1,117,2,GE_1,MoveAction,,0,0,True
exp_hrl_v1,117,2,US_1,MoveAction,,0,0,True
exp_hrl_v1,117,2,GE_2,MoveAction,,0,0,True
exp_hrl_v1,117,2,US_2,MoveAction,,0,0,True
exp_hrl_v1,117,2,GE_3,MoveAction,,0,0,True
exp_hrl_v1,117,2,US_3,WaitAction,,0,0,True
exp_hrl_v1,117,2,GE_4,MoveAction,,0,0,True
exp_hrl_v1,117,2,US_4,MoveAction,,0,0,True
exp_hrl_v1,117,2,GE_5,MoveAction,,0,0,True
exp_hrl_v1,117,2,US_5,MoveAction,,0,0,True
exp_hrl_v1,117,2,US_6,MoveAction,,0,0,True
exp_hrl_v1,117,2,US_7,MoveAction,,0,0,True
exp_hrl_v1,117,3,GE_1,MoveAction,,0,0,True
exp_hrl_v1,117,3,US_1,MoveAction,,0,0,True
exp_hrl_v1,117,3,GE_2,MoveAction,,0,0,True
exp_hrl_v1,117,3,US_2,MoveAction,,0,0,True
exp_hrl_v1,117,3,GE_3,MoveAction,,0,0,True
exp_hrl_v1,117,3,US_3,MoveAction,,0,0,True
exp_hrl_v1,117,3,GE_4,MoveAction,,0,0,True
exp_hrl_v1,117,3,US_4,RangedDirectAttack,,0,0,True
exp_hrl_v1,117,3,GE_5,MoveAction,,0,0,True
exp_hrl_v1,117,3,US_5,RangedDirectAttack,,0,0,True
exp_hrl_v1,117,3,US_6,RangedDirectAttack,,0,0,True
exp_hrl_v1,117,3,US_7,RangedDirectAttack,,0,0,True
exp_hrl_v1,117,4,GE_1,MoveAction,,0,0,True
exp_hrl_v1,117,4,US_1,RangedDirectAttack,,0,0,True
exp_hrl_v1,117,4,GE_2,WaitAction,,0,0,True
exp_hrl_v1,117,4,US_2,RangedDirectAttack,,0,0,True
exp_hrl_v1,117,4,GE_3,MoveAction,,0,0,True
exp_hrl_v1,117,4,US_3,RangedDirectAttack,,0,0,True
exp_hrl_v1,117,4,GE_4,MoveAction,,0,0,True
exp_hrl_v1,117,4,US_4,RangedDirectAttack,,0,0,True
exp_hrl_v1,117,4,US_5,RangedDirectAttack,,0,0,True
exp_hrl_v1,117,4,US_6,RangedDirectAttack,,0,0,True
exp_hrl_v1,117,4,US_7,MoveAction,,0,0,True
exp_hrl_v1,117,5,GE_1,MoveAction,,0,0,True
exp_hrl_v1,117,5,US_1,MoveAction,,0,0,True
exp_hrl_v1,117,5,GE_4,MoveAction,,0,0,True
exp_hrl_v1,117,5,US_2,MoveAction,,0,0,True
exp_hrl_v1,117,5,US_3,MoveAction,,0,0,True
exp_hrl_v1,117,5,US_4,MoveAction,,0,0,True
exp_hrl_v1,117,5,US_5,MoveAction,,0,0,True
exp_hrl_v1,117,5,US_6,MoveAction,,0,0,True
exp_hrl_v1,117,5,US_7,MoveAction,,0,0,True
exp_hrl_v1,117,6,GE_1,MoveAction,,0,0,True
exp_hrl_v1,117,6,US_1,MoveAction,,0,0,True
exp_hrl_v1,117,6,GE_4,MoveAction,,0,0,True
exp_hrl_v1,117,6,US_2,MoveAction,,0,0,True
exp_hrl_v1,117,6,US_3,RangedIndirectAttack,,0,0,True
exp_hrl_v1,117,6,US_4,RangedIndirectAttack,,0,0,True
exp_hrl_v1,117,6,US_5,RangedIndirectAttack,,0,0,True
exp_hrl_v1,117,6,US_6,RangedIndirectAttack,,0,0,True
exp_hrl_v1,118,1,GE_1,MoveAction,,0,0,True
exp_hrl_v1,118,1,US_1,MoveAction,,0,0,True
exp_hrl_v1,118,1,GE_2,MoveAction,,0,0,True
exp_hrl_v1,118,1,US_2,MoveAction,,0,0,True
exp_hrl_v1,118,1,GE_3,MoveAction,,0,0,True
exp_hrl_v1,118,1,US_3,MoveAction,,0,0,True
exp_hrl_v1,118,1,GE_4,MoveAction,,0,0,True
exp_hrl_v1,118,1,US_4,MoveAction,,0,0,True
exp_hrl_v1,118,1,GE_5,MoveAction,,0,0,True
exp_hrl_v1,118,1,US_5,MoveAction,,0,0,True
exp_hrl_v1,118,1,US_6,MoveAction,,0,0,True
exp_hrl_v1,118,1,US_7,MoveAction,,0,0,True
exp_hrl_v1,118,2,GE_1,MoveAction,,0,0,True
exp_hrl_v1,118,2,US_1,MoveAction,,0,0,True
exp_hrl_v1,118,2,GE_2,MoveAction,,0,0,True
exp_hrl_v1,118,2,US_2,MoveAction,,0,0,True
exp_hrl_v1,118,2,GE_3,MoveAction,,0,0,True
exp_hrl_v1,118,2,US_3,WaitAction,,0,0,True
exp_hrl_v1,118,2,GE_4,MoveAction,,0,0,True
exp_hrl_v1,118,2,US_4,MoveAction,,0,0,True
exp_hrl_v1,118,2,GE_5,MoveAction,,0,0,True
exp_hrl_v1,118,2,US_5,MoveAction,,0,0,True
exp_hrl_v1,118,2,US_6,MoveAction,,0,0,True
exp_hrl_v1,118,3,US_7,WaitAction,,0,0,True
exp_hrl_v1,118,3,GE_1,MoveAction,,0,0,True
exp_hrl_v1,118,3,US_1,MoveAction,,0,0,True
exp_hrl_v1,118,3,GE_2,MoveAction,,0,0,True
exp_hrl_v1,118,3,US_2,MoveAction,,0,0,True
exp_hrl_v1,118,3,GE_3,MoveAction,,0,0,True
exp_hrl_v1,118,3,US_3,MoveAction,,0,0,True
exp_hrl_v1,118,3,GE_4,MoveAction,,0,0,True
exp_hrl_v1,118,3,US_4,MoveAction,,0,0,True
exp_hrl_v1,118,3,GE_5,WaitAction,,0,0,True
exp_hrl_v1,118,3,US_5,RangedDirectAttack,,0,0,True
exp_hrl_v1,118,3,US_6,RangedDirectAttack,,0,0,True
exp_hrl_v1,118,3,US_7,RangedDirectAttack,,0,0,True
exp_hrl_v1,118,4,GE_1,MoveAction,,0,0,True
exp_hrl_v1,118,4,US_1,RangedDirectAttack,,0,0,True
exp_hrl_v1,118,4,GE_2,WaitAction,,0,0,True
exp_hrl_v1,118,4,US_2,RangedDirectAttack,,0,0,True
exp_hrl_v1,118,4,GE_3,WaitAction,,0,0,True
exp_hrl_v1,118,4,US_3,RangedDirectAttack,,0,0,True
exp_hrl_v1,118,4,GE_4,MoveAction,,0,0,True
exp_hrl_v1,118,4,US_4,RangedDirectAttack,,0,0,True
exp_hrl_v1,118,4,US_5,RangedDirectAttack,,0,0,True
exp_hrl_v1,118,4,US_6,RangedDirectAttack,,0,0,True
exp_hrl_v1,118,4,US_7,RangedDirectAttack,,0,0,True
exp_hrl_v1,118,5,GE_4,MoveAction,,0,0,True
exp_hrl_v1,118,5,US_1,WaitAction,,0,0,True
exp_hrl_v1,118,5,US_2,MoveAction,,0,0,True
exp_hrl_v1,118,5,US_3,MoveAction,,0,0,True
exp_hrl_v1,118,5,US_4,MoveAction,,0,0,True
exp_hrl_v1,118,5,US_5,MoveAction,,0,0,True
exp_hrl_v1,118,5,US_6,MoveAction,,0,0,True
exp_hrl_v1,118,5,US_7,MoveAction,,0,0,True
exp_hrl_v1,118,6,GE_4,WaitAction,,0,0,True
exp_hrl_v1,118,6,US_1,MoveAction,,0,0,True
exp_hrl_v1,118,6,US_2,MoveAction,,0,0,True
exp_hrl_v1,118,6,US_3,MoveAction,,0,0,True
exp_hrl_v1,118,6,US_4,MoveAction,,0,0,True
exp_hrl_v1,118,6,US_5,RangedIndirectAttack,,0,0,True
exp_hrl_v1,118,6,US_6,RangedIndirectAttack,,0,0,True
exp_hrl_v1,119,1,GE_1,MoveAction,,0,0,True
exp_hrl_v1,119,1,US_1,WaitAction,,0,0,True
exp_hrl_v1,119,1,GE_2,MoveAction,,0,0,True
exp_hrl_v1,119,1,US_2,MoveAction,,0,0,True
exp_hrl_v1,119,1,GE_3,MoveAction,,0,0,True
exp_hrl_v1,119,1,US_3,MoveAction,,0,0,True
exp_hrl_v1,119,1,GE_4,MoveAction,,0,0,True
exp_hrl_v1,119,1,US_4,MoveAction,,0,0,True
exp_hrl_v1,119,1,GE_5,MoveAction,,0,0,True
exp_hrl_v1,119,1,US_5,MoveAction,,0,0,True
exp_hrl_v1,119,1,US_6,MoveAction,,0,0,True
exp_hrl_v1,119,1,US_7,MoveAction,,0,0,True
exp_hrl_v1,119,2,GE_1,MoveAction,,0,0,True
exp_hrl_v1,119,2,US_1,MoveAction,,0,0,True
exp_hrl_v1,119,2,GE_2,MoveAction,,0,0,True
exp_hrl_v1,119,2,US_2,MoveAction,,0,0,True
exp_hrl_v1,119,2,GE_3,MoveAction,,0,0,True
exp_hrl_v1,119,2,US_3,WaitAction,,0,0,True
exp_hrl_v1,119,2,GE_4,MoveAction,,0,0,True
exp_hrl_v1,119,2,US_4,MoveAction,,0,0,True
exp_hrl_v1,119,2,GE_5,MoveAction,,0,0,True
exp_hrl_v1,119,2,US_5,MoveAction,,0,0,True
exp_hrl_v1,119,2,US_6,MoveAction,,0,0,True
exp_hrl_v1,119,3,US_7,WaitAction,,0,0,True
exp_hrl_v1,119,3,GE_1,MoveAction,,0,0,True
exp_hrl_v1,119,3,US_1,MoveAction,,0,0,True
exp_hrl_v1,119,3,GE_2,MoveAction,,0,0,True
exp_hrl_v1,119,3,US_2,MoveAction,,0,0,True
exp_hrl_v1,119,3,GE_3,MoveAction,,0,0,True
exp_hrl_v1,119,3,US_3,MoveAction,,0,0,True
exp_hrl_v1,119,3,GE_4,MoveAction,,0,0,True
exp_hrl_v1,119,3,US_4,MoveAction,,0,0,True
exp_hrl_v1,119,3,GE_5,MoveAction,,0,0,True
exp_hrl_v1,119,3,US_5,MoveAction,,0,0,True
exp_hrl_v1,119,3,US_6,MoveAction,,0,0,True
exp_hrl_v1,119,3,US_7,MoveAction,,0,0,True
exp_hrl_v1,119,4,GE_1,MoveAction,,0,0,True
exp_hrl_v1,119,4,US_1,MoveAction,,0,0,True
exp_hrl_v1,119,4,GE_2,WaitAction,,0,0,True
exp_hrl_v1,119,4,US_2,MoveAction,,0,0,True
exp_hrl_v1,119,4,GE_3,MoveAction,,0,0,True
exp_hrl_v1,119,4,US_3,MoveAction,,0,0,True
exp_hrl_v1,119,4,GE_4,MoveAction,,0,0,True
exp_hrl_v1,119,4,US_4,MoveAction,,0,0,True
exp_hrl_v1,119,4,GE_5,WaitAction,,0,0,True
exp_hrl_v1,119,4,US_5,MoveAction,,0,0,True
exp_hrl_v1,119,4,US_6,MoveAction,,0,0,True
exp_hrl_v1,119,4,US_7,MoveAction,,0,0,True
exp_hrl_v1,119,5,GE_1,MoveAction,,0,0,True
exp_hrl_v1,119,5,US_1,MoveAction,,0,0,True
exp_hrl_v1,119,5,GE_2,WaitAction,,0,0,True
exp_hrl_v1,119,5,US_2,RangedIndirectAttack,,0,0,True
exp_hrl_v1,119,5,GE_3,MoveAction,,0,0,True
exp_hrl_v1,119,5,US_3,RangedIndirectAttack,,0,0,True
exp_hrl_v1,119,5,GE_4,MoveAction,,0,0,True
exp_hrl_v1,119,5,US_4,RangedIndirectAttack,,0,0,True
exp_hrl_v1,119,5,GE_5,NoneType,,0,0,True
exp_hrl_v1,119,5,US_5,RangedIndirectAttack,,0,0,True
exp_hrl_v1,119,5,US_6,RangedIndirectAttack,,0,0,True
exp_hrl_v1,119,5,US_7,RangedIndirectAttack,,0,0,True
exp_hrl_v1,119,6,GE_1,MoveAction,,0,0,True
exp_hrl_v1,119,6,US_1,RangedIndirectAttack,,0,0,True
exp_hrl_v1,119,6,GE_4,MoveAction,,0,0,True
exp_hrl_v1,119,6,US_2,RangedIndirectAttack,,0,0,True
exp_hrl_v1,119,6,US_3,RangedIndirectAttack,,0,0,True
exp_hrl_v1,120,1,GE_1,MoveAction,,0,0,True
exp_hrl_v1,120,1,US_1,MoveAction,,0,0,True
exp_hrl_v1,120,1,GE_2,MoveAction,,0,0,True
exp_hrl_v1,120,1,US_2,MoveAction,,0,0,True
exp_hrl_v1,120,1,GE_3,MoveAction,,0,0,True
exp_hrl_v1,120,1,US_3,MoveAction,,0,0,True
exp_hrl_v1,120,1,GE_4,MoveAction,,0,0,True
exp_hrl_v1,120,1,US_4,MoveAction,,0,0,True
exp_hrl_v1,120,1,GE_5,MoveAction,,0,0,True
exp_hrl_v1,120,1,US_5,MoveAction,,0,0,True
exp_hrl_v1,120,1,US_6,MoveAction,,0,0,True
exp_hrl_v1,120,1,US_7,MoveAction,,0,0,True
exp_hrl_v1,120,2,GE_1,MoveAction,,0,0,True
exp_hrl_v1,120,2,US_1,MoveAction,,0,0,True
exp_hrl_v1,120,2,GE_2,MoveAction,,0,0,True
exp_hrl_v1,120,2,US_2,MoveAction,,0,0,True
exp_hrl_v1,120,2,GE_3,MoveAction,,0,0,True
exp_hrl_v1,120,2,US_3,MoveAction,,0,0,True
exp_hrl_v1,120,2,GE_4,MoveAction,,0,0,True
exp_hrl_v1,120,2,US_4,MoveAction,,0,0,True
exp_hrl_v1,120,2,GE_5,MoveAction,,0,0,True
exp_hrl_v1,120,2,US_5,MoveAction,,0,0,True
exp_hrl_v1,120,2,US_6,MoveAction,,0,0,True
exp_hrl_v1,120,3,US_7,WaitAction,,0,0,True
exp_hrl_v1,120,3,GE_1,MoveAction,,0,0,True
exp_hrl_v1,120,3,US_1,MoveAction,,0,0,True
exp_hrl_v1,120,3,GE_2,MoveAction,,0,0,True
exp_hrl_v1,120,3,US_2,MoveAction,,0,0,True
exp_hrl_v1,120,3,GE_3,MoveAction,,0,0,True
exp_hrl_v1,120,3,US_3,MoveAction,,0,0,True
exp_hrl_v1,120,3,GE_4,MoveAction,,0,0,True
exp_hrl_v1,120,3,US_4,MoveAction,,0,0,True
exp_hrl_v1,120,3,GE_5,WaitAction,,0,0,True
exp_hrl_v1,120,3,US_5,WaitAction,,0,0,True
exp_hrl_v1,120,3,US_6,MoveAction,,0,0,True
exp_hrl_v1,120,3,US_7,MoveAction,,0,0,True
exp_hrl_v1,120,4,GE_1,MoveAction,,0,0,True
exp_hrl_v1,120,4,US_1,WaitAction,,0,0,True
exp_hrl_v1,120,4,GE_2,WaitAction,,0,0,True
exp_hrl_v1,120,4,US_2,MoveAction,,0,0,True
exp_hrl_v1,120,4,GE_3,WaitAction,,0,0,True
exp_hrl_v1,120,4,US_3,MoveAction,,0,0,True
exp_hrl_v1,120,4,GE_4,MoveAction,,0,0,True
exp_hrl_v1,120,4,US_4,MoveAction,,0,0,True
exp_hrl_v1,120,4,GE_5,WaitAction,,0,0,True
exp_hrl_v1,120,4,US_5,WaitAction,,0,0,True
exp_hrl_v1,120,4,US_6,MoveAction,,0,0,True
exp_hrl_v1,120,5,US_7,WaitAction,,0,0,True
exp_hrl_v1,120,5,GE_1,WaitAction,,0,0,True
exp_hrl_v1,120,5,US_1,WaitAction,,0,0,True
exp_hrl_v1,120,5,GE_2,WaitAction,,0,0,True
exp_hrl_v1,120,5,US_2,WaitAction,,0,0,True
exp_hrl_v1,120,5,GE_3,WaitAction,,0,0,True
exp_hrl_v1,120,5,US_3,WaitAction,,0,0,True
exp_hrl_v1,120,5,GE_4,WaitAction,,0,0,True
exp_hrl_v1,120,5,US_4,MoveAction,,0,0,True
exp_hrl_v1,120,5,GE_5,WaitAction,,0,0,True
exp_hrl_v1,120,5,US_5,WaitAction,,0,0,True
exp_hrl_v1,120,5,US_6,MoveAction,,0,0,True
exp_hrl_v1,120,6,US_7,WaitAction,,0,0,True
exp_hrl_v1,120,6,GE_1,WaitAction,,0,0,True
exp_hrl_v1,120,6,US_1,RangedDirectAttack,,0,0,True
exp_hrl_v1,120,6,GE_2,WaitAction,,0,0,True
exp_hrl_v1,120,6,US_2,RangedDirectAttack,,0,0,True
exp_hrl_v1,120,6,GE_3,MoveAction,,0,0,True
exp_hrl_v1,120,6,US_3,RangedDirectAttack,,0,0,True
exp_hrl_v1,120,6,GE_4,WaitAction,,0,0,True
exp_hrl_v1,120,6,US_4,RangedDirectAttack,,0,0,True
exp_hrl_v1,120,6,GE_5,NoneType,,0,0,True
exp_hrl_v1,120,6,US_5,RangedDirectAttack,,0,0,True
exp_hrl_v1,120,6,US_6,RangedDirectAttack,,0,0,True
exp_hrl_v1,120,6,US_7,RangedDirectAttack,,0,0,True
exp_hrl_v1,120,7,GE_4,MoveAction,,0,0,True
exp_hrl_v1,120,7,US_1,RangedDirectAttack,,0,0,True
exp_hrl_v1,121,1,GE_1,MoveAction,,0,0,True
exp_hrl_v1,121,1,US_1,MoveAction,,0,0,True
exp_hrl_v1,121,1,GE_2,MoveAction,,0,0,True
exp_hrl_v1,121,1,US_2,MoveAction,,0,0,True
exp_hrl_v1,121,1,GE_3,MoveAction,,0,0,True
exp_hrl_v1,121,1,US_3,MoveAction,,0,0,True
exp_hrl_v1,121,1,GE_4,MoveAction,,0,0,True
exp_hrl_v1,121,1,US_4,MoveAction,,0,0,True
exp_hrl_v1,121,1,GE_5,MoveAction,,0,0,True
exp_hrl_v1,121,1,US_5,MoveAction,,0,0,True
exp_hrl_v1,121,1,US_6,MoveAction,,0,0,True
exp_hrl_v1,121,1,US_7,MoveAction,,0,0,True
exp_hrl_v1,121,2,GE_1,MoveAction,,0,0,True
exp_hrl_v1,121,2,US_1,MoveAction,,0,0,True
exp_hrl_v1,121,2,GE_2,MoveAction,,0,0,True
exp_hrl_v1,121,2,US_2,MoveAction,,0,0,True
exp_hrl_v1,121,2,GE_3,MoveAction,,0,0,True
exp_hrl_v1,121,2,US_3,WaitAction,,0,0,True
exp_hrl_v1,121,2,GE_4,MoveAction,,0,0,True
exp_hrl_v1,121,2,US_4,MoveAction,,0,0,True
exp_hrl_v1,121,2,GE_5,MoveAction,,0,0,True
exp_hrl_v1,121,2,US_5,MoveAction,,0,0,True
exp_hrl_v1,121,2,US_6,RangedIndirectAttack,,0,0,True
exp_hrl_v1,121,2,US_7,RangedIndirectAttack,,0,0,True
exp_hrl_v1,121,3,GE_1,MoveAction,,0,0,True
exp_hrl_v1,121,3,US_1,RangedIndirectAttack,,0,0,True
exp_hrl_v1,121,3,GE_2,MoveAction,,0,0,True
exp_hrl_v1,121,3,US_2,RangedIndirectAttack,,0,0,True
exp_hrl_v1,121,3,GE_3,MoveAction,,0,0,True
exp_hrl_v1,121,3,US_3,RangedIndirectAttack,,0,0,True
exp_hrl_v1,121,3,GE_4,MoveAction,,0,0,True
exp_hrl_v1,121,3,US_4,RangedIndirectAttack,,0,0,True
exp_hrl_v1,121,3,US_5,RangedIndirectAttack,,0,0,True
exp_hrl_v1,121,3,US_6,RangedIndirectAttack,,0,0,True
exp_hrl_v1,121,3,US_7,RangedIndirectAttack,,0,0,True
exp_hrl_v1,121,4,GE_4,MoveAction,,0,0,True
exp_hrl_v1,121,4,US_1,RangedIndirectAttack,,0,0,True
exp_hrl_v1,121,4,US_2,MoveAction,,0,0,True
exp_hrl_v1,121,4,US_3,MoveAction,,0,0,True
exp_hrl_v1,121,4,US_4,MoveAction,,0,0,True
exp_hrl_v1,121,4,US_5,MoveAction,,0,0,True
exp_hrl_v1,121,4,US_6,WaitAction,,0,0,True
exp_hrl_v1,121,4,US_7,MoveAction,,0,0,True
exp_hrl_v1,121,5,GE_4,MoveAction,,0,0,True
exp_hrl_v1,121,5,US_1,MoveAction,,0,0,True
exp_hrl_v1,121,5,US_2,MoveAction,,0,0,True
exp_hrl_v1,121,5,US_3,MoveAction,,0,0,True
exp_hrl_v1,121,5,US_4,MoveAction,,0,0,True
exp_hrl_v1,121,5,US_5,WaitAction,,0,0,True
exp_hrl_v1,121,5,US_6,MoveAction,,0,0,True
exp_hrl_v1,121,5,US_7,MoveAction,,0,0,True
exp_hrl_v1,121,6,GE_4,WaitAction,,0,0,True
exp_hrl_v1,121,6,US_1,MoveAction,,0,0,True
exp_hrl_v1,121,6,US_2,MoveAction,,0,0,True
exp_hrl_v1,121,6,US_3,MoveAction,,0,0,True
exp_hrl_v1,121,6,US_4,MoveAction,,0,0,True
exp_hrl_v1,121,6,US_5,MoveAction,,0,0,True
exp_hrl_v1,121,6,US_6,MoveAction,,0,0,True
exp_hrl_v1,121,6,US_7,MoveAction,,0,0,True
exp_hrl_v1,121,7,GE_4,MoveAction,,0,0,True
exp_hrl_v1,121,7,US_1,WaitAction,,0,0,True
exp_hrl_v1,121,7,US_2,WaitAction,,0,0,True
exp_hrl_v1,121,7,US_3,WaitAction,,0,0,True
exp_hrl_v1,121,7,US_4,MoveAction,,0,0,True
exp_hrl_v1,121,7,US_5,MoveAction,,0,0,True
exp_hrl_v1,121,7,US_6,RangedIndirectAttack,,0,0,True
exp_hrl_v1,122,1,GE_1,MoveAction,,0,0,True
exp_hrl_v1,122,1,US_1,MoveAction,,0,0,True
exp_hrl_v1,122,1,GE_2,MoveAction,,0,0,True
exp_hrl_v1,122,1,US_2,MoveAction,,0,0,True
exp_hrl_v1,122,1,GE_3,MoveAction,,0,0,True
exp_hrl_v1,122,1,US_3,MoveAction,,0,0,True
exp_hrl_v1,122,1,GE_4,MoveAction,,0,0,True
exp_hrl_v1,122,1,US_4,MoveAction,,0,0,True
exp_hrl_v1,122,1,GE_5,MoveAction,,0,0,True
exp_hrl_v1,122,1,US_5,MoveAction,,0,0,True
exp_hrl_v1,122,1,US_6,MoveAction,,0,0,True
exp_hrl_v1,122,1,US_7,MoveAction,,0,0,True
exp_hrl_v1,122,2,GE_1,MoveAction,,0,0,True
exp_hrl_v1,122,2,US_1,MoveAction,,0,0,True
exp_hrl_v1,122,2,GE_2,MoveAction,,0,0,True
exp_hrl_v1,122,2,US_2,MoveAction,,0,0,True
exp_hrl_v1,122,2,GE_3,MoveAction,,0,0,True
exp_hrl_v1,122,2,US_3,WaitAction,,0,0,True
exp_hrl_v1,122,2,GE_4,MoveAction,,0,0,True
exp_hrl_v1,122,2,US_4,MoveAction,,0,0,True
exp_hrl_v1,122,2,GE_5,MoveAction,,0,0,True
exp_hrl_v1,122,2,US_5,MoveAction,,0,0,True
exp_hrl_v1,122,2,US_6,MoveAction,,0,0,True
exp_hrl_v1,122,3,US_7,WaitAction,,0,0,True
exp_hrl_v1,122,3,GE_1,MoveAction,,0,0,True
exp_hrl_v1,122,3,US_1,MoveAction,,0,0,True
exp_hrl_v1,122,3,GE_2,MoveAction,,0,0,True
exp_hrl_v1,122,3,US_2,MoveAction,,0,0,True
exp_hrl_v1,122,3,GE_3,MoveAction,,0,0,True
exp_hrl_v1,122,3,US_3,MoveAction,,0,0,True
exp_hrl_v1,122,3,GE_4,MoveAction,,0,0,True
exp_hrl_v1,122,3,US_4,MoveAction,,0,0,True
exp_hrl_v1,122,3,GE_5,WaitAction,,0,0,True
exp_hrl_v1,122,3,US_5,WaitAction,,0,0,True
exp_hrl_v1,122,3,US_6,MoveAction,,0,0,True
exp_hrl_v1,122,3,US_7,MoveAction,,0,0,True
exp_hrl_v1,122,4,GE_1,MoveAction,,0,0,True
exp_hrl_v1,122,4,US_1,WaitAction,,0,0,True
exp_hrl_v1,122,4,GE_2,WaitAction,,0,0,True
exp_hrl_v1,122,4,US_2,MoveAction,,0,0,True
exp_hrl_v1,122,4,GE_3,WaitAction,,0,0,True
exp_hrl_v1,122,4,US_3,MoveAction,,0,0,True
exp_hrl_v1,122,4,GE_4,MoveAction,,0,0,True
exp_hrl_v1,122,4,US_4,MoveAction,,0,0,True
exp_hrl_v1,122,4,GE_5,WaitAction,,0,0,True
exp_hrl_v1,122,4,US_5,WaitAction,,0,0,True
exp_hrl_v1,122,4,US_6,MoveAction,,0,0,True
exp_hrl_v1,122,5,US_7,WaitAction,,0,0,True
exp_hrl_v1,122,5,GE_1,WaitAction,,0,0,True
exp_hrl_v1,122,5,US_1,WaitAction,,0,0,True
exp_hrl_v1,122,5,GE_2,WaitAction,,0,0,True
exp_hrl_v1,122,5,US_2,WaitAction,,0,0,True
exp_hrl_v1,122,5,GE_3,WaitAction,,0,0,True
exp_hrl_v1,122,5,US_3,WaitAction,,0,0,True
exp_hrl_v1,122,5,GE_4,WaitAction,,0,0,True
exp_hrl_v1,122,5,US_4,MoveAction,,0,0,True
exp_hrl_v1,122,5,GE_5,WaitAction,,0,0,True
exp_hrl_v1,122,5,US_5,WaitAction,,0,0,True
exp_hrl_v1,122,5,US_6,MoveAction,,0,0,True
exp_hrl_v1,122,6,US_7,WaitAction,,0,0,True
exp_hrl_v1,122,6,GE_1,WaitAction,,0,0,True
exp_hrl_v1,122,6,US_1,WaitAction,,0,0,True
exp_hrl_v1,122,6,GE_2,WaitAction,,0,0,True
exp_hrl_v1,122,6,US_2,RangedDirectAttack,,0,0,True
exp_hrl_v1,122,6,GE_3,WaitAction,,0,0,True
exp_hrl_v1,122,6,US_3,RangedDirectAttack,,0,0,True
exp_hrl_v1,122,6,GE_4,WaitAction,,0,0,True
exp_hrl_v1,122,6,US_4,RangedDirectAttack,,0,0,True
exp_hrl_v1,122,6,GE_5,NoneType,,0,0,True
exp_hrl_v1,122,6,US_5,RangedDirectAttack,,0,0,True
exp_hrl_v1,122,6,US_6,RangedDirectAttack,,0,0,True
exp_hrl_v1,122,6,US_7,RangedDirectAttack,,0,0,True
exp_hrl_v1,122,7,GE_4,MoveAction,,0,0,True
exp_hrl_v1,122,7,US_1,RangedDirectAttack,,0,0,True
exp_hrl_v1,122,7,US_2,RangedDirectAttack,,0,0,True
exp_hrl_v1,123,1,GE_1,MoveAction,,0,0,True
exp_hrl_v1,123,1,US_1,MoveAction,,0,0,True
exp_hrl_v1,123,1,GE_2,MoveAction,,0,0,True
exp_hrl_v1,123,1,US_2,MoveAction,,0,0,True
exp_hrl_v1,123,1,GE_3,MoveAction,,0,0,True
exp_hrl_v1,123,1,US_3,MoveAction,,0,0,True
exp_hrl_v1,123,1,GE_4,MoveAction,,0,0,True
exp_hrl_v1,123,1,US_4,MoveAction,,0,0,True
exp_hrl_v1,123,1,GE_5,MoveAction,,0,0,True
exp_hrl_v1,123,1,US_5,MoveAction,,0,0,True
exp_hrl_v1,123,1,US_6,MoveAction,,0,0,True
exp_hrl_v1,123,1,US_7,MoveAction,,0,0,True
exp_hrl_v1,123,2,GE_1,MoveAction,,0,0,True
exp_hrl_v1,123,2,US_1,MoveAction,,0,0,True
exp_hrl_v1,123,2,GE_2,MoveAction,,0,0,True
exp_hrl_v1,123,2,US_2,MoveAction,,0,0,True
exp_hrl_v1,123,2,GE_3,MoveAction,,0,0,True
exp_hrl_v1,123,2,US_3,WaitAction,,0,0,True
exp_hrl_v1,123,2,GE_4,MoveAction,,0,0,True
exp_hrl_v1,123,2,US_4,MoveAction,,0,0,True
exp_hrl_v1,123,2,GE_5,MoveAction,,0,0,True
exp_hrl_v1,123,2,US_5,MoveAction,,0,0,True
exp_hrl_v1,123,2,US_6,MoveAction,,0,0,True
exp_hrl_v1,123,3,US_7,WaitAction,,0,0,True
exp_hrl_v1,123,3,GE_1,MoveAction,,0,0,True
exp_hrl_v1,123,3,US_1,MoveAction,,0,0,True
exp_hrl_v1,123,3,GE_2,MoveAction,,0,0,True
exp_hrl_v1,123,3,US_2,MoveAction,,0,0,True
exp_hrl_v1,123,3,GE_3,MoveAction,,0,0,True
exp_hrl_v1,123,3,US_3,MoveAction,,0,0,True
exp_hrl_v1,123,3,GE_4,MoveAction,,0,0,True
exp_hrl_v1,123,3,US_4,MoveAction,,0,0,True
exp_hrl_v1,123,3,GE_5,WaitAction,,0,0,True
exp_hrl_v1,123,3,US_5,WaitAction,,0,0,True
exp_hrl_v1,123,3,US_6,MoveAction,,0,0,True
exp_hrl_v1,123,3,US_7,MoveAction,,0,0,True
exp_hrl_v1,123,4,GE_1,MoveAction,,0,0,True
exp_hrl_v1,123,4,US_1,WaitAction,,0,0,True
exp_hrl_v1,123,4,GE_2,WaitAction,,0,0,True
exp_hrl_v1,123,4,US_2,MoveAction,,0,0,True
exp_hrl_v1,123,4,GE_3,WaitAction,,0,0,True
exp_hrl_v1,123,4,US_3,MoveAction,,0,0,True
exp_hrl_v1,123,4,GE_4,MoveAction,,0,0,True
exp_hrl_v1,123,4,US_4,RangedDirectAttack,,0,0,True
exp_hrl_v1,123,4,GE_5,WaitAction,,0,0,True
exp_hrl_v1,123,4,US_5,RangedDirectAttack,,0,0,True
exp_hrl_v1,123,4,US_6,RangedDirectAttack,,0,0,True
exp_hrl_v1,123,4,US_7,RangedDirectAttack,,0,0,True
exp_hrl_v1,123,5,GE_1,WaitAction,,0,0,True
exp_hrl_v1,123,5,US_1,RangedDirectAttack,,0,0,True
exp_hrl_v1,123,5,GE_2,WaitAction,,0,0,True
exp_hrl_v1,123,5,US_2,RangedDirectAttack,,0,0,True
exp_hrl_v1,123,5,GE_3,WaitAction,,0,0,True
exp_hrl_v1,123,5,US_3,RangedDirectAttack,,0,0,True
exp_hrl_v1,123,5,GE_4,MoveAction,,0,0,True
exp_hrl_v1,123,5,US_4,RangedDirectAttack,,0,0,True
exp_hrl_v1,123,5,US_5,RangedDirectAttack,,0,0,True
exp_hrl_v1,123,5,US_6,RangedDirectAttack,,0,0,True
exp_hrl_v1,123,5,US_7,RangedDirectAttack,,0,0,True
exp_hrl_v1,123,6,GE_4,WaitAction,,0,0,True
exp_hrl_v1,123,6,US_1,RangedDirectAttack,,0,0,True
exp_hrl_v1,124,1,GE_1,MoveAction,,0,0,True
exp_hrl_v1,124,1,US_1,WaitAction,,0,0,True
exp_hrl_v1,124,1,GE_2,MoveAction,,0,0,True
exp_hrl_v1,124,1,US_2,WaitAction,,0,0,True
exp_hrl_v1,124,1,GE_3,MoveAction,,0,0,True
exp_hrl_v1,124,1,US_3,MoveAction,,0,0,True
exp_hrl_v1,124,1,GE_4,MoveAction,,0,0,True
exp_hrl_v1,124,1,US_4,MoveAction,,0,0,True
exp_hrl_v1,124,1,GE_5,MoveAction,,0,0,True
exp_hrl_v1,124,1,US_5,MoveAction,,0,0,True
exp_hrl_v1,124,1,US_6,MoveAction,,0,0,True
exp_hrl_v1,124,1,US_7,MoveAction,,0,0,True
exp_hrl_v1,124,2,GE_1,MoveAction,,0,0,True
exp_hrl_v1,124,2,US_1,MoveAction,,0,0,True
exp_hrl_v1,124,2,GE_2,MoveAction,,0,0,True
exp_hrl_v1,124,2,US_2,MoveAction,,0,0,True
exp_hrl_v1,124,2,GE_3,MoveAction,,0,0,True
exp_hrl_v1,124,2,US_3,MoveAction,,0,0,True
exp_hrl_v1,124,2,GE_4,MoveAction,,0,0,True
exp_hrl_v1,124,2,US_4,MoveAction,,0,0,True
exp_hrl_v1,124,2,GE_5,MoveAction,,0,0,True
exp_hrl_v1,124,2,US_5,MoveAction,,0,0,True
exp_hrl_v1,124,2,US_6,MoveAction,,0,0,True
exp_hrl_v1,124,2,US_7,MoveAction,,0,0,True
exp_hrl_v1,124,3,GE_1,MoveAction,,0,0,True
exp_hrl_v1,124,3,US_1,MoveAction,,0,0,True
exp_hrl_v1,124,3,GE_2,MoveAction,,0,0,True
exp_hrl_v1,124,3,US_2,MoveAction,,0,0,True
exp_hrl_v1,124,3,GE_3,MoveAction,,0,0,True
exp_hrl_v1,124,3,US_3,MoveAction,,0,0,True
exp_hrl_v1,124,3,GE_4,MoveAction,,0,0,True
exp_hrl_v1,124,3,US_4,MoveAction,,0,0,True
exp_hrl_v1,124,3,GE_5,MoveAction,,0,0,True
exp_hrl_v1,124,3,US_5,WaitAction,,0,0,True
exp_hrl_v1,124,3,US_6,MoveAction,,0,0,True
exp_hrl_v1,124,3,US_7,RangedDirectAttack,,0,0,True
exp_hrl_v1,124,4,GE_1,MoveAction,,0,0,True
exp_hrl_v1,124,4,US_1,RangedDirectAttack,,0,0,True
exp_hrl_v1,124,4,GE_2,WaitAction,,0,0,True
exp_hrl_v1,124,4,US_2,RangedDirectAttack,,0,0,True
exp_hrl_v1,124,4,GE_3,MoveAction,,0,0,True
exp_hrl_v1,124,4,US_3,RangedDirectAttack,,0,0,True
exp_hrl_v1,124,4,GE_4,MoveAction,,0,0,True
exp_hrl_v1,124,4,US_4,RangedDirectAttack,,0,0,True
exp_hrl_v1,124,4,GE_5,NoneType,,0,0,True
exp_hrl_v1,124,4,US_5,RangedDirectAttack,,0,0,True
exp_hrl_v1,124,4,US_6,RangedDirectAttack,,0,0,True
exp_hrl_v1,124,4,US_7,RangedDirectAttack,,0,0,True
exp_hrl_v1,124,5,GE_4,MoveAction,,0,0,True
exp_hrl_v1,124,5,US_1,RangedDirectAttack,,0,0,True
exp_hrl_v1,125,1,GE_1,MoveAction,,0,0,True
exp_hrl_v1,125,1,US_1,MoveAction,,0,0,True
exp_hrl_v1,125,1,GE_2,MoveAction,,0,0,True
exp_hrl_v1,125,1,US_2,MoveAction,,0,0,True
exp_hrl_v1,125,1,GE_3,MoveAction,,0,0,True
exp_hrl_v1,125,1,US_3,MoveAction,,0,0,True
exp_hrl_v1,125,1,GE_4,MoveAction,,0,0,True
exp_hrl_v1,125,1,US_4,MoveAction,,0,0,True
exp_hrl_v1,125,1,GE_5,MoveAction,,0,0,True
exp_hrl_v1,125,1,US_5,MoveAction,,0,0,True
exp_hrl_v1,125,1,US_6,MoveAction,,0,0,True
exp_hrl_v1,125,1,US_7,MoveAction,,0,0,True
exp_hrl_v1,125,2,GE_1,MoveAction,,0,0,True
exp_hrl_v1,125,2,US_1,MoveAction,,0,0,True
exp_hrl_v1,125,2,GE_2,MoveAction,,0,0,True
exp_hrl_v1,125,2,US_2,MoveAction,,0,0,True
exp_hrl_v1,125,2,GE_3,MoveAction,,0,0,True
exp_hrl_v1,125,2,US_3,MoveAction,,0,0,True
exp_hrl_v1,125,2,GE_4,MoveAction,,0,0,True
exp_hrl_v1,125,2,US_4,MoveAction,,0,0,True
exp_hrl_v1,125,2,GE_5,MoveAction,,0,0,True
exp_hrl_v1,125,2,US_5,MoveAction,,0,0,True
exp_hrl_v1,125,2,US_6,MoveAction,,0,0,True
exp_hrl_v1,125,3,US_7,WaitAction,,0,0,True
exp_hrl_v1,125,3,GE_1,MoveAction,,0,0,True
exp_hrl_v1,125,3,US_1,MoveAction,,0,0,True
exp_hrl_v1,125,3,GE_2,MoveAction,,0,0,True
exp_hrl_v1,125,3,US_2,MoveAction,,0,0,True
exp_hrl_v1,125,3,GE_3,MoveAction,,0,0,True
exp_hrl_v1,125,3,US_3,MoveAction,,0,0,True
exp_hrl_v1,125,3,GE_4,MoveAction,,0,0,True
exp_hrl_v1,125,3,US_4,MoveAction,,0,0,True
exp_hrl_v1,125,3,GE_5,WaitAction,,0,0,True
exp_hrl_v1,125,3,US_5,WaitAction,,0,0,True
exp_hrl_v1,125,3,US_6,MoveAction,,0,0,True
exp_hrl_v1,125,3,US_7,MoveAction,,0,0,True
exp_hrl_v1,125,4,GE_1,MoveAction,,0,0,True
exp_hrl_v1,125,4,US_1,WaitAction,,0,0,True
exp_hrl_v1,125,4,GE_2,WaitAction,,0,0,True
exp_hrl_v1,125,4,US_2,MoveAction,,0,0,True
exp_hrl_v1,125,4,GE_3,WaitAction,,0,0,True
exp_hrl_v1,125,4,US_3,RangedDirectAttack,,0,0,True
exp_hrl_v1,125,4,GE_4,MoveAction,,0,0,True
exp_hrl_v1,125,4,US_4,RangedDirectAttack,,0,0,True
exp_hrl_v1,125,4,GE_5,WaitAction,,0,0,True
exp_hrl_v1,125,4,US_5,RangedDirectAttack,,0,0,True
exp_hrl_v1,125,4,US_6,RangedDirectAttack,,0,0,True
exp_hrl_v1,125,4,US_7,RangedDirectAttack,,0,0,True
exp_hrl_v1,125,5,GE_1,WaitAction,,0,0,True
exp_hrl_v1,125,5,US_1,RangedDirectAttack,,0,0,True
exp_hrl_v1,125,5,GE_2,NoneType,,0,0,True
exp_hrl_v1,125,5,US_2,RangedDirectAttack,,0,0,True
exp_hrl_v1,125,5,GE_3,MoveAction,,0,0,True
exp_hrl_v1,125,5,US_3,RangedDirectAttack,,0,0,True
exp_hrl_v1,125,5,GE_4,WaitAction,,0,0,True
exp_hrl_v1,125,5,US_4,RangedDirectAttack,,0,0,True
exp_hrl_v1,125,5,US_5,RangedDirectAttack,,0,0,True
exp_hrl_v1,125,5,US_6,WaitAction,,0,0,True
exp_hrl_v1,125,6,US_7,WaitAction,,0,0,True
exp_hrl_v1,125,6,GE_3,WaitAction,,0,0,True
exp_hrl_v1,125,6,US_1,WaitAction,,0,0,True
exp_hrl_v1,125,6,GE_4,MoveAction,,0,0,True
exp_hrl_v1,125,6,US_2,WaitAction,,0,0,True
exp_hrl_v1,125,6,US_3,MoveAction,,0,0,True
exp_hrl_v1,125,6,US_4,MoveAction,,0,0,True
exp_hrl_v1,125,6,US_5,WaitAction,,0,0,True
exp_hrl_v1,125,6,US_6,MoveAction,,0,0,True
exp_hrl_v1,125,7,US_7,WaitAction,,0,0,True
exp_hrl_v1,125,7,GE_3,WaitAction,,0,0,True
exp_hrl_v1,125,7,US_1,WaitAction,,0,0,True
exp_hrl_v1,125,7,GE_4,WaitAction,,0,0,True
exp_hrl_v1,125,7,US_2,WaitAction,,0,0,True
exp_hrl_v1,125,7,US_3,WaitAction,,0,0,True
exp_hrl_v1,125,7,US_4,RangedIndirectAttack,,0,0,True
exp_hrl_v1,125,7,US_5,RangedIndirectAttack,,0,0,True
exp_hrl_v1,125,7,US_6,RangedIndirectAttack,,0,0,True
exp_hrl_v1,125,7,US_7,RangedIndirectAttack,,0,0,True
exp_hrl_v1,125,8,GE_4,WaitAction,,0,0,True
exp_hrl_v1,125,8,US_1,RangedIndirectAttack,,0,0,True
exp_hrl_v1,125,8,US_2,RangedIndirectAttack,,0,0,True
exp_hrl_v1,126,1,GE_1,MoveAction,,0,0,True
exp_hrl_v1,126,1,US_1,MoveAction,,0,0,True
exp_hrl_v1,126,1,GE_2,MoveAction,,0,0,True
exp_hrl_v1,126,1,US_2,MoveAction,,0,0,True
exp_hrl_v1,126,1,GE_3,MoveAction,,0,0,True
exp_hrl_v1,126,1,US_3,MoveAction,,0,0,True
exp_hrl_v1,126,1,GE_4,MoveAction,,0,0,True
exp_hrl_v1,126,1,US_4,MoveAction,,0,0,True
exp_hrl_v1,126,1,GE_5,MoveAction,,0,0,True
exp_hrl_v1,126,1,US_5,MoveAction,,0,0,True
exp_hrl_v1,126,1,US_6,MoveAction,,0,0,True
exp_hrl_v1,126,1,US_7,MoveAction,,0,0,True
exp_hrl_v1,126,2,GE_1,MoveAction,,0,0,True
exp_hrl_v1,126,2,US_1,MoveAction,,0,0,True
exp_hrl_v1,126,2,GE_2,MoveAction,,0,0,True
exp_hrl_v1,126,2,US_2,MoveAction,,0,0,True
exp_hrl_v1,126,2,GE_3,MoveAction,,0,0,True
exp_hrl_v1,126,2,US_3,MoveAction,,0,0,True
exp_hrl_v1,126,2,GE_4,MoveAction,,0,0,True
exp_hrl_v1,126,2,US_4,MoveAction,,0,0,True
exp_hrl_v1,126,2,GE_5,MoveAction,,0,0,True
exp_hrl_v1,126,2,US_5,MoveAction,,0,0,True
exp_hrl_v1,126,2,US_6,MoveAction,,0,0,True
exp_hrl_v1,126,3,US_7,WaitAction,,0,0,True
exp_hrl_v1,126,3,GE_1,MoveAction,,0,0,True
exp_hrl_v1,126,3,US_1,MoveAction,,0,0,True
exp_hrl_v1,126,3,GE_2,MoveAction,,0,0,True
exp_hrl_v1,126,3,US_2,MoveAction,,0,0,True
exp_hrl_v1,126,3,GE_3,MoveAction,,0,0,True
exp_hrl_v1,126,3,US_3,MoveAction,,0,0,True
exp_hrl_v1,126,3,GE_4,MoveAction,,0,0,True
exp_hrl_v1,126,3,US_4,MoveAction,,0,0,True
exp_hrl_v1,126,3,GE_5,WaitAction,,0,0,True
exp_hrl_v1,126,3,US_5,WaitAction,,0,0,True
exp_hrl_v1,126,3,US_6,MoveAction,,0,0,True
exp_hrl_v1,126,3,US_7,MoveAction,,0,0,True
exp_hrl_v1,126,4,GE_1,MoveAction,,0,0,True
exp_hrl_v1,126,4,US_1,WaitAction,,0,0,True
exp_hrl_v1,126,4,GE_2,WaitAction,,0,0,True
exp_hrl_v1,126,4,US_2,MoveAction,,0,0,True
exp_hrl_v1,126,4,GE_3,WaitAction,,0,0,True
exp_hrl_v1,126,4,US_3,MoveAction,,0,0,True
exp_hrl_v1,126,4,GE_4,MoveAction,,0,0,True
exp_hrl_v1,126,4,US_4,MoveAction,,0,0,True
exp_hrl_v1,126,4,GE_5,WaitAction,,0,0,True
exp_hrl_v1,126,4,US_5,WaitAction,,0,0,True
exp_hrl_v1,126,4,US_6,MoveAction,,0,0,True
exp_hrl_v1,126,5,US_7,WaitAction,,0,0,True
exp_hrl_v1,126,5,GE_1,WaitAction,,0,0,True
exp_hrl_v1,126,5,US_1,WaitAction,,0,0,True
exp_hrl_v1,126,5,GE_2,WaitAction,,0,0,True
exp_hrl_v1,126,5,US_2,WaitAction,,0,0,True
exp_hrl_v1,126,5,GE_3,WaitAction,,0,0,True
exp_hrl_v1,126,5,US_3,WaitAction,,0,0,True
exp_hrl_v1,126,5,GE_4,WaitAction,,0,0,True
exp_hrl_v1,126,5,US_4,MoveAction,,0,0,True
exp_hrl_v1,126,5,GE_5,WaitAction,,0,0,True
exp_hrl_v1,126,5,US_5,WaitAction,,0,0,True
exp_hrl_v1,126,5,US_6,MoveAction,,0,0,True
exp_hrl_v1,126,6,US_7,WaitAction,,0,0,True
exp_hrl_v1,126,6,GE_1,WaitAction,,0,0,True
exp_hrl_v1,126,6,US_1,RangedDirectAttack,,0,0,True
exp_hrl_v1,126,6,GE_2,WaitAction,,0,0,True
exp_hrl_v1,126,6,US_2,RangedDirectAttack,,0,0,True
exp_hrl_v1,126,6,GE_3,WaitAction,,0,0,True
exp_hrl_v1,126,6,US_3,RangedDirectAttack,,0,0,True
exp_hrl_v1,126,6,GE_4,WaitAction,,0,0,True
exp_hrl_v1,126,6,US_4,RangedDirectAttack,,0,0,True
exp_hrl_v1,126,6,GE_5,NoneType,,0,0,True
exp_hrl_v1,126,6,US_5,RangedDirectAttack,,0,0,True
exp_hrl_v1,126,6,US_6,RangedDirectAttack,,0,0,True
exp_hrl_v1,126,6,US_7,RangedDirectAttack,,0,0,True
exp_hrl_v1,126,7,GE_1,WaitAction,,0,0,True
exp_hrl_v1,126,7,US_1,RangedDirectAttack,,0,0,True
exp_hrl_v1,126,7,GE_4,MoveAction,,0,0,True
exp_hrl_v1,126,7,US_2,RangedDirectAttack,,0,0,True
exp_hrl_v1,127,1,GE_1,MoveAction,,0,0,True
exp_hrl_v1,127,1,US_1,MoveAction,,0,0,True
exp_hrl_v1,127,1,GE_2,MoveAction,,0,0,True
exp_hrl_v1,127,1,US_2,MoveAction,,0,0,True
exp_hrl_v1,127,1,GE_3,MoveAction,,0,0,True
exp_hrl_v1,127,1,US_3,MoveAction,,0,0,True
exp_hrl_v1,127,1,GE_4,MoveAction,,0,0,True
exp_hrl_v1,127,1,US_4,MoveAction,,0,0,True
exp_hrl_v1,127,1,GE_5,MoveAction,,0,0,True
exp_hrl_v1,127,1,US_5,MoveAction,,0,0,True
exp_hrl_v1,127,1,US_6,MoveAction,,0,0,True
exp_hrl_v1,127,1,US_7,MoveAction,,0,0,True
exp_hrl_v1,127,2,GE_1,MoveAction,,0,0,True
exp_hrl_v1,127,2,US_1,MoveAction,,0,0,True
exp_hrl_v1,127,2,GE_2,MoveAction,,0,0,True
exp_hrl_v1,127,2,US_2,MoveAction,,0,0,True
exp_hrl_v1,127,2,GE_3,MoveAction,,0,0,True
exp_hrl_v1,127,2,US_3,WaitAction,,0,0,True
exp_hrl_v1,127,2,GE_4,MoveAction,,0,0,True
exp_hrl_v1,127,2,US_4,MoveAction,,0,0,True
exp_hrl_v1,127,2,GE_5,MoveAction,,0,0,True
exp_hrl_v1,127,2,US_5,MoveAction,,0,0,True
exp_hrl_v1,127,2,US_6,RangedDirectAttack,,0,0,True
exp_hrl_v1,127,2,US_7,RangedDirectAttack,,0,0,True
exp_hrl_v1,127,3,GE_1,MoveAction,,0,0,True
exp_hrl_v1,127,3,US_1,RangedDirectAttack,,0,0,True
exp_hrl_v1,127,3,GE_2,MoveAction,,0,0,True
exp_hrl_v1,127,3,US_2,RangedDirectAttack,,0,0,True
exp_hrl_v1,127,3,GE_3,MoveAction,,0,0,True
exp_hrl_v1,127,3,US_3,RangedDirectAttack,,0,0,True
exp_hrl_v1,127,3,GE_4,MoveAction,,0,0,True
exp_hrl_v1,127,3,US_4,RangedDirectAttack,,0,0,True
exp_hrl_v1,127,3,US_5,RangedDirectAttack,,0,0,True
exp_hrl_v1,127,3,US_6,RangedDirectAttack,,0,0,True
exp_hrl_v1,127,3,US_7,RangedDirectAttack,,0,0,True
exp_hrl_v1,127,4,GE_4,MoveAction,,0,0,True
exp_hrl_v1,127,4,US_1,RangedDirectAttack,,0,0,True
exp_hrl_v1,128,1,GE_1,MoveAction,,0,0,True
exp_hrl_v1,128,1,US_1,MoveAction,,0,0,True
exp_hrl_v1,128,1,GE_2,MoveAction,,0,0,True
exp_hrl_v1,128,1,US_2,MoveAction,,0,0,True
exp_hrl_v1,128,1,GE_3,MoveAction,,0,0,True
exp_hrl_v1,128,1,US_3,MoveAction,,0,0,True
exp_hrl_v1,128,1,GE_4,MoveAction,,0,0,True
exp_hrl_v1,128,1,US_4,MoveAction,,0,0,True
exp_hrl_v1,128,1,GE_5,MoveAction,,0,0,True
exp_hrl_v1,128,1,US_5,MoveAction,,0,0,True
exp_hrl_v1,128,1,US_6,MoveAction,,0,0,True
exp_hrl_v1,128,1,US_7,MoveAction,,0,0,True
exp_hrl_v1,128,2,GE_1,MoveAction,,0,0,True
exp_hrl_v1,128,2,US_1,MoveAction,,0,0,True
exp_hrl_v1,128,2,GE_2,MoveAction,,0,0,True
exp_hrl_v1,128,2,US_2,MoveAction,,0,0,True
exp_hrl_v1,128,2,GE_3,MoveAction,,0,0,True
exp_hrl_v1,128,2,US_3,WaitAction,,0,0,True
exp_hrl_v1,128,2,GE_4,MoveAction,,0,0,True
exp_hrl_v1,128,2,US_4,MoveAction,,0,0,True
exp_hrl_v1,128,2,GE_5,MoveAction,,0,0,True
exp_hrl_v1,128,2,US_5,MoveAction,,0,0,True
exp_hrl_v1,128,2,US_6,RangedDirectAttack,,0,0,True
exp_hrl_v1,128,2,US_7,RangedDirectAttack,,0,0,True
exp_hrl_v1,128,3,GE_1,MoveAction,,0,0,True
exp_hrl_v1,128,3,US_1,RangedDirectAttack,,0,0,True
exp_hrl_v1,128,3,GE_2,MoveAction,,0,0,True
exp_hrl_v1,128,3,US_2,RangedDirectAttack,,0,0,True
exp_hrl_v1,128,3,GE_3,MoveAction,,0,0,True
exp_hrl_v1,128,3,US_3,RangedDirectAttack,,0,0,True
exp_hrl_v1,128,3,GE_4,MoveAction,,0,0,True
exp_hrl_v1,128,3,US_4,RangedDirectAttack,,0,0,True
exp_hrl_v1,128,3,GE_5,NoneType,,0,0,True
exp_hrl_v1,128,3,US_5,RangedDirectAttack,,0,0,True
exp_hrl_v1,128,3,US_6,RangedDirectAttack,,0,0,True
exp_hrl_v1,128,3,US_7,RangedDirectAttack,,0,0,True
exp_hrl_v1,128,4,GE_2,MoveAction,,0,0,True
exp_hrl_v1,128,4,US_1,RangedDirectAttack,,0,0,True
exp_hrl_v1,128,4,GE_3,MoveAction,,0,0,True
exp_hrl_v1,128,4,US_2,MoveAction,,0,0,True
exp_hrl_v1,128,4,GE_4,MoveAction,,0,0,True
exp_hrl_v1,128,4,US_3,MoveAction,,0,0,True
exp_hrl_v1,128,4,US_4,MoveAction,,0,0,True
exp_hrl_v1,128,4,US_5,WaitAction,,0,0,True
exp_hrl_v1,128,4,US_6,WaitAction,,0,0,True
exp_hrl_v1,128,4,US_7,MoveAction,,0,0,True
exp_hrl_v1,128,5,GE_2,WaitAction,,0,0,True
exp_hrl_v1,128,5,US_1,MoveAction,,0,0,True
exp_hrl_v1,128,5,GE_3,MoveAction,,0,0,True
exp_hrl_v1,128,5,US_2,MoveAction,,0,0,True
exp_hrl_v1,128,5,GE_4,MoveAction,,0,0,True
exp_hrl_v1,128,5,US_3,MoveAction,,0,0,True
exp_hrl_v1,128,5,US_4,MoveAction,,0,0,True
exp_hrl_v1,128,5,US_5,MoveAction,,0,0,True
exp_hrl_v1,128,5,US_6,RangedDirectAttack,,0,0,True
exp_hrl_v1,128,5,US_7,RangedDirectAttack,,0,0,True
exp_hrl_v1,128,6,GE_3,WaitAction,,0,0,True
exp_hrl_v1,128,6,US_1,RangedDirectAttack,,0,0,True
exp_hrl_v1,128,6,GE_4,MoveAction,,0,0,True
exp_hrl_v1,128,6,US_2,RangedDirectAttack,,0,0,True
exp_hrl_v1,128,6,US_3,RangedDirectAttack,,0,0,True
exp_hrl_v1,128,6,US_4,RangedDirectAttack,,0,0,True
exp_hrl_v1,128,6,US_5,RangedDirectAttack,,0,0,True
exp_hrl_v1,128,6,US_6,RangedDirectAttack,,0,0,True
exp_hrl_v1,129,1,GE_1,MoveAction,,0,0,True
exp_hrl_v1,129,1,US_1,MoveAction,,0,0,True
exp_hrl_v1,129,1,GE_2,MoveAction,,0,0,True
exp_hrl_v1,129,1,US_2,MoveAction,,0,0,True
exp_hrl_v1,129,1,GE_3,MoveAction,,0,0,True
exp_hrl_v1,129,1,US_3,MoveAction,,0,0,True
exp_hrl_v1,129,1,GE_4,MoveAction,,0,0,True
exp_hrl_v1,129,1,US_4,MoveAction,,0,0,True
exp_hrl_v1,129,1,GE_5,MoveAction,,0,0,True
exp_hrl_v1,129,1,US_5,MoveAction,,0,0,True
exp_hrl_v1,129,1,US_6,MoveAction,,0,0,True
exp_hrl_v1,129,1,US_7,MoveAction,,0,0,True
exp_hrl_v1,129,2,GE_1,MoveAction,,0,0,True
exp_hrl_v1,129,2,US_1,MoveAction,,0,0,True
exp_hrl_v1,129,2,GE_2,MoveAction,,0,0,True
exp_hrl_v1,129,2,US_2,MoveAction,,0,0,True
exp_hrl_v1,129,2,GE_3,MoveAction,,0,0,True
exp_hrl_v1,129,2,US_3,MoveAction,,0,0,True
exp_hrl_v1,129,2,GE_4,MoveAction,,0,0,True
exp_hrl_v1,129,2,US_4,MoveAction,,0,0,True
exp_hrl_v1,129,2,GE_5,MoveAction,,0,0,True
exp_hrl_v1,129,2,US_5,MoveAction,,0,0,True
exp_hrl_v1,129,2,US_6,MoveAction,,0,0,True
exp_hrl_v1,129,3,US_7,WaitAction,,0,0,True
exp_hrl_v1,129,3,GE_1,MoveAction,,0,0,True
exp_hrl_v1,129,3,US_1,MoveAction,,0,0,True
exp_hrl_v1,129,3,GE_2,MoveAction,,0,0,True
exp_hrl_v1,129,3,US_2,MoveAction,,0,0,True
exp_hrl_v1,129,3,GE_3,MoveAction,,0,0,True
exp_hrl_v1,129,3,US_3,MoveAction,,0,0,True
exp_hrl_v1,129,3,GE_4,MoveAction,,0,0,True
exp_hrl_v1,129,3,US_4,MoveAction,,0,0,True
exp_hrl_v1,129,3,GE_5,WaitAction,,0,0,True
exp_hrl_v1,129,3,US_5,WaitAction,,0,0,True
exp_hrl_v1,129,3,US_6,MoveAction,,0,0,True
exp_hrl_v1,129,3,US_7,MoveAction,,0,0,True
exp_hrl_v1,129,4,GE_1,MoveAction,,0,0,True
exp_hrl_v1,129,4,US_1,WaitAction,,0,0,True
exp_hrl_v1,129,4,GE_2,WaitAction,,0,0,True
exp_hrl_v1,129,4,US_2,MoveAction,,0,0,True
exp_hrl_v1,129,4,GE_3,WaitAction,,0,0,True
exp_hrl_v1,129,4,US_3,RangedDirectAttack,,0,0,True
exp_hrl_v1,129,4,GE_4,MoveAction,,0,0,True
exp_hrl_v1,129,4,US_4,RangedDirectAttack,,0,0,True
exp_hrl_v1,129,4,GE_5,NoneType,,0,0,True
exp_hrl_v1,129,4,US_5,RangedDirectAttack,,0,0,True
exp_hrl_v1,129,4,US_6,RangedDirectAttack,,0,0,True
exp_hrl_v1,129,4,US_7,RangedDirectAttack,,0,0,True
exp_hrl_v1,129,5,GE_2,WaitAction,,0,0,True
exp_hrl_v1,129,5,US_1,RangedDirectAttack,,0,0,True
exp_hrl_v1,129,5,GE_3,WaitAction,,0,0,True
exp_hrl_v1,129,5,US_2,RangedDirectAttack,,0,0,True
exp_hrl_v1,129,5,GE_4,MoveAction,,0,0,True
exp_hrl_v1,129,5,US_3,RangedDirectAttack,,0,0,True
exp_hrl_v1,129,5,US_4,RangedDirectAttack,,0,0,True
exp_hrl_v1,129,5,US_5,RangedDirectAttack,,0,0,True
exp_hrl_v1,129,5,US_6,WaitAction,,0,0,True
exp_hrl_v1,129,5,US_7,MoveAction,,0,0,True
exp_hrl_v1,129,6,GE_4,WaitAction,,0,0,True
exp_hrl_v1,129,6,US_1,WaitAction,,0,0,True
exp_hrl_v1,129,6,US_2,MoveAction,,0,0,True
exp_hrl_v1,129,6,US_3,MoveAction,,0,0,True
exp_hrl_v1,129,6,US_4,MoveAction,,0,0,True
exp_hrl_v1,129,6,US_5,MoveAction,,0,0,True
exp_hrl_v1,129,6,US_6,MoveAction,,0,0,True
exp_hrl_v1,129,7,US_7,WaitAction,,0,0,True
exp_hrl_v1,129,7,GE_4,WaitAction,,0,0,True
exp_hrl_v1,129,7,US_1,WaitAction,,0,0,True
exp_hrl_v1,129,7,US_2,WaitAction,,0,0,True
exp_hrl_v1,129,7,US_3,MoveAction,,0,0,True
exp_hrl_v1,129,7,US_4,RangedIndirectAttack,,0,0,True
exp_hrl_v1,129,7,US_5,RangedIndirectAttack,,0,0,True
exp_hrl_v1,129,7,US_6,RangedIndirectAttack,,0,0,True
exp_hrl_v1,129,7,US_7,RangedIndirectAttack,,0,0,True
exp_hrl_v1,129,8,GE_4,WaitAction,,0,0,True
exp_hrl_v1,129,8,US_1,RangedIndirectAttack,,0,0,True
exp_hrl_v1,130,1,GE_1,MoveAction,,0,0,True
exp_hrl_v1,130,1,US_1,MoveAction,,0,0,True
exp_hrl_v1,130,1,GE_2,MoveAction,,0,0,True
exp_hrl_v1,130,1,US_2,MoveAction,,0,0,True
exp_hrl_v1,130,1,GE_3,MoveAction,,0,0,True
exp_hrl_v1,130,1,US_3,MoveAction,,0,0,True
exp_hrl_v1,130,1,GE_4,MoveAction,,0,0,True
exp_hrl_v1,130,1,US_4,MoveAction,,0,0,True
exp_hrl_v1,130,1,GE_5,MoveAction,,0,0,True
exp_hrl_v1,130,1,US_5,MoveAction,,0,0,True
exp_hrl_v1,130,1,US_6,MoveAction,,0,0,True
exp_hrl_v1,130,1,US_7,MoveAction,,0,0,True
exp_hrl_v1,130,2,GE_1,MoveAction,,0,0,True
exp_hrl_v1,130,2,US_1,MoveAction,,0,0,True
exp_hrl_v1,130,2,GE_2,MoveAction,,0,0,True
exp_hrl_v1,130,2,US_2,MoveAction,,0,0,True
exp_hrl_v1,130,2,GE_3,MoveAction,,0,0,True
exp_hrl_v1,130,2,US_3,WaitAction,,0,0,True
exp_hrl_v1,130,2,GE_4,MoveAction,,0,0,True
exp_hrl_v1,130,2,US_4,MoveAction,,0,0,True
exp_hrl_v1,130,2,GE_5,MoveAction,,0,0,True
exp_hrl_v1,130,2,US_5,MoveAction,,0,0,True
exp_hrl_v1,130,2,US_6,RangedDirectAttack,,0,0,True
exp_hrl_v1,130,2,US_7,RangedDirectAttack,,0,0,True
exp_hrl_v1,130,3,GE_1,MoveAction,,0,0,True
exp_hrl_v1,130,3,US_1,RangedDirectAttack,,0,0,True
exp_hrl_v1,130,3,GE_2,MoveAction,,0,0,True
exp_hrl_v1,130,3,US_2,RangedDirectAttack,,0,0,True
exp_hrl_v1,130,3,GE_3,MoveAction,,0,0,True
exp_hrl_v1,130,3,US_3,RangedDirectAttack,,0,0,True
exp_hrl_v1,130,3,GE_4,MoveAction,,0,0,True
exp_hrl_v1,130,3,US_4,RangedDirectAttack,,0,0,True
exp_hrl_v1,130,3,US_5,RangedDirectAttack,,0,0,True
exp_hrl_v1,130,3,US_6,RangedDirectAttack,,0,0,True
exp_hrl_v1,130,3,US_7,RangedDirectAttack,,0,0,True
exp_hrl_v1,131,1,GE_1,MoveAction,,0,0,True
exp_hrl_v1,131,1,US_1,MoveAction,,0,0,True
exp_hrl_v1,131,1,GE_2,MoveAction,,0,0,True
exp_hrl_v1,131,1,US_2,MoveAction,,0,0,True
exp_hrl_v1,131,1,GE_3,MoveAction,,0,0,True
exp_hrl_v1,131,1,US_3,MoveAction,,0,0,True
exp_hrl_v1,131,1,GE_4,MoveAction,,0,0,True
exp_hrl_v1,131,1,US_4,MoveAction,,0,0,True
exp_hrl_v1,131,1,GE_5,MoveAction,,0,0,True
exp_hrl_v1,131,1,US_5,MoveAction,,0,0,True
exp_hrl_v1,131,1,US_6,MoveAction,,0,0,True
exp_hrl_v1,131,1,US_7,MoveAction,,0,0,True
exp_hrl_v1,131,2,GE_1,MoveAction,,0,0,True
exp_hrl_v1,131,2,US_1,MoveAction,,0,0,True
exp_hrl_v1,131,2,GE_2,MoveAction,,0,0,True
exp_hrl_v1,131,2,US_2,MoveAction,,0,0,True
exp_hrl_v1,131,2,GE_3,MoveAction,,0,0,True
exp_hrl_v1,131,2,US_3,WaitAction,,0,0,True
exp_hrl_v1,131,2,GE_4,MoveAction,,0,0,True
exp_hrl_v1,131,2,US_4,MoveAction,,0,0,True
exp_hrl_v1,131,2,GE_5,MoveAction,,0,0,True
exp_hrl_v1,131,2,US_5,MoveAction,,0,0,True
exp_hrl_v1,131,2,US_6,WaitAction,,0,0,True
exp_hrl_v1,131,3,US_7,WaitAction,,0,0,True
exp_hrl_v1,131,3,GE_1,MoveAction,,0,0,True
exp_hrl_v1,131,3,US_1,MoveAction,,0,0,True
exp_hrl_v1,131,3,GE_2,MoveAction,,0,0,True
exp_hrl_v1,131,3,US_2,MoveAction,,0,0,True
exp_hrl_v1,131,3,GE_3,MoveAction,,0,0,True
exp_hrl_v1,131,3,US_3,MoveAction,,0,0,True
exp_hrl_v1,131,3,GE_4,MoveAction,,0,0,True
exp_hrl_v1,131,3,US_4,MoveAction,,0,0,True
exp_hrl_v1,131,3,GE_5,WaitAction,,0,0,True
exp_hrl_v1,131,3,US_5,WaitAction,,0,0,True
exp_hrl_v1,131,3,US_6,WaitAction,,0,0,True
exp_hrl_v1,131,3,US_7,MoveAction,,0,0,True
exp_hrl_v1,131,4,GE_1,MoveAction,,0,0,True
exp_hrl_v1,131,4,US_1,WaitAction,,0,0,True
exp_hrl_v1,131,4,GE_2,WaitAction,,0,0,True
exp_hrl_v1,131,4,US_2,MoveAction,,0,0,True
exp_hrl_v1,131,4,GE_3,WaitAction,,0,0,True
exp_hrl_v1,131,4,US_3,MoveAction,,0,0,True
exp_hrl_v1,131,4,GE_4,MoveAction,,0,0,True
exp_hrl_v1,131,4,US_4,MoveAction,,0,0,True
exp_hrl_v1,131,4,GE_5,WaitAction,,0,0,True
exp_hrl_v1,131,4,US_5,RangedDirectAttack,,0,0,True
exp_hrl_v1,131,4,US_6,RangedDirectAttack,,0,0,True
exp_hrl_v1,131,4,US_7,RangedDirectAttack,,0,0,True
exp_hrl_v1,131,5,GE_1,WaitAction,,0,0,True
exp_hrl_v1,131,5,US_1,RangedDirectAttack,,0,0,True
exp_hrl_v1,131,5,GE_2,WaitAction,,0,0,True
exp_hrl_v1,131,5,US_2,RangedDirectAttack,,0,0,True
exp_hrl_v1,131,5,GE_3,MoveAction,,0,0,True
exp_hrl_v1,131,5,US_3,RangedDirectAttack,,0,0,True
exp_hrl_v1,131,5,GE_4,WaitAction,,0,0,True
exp_hrl_v1,131,5,US_4,RangedDirectAttack,,0,0,True
exp_hrl_v1,131,5,GE_5,NoneType,,0,0,True
exp_hrl_v1,131,5,US_5,RangedDirectAttack,,0,0,True
exp_hrl_v1,131,5,US_6,RangedDirectAttack,,0,0,True
exp_hrl_v1,131,5,US_7,RangedDirectAttack,,0,0,True
exp_hrl_v1,131,6,GE_1,WaitAction,,0,0,True
exp_hrl_v1,131,6,US_1,WaitAction,,0,0,True
exp_hrl_v1,131,6,GE_4,WaitAction,,0,0,True
exp_hrl_v1,131,6,US_2,MoveAction,,0,0,True
exp_hrl_v1,131,6,US_3,MoveAction,,0,0,True
exp_hrl_v1,131,6,US_4,MoveAction,,0,0,True
exp_hrl_v1,131,6,US_5,MoveAction,,0,0,True
exp_hrl_v1,131,6,US_6,MoveAction,,0,0,True
exp_hrl_v1,131,6,US_7,MoveAction,,0,0,True
exp_hrl_v1,131,7,GE_1,WaitAction,,0,0,True
exp_hrl_v1,131,7,US_1,WaitAction,,0,0,True
exp_hrl_v1,131,7,GE_4,WaitAction,,0,0,True
exp_hrl_v1,131,7,US_2,WaitAction,,0,0,True
exp_hrl_v1,131,7,US_3,WaitAction,,0,0,True
exp_hrl_v1,131,7,US_4,MoveAction,,0,0,True
exp_hrl_v1,131,7,US_5,WaitAction,,0,0,True
exp_hrl_v1,131,7,US_6,MoveAction,,0,0,True
exp_hrl_v1,131,8,US_7,WaitAction,,0,0,True
exp_hrl_v1,131,8,GE_1,WaitAction,,0,0,True
exp_hrl_v1,131,8,US_1,WaitAction,,0,0,True
exp_hrl_v1,131,8,GE_4,WaitAction,,0,0,True
exp_hrl_v1,131,8,US_2,WaitAction,,0,0,True
exp_hrl_v1,131,8,US_3,WaitAction,,0,0,True
exp_hrl_v1,131,8,US_4,MoveAction,,0,0,True
exp_hrl_v1,131,8,US_5,WaitAction,,0,0,True
exp_hrl_v1,131,8,US_6,MoveAction,,0,0,True
exp_hrl_v1,131,9,US_7,WaitAction,,0,0,True
exp_hrl_v1,131,9,GE_1,WaitAction,,0,0,True
exp_hrl_v1,131,9,US_1,WaitAction,,0,0,True
exp_hrl_v1,131,9,GE_4,WaitAction,,0,0,True
exp_hrl_v1,131,9,US_2,WaitAction,,0,0,True
exp_hrl_v1,131,9,US_3,WaitAction,,0,0,True
exp_hrl_v1,131,9,US_4,RangedDirectAttack,,0,0,True
exp_hrl_v1,131,9,US_5,RangedDirectAttack,,0,0,True
exp_hrl_v1,131,9,US_6,RangedDirectAttack,,0,0,True
exp_hrl_v1,131,9,US_7,RangedDirectAttack,,0,0,True
exp_hrl_v1,132,1,GE_1,MoveAction,,0,0,True
exp_hrl_v1,132,1,US_1,MoveAction,,0,0,True
exp_hrl_v1,132,1,GE_2,MoveAction,,0,0,True
exp_hrl_v1,132,1,US_2,MoveAction,,0,0,True
exp_hrl_v1,132,1,GE_3,MoveAction,,0,0,True
exp_hrl_v1,132,1,US_3,MoveAction,,0,0,True
exp_hrl_v1,132,1,GE_4,MoveAction,,0,0,True
exp_hrl_v1,132,1,US_4,MoveAction,,0,0,True
exp_hrl_v1,132,1,GE_5,MoveAction,,0,0,True
exp_hrl_v1,132,1,US_5,MoveAction,,0,0,True
exp_hrl_v1,132,1,US_6,MoveAction,,0,0,True
exp_hrl_v1,132,2,US_7,WaitAction,,0,0,True
exp_hrl_v1,132,2,GE_1,MoveAction,,0,0,True
exp_hrl_v1,132,2,US_1,MoveAction,,0,0,True
exp_hrl_v1,132,2,GE_2,MoveAction,,0,0,True
exp_hrl_v1,132,2,US_2,MoveAction,,0,0,True
exp_hrl_v1,132,2,GE_3,MoveAction,,0,0,True
exp_hrl_v1,132,2,US_3,MoveAction,,0,0,True
exp_hrl_v1,132,2,GE_4,MoveAction,,0,0,True
exp_hrl_v1,132,2,US_4,MoveAction,,0,0,True
exp_hrl_v1,132,2,GE_5,MoveAction,,0,0,True
exp_hrl_v1,132,2,US_5,MoveAction,,0,0,True
exp_hrl_v1,132,2,US_6,MoveAction,,0,0,True
exp_hrl_v1,132,2,US_7,MoveAction,,0,0,True
exp_hrl_v1,132,3,GE_1,MoveAction,,0,0,True
exp_hrl_v1,132,3,US_1,MoveAction,,0,0,True
exp_hrl_v1,132,3,GE_2,MoveAction,,0,0,True
exp_hrl_v1,132,3,US_2,MoveAction,,0,0,True
exp_hrl_v1,132,3,GE_3,MoveAction,,0,0,True
exp_hrl_v1,132,3,US_3,MoveAction,,0,0,True
exp_hrl_v1,132,3,GE_4,MoveAction,,0,0,True
exp_hrl_v1,132,3,US_4,MoveAction,,0,0,True
exp_hrl_v1,132,3,GE_5,WaitAction,,0,0,True
exp_hrl_v1,132,3,US_5,WaitAction,,0,0,True
exp_hrl_v1,132,3,US_6,MoveAction,,0,0,True
exp_hrl_v1,132,3,US_7,MoveAction,,0,0,True
exp_hrl_v1,132,4,GE_1,MoveAction,,0,0,True
exp_hrl_v1,132,4,US_1,WaitAction,,0,0,True
exp_hrl_v1,132,4,GE_2,WaitAction,,0,0,True
exp_hrl_v1,132,4,US_2,MoveAction,,0,0,True
exp_hrl_v1,132,4,GE_3,WaitAction,,0,0,True
exp_hrl_v1,132,4,US_3,MoveAction,,0,0,True
exp_hrl_v1,132,4,GE_4,MoveAction,,0,0,True
exp_hrl_v1,132,4,US_4,MoveAction,,0,0,True
exp_hrl_v1,132,4,GE_5,WaitAction,,0,0,True
exp_hrl_v1,132,4,US_5,WaitAction,,0,0,True
exp_hrl_v1,132,4,US_6,MoveAction,,0,0,True
exp_hrl_v1,132,4,US_7,MoveAction,,0,0,True
exp_hrl_v1,132,5,GE_1,WaitAction,,0,0,True
exp_hrl_v1,132,5,US_1,MoveAction,,0,0,True
exp_hrl_v1,132,5,GE_2,WaitAction,,0,0,True
exp_hrl_v1,132,5,US_2,MoveAction,,0,0,True
exp_hrl_v1,132,5,GE_3,WaitAction,,0,0,True
exp_hrl_v1,132,5,US_3,MoveAction,,0,0,True
exp_hrl_v1,132,5,GE_4,MoveAction,,0,0,True
exp_hrl_v1,132,5,US_4,MoveAction,,0,0,True
exp_hrl_v1,132,5,GE_5,MoveAction,,0,0,True
exp_hrl_v1,132,5,US_5,RangedDirectAttack,,0,0,True
exp_hrl_v1,132,5,US_6,RangedDirectAttack,,0,0,True
exp_hrl_v1,132,5,US_7,RangedDirectAttack,,0,0,True
exp_hrl_v1,132,6,GE_1,MoveAction,,0,0,True
exp_hrl_v1,132,6,US_1,RangedDirectAttack,,0,0,True
exp_hrl_v1,132,6,GE_2,WaitAction,,0,0,True
exp_hrl_v1,132,6,US_2,RangedDirectAttack,,0,0,True
exp_hrl_v1,132,6,GE_3,MoveAction,,0,0,True
exp_hrl_v1,132,6,US_3,RangedDirectAttack,,0,0,True
exp_hrl_v1,132,6,GE_4,MoveAction,,0,0,True
exp_hrl_v1,132,6,US_4,RangedDirectAttack,,0,0,True
exp_hrl_v1,132,6,US_5,RangedDirectAttack,,0,0,True
exp_hrl_v1,132,6,US_6,RangedDirectAttack,,0,0,True
exp_hrl_v1,132,6,US_7,RangedDirectAttack,,0,0,True
exp_hrl_v1,132,7,GE_2,MoveAction,,0,0,True
exp_hrl_v1,132,7,US_1,RangedIndirectAttack,,0,0,True
exp_hrl_v1,132,7,GE_4,WaitAction,,0,0,True
exp_hrl_v1,132,7,US_2,RangedIndirectAttack,,0,0,True
exp_hrl_v1,132,7,US_3,RangedIndirectAttack,,0,0,True
exp_hrl_v1,133,1,GE_1,MoveAction,,0,0,True
exp_hrl_v1,133,1,US_1,MoveAction,,0,0,True
exp_hrl_v1,133,1,GE_2,MoveAction,,0,0,True
exp_hrl_v1,133,1,US_2,MoveAction,,0,0,True
exp_hrl_v1,133,1,GE_3,MoveAction,,0,0,True
exp_hrl_v1,133,1,US_3,MoveAction,,0,0,True
exp_hrl_v1,133,1,GE_4,MoveAction,,0,0,True
exp_hrl_v1,133,1,US_4,MoveAction,,0,0,True
exp_hrl_v1,133,1,GE_5,MoveAction,,0,0,True
exp_hrl_v1,133,1,US_5,MoveAction,,0,0,True
exp_hrl_v1,133,1,US_6,MoveAction,,0,0,True
exp_hrl_v1,133,1,US_7,MoveAction,,0,0,True
exp_hrl_v1,133,2,GE_1,MoveAction,,0,0,True
exp_hrl_v1,133,2,US_1,MoveAction,,0,0,True
exp_hrl_v1,133,2,GE_2,MoveAction,,0,0,True
exp_hrl_v1,133,2,US_2,MoveAction,,0,0,True
exp_hrl_v1,133,2,GE_3,MoveAction,,0,0,True
exp_hrl_v1,133,2,US_3,MoveAction,,0,0,True
exp_hrl_v1,133,2,GE_4,MoveAction,,0,0,True
exp_hrl_v1,133,2,US_4,MoveAction,,0,0,True
exp_hrl_v1,133,2,GE_5,MoveAction,,0,0,True
exp_hrl_v1,133,2,US_5,MoveAction,,0,0,True
exp_hrl_v1,133,2,US_6,MoveAction,,0,0,True
exp_hrl_v1,133,2,US_7,MoveAction,,0,0,True
exp_hrl_v1,133,3,GE_1,MoveAction,,0,0,True
exp_hrl_v1,133,3,US_1,MoveAction,,0,0,True
exp_hrl_v1,133,3,GE_2,MoveAction,,0,0,True
exp_hrl_v1,133,3,US_2,MoveAction,,0,0,True
exp_hrl_v1,133,3,GE_3,MoveAction,,0,0,True
exp_hrl_v1,133,3,US_3,MoveAction,,0,0,True
exp_hrl_v1,133,3,GE_4,MoveAction,,0,0,True
exp_hrl_v1,133,3,US_4,MoveAction,,0,0,True
exp_hrl_v1,133,3,GE_5,WaitAction,,0,0,True
exp_hrl_v1,133,3,US_5,WaitAction,,0,0,True
exp_hrl_v1,133,3,US_6,MoveAction,,0,0,True
exp_hrl_v1,133,4,US_7,WaitAction,,0,0,True
exp_hrl_v1,133,4,GE_1,MoveAction,,0,0,True
exp_hrl_v1,133,4,US_1,WaitAction,,0,0,True
exp_hrl_v1,133,4,GE_2,WaitAction,,0,0,True
exp_hrl_v1,133,4,US_2,MoveAction,,0,0,True
exp_hrl_v1,133,4,GE_3,WaitAction,,0,0,True
exp_hrl_v1,133,4,US_3,MoveAction,,0,0,True
exp_hrl_v1,133,4,GE_4,MoveAction,,0,0,True
exp_hrl_v1,133,4,US_4,MoveAction,,0,0,True
exp_hrl_v1,133,4,GE_5,WaitAction,,0,0,True
exp_hrl_v1,133,4,US_5,WaitAction,,0,0,True
exp_hrl_v1,133,4,US_6,MoveAction,,0,0,True
exp_hrl_v1,133,5,US_7,WaitAction,,0,0,True
exp_hrl_v1,133,5,GE_1,WaitAction,,0,0,True
exp_hrl_v1,133,5,US_1,WaitAction,,0,0,True
exp_hrl_v1,133,5,GE_2,WaitAction,,0,0,True
exp_hrl_v1,133,5,US_2,WaitAction,,0,0,True
exp_hrl_v1,133,5,GE_3,WaitAction,,0,0,True
exp_hrl_v1,133,5,US_3,WaitAction,,0,0,True
exp_hrl_v1,133,5,GE_4,WaitAction,,0,0,True
exp_hrl_v1,133,5,US_4,MoveAction,,0,0,True
exp_hrl_v1,133,5,GE_5,WaitAction,,0,0,True
exp_hrl_v1,133,5,US_5,WaitAction,,0,0,True
exp_hrl_v1,133,5,US_6,MoveAction,,0,0,True
exp_hrl_v1,133,5,US_7,MoveAction,,0,0,True
exp_hrl_v1,133,6,GE_1,WaitAction,,0,0,True
exp_hrl_v1,133,6,US_1,RangedDirectAttack,,0,0,True
exp_hrl_v1,133,6,GE_2,WaitAction,,0,0,True
exp_hrl_v1,133,6,US_2,RangedDirectAttack,,0,0,True
exp_hrl_v1,133,6,GE_3,MoveAction,,0,0,True
exp_hrl_v1,133,6,US_3,RangedDirectAttack,,0,0,True
exp_hrl_v1,133,6,GE_4,WaitAction,,0,0,True
exp_hrl_v1,133,6,US_4,RangedDirectAttack,,0,0,True
exp_hrl_v1,133,6,GE_5,NoneType,,0,0,True
exp_hrl_v1,133,6,US_5,RangedDirectAttack,,0,0,True
exp_hrl_v1,133,6,US_6,RangedDirectAttack,,0,0,True
exp_hrl_v1,133,6,US_7,RangedDirectAttack,,0,0,True
exp_hrl_v1,133,7,GE_4,MoveAction,,0,0,True
exp_hrl_v1,133,7,US_1,RangedDirectAttack,,0,0,True
exp_hrl_v1,134,1,GE_1,MoveAction,,0,0,True
exp_hrl_v1,134,1,US_1,MoveAction,,0,0,True
exp_hrl_v1,134,1,GE_2,MoveAction,,0,0,True
exp_hrl_v1,134,1,US_2,MoveAction,,0,0,True
exp_hrl_v1,134,1,GE_3,MoveAction,,0,0,True
exp_hrl_v1,134,1,US_3,MoveAction,,0,0,True
exp_hrl_v1,134,1,GE_4,MoveAction,,0,0,True
exp_hrl_v1,134,1,US_4,MoveAction,,0,0,True
exp_hrl_v1,134,1,GE_5,MoveAction,,0,0,True
exp_hrl_v1,134,1,US_5,MoveAction,,0,0,True
exp_hrl_v1,134,1,US_6,MoveAction,,0,0,True
exp_hrl_v1,134,1,US_7,MoveAction,,0,0,True
exp_hrl_v1,134,2,GE_1,MoveAction,,0,0,True
exp_hrl_v1,134,2,US_1,MoveAction,,0,0,True
exp_hrl_v1,134,2,GE_2,MoveAction,,0,0,True
exp_hrl_v1,134,2,US_2,MoveAction,,0,0,True
exp_hrl_v1,134,2,GE_3,MoveAction,,0,0,True
exp_hrl_v1,134,2,US_3,WaitAction,,0,0,True
exp_hrl_v1,134,2,GE_4,MoveAction,,0,0,True
exp_hrl_v1,134,2,US_4,MoveAction,,0,0,True
exp_hrl_v1,134,2,GE_5,MoveAction,,0,0,True
exp_hrl_v1,134,2,US_5,MoveAction,,0,0,True
exp_hrl_v1,134,2,US_6,MoveAction,,0,0,True
exp_hrl_v1,134,3,US_7,WaitAction,,0,0,True
exp_hrl_v1,134,3,GE_1,MoveAction,,0,0,True
exp_hrl_v1,134,3,US_1,MoveAction,,0,0,True
exp_hrl_v1,134,3,GE_2,MoveAction,,0,0,True
exp_hrl_v1,134,3,US_2,MoveAction,,0,0,True
exp_hrl_v1,134,3,GE_3,MoveAction,,0,0,True
exp_hrl_v1,134,3,US_3,MoveAction,,0,0,True
exp_hrl_v1,134,3,GE_4,MoveAction,,0,0,True
exp_hrl_v1,134,3,US_4,MoveAction,,0,0,True
exp_hrl_v1,134,3,GE_5,WaitAction,,0,0,True
exp_hrl_v1,134,3,US_5,WaitAction,,0,0,True
exp_hrl_v1,134,3,US_6,MoveAction,,0,0,True
exp_hrl_v1,134,3,US_7,MoveAction,,0,0,True
exp_hrl_v1,134,4,GE_1,MoveAction,,0,0,True
exp_hrl_v1,134,4,US_1,WaitAction,,0,0,True
exp_hrl_v1,134,4,GE_2,WaitAction,,0,0,True
exp_hrl_v1,134,4,US_2,MoveAction,,0,0,True
exp_hrl_v1,134,4,GE_3,WaitAction,,0,0,True
exp_hrl_v1,134,4,US_3,MoveAction,,0,0,True
exp_hrl_v1,134,4,GE_4,MoveAction,,0,0,True
exp_hrl_v1,134,4,US_4,MoveAction,,0,0,True
exp_hrl_v1,134,4,GE_5,WaitAction,,0,0,True
exp_hrl_v1,134,4,US_5,WaitAction,,0,0,True
exp_hrl_v1,134,4,US_6,MoveAction,,0,0,True
exp_hrl_v1,134,5,US_7,WaitAction,,0,0,True
exp_hrl_v1,134,5,GE_1,WaitAction,,0,0,True
exp_hrl_v1,134,5,US_1,WaitAction,,0,0,True
exp_hrl_v1,134,5,GE_2,WaitAction,,0,0,True
exp_hrl_v1,134,5,US_2,WaitAction,,0,0,True
exp_hrl_v1,134,5,GE_3,WaitAction,,0,0,True
exp_hrl_v1,134,5,US_3,WaitAction,,0,0,True
exp_hrl_v1,134,5,GE_4,WaitAction,,0,0,True
exp_hrl_v1,134,5,US_4,MoveAction,,0,0,True
exp_hrl_v1,134,5,GE_5,WaitAction,,0,0,True
exp_hrl_v1,134,5,US_5,WaitAction,,0,0,True
exp_hrl_v1,134,5,US_6,MoveAction,,0,0,True
exp_hrl_v1,134,6,US_7,WaitAction,,0,0,True
exp_hrl_v1,134,6,GE_1,WaitAction,,0,0,True
exp_hrl_v1,134,6,US_1,WaitAction,,0,0,True
exp_hrl_v1,134,6,GE_2,WaitAction,,0,0,True
exp_hrl_v1,134,6,US_2,RangedDirectAttack,,0,0,True
exp_hrl_v1,134,6,GE_3,WaitAction,,0,0,True
exp_hrl_v1,134,6,US_3,RangedDirectAttack,,0,0,True
exp_hrl_v1,134,6,GE_4,WaitAction,,0,0,True
exp_hrl_v1,134,6,US_4,RangedDirectAttack,,0,0,True
exp_hrl_v1,134,6,GE_5,NoneType,,0,0,True
exp_hrl_v1,134,6,US_5,RangedDirectAttack,,0,0,True
exp_hrl_v1,134,6,US_6,RangedDirectAttack,,0,0,True
exp_hrl_v1,134,6,US_7,RangedDirectAttack,,0,0,True
exp_hrl_v1,134,7,GE_1,WaitAction,,0,0,True
exp_hrl_v1,134,7,US_1,RangedDirectAttack,,0,0,True
exp_hrl_v1,134,7,GE_4,WaitAction,,0,0,True
exp_hrl_v1,134,7,US_2,RangedDirectAttack,,0,0,True
exp_hrl_v1,134,7,US_3,RangedDirectAttack,,0,0,True
exp_hrl_v1,134,7,US_4,RangedDirectAttack,,0,0,True
exp_hrl_v1,134,7,US_5,RangedIndirectAttack,,0,0,True
exp_hrl_v1,134,7,US_6,RangedIndirectAttack,,0,0,True
exp_hrl_v1,135,1,GE_1,MoveAction,,0,0,True
exp_hrl_v1,135,1,US_1,MoveAction,,0,0,True
exp_hrl_v1,135,1,GE_2,MoveAction,,0,0,True
exp_hrl_v1,135,1,US_2,MoveAction,,0,0,True
exp_hrl_v1,135,1,GE_3,MoveAction,,0,0,True
exp_hrl_v1,135,1,US_3,MoveAction,,0,0,True
exp_hrl_v1,135,1,GE_4,MoveAction,,0,0,True
exp_hrl_v1,135,1,US_4,MoveAction,,0,0,True
exp_hrl_v1,135,1,GE_5,MoveAction,,0,0,True
exp_hrl_v1,135,1,US_5,MoveAction,,0,0,True
exp_hrl_v1,135,1,US_6,MoveAction,,0,0,True
exp_hrl_v1,135,1,US_7,MoveAction,,0,0,True
exp_hrl_v1,135,2,GE_1,MoveAction,,0,0,True
exp_hrl_v1,135,2,US_1,MoveAction,,0,0,True
exp_hrl_v1,135,2,GE_2,MoveAction,,0,0,True
exp_hrl_v1,135,2,US_2,MoveAction,,0,0,True
exp_hrl_v1,135,2,GE_3,MoveAction,,0,0,True
exp_hrl_v1,135,2,US_3,WaitAction,,0,0,True
exp_hrl_v1,135,2,GE_4,MoveAction,,0,0,True
exp_hrl_v1,135,2,US_4,MoveAction,,0,0,True
exp_hrl_v1,135,2,GE_5,MoveAction,,0,0,True
exp_hrl_v1,135,2,US_5,MoveAction,,0,0,True
exp_hrl_v1,135,2,US_6,MoveAction,,0,0,True
exp_hrl_v1,135,3,US_7,WaitAction,,0,0,True
exp_hrl_v1,135,3,GE_1,MoveAction,,0,0,True
exp_hrl_v1,135,3,US_1,MoveAction,,0,0,True
exp_hrl_v1,135,3,GE_2,MoveAction,,0,0,True
exp_hrl_v1,135,3,US_2,MoveAction,,0,0,True
exp_hrl_v1,135,3,GE_3,MoveAction,,0,0,True
exp_hrl_v1,135,3,US_3,MoveAction,,0,0,True
exp_hrl_v1,135,3,GE_4,MoveAction,,0,0,True
exp_hrl_v1,135,3,US_4,MoveAction,,0,0,True
exp_hrl_v1,135,3,GE_5,WaitAction,,0,0,True
exp_hrl_v1,135,3,US_5,MoveAction,,0,0,True
exp_hrl_v1,135,3,US_6,MoveAction,,0,0,True
exp_hrl_v1,135,3,US_7,MoveAction,,0,0,True
exp_hrl_v1,135,4,GE_1,MoveAction,,0,0,True
exp_hrl_v1,135,4,US_1,MoveAction,,0,0,True
exp_hrl_v1,135,4,GE_2,MoveAction,,0,0,True
exp_hrl_v1,135,4,US_2,MoveAction,,0,0,True
exp_hrl_v1,135,4,GE_3,MoveAction,,0,0,True
exp_hrl_v1,135,4,US_3,WaitAction,,0,0,True
exp_hrl_v1,135,4,GE_4,MoveAction,,0,0,True
exp_hrl_v1,135,4,US_4,MoveAction,,0,0,True
exp_hrl_v1,135,4,GE_5,MoveAction,,0,0,True
exp_hrl_v1,135,4,US_5,MoveAction,,0,0,True
exp_hrl_v1,135,4,US_6,WaitAction,,0,0,True
exp_hrl_v1,135,5,US_7,WaitAction,,0,0,True
exp_hrl_v1,135,5,GE_1,MoveAction,,0,0,True
exp_hrl_v1,135,5,US_1,WaitAction,,0,0,True
exp_hrl_v1,135,5,GE_2,WaitAction,,0,0,True
exp_hrl_v1,135,5,US_2,WaitAction,,0,0,True
exp_hrl_v1,135,5,GE_3,WaitAction,,0,0,True
exp_hrl_v1,135,5,US_3,WaitAction,,0,0,True
exp_hrl_v1,135,5,GE_4,MoveAction,,0,0,True
exp_hrl_v1,135,5,US_4,MoveAction,,0,0,True
exp_hrl_v1,135,5,GE_5,MoveAction,,0,0,True
exp_hrl_v1,135,5,US_5,MoveAction,,0,0,True
exp_hrl_v1,135,5,US_6,WaitAction,,0,0,True
exp_hrl_v1,135,5,US_7,MoveAction,,0,0,True
exp_hrl_v1,135,6,GE_1,WaitAction,,0,0,True
exp_hrl_v1,135,6,US_1,WaitAction,,0,0,True
exp_hrl_v1,135,6,GE_2,WaitAction,,0,0,True
exp_hrl_v1,135,6,US_2,WaitAction,,0,0,True
exp_hrl_v1,135,6,GE_3,WaitAction,,0,0,True
exp_hrl_v1,135,6,US_3,WaitAction,,0,0,True
exp_hrl_v1,135,6,GE_4,WaitAction,,0,0,True
exp_hrl_v1,135,6,US_4,WaitAction,,0,0,True
exp_hrl_v1,135,6,GE_5,WaitAction,,0,0,True
exp_hrl_v1,135,6,US_5,WaitAction,,0,0,True
exp_hrl_v1,135,6,US_6,WaitAction,,0,0,True
exp_hrl_v1,135,6,US_7,RangedDirectAttack,,0,0,True
exp_hrl_v1,135,7,GE_1,WaitAction,,0,0,True
exp_hrl_v1,135,7,US_1,RangedDirectAttack,,0,0,True
exp_hrl_v1,135,7,GE_2,WaitAction,,0,0,True
exp_hrl_v1,135,7,US_2,RangedDirectAttack,,0,0,True
exp_hrl_v1,135,7,GE_3,WaitAction,,0,0,True
exp_hrl_v1,135,7,US_3,RangedDirectAttack,,0,0,True
exp_hrl_v1,135,7,GE_4,MoveAction,,0,0,True
exp_hrl_v1,135,7,US_4,RangedDirectAttack,,0,0,True
exp_hrl_v1,135,7,US_5,RangedDirectAttack,,0,0,True
exp_hrl_v1,135,7,US_6,RangedDirectAttack,,0,0,True
exp_hrl_v1,135,7,US_7,RangedDirectAttack,,0,0,True
exp_hrl_v1,135,8,GE_4,WaitAction,,0,0,True
exp_hrl_v1,135,8,US_1,RangedDirectAttack,,0,0,True
exp_hrl_v1,136,1,GE_1,MoveAction,,0,0,True
exp_hrl_v1,136,1,US_1,MoveAction,,0,0,True
exp_hrl_v1,136,1,GE_2,MoveAction,,0,0,True
exp_hrl_v1,136,1,US_2,MoveAction,,0,0,True
exp_hrl_v1,136,1,GE_3,MoveAction,,0,0,True
exp_hrl_v1,136,1,US_3,MoveAction,,0,0,True
exp_hrl_v1,136,1,GE_4,MoveAction,,0,0,True
exp_hrl_v1,136,1,US_4,MoveAction,,0,0,True
exp_hrl_v1,136,1,GE_5,MoveAction,,0,0,True
exp_hrl_v1,136,1,US_5,MoveAction,,0,0,True
exp_hrl_v1,136,1,US_6,MoveAction,,0,0,True
exp_hrl_v1,136,1,US_7,MoveAction,,0,0,True
exp_hrl_v1,136,2,GE_1,MoveAction,,0,0,True
exp_hrl_v1,136,2,US_1,MoveAction,,0,0,True
exp_hrl_v1,136,2,GE_2,MoveAction,,0,0,True
exp_hrl_v1,136,2,US_2,MoveAction,,0,0,True
exp_hrl_v1,136,2,GE_3,MoveAction,,0,0,True
exp_hrl_v1,136,2,US_3,MoveAction,,0,0,True
exp_hrl_v1,136,2,GE_4,MoveAction,,0,0,True
exp_hrl_v1,136,2,US_4,MoveAction,,0,0,True
exp_hrl_v1,136,2,GE_5,MoveAction,,0,0,True
exp_hrl_v1,136,2,US_5,MoveAction,,0,0,True
exp_hrl_v1,136,2,US_6,MoveAction,,0,0,True
exp_hrl_v1,136,2,US_7,MoveAction,,0,0,True
exp_hrl_v1,136,3,GE_1,MoveAction,,0,0,True
exp_hrl_v1,136,3,US_1,MoveAction,,0,0,True
exp_hrl_v1,136,3,GE_2,MoveAction,,0,0,True
exp_hrl_v1,136,3,US_2,MoveAction,,0,0,True
exp_hrl_v1,136,3,GE_3,MoveAction,,0,0,True
exp_hrl_v1,136,3,US_3,MoveAction,,0,0,True
exp_hrl_v1,136,3,GE_4,MoveAction,,0,0,True
exp_hrl_v1,136,3,US_4,MoveAction,,0,0,True
exp_hrl_v1,136,3,GE_5,WaitAction,,0,0,True
exp_hrl_v1,136,3,US_5,WaitAction,,0,0,True
exp_hrl_v1,136,3,US_6,MoveAction,,0,0,True
exp_hrl_v1,136,4,US_7,WaitAction,,0,0,True
exp_hrl_v1,136,4,GE_1,MoveAction,,0,0,True
exp_hrl_v1,136,4,US_1,WaitAction,,0,0,True
exp_hrl_v1,136,4,GE_2,WaitAction,,0,0,True
exp_hrl_v1,136,4,US_2,MoveAction,,0,0,True
exp_hrl_v1,136,4,GE_3,WaitAction,,0,0,True
exp_hrl_v1,136,4,US_3,MoveAction,,0,0,True
exp_hrl_v1,136,4,GE_4,MoveAction,,0,0,True
exp_hrl_v1,136,4,US_4,MoveAction,,0,0,True
exp_hrl_v1,136,4,GE_5,WaitAction,,0,0,True
exp_hrl_v1,136,4,US_5,MoveAction,,0,0,True
exp_hrl_v1,136,4,US_6,MoveAction,,0,0,True
exp_hrl_v1,136,4,US_7,MoveAction,,0,0,True
exp_hrl_v1,136,5,GE_1,WaitAction,,0,0,True
exp_hrl_v1,136,5,US_1,WaitAction,,0,0,True
exp_hrl_v1,136,5,GE_2,WaitAction,,0,0,True
exp_hrl_v1,136,5,US_2,WaitAction,,0,0,True
exp_hrl_v1,136,5,GE_3,WaitAction,,0,0,True
exp_hrl_v1,136,5,US_3,MoveAction,,0,0,True
exp_hrl_v1,136,5,GE_4,WaitAction,,0,0,True
exp_hrl_v1,136,5,US_4,MoveAction,,0,0,True
exp_hrl_v1,136,5,GE_5,WaitAction,,0,0,True
exp_hrl_v1,136,5,US_5,MoveAction,,0,0,True
exp_hrl_v1,136,5,US_6,MoveAction,,0,0,True
exp_hrl_v1,136,5,US_7,MoveAction,,0,0,True
exp_hrl_v1,136,6,GE_1,WaitAction,,0,0,True
exp_hrl_v1,136,6,US_1,WaitAction,,0,0,True
exp_hrl_v1,136,6,GE_2,WaitAction,,0,0,True
exp_hrl_v1,136,6,US_2,WaitAction,,0,0,True
exp_hrl_v1,136,6,GE_3,WaitAction,,0,0,True
exp_hrl_v1,136,6,US_3,MoveAction,,0,0,True
exp_hrl_v1,136,6,GE_4,WaitAction,,0,0,True
exp_hrl_v1,136,6,US_4,MoveAction,,0,0,True
exp_hrl_v1,136,6,GE_5,MoveAction,,0,0,True
exp_hrl_v1,136,6,US_5,WaitAction,,0,0,True
exp_hrl_v1,136,6,US_6,MoveAction,,0,0,True
exp_hrl_v1,136,6,US_7,MoveAction,,0,0,True
exp_hrl_v1,136,7,GE_1,WaitAction,,0,0,True
exp_hrl_v1,136,7,US_1,WaitAction,,0,0,True
exp_hrl_v1,136,7,GE_2,WaitAction,,0,0,True
exp_hrl_v1,136,7,US_2,WaitAction,,0,0,True
exp_hrl_v1,136,7,GE_3,WaitAction,,0,0,True
exp_hrl_v1,136,7,US_3,WaitAction,,0,0,True
exp_hrl_v1,136,7,GE_4,WaitAction,,0,0,True
exp_hrl_v1,136,7,US_4,MoveAction,,0,0,True
exp_hrl_v1,136,7,GE_5,WaitAction,,0,0,True
exp_hrl_v1,136,7,US_5,RangedIndirectAttack,,0,0,True
exp_hrl_v1,136,7,US_6,RangedIndirectAttack,,0,0,True
exp_hrl_v1,136,7,US_7,RangedIndirectAttack,,0,0,True
exp_hrl_v1,136,8,GE_1,WaitAction,,0,0,True
exp_hrl_v1,136,8,US_1,RangedIndirectAttack,,0,0,True
exp_hrl_v1,136,8,GE_2,WaitAction,,0,0,True
exp_hrl_v1,136,8,US_2,RangedIndirectAttack,,0,0,True
exp_hrl_v1,136,8,GE_3,WaitAction,,0,0,True
exp_hrl_v1,136,8,US_3,RangedIndirectAttack,,0,0,True
exp_hrl_v1,136,8,GE_4,WaitAction,,0,0,True
exp_hrl_v1,136,8,US_4,RangedIndirectAttack,,0,0,True
exp_hrl_v1,136,8,GE_5,NoneType,,0,0,True
exp_hrl_v1,136,8,US_5,RangedIndirectAttack,,0,0,True
exp_hrl_v1,136,8,US_6,RangedIndirectAttack,,0,0,True
exp_hrl_v1,136,8,US_7,RangedIndirectAttack,,0,0,True
exp_hrl_v1,136,9,GE_1,WaitAction,,0,0,True
exp_hrl_v1,136,9,US_1,WaitAction,,0,0,True
exp_hrl_v1,136,9,GE_4,WaitAction,,0,0,True
exp_hrl_v1,136,9,US_2,MoveAction,,0,0,True
exp_hrl_v1,136,9,US_3,WaitAction,,0,0,True
exp_hrl_v1,136,9,US_4,MoveAction,,0,0,True
exp_hrl_v1,136,9,US_5,MoveAction,,0,0,True
exp_hrl_v1,136,9,US_6,WaitAction,,0,0,True
exp_hrl_v1,136,9,US_7,MoveAction,,0,0,True
exp_hrl_v1,136,10,GE_1,WaitAction,,0,0,True
exp_hrl_v1,136,10,US_1,MoveAction,,0,0,True
exp_hrl_v1,136,10,GE_4,MoveAction,,0,0,True
exp_hrl_v1,136,10,US_2,MoveAction,,0,0,True
exp_hrl_v1,136,10,US_3,MoveAction,,0,0,True
exp_hrl_v1,136,10,US_4,MoveAction,,0,0,True
exp_hrl_v1,136,10,US_5,MoveAction,,0,0,True
exp_hrl_v1,136,10,US_6,MoveAction,,0,0,True
exp_hrl_v1,136,10,US_7,MoveAction,,0,0,True
exp_hrl_v1,136,11,GE_1,WaitAction,,0,0,True
exp_hrl_v1,136,11,US_1,MoveAction,,0,0,True
exp_hrl_v1,136,11,GE_4,WaitAction,,0,0,True
exp_hrl_v1,136,11,US_2,WaitAction,,0,0,True
exp_hrl_v1,136,11,US_3,MoveAction,,0,0,True
exp_hrl_v1,136,11,US_4,MoveAction,,0,0,True
exp_hrl_v1,136,11,US_5,WaitAction,,0,0,True
exp_hrl_v1,136,11,US_6,WaitAction,,0,0,True
exp_hrl_v1,136,12,US_7,WaitAction,,0,0,True
exp_hrl_v1,137,1,GE_1,MoveAction,,0,0,True
exp_hrl_v1,137,1,US_1,WaitAction,,0,0,True
exp_hrl_v1,137,1,GE_2,MoveAction,,0,0,True
exp_hrl_v1,137,1,US_2,WaitAction,,0,0,True
exp_hrl_v1,137,1,GE_3,MoveAction,,0,0,True
exp_hrl_v1,137,1,US_3,MoveAction,,0,0,True
exp_hrl_v1,137,1,GE_4,MoveAction,,0,0,True
exp_hrl_v1,137,1,US_4,MoveAction,,0,0,True
exp_hrl_v1,137,1,GE_5,MoveAction,,0,0,True
exp_hrl_v1,137,1,US_5,MoveAction,,0,0,True
exp_hrl_v1,137,1,US_6,MoveAction,,0,0,True
exp_hrl_v1,137,1,US_7,MoveAction,,0,0,True
exp_hrl_v1,137,2,GE_1,MoveAction,,0,0,True
exp_hrl_v1,137,2,US_1,MoveAction,,0,0,True
exp_hrl_v1,137,2,GE_2,MoveAction,,0,0,True
exp_hrl_v1,137,2,US_2,RangedDirectAttack,,0,0,True
exp_hrl_v1,137,2,GE_3,MoveAction,,0,0,True
exp_hrl_v1,137,2,US_3,RangedDirectAttack,,0,0,True
exp_hrl_v1,137,2,GE_4,MoveAction,,0,0,True
exp_hrl_v1,137,2,US_4,RangedDirectAttack,,0,0,True
exp_hrl_v1,137,2,GE_5,NoneType,,0,0,True
exp_hrl_v1,137,2,US_5,RangedDirectAttack,,0,0,True
exp_hrl_v1,137,2,US_6,RangedDirectAttack,,0,0,True
exp_hrl_v1,137,2,US_7,RangedDirectAttack,,0,0,True
exp_hrl_v1,137,3,GE_1,MoveAction,,0,0,True
exp_hrl_v1,137,3,US_1,RangedDirectAttack,,0,0,True
exp_hrl_v1,137,3,GE_2,MoveAction,,0,0,True
exp_hrl_v1,137,3,US_2,RangedDirectAttack,,0,0,True
exp_hrl_v1,137,3,GE_3,MoveAction,,0,0,True
exp_hrl_v1,137,3,US_3,RangedDirectAttack,,0,0,True
exp_hrl_v1,137,3,GE_4,MoveAction,,0,0,True
exp_hrl_v1,137,3,US_4,RangedDirectAttack,,0,0,True
exp_hrl_v1,137,3,US_5,RangedDirectAttack,,0,0,True
exp_hrl_v1,137,3,US_6,RangedDirectAttack,,0,0,True
exp_hrl_v1,137,3,US_7,RangedDirectAttack,,0,0,True
exp_hrl_v1,137,4,GE_3,MoveAction,,0,0,True
exp_hrl_v1,137,4,US_1,RangedDirectAttack,,0,0,True
exp_hrl_v1,137,4,GE_4,MoveAction,,0,0,True
exp_hrl_v1,137,4,US_2,RangedDirectAttack,,0,0,True
exp_hrl_v1,137,4,US_3,RangedDirectAttack,,0,0,True
exp_hrl_v1,137,4,US_4,RangedDirectAttack,,0,0,True
exp_hrl_v1,137,4,US_5,RangedDirectAttack,,0,0,True
exp_hrl_v1,137,4,US_6,RangedDirectAttack,,0,0,True
exp_hrl_v1,138,1,GE_1,MoveAction,,0,0,True
exp_hrl_v1,138,1,US_1,MoveAction,,0,0,True
exp_hrl_v1,138,1,GE_2,MoveAction,,0,0,True
exp_hrl_v1,138,1,US_2,MoveAction,,0,0,True
exp_hrl_v1,138,1,GE_3,MoveAction,,0,0,True
exp_hrl_v1,138,1,US_3,MoveAction,,0,0,True
exp_hrl_v1,138,1,GE_4,MoveAction,,0,0,True
exp_hrl_v1,138,1,US_4,MoveAction,,0,0,True
exp_hrl_v1,138,1,GE_5,MoveAction,,0,0,True
exp_hrl_v1,138,1,US_5,MoveAction,,0,0,True
exp_hrl_v1,138,1,US_6,WaitAction,,0,0,True
exp_hrl_v1,138,1,US_7,MoveAction,,0,0,True
exp_hrl_v1,138,2,GE_1,MoveAction,,0,0,True
exp_hrl_v1,138,2,US_1,MoveAction,,0,0,True
exp_hrl_v1,138,2,GE_2,MoveAction,,0,0,True
exp_hrl_v1,138,2,US_2,MoveAction,,0,0,True
exp_hrl_v1,138,2,GE_3,MoveAction,,0,0,True
exp_hrl_v1,138,2,US_3,MoveAction,,0,0,True
exp_hrl_v1,138,2,GE_4,MoveAction,,0,0,True
exp_hrl_v1,138,2,US_4,MoveAction,,0,0,True
exp_hrl_v1,138,2,GE_5,MoveAction,,0,0,True
exp_hrl_v1,138,2,US_5,MoveAction,,0,0,True
exp_hrl_v1,138,2,US_6,MoveAction,,0,0,True
exp_hrl_v1,138,3,US_7,WaitAction,,0,0,True
exp_hrl_v1,138,3,GE_1,MoveAction,,0,0,True
exp_hrl_v1,138,3,US_1,MoveAction,,0,0,True
exp_hrl_v1,138,3,GE_2,MoveAction,,0,0,True
exp_hrl_v1,138,3,US_2,MoveAction,,0,0,True
exp_hrl_v1,138,3,GE_3,MoveAction,,0,0,True
exp_hrl_v1,138,3,US_3,MoveAction,,0,0,True
exp_hrl_v1,138,3,GE_4,MoveAction,,0,0,True
exp_hrl_v1,138,3,US_4,MoveAction,,0,0,True
exp_hrl_v1,138,3,GE_5,WaitAction,,0,0,True
exp_hrl_v1,138,3,US_5,RangedIndirectAttack,,0,0,True
exp_hrl_v1,138,3,US_6,RangedIndirectAttack,,0,0,True
exp_hrl_v1,138,3,US_7,RangedIndirectAttack,,0,0,True
exp_hrl_v1,138,4,GE_1,MoveAction,,0,0,True
exp_hrl_v1,138,4,US_1,RangedIndirectAttack,,0,0,True
exp_hrl_v1,138,4,GE_2,WaitAction,,0,0,True
exp_hrl_v1,138,4,US_2,RangedIndirectAttack,,0,0,True
exp_hrl_v1,138,4,GE_3,MoveAction,,0,0,True
exp_hrl_v1,138,4,US_3,RangedIndirectAttack,,0,0,True
exp_hrl_v1,138,4,GE_4,MoveAction,,0,0,True
exp_hrl_v1,138,4,US_4,RangedIndirectAttack,,0,0,True
exp_hrl_v1,138,4,GE_5,NoneType,,0,0,True
exp_hrl_v1,138,4,US_5,RangedIndirectAttack,,0,0,True
exp_hrl_v1,138,4,US_6,RangedIndirectAttack,,0,0,True
exp_hrl_v1,138,4,US_7,RangedIndirectAttack,,0,0,True
exp_hrl_v1,139,1,GE_1,MoveAction,,0,0,True
exp_hrl_v1,139,1,US_1,MoveAction,,0,0,True
exp_hrl_v1,139,1,GE_2,MoveAction,,0,0,True
exp_hrl_v1,139,1,US_2,MoveAction,,0,0,True
exp_hrl_v1,139,1,GE_3,MoveAction,,0,0,True
exp_hrl_v1,139,1,US_3,MoveAction,,0,0,True
exp_hrl_v1,139,1,GE_4,MoveAction,,0,0,True
exp_hrl_v1,139,1,US_4,MoveAction,,0,0,True
exp_hrl_v1,139,1,GE_5,MoveAction,,0,0,True
exp_hrl_v1,139,1,US_5,MoveAction,,0,0,True
exp_hrl_v1,139,1,US_6,MoveAction,,0,0,True
exp_hrl_v1,139,1,US_7,MoveAction,,0,0,True
exp_hrl_v1,139,2,GE_1,MoveAction,,0,0,True
exp_hrl_v1,139,2,US_1,MoveAction,,0,0,True
exp_hrl_v1,139,2,GE_2,MoveAction,,0,0,True
exp_hrl_v1,139,2,US_2,MoveAction,,0,0,True
exp_hrl_v1,139,2,GE_3,MoveAction,,0,0,True
exp_hrl_v1,139,2,US_3,MoveAction,,0,0,True
exp_hrl_v1,139,2,GE_4,MoveAction,,0,0,True
exp_hrl_v1,139,2,US_4,MoveAction,,0,0,True
exp_hrl_v1,139,2,GE_5,MoveAction,,0,0,True
exp_hrl_v1,139,2,US_5,WaitAction,,0,0,True
exp_hrl_v1,139,2,US_6,WaitAction,,0,0,True
exp_hrl_v1,139,2,US_7,MoveAction,,0,0,True
exp_hrl_v1,139,3,GE_1,MoveAction,,0,0,True
exp_hrl_v1,139,3,US_1,MoveAction,,0,0,True
exp_hrl_v1,139,3,GE_2,MoveAction,,0,0,True
exp_hrl_v1,139,3,US_2,MoveAction,,0,0,True
exp_hrl_v1,139,3,GE_3,MoveAction,,0,0,True
exp_hrl_v1,139,3,US_3,MoveAction,,0,0,True
exp_hrl_v1,139,3,GE_4,MoveAction,,0,0,True
exp_hrl_v1,139,3,US_4,MoveAction,,0,0,True
exp_hrl_v1,139,3,GE_5,WaitAction,,0,0,True
exp_hrl_v1,139,3,US_5,MoveAction,,0,0,True
exp_hrl_v1,139,3,US_6,MoveAction,,0,0,True
exp_hrl_v1,139,3,US_7,MoveAction,,0,0,True
exp_hrl_v1,139,4,GE_1,MoveAction,,0,0,True
exp_hrl_v1,139,4,US_1,MoveAction,,0,0,True
exp_hrl_v1,139,4,GE_2,MoveAction,,0,0,True
exp_hrl_v1,139,4,US_2,MoveAction,,0,0,True
exp_hrl_v1,139,4,GE_3,MoveAction,,0,0,True
exp_hrl_v1,139,4,US_3,MoveAction,,0,0,True
exp_hrl_v1,139,4,GE_4,MoveAction,,0,0,True
exp_hrl_v1,139,4,US_4,MoveAction,,0,0,True
exp_hrl_v1,139,4,GE_5,MoveAction,,0,0,True
exp_hrl_v1,139,4,US_5,MoveAction,,0,0,True
exp_hrl_v1,139,4,US_6,MoveAction,,0,0,True
exp_hrl_v1,139,4,US_7,MoveAction,,0,0,True
exp_hrl_v1,139,5,GE_1,MoveAction,,0,0,True
exp_hrl_v1,139,5,US_1,WaitAction,,0,0,True
exp_hrl_v1,139,5,GE_2,WaitAction,,0,0,True
exp_hrl_v1,139,5,US_2,WaitAction,,0,0,True
exp_hrl_v1,139,5,GE_3,WaitAction,,0,0,True
exp_hrl_v1,139,5,US_3,RangedDirectAttack,,0,0,True
exp_hrl_v1,139,5,GE_4,MoveAction,,0,0,True
exp_hrl_v1,139,5,US_4,RangedDirectAttack,,0,0,True
exp_hrl_v1,139,5,GE_5,NoneType,,0,0,True
exp_hrl_v1,139,5,US_5,RangedDirectAttack,,0,0,True
exp_hrl_v1,139,5,US_6,RangedDirectAttack,,0,0,True
exp_hrl_v1,139,5,US_7,RangedDirectAttack,,0,0,True
exp_hrl_v1,139,6,GE_1,WaitAction,,0,0,True
exp_hrl_v1,139,6,US_1,RangedDirectAttack,,0,0,True
exp_hrl_v1,139,6,GE_2,WaitAction,,0,0,True
exp_hrl_v1,139,6,US_2,RangedDirectAttack,,0,0,True
exp_hrl_v1,139,6,GE_4,MoveAction,,0,0,True
exp_hrl_v1,139,6,US_3,RangedDirectAttack,,0,0,True
exp_hrl_v1,140,1,GE_1,MoveAction,,0,0,True
exp_hrl_v1,140,1,US_1,MoveAction,,0,0,True
exp_hrl_v1,140,1,GE_2,MoveAction,,0,0,True
exp_hrl_v1,140,1,US_2,MoveAction,,0,0,True
exp_hrl_v1,140,1,GE_3,MoveAction,,0,0,True
exp_hrl_v1,140,1,US_3,MoveAction,,0,0,True
exp_hrl_v1,140,1,GE_4,MoveAction,,0,0,True
exp_hrl_v1,140,1,US_4,MoveAction,,0,0,True
exp_hrl_v1,140,1,GE_5,MoveAction,,0,0,True
exp_hrl_v1,140,1,US_5,MoveAction,,0,0,True
exp_hrl_v1,140,1,US_6,MoveAction,,0,0,True
exp_hrl_v1,140,1,US_7,MoveAction,,0,0,True
exp_hrl_v1,140,2,GE_1,MoveAction,,0,0,True
exp_hrl_v1,140,2,US_1,MoveAction,,0,0,True
exp_hrl_v1,140,2,GE_2,MoveAction,,0,0,True
exp_hrl_v1,140,2,US_2,MoveAction,,0,0,True
exp_hrl_v1,140,2,GE_3,MoveAction,,0,0,True
exp_hrl_v1,140,2,US_3,MoveAction,,0,0,True
exp_hrl_v1,140,2,GE_4,MoveAction,,0,0,True
exp_hrl_v1,140,2,US_4,MoveAction,,0,0,True
exp_hrl_v1,140,2,GE_5,MoveAction,,0,0,True
exp_hrl_v1,140,2,US_5,MoveAction,,0,0,True
exp_hrl_v1,140,2,US_6,MoveAction,,0,0,True
exp_hrl_v1,140,2,US_7,MoveAction,,0,0,True
exp_hrl_v1,140,3,GE_1,MoveAction,,0,0,True
exp_hrl_v1,140,3,US_1,MoveAction,,0,0,True
exp_hrl_v1,140,3,GE_2,MoveAction,,0,0,True
exp_hrl_v1,140,3,US_2,MoveAction,,0,0,True
exp_hrl_v1,140,3,GE_3,MoveAction,,0,0,True
exp_hrl_v1,140,3,US_3,MoveAction,,0,0,True
exp_hrl_v1,140,3,GE_4,MoveAction,,0,0,True
exp_hrl_v1,140,3,US_4,MoveAction,,0,0,True
exp_hrl_v1,140,3,GE_5,MoveAction,,0,0,True
exp_hrl_v1,140,3,US_5,MoveAction,,0,0,True
exp_hrl_v1,140,3,US_6,MoveAction,,0,0,True
exp_hrl_v1,140,3,US_7,MoveAction,,0,0,True
exp_hrl_v1,140,4,GE_1,MoveAction,,0,0,True
exp_hrl_v1,140,4,US_1,WaitAction,,0,0,True
exp_hrl_v1,140,4,GE_2,WaitAction,,0,0,True
exp_hrl_v1,140,4,US_2,MoveAction,,0,0,True
exp_hrl_v1,140,4,GE_3,MoveAction,,0,0,True
exp_hrl_v1,140,4,US_3,WaitAction,,0,0,True
exp_hrl_v1,140,4,GE_4,MoveAction,,0,0,True
exp_hrl_v1,140,4,US_4,MoveAction,,0,0,True
exp_hrl_v1,140,4,GE_5,WaitAction,,0,0,True
exp_hrl_v1,140,4,US_5,WaitAction,,0,0,True
exp_hrl_v1,140,4,US_6,MoveAction,,0,0,True
exp_hrl_v1,140,5,US_7,WaitAction,,0,0,True
exp_hrl_v1,140,5,GE_1,WaitAction,,0,0,True
exp_hrl_v1,140,5,US_1,WaitAction,,0,0,True
exp_hrl_v1,140,5,GE_2,WaitAction,,0,0,True
exp_hrl_v1,140,5,US_2,WaitAction,,0,0,True
exp_hrl_v1,140,5,GE_3,WaitAction,,0,0,True
exp_hrl_v1,140,5,US_3,WaitAction,,0,0,True
exp_hrl_v1,140,5,GE_4,WaitAction,,0,0,True
exp_hrl_v1,140,5,US_4,WaitAction,,0,0,True
exp_hrl_v1,140,5,GE_5,WaitAction,,0,0,True
exp_hrl_v1,140,5,US_5,WaitAction,,0,0,True
exp_hrl_v1,140,5,US_6,MoveAction,,0,0,True
exp_hrl_v1,140,5,US_7,RangedIndirectAttack,,0,0,True
exp_hrl_v1,140,6,GE_1,WaitAction,,0,0,True
exp_hrl_v1,140,6,US_1,RangedIndirectAttack,,0,0,True
exp_hrl_v1,140,6,GE_2,NoneType,,0,0,True
exp_hrl_v1,140,6,US_2,RangedIndirectAttack,,0,0,True
exp_hrl_v1,140,6,GE_3,WaitAction,,0,0,True
exp_hrl_v1,140,6,US_3,RangedIndirectAttack,,0,0,True
exp_hrl_v1,140,6,GE_4,WaitAction,,0,0,True
exp_hrl_v1,140,6,US_4,RangedIndirectAttack,,0,0,True
exp_hrl_v1,140,6,US_5,RangedIndirectAttack,,0,0,True
exp_hrl_v1,140,6,US_6,RangedIndirectAttack,,0,0,True
exp_hrl_v1,140,6,US_7,RangedIndirectAttack,,0,0,True
exp_hrl_v1,140,7,GE_1,MoveAction,,0,0,True
exp_hrl_v1,140,7,US_1,RangedIndirectAttack,,0,0,True
exp_hrl_v1,140,7,GE_4,MoveAction,,0,0,True
exp_hrl_v1,140,7,US_2,RangedIndirectAttack,,0,0,True
exp_hrl_v1,141,1,GE_1,MoveAction,,0,0,True
exp_hrl_v1,141,1,US_1,MoveAction,,0,0,True
exp_hrl_v1,141,1,GE_2,MoveAction,,0,0,True
exp_hrl_v1,141,1,US_2,MoveAction,,0,0,True
exp_hrl_v1,141,1,GE_3,MoveAction,,0,0,True
exp_hrl_v1,141,1,US_3,MoveAction,,0,0,True
exp_hrl_v1,141,1,GE_4,MoveAction,,0,0,True
exp_hrl_v1,141,1,US_4,MoveAction,,0,0,True
exp_hrl_v1,141,1,GE_5,MoveAction,,0,0,True
exp_hrl_v1,141,1,US_5,MoveAction,,0,0,True
exp_hrl_v1,141,1,US_6,MoveAction,,0,0,True
exp_hrl_v1,141,1,US_7,MoveAction,,0,0,True
exp_hrl_v1,141,2,GE_1,MoveAction,,0,0,True
exp_hrl_v1,141,2,US_1,MoveAction,,0,0,True
exp_hrl_v1,141,2,GE_2,MoveAction,,0,0,True
exp_hrl_v1,141,2,US_2,MoveAction,,0,0,True
exp_hrl_v1,141,2,GE_3,MoveAction,,0,0,True
exp_hrl_v1,141,2,US_3,WaitAction,,0,0,True
exp_hrl_v1,141,2,GE_4,MoveAction,,0,0,True
exp_hrl_v1,141,2,US_4,MoveAction,,0,0,True
exp_hrl_v1,141,2,GE_5,MoveAction,,0,0,True
exp_hrl_v1,141,2,US_5,MoveAction,,0,0,True
exp_hrl_v1,141,2,US_6,MoveAction,,0,0,True
exp_hrl_v1,141,3,US_7,WaitAction,,0,0,True
exp_hrl_v1,141,3,GE_1,MoveAction,,0,0,True
exp_hrl_v1,141,3,US_1,MoveAction,,0,0,True
exp_hrl_v1,141,3,GE_2,MoveAction,,0,0,True
exp_hrl_v1,141,3,US_2,MoveAction,,0,0,True
exp_hrl_v1,141,3,GE_3,MoveAction,,0,0,True
exp_hrl_v1,141,3,US_3,MoveAction,,0,0,True
exp_hrl_v1,141,3,GE_4,MoveAction,,0,0,True
exp_hrl_v1,141,3,US_4,MoveAction,,0,0,True
exp_hrl_v1,141,3,GE_5,WaitAction,,0,0,True
exp_hrl_v1,141,3,US_5,WaitAction,,0,0,True
exp_hrl_v1,141,3,US_6,MoveAction,,0,0,True
exp_hrl_v1,141,3,US_7,MoveAction,,0,0,True
exp_hrl_v1,141,4,GE_1,MoveAction,,0,0,True
exp_hrl_v1,141,4,US_1,WaitAction,,0,0,True
exp_hrl_v1,141,4,GE_2,WaitAction,,0,0,True
exp_hrl_v1,141,4,US_2,MoveAction,,0,0,True
exp_hrl_v1,141,4,GE_3,WaitAction,,0,0,True
exp_hrl_v1,141,4,US_3,MoveAction,,0,0,True
exp_hrl_v1,141,4,GE_4,MoveAction,,0,0,True
exp_hrl_v1,141,4,US_4,MoveAction,,0,0,True
exp_hrl_v1,141,4,GE_5,WaitAction,,0,0,True
exp_hrl_v1,141,4,US_5,MoveAction,,0,0,True
exp_hrl_v1,141,4,US_6,MoveAction,,0,0,True
exp_hrl_v1,141,4,US_7,MoveAction,,0,0,True
exp_hrl_v1,141,5,GE_1,WaitAction,,0,0,True
exp_hrl_v1,141,5,US_1,MoveAction,,0,0,True
exp_hrl_v1,141,5,GE_2,WaitAction,,0,0,True
exp_hrl_v1,141,5,US_2,WaitAction,,0,0,True
exp_hrl_v1,141,5,GE_3,MoveAction,,0,0,True
exp_hrl_v1,141,5,US_3,WaitAction,,0,0,True
exp_hrl_v1,141,5,GE_4,MoveAction,,0,0,True
exp_hrl_v1,141,5,US_4,MoveAction,,0,0,True
exp_hrl_v1,141,5,GE_5,MoveAction,,0,0,True
exp_hrl_v1,141,5,US_5,MoveAction,,0,0,True
exp_hrl_v1,141,5,US_6,MoveAction,,0,0,True
exp_hrl_v1,141,6,US_7,WaitAction,,0,0,True
exp_hrl_v1,141,6,GE_1,MoveAction,,0,0,True
exp_hrl_v1,141,6,US_1,RangedDirectAttack,,0,0,True
exp_hrl_v1,141,6,GE_2,WaitAction,,0,0,True
exp_hrl_v1,141,6,US_2,RangedDirectAttack,,0,0,True
exp_hrl_v1,141,6,GE_3,WaitAction,,0,0,True
exp_hrl_v1,141,6,US_3,RangedDirectAttack,,0,0,True
exp_hrl_v1,141,6,GE_4,MoveAction,,0,0,True
exp_hrl_v1,141,6,US_4,RangedDirectAttack,,0,0,True
exp_hrl_v1,141,6,GE_5,NoneType,,0,0,True
exp_hrl_v1,141,6,US_5,RangedDirectAttack,,0,0,True
exp_hrl_v1,141,6,US_6,RangedDirectAttack,,0,0,True
exp_hrl_v1,141,6,US_7,RangedDirectAttack,,0,0,True
exp_hrl_v1,141,7,GE_2,WaitAction,,0,0,True
exp_hrl_v1,141,7,US_1,RangedDirectAttack,,0,0,True
exp_hrl_v1,141,7,GE_4,NoneType,,0,0,True
exp_hrl_v1,141,7,US_2,RangedDirectAttack,,0,0,True
exp_hrl_v1,141,7,US_3,RangedDirectAttack,,0,0,True
exp_hrl_v1,142,1,GE_1,MoveAction,,0,0,True
exp_hrl_v1,142,1,US_1,MoveAction,,0,0,True
exp_hrl_v1,142,1,GE_2,MoveAction,,0,0,True
exp_hrl_v1,142,1,US_2,MoveAction,,0,0,True
exp_hrl_v1,142,1,GE_3,MoveAction,,0,0,True
exp_hrl_v1,142,1,US_3,MoveAction,,0,0,True
exp_hrl_v1,142,1,GE_4,MoveAction,,0,0,True
exp_hrl_v1,142,1,US_4,MoveAction,,0,0,True
exp_hrl_v1,142,1,GE_5,MoveAction,,0,0,True
exp_hrl_v1,142,1,US_5,MoveAction,,0,0,True
exp_hrl_v1,142,1,US_6,MoveAction,,0,0,True
exp_hrl_v1,142,1,US_7,MoveAction,,0,0,True
exp_hrl_v1,142,2,GE_1,MoveAction,,0,0,True
exp_hrl_v1,142,2,US_1,MoveAction,,0,0,True
exp_hrl_v1,142,2,GE_2,MoveAction,,0,0,True
exp_hrl_v1,142,2,US_2,MoveAction,,0,0,True
exp_hrl_v1,142,2,GE_3,MoveAction,,0,0,True
exp_hrl_v1,142,2,US_3,MoveAction,,0,0,True
exp_hrl_v1,142,2,GE_4,MoveAction,,0,0,True
exp_hrl_v1,142,2,US_4,MoveAction,,0,0,True
exp_hrl_v1,142,2,GE_5,MoveAction,,0,0,True
exp_hrl_v1,142,2,US_5,MoveAction,,0,0,True
exp_hrl_v1,142,2,US_6,MoveAction,,0,0,True
exp_hrl_v1,142,3,US_7,WaitAction,,0,0,True
exp_hrl_v1,142,3,GE_1,MoveAction,,0,0,True
exp_hrl_v1,142,3,US_1,MoveAction,,0,0,True
exp_hrl_v1,142,3,GE_2,MoveAction,,0,0,True
exp_hrl_v1,142,3,US_2,MoveAction,,0,0,True
exp_hrl_v1,142,3,GE_3,MoveAction,,0,0,True
exp_hrl_v1,142,3,US_3,MoveAction,,0,0,True
exp_hrl_v1,142,3,GE_4,MoveAction,,0,0,True
exp_hrl_v1,142,3,US_4,MoveAction,,0,0,True
exp_hrl_v1,142,3,GE_5,WaitAction,,0,0,True
exp_hrl_v1,142,3,US_5,WaitAction,,0,0,True
exp_hrl_v1,142,3,US_6,MoveAction,,0,0,True
exp_hrl_v1,142,3,US_7,MoveAction,,0,0,True
exp_hrl_v1,142,4,GE_1,MoveAction,,0,0,True
exp_hrl_v1,142,4,US_1,WaitAction,,0,0,True
exp_hrl_v1,142,4,GE_2,WaitAction,,0,0,True
exp_hrl_v1,142,4,US_2,MoveAction,,0,0,True
exp_hrl_v1,142,4,GE_3,WaitAction,,0,0,True
exp_hrl_v1,142,4,US_3,MoveAction,,0,0,True
exp_hrl_v1,142,4,GE_4,MoveAction,,0,0,True
exp_hrl_v1,142,4,US_4,MoveAction,,0,0,True
exp_hrl_v1,142,4,GE_5,WaitAction,,0,0,True
exp_hrl_v1,142,4,US_5,WaitAction,,0,0,True
exp_hrl_v1,142,4,US_6,MoveAction,,0,0,True
exp_hrl_v1,142,5,US_7,WaitAction,,0,0,True
exp_hrl_v1,142,5,GE_1,WaitAction,,0,0,True
exp_hrl_v1,142,5,US_1,WaitAction,,0,0,True
exp_hrl_v1,142,5,GE_2,WaitAction,,0,0,True
exp_hrl_v1,142,5,US_2,WaitAction,,0,0,True
exp_hrl_v1,142,5,GE_3,WaitAction,,0,0,True
exp_hrl_v1,142,5,US_3,WaitAction,,0,0,True
exp_hrl_v1,142,5,GE_4,WaitAction,,0,0,True
exp_hrl_v1,142,5,US_4,MoveAction,,0,0,True
exp_hrl_v1,142,5,GE_5,WaitAction,,0,0,True
exp_hrl_v1,142,5,US_5,WaitAction,,0,0,True
exp_hrl_v1,142,5,US_6,MoveAction,,0,0,True
exp_hrl_v1,142,6,US_7,WaitAction,,0,0,True
exp_hrl_v1,142,6,GE_1,WaitAction,,0,0,True
exp_hrl_v1,142,6,US_1,RangedIndirectAttack,,0,0,True
exp_hrl_v1,142,6,GE_2,WaitAction,,0,0,True
exp_hrl_v1,142,6,US_2,RangedIndirectAttack,,0,0,True
exp_hrl_v1,142,6,GE_3,MoveAction,,0,0,True
exp_hrl_v1,142,6,US_3,RangedIndirectAttack,,0,0,True
exp_hrl_v1,142,6,GE_4,WaitAction,,0,0,True
exp_hrl_v1,142,6,US_4,RangedIndirectAttack,,0,0,True
exp_hrl_v1,142,6,GE_5,NoneType,,0,0,True
exp_hrl_v1,142,6,US_5,RangedIndirectAttack,,0,0,True
exp_hrl_v1,142,6,US_6,RangedIndirectAttack,,0,0,True
exp_hrl_v1,142,6,US_7,RangedIndirectAttack,,0,0,True
exp_hrl_v1,142,7,GE_4,MoveAction,,0,0,True
exp_hrl_v1,142,7,US_1,RangedIndirectAttack,,0,0,True
exp_hrl_v1,143,1,GE_1,MoveAction,,0,0,True
exp_hrl_v1,143,1,US_1,MoveAction,,0,0,True
exp_hrl_v1,143,1,GE_2,MoveAction,,0,0,True
exp_hrl_v1,143,1,US_2,MoveAction,,0,0,True
exp_hrl_v1,143,1,GE_3,MoveAction,,0,0,True
exp_hrl_v1,143,1,US_3,MoveAction,,0,0,True
exp_hrl_v1,143,1,GE_4,MoveAction,,0,0,True
exp_hrl_v1,143,1,US_4,MoveAction,,0,0,True
exp_hrl_v1,143,1,GE_5,MoveAction,,0,0,True
exp_hrl_v1,143,1,US_5,MoveAction,,0,0,True
exp_hrl_v1,143,1,US_6,MoveAction,,0,0,True
exp_hrl_v1,143,1,US_7,MoveAction,,0,0,True
exp_hrl_v1,143,2,GE_1,MoveAction,,0,0,True
exp_hrl_v1,143,2,US_1,MoveAction,,0,0,True
exp_hrl_v1,143,2,GE_2,MoveAction,,0,0,True
exp_hrl_v1,143,2,US_2,MoveAction,,0,0,True
exp_hrl_v1,143,2,GE_3,MoveAction,,0,0,True
exp_hrl_v1,143,2,US_3,WaitAction,,0,0,True
exp_hrl_v1,143,2,GE_4,MoveAction,,0,0,True
exp_hrl_v1,143,2,US_4,MoveAction,,0,0,True
exp_hrl_v1,143,2,GE_5,MoveAction,,0,0,True
exp_hrl_v1,143,2,US_5,MoveAction,,0,0,True
exp_hrl_v1,143,2,US_6,MoveAction,,0,0,True
exp_hrl_v1,143,3,US_7,WaitAction,,0,0,True
exp_hrl_v1,143,3,GE_1,MoveAction,,0,0,True
exp_hrl_v1,143,3,US_1,MoveAction,,0,0,True
exp_hrl_v1,143,3,GE_2,MoveAction,,0,0,True
exp_hrl_v1,143,3,US_2,MoveAction,,0,0,True
exp_hrl_v1,143,3,GE_3,MoveAction,,0,0,True
exp_hrl_v1,143,3,US_3,MoveAction,,0,0,True
exp_hrl_v1,143,3,GE_4,MoveAction,,0,0,True
exp_hrl_v1,143,3,US_4,MoveAction,,0,0,True
exp_hrl_v1,143,3,GE_5,WaitAction,,0,0,True
exp_hrl_v1,143,3,US_5,MoveAction,,0,0,True
exp_hrl_v1,143,3,US_6,MoveAction,,0,0,True
exp_hrl_v1,143,3,US_7,MoveAction,,0,0,True
exp_hrl_v1,143,4,GE_1,MoveAction,,0,0,True
exp_hrl_v1,143,4,US_1,MoveAction,,0,0,True
exp_hrl_v1,143,4,GE_2,MoveAction,,0,0,True
exp_hrl_v1,143,4,US_2,MoveAction,,0,0,True
exp_hrl_v1,143,4,GE_3,MoveAction,,0,0,True
exp_hrl_v1,143,4,US_3,WaitAction,,0,0,True
exp_hrl_v1,143,4,GE_4,MoveAction,,0,0,True
exp_hrl_v1,143,4,US_4,MoveAction,,0,0,True
exp_hrl_v1,143,4,GE_5,MoveAction,,0,0,True
exp_hrl_v1,143,4,US_5,MoveAction,,0,0,True
exp_hrl_v1,143,4,US_6,WaitAction,,0,0,True
exp_hrl_v1,143,5,US_7,WaitAction,,0,0,True
exp_hrl_v1,143,5,GE_1,MoveAction,,0,0,True
exp_hrl_v1,143,5,US_1,WaitAction,,0,0,True
exp_hrl_v1,143,5,GE_2,WaitAction,,0,0,True
exp_hrl_v1,143,5,US_2,RangedDirectAttack,,0,0,True
exp_hrl_v1,143,5,GE_3,WaitAction,,0,0,True
exp_hrl_v1,143,5,US_3,RangedDirectAttack,,0,0,True
exp_hrl_v1,143,5,GE_4,MoveAction,,0,0,True
exp_hrl_v1,143,5,US_4,RangedDirectAttack,,0,0,True
exp_hrl_v1,143,5,GE_5,NoneType,,0,0,True
exp_hrl_v1,143,5,US_5,RangedDirectAttack,,0,0,True
exp_hrl_v1,143,5,US_6,RangedDirectAttack,,0,0,True
exp_hrl_v1,143,5,US_7,RangedDirectAttack,,0,0,True
exp_hrl_v1,143,6,GE_4,MoveAction,,0,0,True
exp_hrl_v1,143,6,US_1,RangedDirectAttack,,0,0,True
exp_hrl_v1,144,1,GE_1,MoveAction,,0,0,True
exp_hrl_v1,144,1,US_1,MoveAction,,0,0,True
exp_hrl_v1,144,1,GE_2,MoveAction,,0,0,True
exp_hrl_v1,144,1,US_2,MoveAction,,0,0,True
exp_hrl_v1,144,1,GE_3,MoveAction,,0,0,True
exp_hrl_v1,144,1,US_3,MoveAction,,0,0,True
exp_hrl_v1,144,1,GE_4,MoveAction,,0,0,True
exp_hrl_v1,144,1,US_4,MoveAction,,0,0,True
exp_hrl_v1,144,1,GE_5,MoveAction,,0,0,True
exp_hrl_v1,144,1,US_5,MoveAction,,0,0,True
exp_hrl_v1,144,1,US_6,MoveAction,,0,0,True
exp_hrl_v1,144,2,US_7,WaitAction,,0,0,True
exp_hrl_v1,144,2,GE_1,MoveAction,,0,0,True
exp_hrl_v1,144,2,US_1,MoveAction,,0,0,True
exp_hrl_v1,144,2,GE_2,MoveAction,,0,0,True
exp_hrl_v1,144,2,US_2,MoveAction,,0,0,True
exp_hrl_v1,144,2,GE_3,MoveAction,,0,0,True
exp_hrl_v1,144,2,US_3,MoveAction,,0,0,True
exp_hrl_v1,144,2,GE_4,MoveAction,,0,0,True
exp_hrl_v1,144,2,US_4,MoveAction,,0,0,True
exp_hrl_v1,144,2,GE_5,MoveAction,,0,0,True
exp_hrl_v1,144,2,US_5,MoveAction,,0,0,True
exp_hrl_v1,144,2,US_6,MoveAction,,0,0,True
exp_hrl_v1,144,2,US_7,MoveAction,,0,0,True
exp_hrl_v1,144,3,GE_1,MoveAction,,0,0,True
exp_hrl_v1,144,3,US_1,MoveAction,,0,0,True
exp_hrl_v1,144,3,GE_2,MoveAction,,0,0,True
exp_hrl_v1,144,3,US_2,MoveAction,,0,0,True
exp_hrl_v1,144,3,GE_3,MoveAction,,0,0,True
exp_hrl_v1,144,3,US_3,MoveAction,,0,0,True
exp_hrl_v1,144,3,GE_4,MoveAction,,0,0,True
exp_hrl_v1,144,3,US_4,MoveAction,,0,0,True
exp_hrl_v1,144,3,GE_5,MoveAction,,0,0,True
exp_hrl_v1,144,3,US_5,MoveAction,,0,0,True
exp_hrl_v1,144,3,US_6,MoveAction,,0,0,True
exp_hrl_v1,144,4,US_7,WaitAction,,0,0,True
exp_hrl_v1,144,4,GE_1,MoveAction,,0,0,True
exp_hrl_v1,144,4,US_1,RangedDirectAttack,,0,0,True
exp_hrl_v1,144,4,GE_2,WaitAction,,0,0,True
exp_hrl_v1,144,4,US_2,RangedDirectAttack,,0,0,True
exp_hrl_v1,144,4,GE_3,WaitAction,,0,0,True
exp_hrl_v1,144,4,US_3,RangedDirectAttack,,0,0,True
exp_hrl_v1,144,4,GE_4,MoveAction,,0,0,True
exp_hrl_v1,144,4,US_4,RangedDirectAttack,,0,0,True
exp_hrl_v1,144,4,GE_5,NoneType,,0,0,True
exp_hrl_v1,144,4,US_5,RangedDirectAttack,,0,0,True
exp_hrl_v1,144,4,US_6,RangedDirectAttack,,0,0,True
exp_hrl_v1,144,4,US_7,RangedDirectAttack,,0,0,True
exp_hrl_v1,144,5,GE_3,MoveAction,,0,0,True
exp_hrl_v1,144,5,US_1,RangedDirectAttack,,0,0,True
exp_hrl_v1,144,5,GE_4,MoveAction,,0,0,True
exp_hrl_v1,144,5,US_2,RangedDirectAttack,,0,0,True
exp_hrl_v1,144,5,US_3,RangedDirectAttack,,0,0,True
exp_hrl_v1,145,1,GE_1,MoveAction,,0,0,True
exp_hrl_v1,145,1,US_1,RangedDirectAttack,,0,0,True
exp_hrl_v1,145,1,GE_2,MoveAction,,0,0,True
exp_hrl_v1,145,1,US_2,RangedDirectAttack,,0,0,True
exp_hrl_v1,145,1,GE_3,MoveAction,,0,0,True
exp_hrl_v1,145,1,US_3,RangedDirectAttack,,0,0,True
exp_hrl_v1,145,1,GE_4,MoveAction,,0,0,True
exp_hrl_v1,145,1,US_4,RangedDirectAttack,,0,0,True
exp_hrl_v1,145,1,GE_5,NoneType,,0,0,True
exp_hrl_v1,145,1,US_5,RangedDirectAttack,,0,0,True
exp_hrl_v1,145,1,US_6,RangedDirectAttack,,0,0,True
exp_hrl_v1,145,1,US_7,RangedDirectAttack,,0,0,True
exp_hrl_v1,145,2,GE_1,MoveAction,,0,0,True
exp_hrl_v1,145,2,US_1,RangedDirectAttack,,0,0,True
exp_hrl_v1,145,2,GE_2,MoveAction,,0,0,True
exp_hrl_v1,145,2,US_2,RangedDirectAttack,,0,0,True
exp_hrl_v1,145,2,GE_3,MoveAction,,0,0,True
exp_hrl_v1,145,2,US_3,RangedDirectAttack,,0,0,True
exp_hrl_v1,145,2,GE_4,MoveAction,,0,0,True
exp_hrl_v1,145,2,US_4,MoveAction,,0,0,True
exp_hrl_v1,145,2,US_5,MoveAction,,0,0,True
exp_hrl_v1,145,2,US_6,MoveAction,,0,0,True
exp_hrl_v1,145,3,US_7,WaitAction,,0,0,True
exp_hrl_v1,145,3,GE_2,MoveAction,,0,0,True
exp_hrl_v1,145,3,US_1,MoveAction,,0,0,True
exp_hrl_v1,145,3,GE_3,MoveAction,,0,0,True
exp_hrl_v1,145,3,US_2,MoveAction,,0,0,True
exp_hrl_v1,145,3,GE_4,MoveAction,,0,0,True
exp_hrl_v1,145,3,US_3,MoveAction,,0,0,True
exp_hrl_v1,145,3,US_4,MoveAction,,0,0,True
exp_hrl_v1,145,3,US_5,MoveAction,,0,0,True
exp_hrl_v1,145,3,US_6,MoveAction,,0,0,True
exp_hrl_v1,145,4,US_7,WaitAction,,0,0,True
exp_hrl_v1,145,4,GE_2,MoveAction,,0,0,True
exp_hrl_v1,145,4,US_1,MoveAction,,0,0,True
exp_hrl_v1,145,4,GE_3,MoveAction,,0,0,True
exp_hrl_v1,145,4,US_2,MoveAction,,0,0,True
exp_hrl_v1,145,4,GE_4,MoveAction,,0,0,True
exp_hrl_v1,145,4,US_3,MoveAction,,0,0,True
exp_hrl_v1,145,4,US_4,MoveAction,,0,0,True
exp_hrl_v1,145,4,US_5,WaitAction,,0,0,True
exp_hrl_v1,145,4,US_6,MoveAction,,0,0,True
exp_hrl_v1,145,4,US_7,MoveAction,,0,0,True
exp_hrl_v1,145,5,GE_2,WaitAction,,0,0,True
exp_hrl_v1,145,5,US_1,MoveAction,,0,0,True
exp_hrl_v1,145,5,GE_3,MoveAction,,0,0,True
exp_hrl_v1,145,5,US_2,MoveAction,,0,0,True
exp_hrl_v1,145,5,GE_4,MoveAction,,0,0,True
exp_hrl_v1,145,5,US_3,MoveAction,,0,0,True
exp_hrl_v1,145,5,US_4,MoveAction,,0,0,True
exp_hrl_v1,145,5,US_5,MoveAction,,0,0,True
exp_hrl_v1,145,5,US_6,MoveAction,,0,0,True
exp_hrl_v1,145,5,US_7,MoveAction,,0,0,True
exp_hrl_v1,145,6,GE_2,MoveAction,,0,0,True
exp_hrl_v1,145,6,US_1,MoveAction,,0,0,True
exp_hrl_v1,145,6,GE_3,WaitAction,,0,0,True
exp_hrl_v1,145,6,US_2,MoveAction,,0,0,True
exp_hrl_v1,145,6,GE_4,MoveAction,,0,0,True
exp_hrl_v1,145,6,US_3,MoveAction,,0,0,True
exp_hrl_v1,145,6,US_4,RangedDirectAttack,,0,0,True
exp_hrl_v1,145,6,US_5,RangedDirectAttack,,0,0,True
exp_hrl_v1,145,6,US_6,RangedDirectAttack,,0,0,True
exp_hrl_v1,145,6,US_7,RangedDirectAttack,,0,0,True
exp_hrl_v1,146,1,GE_1,MoveAction,,0,0,True
exp_hrl_v1,146,1,US_1,MoveAction,,0,0,True
exp_hrl_v1,146,1,GE_2,MoveAction,,0,0,True
exp_hrl_v1,146,1,US_2,MoveAction,,0,0,True
exp_hrl_v1,146,1,GE_3,MoveAction,,0,0,True
exp_hrl_v1,146,1,US_3,MoveAction,,0,0,True
exp_hrl_v1,146,1,GE_4,MoveAction,,0,0,True
exp_hrl_v1,146,1,US_4,MoveAction,,0,0,True
exp_hrl_v1,146,1,GE_5,MoveAction,,0,0,True
exp_hrl_v1,146,1,US_5,MoveAction,,0,0,True
exp_hrl_v1,146,1,US_6,MoveAction,,0,0,True
exp_hrl_v1,146,1,US_7,MoveAction,,0,0,True
exp_hrl_v1,146,2,GE_1,MoveAction,,0,0,True
exp_hrl_v1,146,2,US_1,MoveAction,,0,0,True
exp_hrl_v1,146,2,GE_2,MoveAction,,0,0,True
exp_hrl_v1,146,2,US_2,MoveAction,,0,0,True
exp_hrl_v1,146,2,GE_3,MoveAction,,0,0,True
exp_hrl_v1,146,2,US_3,WaitAction,,0,0,True
exp_hrl_v1,146,2,GE_4,MoveAction,,0,0,True
exp_hrl_v1,146,2,US_4,MoveAction,,0,0,True
exp_hrl_v1,146,2,GE_5,MoveAction,,0,0,True
exp_hrl_v1,146,2,US_5,MoveAction,,0,0,True
exp_hrl_v1,146,2,US_6,MoveAction,,0,0,True
exp_hrl_v1,146,3,US_7,WaitAction,,0,0,True
exp_hrl_v1,146,3,GE_1,MoveAction,,0,0,True
exp_hrl_v1,146,3,US_1,MoveAction,,0,0,True
exp_hrl_v1,146,3,GE_2,MoveAction,,0,0,True
exp_hrl_v1,146,3,US_2,MoveAction,,0,0,True
exp_hrl_v1,146,3,GE_3,MoveAction,,0,0,True
exp_hrl_v1,146,3,US_3,MoveAction,,0,0,True
exp_hrl_v1,146,3,GE_4,MoveAction,,0,0,True
exp_hrl_v1,146,3,US_4,MoveAction,,0,0,True
exp_hrl_v1,146,3,GE_5,WaitAction,,0,0,True
exp_hrl_v1,146,3,US_5,WaitAction,,0,0,True
exp_hrl_v1,146,3,US_6,MoveAction,,0,0,True
exp_hrl_v1,146,3,US_7,MoveAction,,0,0,True
exp_hrl_v1,146,4,GE_1,MoveAction,,0,0,True
exp_hrl_v1,146,4,US_1,WaitAction,,0,0,True
exp_hrl_v1,146,4,GE_2,WaitAction,,0,0,True
exp_hrl_v1,146,4,US_2,MoveAction,,0,0,True
exp_hrl_v1,146,4,GE_3,WaitAction,,0,0,True
exp_hrl_v1,146,4,US_3,MoveAction,,0,0,True
exp_hrl_v1,146,4,GE_4,MoveAction,,0,0,True
exp_hrl_v1,146,4,US_4,MoveAction,,0,0,True
exp_hrl_v1,146,4,GE_5,WaitAction,,0,0,True
exp_hrl_v1,146,4,US_5,WaitAction,,0,0,True
exp_hrl_v1,146,4,US_6,MoveAction,,0,0,True
exp_hrl_v1,146,5,US_7,WaitAction,,0,0,True
exp_hrl_v1,146,5,GE_1,WaitAction,,0,0,True
exp_hrl_v1,146,5,US_1,WaitAction,,0,0,True
exp_hrl_v1,146,5,GE_2,WaitAction,,0,0,True
exp_hrl_v1,146,5,US_2,WaitAction,,0,0,True
exp_hrl_v1,146,5,GE_3,WaitAction,,0,0,True
exp_hrl_v1,146,5,US_3,MoveAction,,0,0,True
exp_hrl_v1,146,5,GE_4,WaitAction,,0,0,True
exp_hrl_v1,146,5,US_4,MoveAction,,0,0,True
exp_hrl_v1,146,5,GE_5,WaitAction,,0,0,True
exp_hrl_v1,146,5,US_5,MoveAction,,0,0,True
exp_hrl_v1,146,5,US_6,MoveAction,,0,0,True
exp_hrl_v1,146,5,US_7,MoveAction,,0,0,True
exp_hrl_v1,146,6,GE_1,WaitAction,,0,0,True
exp_hrl_v1,146,6,US_1,RangedIndirectAttack,,0,0,True
exp_hrl_v1,146,6,GE_2,WaitAction,,0,0,True
exp_hrl_v1,146,6,US_2,RangedIndirectAttack,,0,0,True
exp_hrl_v1,146,6,GE_3,MoveAction,,0,0,True
exp_hrl_v1,146,6,US_3,RangedIndirectAttack,,0,0,True
exp_hrl_v1,146,6,GE_4,WaitAction,,0,0,True
exp_hrl_v1,146,6,US_4,RangedIndirectAttack,,0,0,True
exp_hrl_v1,146,6,GE_5,NoneType,,0,0,True
exp_hrl_v1,146,6,US_5,RangedIndirectAttack,,0,0,True
exp_hrl_v1,146,6,US_6,RangedIndirectAttack,,0,0,True
exp_hrl_v1,146,6,US_7,RangedIndirectAttack,,0,0,True
exp_hrl_v1,146,7,GE_4,MoveAction,,0,0,True
exp_hrl_v1,146,7,US_1,RangedIndirectAttack,,0,0,True
exp_hrl_v1,147,1,GE_1,MoveAction,,0,0,True
exp_hrl_v1,147,1,US_1,MoveAction,,0,0,True
exp_hrl_v1,147,1,GE_2,MoveAction,,0,0,True
exp_hrl_v1,147,1,US_2,MoveAction,,0,0,True
exp_hrl_v1,147,1,GE_3,MoveAction,,0,0,True
exp_hrl_v1,147,1,US_3,MoveAction,,0,0,True
exp_hrl_v1,147,1,GE_4,MoveAction,,0,0,True
exp_hrl_v1,147,1,US_4,MoveAction,,0,0,True
exp_hrl_v1,147,1,GE_5,MoveAction,,0,0,True
exp_hrl_v1,147,1,US_5,MoveAction,,0,0,True
exp_hrl_v1,147,1,US_6,MoveAction,,0,0,True
exp_hrl_v1,147,1,US_7,MoveAction,,0,0,True
exp_hrl_v1,147,2,GE_1,MoveAction,,0,0,True
exp_hrl_v1,147,2,US_1,MoveAction,,0,0,True
exp_hrl_v1,147,2,GE_2,MoveAction,,0,0,True
exp_hrl_v1,147,2,US_2,MoveAction,,0,0,True
exp_hrl_v1,147,2,GE_3,MoveAction,,0,0,True
exp_hrl_v1,147,2,US_3,MoveAction,,0,0,True
exp_hrl_v1,147,2,GE_4,MoveAction,,0,0,True
exp_hrl_v1,147,2,US_4,MoveAction,,0,0,True
exp_hrl_v1,147,2,GE_5,MoveAction,,0,0,True
exp_hrl_v1,147,2,US_5,MoveAction,,0,0,True
exp_hrl_v1,147,2,US_6,MoveAction,,0,0,True
exp_hrl_v1,147,2,US_7,MoveAction,,0,0,True
exp_hrl_v1,147,3,GE_1,MoveAction,,0,0,True
exp_hrl_v1,147,3,US_1,MoveAction,,0,0,True
exp_hrl_v1,147,3,GE_2,MoveAction,,0,0,True
exp_hrl_v1,147,3,US_2,MoveAction,,0,0,True
exp_hrl_v1,147,3,GE_3,MoveAction,,0,0,True
exp_hrl_v1,147,3,US_3,MoveAction,,0,0,True
exp_hrl_v1,147,3,GE_4,MoveAction,,0,0,True
exp_hrl_v1,147,3,US_4,RangedDirectAttack,,0,0,True
exp_hrl_v1,147,3,GE_5,WaitAction,,0,0,True
exp_hrl_v1,147,3,US_5,RangedDirectAttack,,0,0,True
exp_hrl_v1,147,3,US_6,RangedDirectAttack,,0,0,True
exp_hrl_v1,147,3,US_7,RangedDirectAttack,,0,0,True
exp_hrl_v1,147,4,GE_2,WaitAction,,0,0,True
exp_hrl_v1,147,4,US_1,RangedDirectAttack,,0,0,True
exp_hrl_v1,147,4,GE_3,WaitAction,,0,0,True
exp_hrl_v1,147,4,US_2,RangedDirectAttack,,0,0,True
exp_hrl_v1,147,4,GE_4,MoveAction,,0,0,True
exp_hrl_v1,147,4,US_3,RangedDirectAttack,,0,0,True
exp_hrl_v1,147,4,US_4,RangedDirectAttack,,0,0,True
exp_hrl_v1,147,4,US_5,RangedDirectAttack,,0,0,True
exp_hrl_v1,147,4,US_6,RangedDirectAttack,,0,0,True
exp_hrl_v1,147,5,US_7,WaitAction,,0,0,True
exp_hrl_v1,147,5,GE_4,MoveAction,,0,0,True
exp_hrl_v1,147,5,US_1,WaitAction,,0,0,True
exp_hrl_v1,147,5,US_2,MoveAction,,0,0,True
exp_hrl_v1,147,5,US_3,MoveAction,,0,0,True
exp_hrl_v1,147,5,US_4,MoveAction,,0,0,True
exp_hrl_v1,147,5,US_5,MoveAction,,0,0,True
exp_hrl_v1,147,5,US_6,MoveAction,,0,0,True
exp_hrl_v1,147,5,US_7,MoveAction,,0,0,True
exp_hrl_v1,147,6,GE_4,WaitAction,,0,0,True
exp_hrl_v1,147,6,US_1,MoveAction,,0,0,True
exp_hrl_v1,147,6,US_2,MoveAction,,0,0,True
exp_hrl_v1,147,6,US_3,MoveAction,,0,0,True
exp_hrl_v1,147,6,US_4,MoveAction,,0,0,True
exp_hrl_v1,147,6,US_5,MoveAction,,0,0,True
exp_hrl_v1,147,6,US_6,MoveAction,,0,0,True
exp_hrl_v1,147,6,US_7,MoveAction,,0,0,True
exp_hrl_v1,147,7,GE_4,MoveAction,,0,0,True
exp_hrl_v1,147,7,US_1,WaitAction,,0,0,True
exp_hrl_v1,147,7,US_2,WaitAction,,0,0,True
exp_hrl_v1,147,7,US_3,WaitAction,,0,0,True
exp_hrl_v1,147,7,US_4,MoveAction,,0,0,True
exp_hrl_v1,147,7,US_5,RangedDirectAttack,,0,0,True
exp_hrl_v1,147,7,US_6,RangedDirectAttack,,0,0,True
exp_hrl_v1,147,7,US_7,RangedDirectAttack,,0,0,True
exp_hrl_v1,148,1,GE_1,MoveAction,,0,0,True
exp_hrl_v1,148,1,US_1,WaitAction,,0,0,True
exp_hrl_v1,148,1,GE_2,MoveAction,,0,0,True
exp_hrl_v1,148,1,US_2,WaitAction,,0,0,True
exp_hrl_v1,148,1,GE_3,MoveAction,,0,0,True
exp_hrl_v1,148,1,US_3,MoveAction,,0,0,True
exp_hrl_v1,148,1,GE_4,MoveAction,,0,0,True
exp_hrl_v1,148,1,US_4,MoveAction,,0,0,True
exp_hrl_v1,148,1,GE_5,MoveAction,,0,0,True
exp_hrl_v1,148,1,US_5,MoveAction,,0,0,True
exp_hrl_v1,148,1,US_6,MoveAction,,0,0,True
exp_hrl_v1,148,1,US_7,MoveAction,,0,0,True
exp_hrl_v1,148,2,GE_1,MoveAction,,0,0,True
exp_hrl_v1,148,2,US_1,MoveAction,,0,0,True
exp_hrl_v1,148,2,GE_2,MoveAction,,0,0,True
exp_hrl_v1,148,2,US_2,MoveAction,,0,0,True
exp_hrl_v1,148,2,GE_3,MoveAction,,0,0,True
exp_hrl_v1,148,2,US_3,MoveAction,,0,0,True
exp_hrl_v1,148,2,GE_4,MoveAction,,0,0,True
exp_hrl_v1,148,2,US_4,MoveAction,,0,0,True
exp_hrl_v1,148,2,GE_5,MoveAction,,0,0,True
exp_hrl_v1,148,2,US_5,MoveAction,,0,0,True
exp_hrl_v1,148,2,US_6,MoveAction,,0,0,True
exp_hrl_v1,148,2,US_7,MoveAction,,0,0,True
exp_hrl_v1,148,3,GE_1,MoveAction,,0,0,True
exp_hrl_v1,148,3,US_1,MoveAction,,0,0,True
exp_hrl_v1,148,3,GE_2,MoveAction,,0,0,True
exp_hrl_v1,148,3,US_2,MoveAction,,0,0,True
exp_hrl_v1,148,3,GE_3,MoveAction,,0,0,True
exp_hrl_v1,148,3,US_3,MoveAction,,0,0,True
exp_hrl_v1,148,3,GE_4,MoveAction,,0,0,True
exp_hrl_v1,148,3,US_4,MoveAction,,0,0,True
exp_hrl_v1,148,3,GE_5,MoveAction,,0,0,True
exp_hrl_v1,148,3,US_5,WaitAction,,0,0,True
exp_hrl_v1,148,3,US_6,MoveAction,,0,0,True
exp_hrl_v1,148,3,US_7,MoveAction,,0,0,True
exp_hrl_v1,148,4,GE_1,MoveAction,,0,0,True
exp_hrl_v1,148,4,US_1,MoveAction,,0,0,True
exp_hrl_v1,148,4,GE_2,WaitAction,,0,0,True
exp_hrl_v1,148,4,US_2,MoveAction,,0,0,True
exp_hrl_v1,148,4,GE_3,MoveAction,,0,0,True
exp_hrl_v1,148,4,US_3,WaitAction,,0,0,True
exp_hrl_v1,148,4,GE_4,MoveAction,,0,0,True
exp_hrl_v1,148,4,US_4,MoveAction,,0,0,True
exp_hrl_v1,148,4,GE_5,WaitAction,,0,0,True
exp_hrl_v1,148,4,US_5,MoveAction,,0,0,True
exp_hrl_v1,148,4,US_6,MoveAction,,0,0,True
exp_hrl_v1,148,5,US_7,WaitAction,,0,0,True
exp_hrl_v1,148,5,GE_1,WaitAction,,0,0,True
exp_hrl_v1,148,5,US_1,WaitAction,,0,0,True
exp_hrl_v1,148,5,GE_2,WaitAction,,0,0,True
exp_hrl_v1,148,5,US_2,WaitAction,,0,0,True
exp_hrl_v1,148,5,GE_3,WaitAction,,0,0,True
exp_hrl_v1,148,5,US_3,WaitAction,,0,0,True
exp_hrl_v1,148,5,GE_4,WaitAction,,0,0,True
exp_hrl_v1,148,5,US_4,MoveAction,,0,0,True
exp_hrl_v1,148,5,GE_5,WaitAction,,0,0,True
exp_hrl_v1,148,5,US_5,RangedDirectAttack,,0,0,True
exp_hrl_v1,148,5,US_6,RangedDirectAttack,,0,0,True
exp_hrl_v1,148,5,US_7,RangedDirectAttack,,0,0,True
exp_hrl_v1,148,6,GE_1,WaitAction,,0,0,True
exp_hrl_v1,148,6,US_1,RangedDirectAttack,,0,0,True
exp_hrl_v1,148,6,GE_2,NoneType,,0,0,True
exp_hrl_v1,148,6,US_2,RangedDirectAttack,,0,0,True
exp_hrl_v1,148,6,GE_3,NoneType,,0,0,True
exp_hrl_v1,148,6,US_3,RangedDirectAttack,,0,0,True
exp_hrl_v1,148,6,GE_4,MoveAction,,0,0,True
exp_hrl_v1,148,6,US_4,RangedDirectAttack,,0,0,True
exp_hrl_v1,148,6,US_5,RangedDirectAttack,,0,0,True
exp_hrl_v1,148,6,US_6,RangedDirectAttack,,0,0,True
exp_hrl_v1,149,1,GE_1,MoveAction,,0,0,True
exp_hrl_v1,149,1,US_1,MoveAction,,0,0,True
exp_hrl_v1,149,1,GE_2,MoveAction,,0,0,True
exp_hrl_v1,149,1,US_2,MoveAction,,0,0,True
exp_hrl_v1,149,1,GE_3,MoveAction,,0,0,True
exp_hrl_v1,149,1,US_3,MoveAction,,0,0,True
exp_hrl_v1,149,1,GE_4,MoveAction,,0,0,True
exp_hrl_v1,149,1,US_4,MoveAction,,0,0,True
exp_hrl_v1,149,1,GE_5,MoveAction,,0,0,True
exp_hrl_v1,149,1,US_5,MoveAction,,0,0,True
exp_hrl_v1,149,1,US_6,MoveAction,,0,0,True
exp_hrl_v1,149,1,US_7,MoveAction,,0,0,True
exp_hrl_v1,149,2,GE_1,MoveAction,,0,0,True
exp_hrl_v1,149,2,US_1,MoveAction,,0,0,True
exp_hrl_v1,149,2,GE_2,MoveAction,,0,0,True
exp_hrl_v1,149,2,US_2,MoveAction,,0,0,True
exp_hrl_v1,149,2,GE_3,MoveAction,,0,0,True
exp_hrl_v1,149,2,US_3,WaitAction,,0,0,True
exp_hrl_v1,149,2,GE_4,MoveAction,,0,0,True
exp_hrl_v1,149,2,US_4,MoveAction,,0,0,True
exp_hrl_v1,149,2,GE_5,MoveAction,,0,0,True
exp_hrl_v1,149,2,US_5,MoveAction,,0,0,True
exp_hrl_v1,149,2,US_6,MoveAction,,0,0,True
exp_hrl_v1,149,3,US_7,WaitAction,,0,0,True
exp_hrl_v1,149,3,GE_1,MoveAction,,0,0,True
exp_hrl_v1,149,3,US_1,MoveAction,,0,0,True
exp_hrl_v1,149,3,GE_2,MoveAction,,0,0,True
exp_hrl_v1,149,3,US_2,MoveAction,,0,0,True
exp_hrl_v1,149,3,GE_3,MoveAction,,0,0,True
exp_hrl_v1,149,3,US_3,MoveAction,,0,0,True
exp_hrl_v1,149,3,GE_4,MoveAction,,0,0,True
exp_hrl_v1,149,3,US_4,MoveAction,,0,0,True
exp_hrl_v1,149,3,GE_5,WaitAction,,0,0,True
exp_hrl_v1,149,3,US_5,WaitAction,,0,0,True
exp_hrl_v1,149,3,US_6,MoveAction,,0,0,True
exp_hrl_v1,149,3,US_7,MoveAction,,0,0,True
exp_hrl_v1,149,4,GE_1,MoveAction,,0,0,True
exp_hrl_v1,149,4,US_1,WaitAction,,0,0,True
exp_hrl_v1,149,4,GE_2,WaitAction,,0,0,True
exp_hrl_v1,149,4,US_2,MoveAction,,0,0,True
exp_hrl_v1,149,4,GE_3,WaitAction,,0,0,True
exp_hrl_v1,149,4,US_3,MoveAction,,0,0,True
exp_hrl_v1,149,4,GE_4,MoveAction,,0,0,True
exp_hrl_v1,149,4,US_4,MoveAction,,0,0,True
exp_hrl_v1,149,4,GE_5,WaitAction,,0,0,True
exp_hrl_v1,149,4,US_5,WaitAction,,0,0,True
exp_hrl_v1,149,4,US_6,MoveAction,,0,0,True
exp_hrl_v1,149,5,US_7,WaitAction,,0,0,True
exp_hrl_v1,149,5,GE_1,WaitAction,,0,0,True
exp_hrl_v1,149,5,US_1,WaitAction,,0,0,True
exp_hrl_v1,149,5,GE_2,WaitAction,,0,0,True
exp_hrl_v1,149,5,US_2,WaitAction,,0,0,True
exp_hrl_v1,149,5,GE_3,WaitAction,,0,0,True
exp_hrl_v1,149,5,US_3,WaitAction,,0,0,True
exp_hrl_v1,149,5,GE_4,WaitAction,,0,0,True
exp_hrl_v1,149,5,US_4,MoveAction,,0,0,True
exp_hrl_v1,149,5,GE_5,WaitAction,,0,0,True
exp_hrl_v1,149,5,US_5,WaitAction,,0,0,True
exp_hrl_v1,149,5,US_6,MoveAction,,0,0,True
exp_hrl_v1,149,6,US_7,WaitAction,,0,0,True
exp_hrl_v1,149,6,GE_1,WaitAction,,0,0,True
exp_hrl_v1,149,6,US_1,WaitAction,,0,0,True
exp_hrl_v1,149,6,GE_2,WaitAction,,0,0,True
exp_hrl_v1,149,6,US_2,RangedIndirectAttack,,0,0,True
exp_hrl_v1,149,6,GE_3,WaitAction,,0,0,True
exp_hrl_v1,149,6,US_3,RangedIndirectAttack,,0,0,True
exp_hrl_v1,149,6,GE_4,WaitAction,,0,0,True
exp_hrl_v1,149,6,US_4,RangedIndirectAttack,,0,0,True
exp_hrl_v1,149,6,GE_5,NoneType,,0,0,True
exp_hrl_v1,149,6,US_5,RangedIndirectAttack,,0,0,True
exp_hrl_v1,149,6,US_6,RangedIndirectAttack,,0,0,True
exp_hrl_v1,149,6,US_7,RangedIndirectAttack,,0,0,True
exp_hrl_v1,149,7,GE_1,WaitAction,,0,0,True
exp_hrl_v1,149,7,US_1,RangedIndirectAttack,,0,0,True
exp_hrl_v1,149,7,GE_4,WaitAction,,0,0,True
exp_hrl_v1,149,7,US_2,RangedIndirectAttack,,0,0,True
exp_hrl_v1,149,7,US_3,RangedIndirectAttack,,0,0,True
exp_hrl_v1,149,7,US_4,RangedIndirectAttack,,0,0,True
exp_hrl_v1,149,7,US_5,MoveAction,,0,0,True
exp_hrl_v1,149,7,US_6,MoveAction,,0,0,True
exp_hrl_v1,149,7,US_7,MoveAction,,0,0,True
exp_hrl_v1,149,8,GE_4,MoveAction,,0,0,True
exp_hrl_v1,149,8,US_1,MoveAction,,0,0,True
exp_hrl_v1,149,8,US_2,MoveAction,,0,0,True
exp_hrl_v1,149,8,US_3,MoveAction,,0,0,True
exp_hrl_v1,149,8,US_4,MoveAction,,0,0,True
exp_hrl_v1,149,8,US_5,MoveAction,,0,0,True
exp_hrl_v1,149,8,US_6,WaitAction,,0,0,True
exp_hrl_v1,149,8,US_7,MoveAction,,0,0,True
exp_hrl_v1,149,9,GE_4,MoveAction,,0,0,True
exp_hrl_v1,149,9,US_1,WaitAction,,0,0,True
exp_hrl_v1,149,9,US_2,MoveAction,,0,0,True
exp_hrl_v1,149,9,US_3,WaitAction,,0,0,True
exp_hrl_v1,149,9,US_4,WaitAction,,0,0,True
exp_hrl_v1,149,9,US_5,WaitAction,,0,0,True
exp_hrl_v1,149,9,US_6,MoveAction,,0,0,True
exp_hrl_v1,149,9,US_7,MoveAction,,0,0,True
exp_hrl_v1,149,10,GE_4,WaitAction,,0,0,True
exp_hrl_v1,149,10,US_1,RangedDirectAttack,,0,0,True
exp_hrl_v1,150,1,GE_1,MoveAction,,0,0,True
exp_hrl_v1,150,1,US_1,MoveAction,,0,0,True
exp_hrl_v1,150,1,GE_2,MoveAction,,0,0,True
exp_hrl_v1,150,1,US_2,MoveAction,,0,0,True
exp_hrl_v1,150,1,GE_3,MoveAction,,0,0,True
exp_hrl_v1,150,1,US_3,MoveAction,,0,0,True
exp_hrl_v1,150,1,GE_4,MoveAction,,0,0,True
exp_hrl_v1,150,1,US_4,MoveAction,,0,0,True
exp_hrl_v1,150,1,GE_5,MoveAction,,0,0,True
exp_hrl_v1,150,1,US_5,MoveAction,,0,0,True
exp_hrl_v1,150,1,US_6,MoveAction,,0,0,True
exp_hrl_v1,150,1,US_7,MoveAction,,0,0,True
exp_hrl_v1,150,2,GE_1,MoveAction,,0,0,True
exp_hrl_v1,150,2,US_1,MoveAction,,0,0,True
exp_hrl_v1,150,2,GE_2,MoveAction,,0,0,True
exp_hrl_v1,150,2,US_2,MoveAction,,0,0,True
exp_hrl_v1,150,2,GE_3,MoveAction,,0,0,True
exp_hrl_v1,150,2,US_3,WaitAction,,0,0,True
exp_hrl_v1,150,2,GE_4,MoveAction,,0,0,True
exp_hrl_v1,150,2,US_4,MoveAction,,0,0,True
exp_hrl_v1,150,2,GE_5,MoveAction,,0,0,True
exp_hrl_v1,150,2,US_5,MoveAction,,0,0,True
exp_hrl_v1,150,2,US_6,MoveAction,,0,0,True
exp_hrl_v1,150,3,US_7,WaitAction,,0,0,True
exp_hrl_v1,150,3,GE_1,MoveAction,,0,0,True
exp_hrl_v1,150,3,US_1,MoveAction,,0,0,True
exp_hrl_v1,150,3,GE_2,MoveAction,,0,0,True
exp_hrl_v1,150,3,US_2,MoveAction,,0,0,True
exp_hrl_v1,150,3,GE_3,MoveAction,,0,0,True
exp_hrl_v1,150,3,US_3,MoveAction,,0,0,True
exp_hrl_v1,150,3,GE_4,MoveAction,,0,0,True
exp_hrl_v1,150,3,US_4,MoveAction,,0,0,True
exp_hrl_v1,150,3,GE_5,WaitAction,,0,0,True
exp_hrl_v1,150,3,US_5,WaitAction,,0,0,True
exp_hrl_v1,150,3,US_6,MoveAction,,0,0,True
exp_hrl_v1,150,3,US_7,MoveAction,,0,0,True
exp_hrl_v1,150,4,GE_1,MoveAction,,0,0,True
exp_hrl_v1,150,4,US_1,WaitAction,,0,0,True
exp_hrl_v1,150,4,GE_2,WaitAction,,0,0,True
exp_hrl_v1,150,4,US_2,MoveAction,,0,0,True
exp_hrl_v1,150,4,GE_3,WaitAction,,0,0,True
exp_hrl_v1,150,4,US_3,MoveAction,,0,0,True
exp_hrl_v1,150,4,GE_4,MoveAction,,0,0,True
exp_hrl_v1,150,4,US_4,MoveAction,,0,0,True
exp_hrl_v1,150,4,GE_5,WaitAction,,0,0,True
exp_hrl_v1,150,4,US_5,WaitAction,,0,0,True
exp_hrl_v1,150,4,US_6,MoveAction,,0,0,True
exp_hrl_v1,150,5,US_7,WaitAction,,0,0,True
exp_hrl_v1,150,5,GE_1,WaitAction,,0,0,True
exp_hrl_v1,150,5,US_1,WaitAction,,0,0,True
exp_hrl_v1,150,5,GE_2,WaitAction,,0,0,True
exp_hrl_v1,150,5,US_2,WaitAction,,0,0,True
exp_hrl_v1,150,5,GE_3,WaitAction,,0,0,True
exp_hrl_v1,150,5,US_3,WaitAction,,0,0,True
exp_hrl_v1,150,5,GE_4,WaitAction,,0,0,True
exp_hrl_v1,150,5,US_4,MoveAction,,0,0,True
exp_hrl_v1,150,5,GE_5,WaitAction,,0,0,True
exp_hrl_v1,150,5,US_5,WaitAction,,0,0,True
exp_hrl_v1,150,5,US_6,MoveAction,,0,0,True
exp_hrl_v1,150,6,US_7,WaitAction,,0,0,True
exp_hrl_v1,150,6,GE_1,WaitAction,,0,0,True
exp_hrl_v1,150,6,US_1,WaitAction,,0,0,True
exp_hrl_v1,150,6,GE_2,WaitAction,,0,0,True
exp_hrl_v1,150,6,US_2,RangedDirectAttack,,0,0,True
exp_hrl_v1,150,6,GE_3,WaitAction,,0,0,True
exp_hrl_v1,150,6,US_3,RangedDirectAttack,,0,0,True
exp_hrl_v1,150,6,GE_4,WaitAction,,0,0,True
exp_hrl_v1,150,6,US_4,RangedDirectAttack,,0,0,True
exp_hrl_v1,150,6,GE_5,NoneType,,0,0,True
exp_hrl_v1,150,6,US_5,RangedDirectAttack,,0,0,True
exp_hrl_v1,150,6,US_6,RangedDirectAttack,,0,0,True
exp_hrl_v1,150,6,US_7,RangedDirectAttack,,0,0,True
exp_hrl_v1,150,7,GE_3,MoveAction,,0,0,True
exp_hrl_v1,150,7,US_1,RangedDirectAttack,,0,0,True
exp_hrl_v1,150,7,GE_4,MoveAction,,0,0,True
exp_hrl_v1,150,7,US_2,RangedDirectAttack,,0,0,True
exp_hrl_v1,151,1,GE_1,MoveAction,,0,0,True
exp_hrl_v1,151,1,US_1,MoveAction,,0,0,True
exp_hrl_v1,151,1,GE_2,MoveAction,,0,0,True
exp_hrl_v1,151,1,US_2,MoveAction,,0,0,True
exp_hrl_v1,151,1,GE_3,MoveAction,,0,0,True
exp_hrl_v1,151,1,US_3,MoveAction,,0,0,True
exp_hrl_v1,151,1,GE_4,MoveAction,,0,0,True
exp_hrl_v1,151,1,US_4,MoveAction,,0,0,True
exp_hrl_v1,151,1,GE_5,MoveAction,,0,0,True
exp_hrl_v1,151,1,US_5,MoveAction,,0,0,True
exp_hrl_v1,151,1,US_6,MoveAction,,0,0,True
exp_hrl_v1,151,1,US_7,MoveAction,,0,0,True
exp_hrl_v1,151,2,GE_1,MoveAction,,0,0,True
exp_hrl_v1,151,2,US_1,MoveAction,,0,0,True
exp_hrl_v1,151,2,GE_2,MoveAction,,0,0,True
exp_hrl_v1,151,2,US_2,MoveAction,,0,0,True
exp_hrl_v1,151,2,GE_3,MoveAction,,0,0,True
exp_hrl_v1,151,2,US_3,MoveAction,,0,0,True
exp_hrl_v1,151,2,GE_4,MoveAction,,0,0,True
exp_hrl_v1,151,2,US_4,MoveAction,,0,0,True
exp_hrl_v1,151,2,GE_5,MoveAction,,0,0,True
exp_hrl_v1,151,2,US_5,MoveAction,,0,0,True
exp_hrl_v1,151,2,US_6,MoveAction,,0,0,True
exp_hrl_v1,151,2,US_7,MoveAction,,0,0,True
exp_hrl_v1,151,3,GE_1,MoveAction,,0,0,True
exp_hrl_v1,151,3,US_1,MoveAction,,0,0,True
exp_hrl_v1,151,3,GE_2,MoveAction,,0,0,True
exp_hrl_v1,151,3,US_2,MoveAction,,0,0,True
exp_hrl_v1,151,3,GE_3,MoveAction,,0,0,True
exp_hrl_v1,151,3,US_3,MoveAction,,0,0,True
exp_hrl_v1,151,3,GE_4,MoveAction,,0,0,True
exp_hrl_v1,151,3,US_4,MoveAction,,0,0,True
exp_hrl_v1,151,3,GE_5,WaitAction,,0,0,True
exp_hrl_v1,151,3,US_5,WaitAction,,0,0,True
exp_hrl_v1,151,3,US_6,MoveAction,,0,0,True
exp_hrl_v1,151,4,US_7,WaitAction,,0,0,True
exp_hrl_v1,151,4,GE_1,MoveAction,,0,0,True
exp_hrl_v1,151,4,US_1,WaitAction,,0,0,True
exp_hrl_v1,151,4,GE_2,WaitAction,,0,0,True
exp_hrl_v1,151,4,US_2,MoveAction,,0,0,True
exp_hrl_v1,151,4,GE_3,WaitAction,,0,0,True
exp_hrl_v1,151,4,US_3,MoveAction,,0,0,True
exp_hrl_v1,151,4,GE_4,MoveAction,,0,0,True
exp_hrl_v1,151,4,US_4,MoveAction,,0,0,True
exp_hrl_v1,151,4,GE_5,WaitAction,,0,0,True
exp_hrl_v1,151,4,US_5,MoveAction,,0,0,True
exp_hrl_v1,151,4,US_6,MoveAction,,0,0,True
exp_hrl_v1,151,4,US_7,MoveAction,,0,0,True
exp_hrl_v1,151,5,GE_1,WaitAction,,0,0,True
exp_hrl_v1,151,5,US_1,WaitAction,,0,0,True
exp_hrl_v1,151,5,GE_2,WaitAction,,0,0,True
exp_hrl_v1,151,5,US_2,WaitAction,,0,0,True
exp_hrl_v1,151,5,GE_3,WaitAction,,0,0,True
exp_hrl_v1,151,5,US_3,MoveAction,,0,0,True
exp_hrl_v1,151,5,GE_4,WaitAction,,0,0,True
exp_hrl_v1,151,5,US_4,MoveAction,,0,0,True
exp_hrl_v1,151,5,GE_5,WaitAction,,0,0,True
exp_hrl_v1,151,5,US_5,MoveAction,,0,0,True
exp_hrl_v1,151,5,US_6,MoveAction,,0,0,True
exp_hrl_v1,151,5,US_7,RangedDirectAttack,,0,0,True
exp_hrl_v1,151,6,GE_1,WaitAction,,0,0,True
exp_hrl_v1,151,6,US_1,RangedDirectAttack,,0,0,True
exp_hrl_v1,151,6,GE_2,WaitAction,,0,0,True
exp_hrl_v1,151,6,US_2,RangedDirectAttack,,0,0,True
exp_hrl_v1,151,6,GE_3,WaitAction,,0,0,True
exp_hrl_v1,151,6,US_3,RangedDirectAttack,,0,0,True
exp_hrl_v1,151,6,GE_4,WaitAction,,0,0,True
exp_hrl_v1,151,6,US_4,RangedDirectAttack,,0,0,True
exp_hrl_v1,151,6,US_5,RangedDirectAttack,,0,0,True
exp_hrl_v1,151,6,US_6,RangedDirectAttack,,0,0,True
exp_hrl_v1,151,6,US_7,RangedDirectAttack,,0,0,True
exp_hrl_v1,151,7,GE_1,WaitAction,,0,0,True
exp_hrl_v1,151,7,US_1,RangedDirectAttack,,0,0,True
exp_hrl_v1,151,7,GE_4,MoveAction,,0,0,True
exp_hrl_v1,151,7,US_2,RangedDirectAttack,,0,0,True
exp_hrl_v1,152,1,GE_1,MoveAction,,0,0,True
exp_hrl_v1,152,1,US_1,MoveAction,,0,0,True
exp_hrl_v1,152,1,GE_2,MoveAction,,0,0,True
exp_hrl_v1,152,1,US_2,MoveAction,,0,0,True
exp_hrl_v1,152,1,GE_3,MoveAction,,0,0,True
exp_hrl_v1,152,1,US_3,MoveAction,,0,0,True
exp_hrl_v1,152,1,GE_4,MoveAction,,0,0,True
exp_hrl_v1,152,1,US_4,MoveAction,,0,0,True
exp_hrl_v1,152,1,GE_5,MoveAction,,0,0,True
exp_hrl_v1,152,1,US_5,MoveAction,,0,0,True
exp_hrl_v1,152,1,US_6,MoveAction,,0,0,True
exp_hrl_v1,152,1,US_7,MoveAction,,0,0,True
exp_hrl_v1,152,2,GE_1,MoveAction,,0,0,True
exp_hrl_v1,152,2,US_1,MoveAction,,0,0,True
exp_hrl_v1,152,2,GE_2,MoveAction,,0,0,True
exp_hrl_v1,152,2,US_2,MoveAction,,0,0,True
exp_hrl_v1,152,2,GE_3,MoveAction,,0,0,True
exp_hrl_v1,152,2,US_3,WaitAction,,0,0,True
exp_hrl_v1,152,2,GE_4,MoveAction,,0,0,True
exp_hrl_v1,152,2,US_4,MoveAction,,0,0,True
exp_hrl_v1,152,2,GE_5,MoveAction,,0,0,True
exp_hrl_v1,152,2,US_5,MoveAction,,0,0,True
exp_hrl_v1,152,2,US_6,MoveAction,,0,0,True
exp_hrl_v1,152,3,US_7,WaitAction,,0,0,True
exp_hrl_v1,152,3,GE_1,MoveAction,,0,0,True
exp_hrl_v1,152,3,US_1,MoveAction,,0,0,True
exp_hrl_v1,152,3,GE_2,MoveAction,,0,0,True
exp_hrl_v1,152,3,US_2,MoveAction,,0,0,True
exp_hrl_v1,152,3,GE_3,MoveAction,,0,0,True
exp_hrl_v1,152,3,US_3,MoveAction,,0,0,True
exp_hrl_v1,152,3,GE_4,MoveAction,,0,0,True
exp_hrl_v1,152,3,US_4,MoveAction,,0,0,True
exp_hrl_v1,152,3,GE_5,WaitAction,,0,0,True
exp_hrl_v1,152,3,US_5,MoveAction,,0,0,True
exp_hrl_v1,152,3,US_6,MoveAction,,0,0,True
exp_hrl_v1,152,3,US_7,MoveAction,,0,0,True
exp_hrl_v1,152,4,GE_1,MoveAction,,0,0,True
exp_hrl_v1,152,4,US_1,MoveAction,,0,0,True
exp_hrl_v1,152,4,GE_2,MoveAction,,0,0,True
exp_hrl_v1,152,4,US_2,MoveAction,,0,0,True
exp_hrl_v1,152,4,GE_3,MoveAction,,0,0,True
exp_hrl_v1,152,4,US_3,RangedDirectAttack,,0,0,True
exp_hrl_v1,152,4,GE_4,MoveAction,,0,0,True
exp_hrl_v1,152,4,US_4,RangedDirectAttack,,0,0,True
exp_hrl_v1,152,4,GE_5,MoveAction,,0,0,True
exp_hrl_v1,152,4,US_5,RangedDirectAttack,,0,0,True
exp_hrl_v1,152,4,US_6,RangedDirectAttack,,0,0,True
exp_hrl_v1,152,4,US_7,RangedDirectAttack,,0,0,True
exp_hrl_v1,152,5,GE_1,MoveAction,,0,0,True
exp_hrl_v1,152,5,US_1,RangedDirectAttack,,0,0,True
exp_hrl_v1,152,5,GE_2,WaitAction,,0,0,True
exp_hrl_v1,152,5,US_2,RangedDirectAttack,,0,0,True
exp_hrl_v1,152,5,GE_3,NoneType,,0,0,True
exp_hrl_v1,152,5,US_3,RangedDirectAttack,,0,0,True
exp_hrl_v1,152,5,GE_4,MoveAction,,0,0,True
exp_hrl_v1,152,5,US_4,RangedDirectAttack,,0,0,True
exp_hrl_v1,152,5,US_5,RangedDirectAttack,,0,0,True
exp_hrl_v1,152,5,US_6,MoveAction,,0,0,True
exp_hrl_v1,152,5,US_7,MoveAction,,0,0,True
exp_hrl_v1,152,6,GE_1,WaitAction,,0,0,True
exp_hrl_v1,152,6,US_1,MoveAction,,0,0,True
exp_hrl_v1,152,6,GE_4,MoveAction,,0,0,True
exp_hrl_v1,152,6,US_2,MoveAction,,0,0,True
exp_hrl_v1,152,6,US_3,MoveAction,,0,0,True
exp_hrl_v1,152,6,US_4,MoveAction,,0,0,True
exp_hrl_v1,152,6,US_5,MoveAction,,0,0,True
exp_hrl_v1,152,6,US_6,MoveAction,,0,0,True
exp_hrl_v1,152,6,US_7,MoveAction,,0,0,True
exp_hrl_v1,152,7,GE_1,MoveAction,,0,0,True
exp_hrl_v1,152,7,US_1,WaitAction,,0,0,True
exp_hrl_v1,152,7,GE_4,WaitAction,,0,0,True
exp_hrl_v1,152,7,US_2,MoveAction,,0,0,True
exp_hrl_v1,152,7,US_3,MoveAction,,0,0,True
exp_hrl_v1,152,7,US_4,MoveAction,,0,0,True
exp_hrl_v1,152,7,US_5,MoveAction,,0,0,True
exp_hrl_v1,152,7,US_6,MoveAction,,0,0,True
exp_hrl_v1,152,7,US_7,MoveAction,,0,0,True
exp_hrl_v1,152,8,GE_1,WaitAction,,0,0,True
exp_hrl_v1,152,8,US_1,WaitAction,,0,0,True
exp_hrl_v1,152,8,GE_4,WaitAction,,0,0,True
exp_hrl_v1,152,8,US_2,RangedDirectAttack,,0,0,True
exp_hrl_v1,152,8,US_3,RangedDirectAttack,,0,0,True
exp_hrl_v1,152,8,US_4,RangedDirectAttack,,0,0,True
exp_hrl_v1,152,8,US_5,RangedDirectAttack,,0,0,True
exp_hrl_v1,152,8,US_6,RangedDirectAttack,,0,0,True
exp_hrl_v1,153,1,GE_1,MoveAction,,0,0,True
exp_hrl_v1,153,1,US_1,MoveAction,,0,0,True
exp_hrl_v1,153,1,GE_2,MoveAction,,0,0,True
exp_hrl_v1,153,1,US_2,MoveAction,,0,0,True
exp_hrl_v1,153,1,GE_3,MoveAction,,0,0,True
exp_hrl_v1,153,1,US_3,MoveAction,,0,0,True
exp_hrl_v1,153,1,GE_4,MoveAction,,0,0,True
exp_hrl_v1,153,1,US_4,MoveAction,,0,0,True
exp_hrl_v1,153,1,GE_5,MoveAction,,0,0,True
exp_hrl_v1,153,1,US_5,MoveAction,,0,0,True
exp_hrl_v1,153,1,US_6,MoveAction,,0,0,True
exp_hrl_v1,153,1,US_7,MoveAction,,0,0,True
exp_hrl_v1,153,2,GE_1,MoveAction,,0,0,True
exp_hrl_v1,153,2,US_1,MoveAction,,0,0,True
exp_hrl_v1,153,2,GE_2,MoveAction,,0,0,True
exp_hrl_v1,153,2,US_2,MoveAction,,0,0,True
exp_hrl_v1,153,2,GE_3,MoveAction,,0,0,True
exp_hrl_v1,153,2,US_3,MoveAction,,0,0,True
exp_hrl_v1,153,2,GE_4,MoveAction,,0,0,True
exp_hrl_v1,153,2,US_4,MoveAction,,0,0,True
exp_hrl_v1,153,2,GE_5,MoveAction,,0,0,True
exp_hrl_v1,153,2,US_5,MoveAction,,0,0,True
exp_hrl_v1,153,2,US_6,MoveAction,,0,0,True
exp_hrl_v1,153,2,US_7,MoveAction,,0,0,True
exp_hrl_v1,153,3,GE_1,MoveAction,,0,0,True
exp_hrl_v1,153,3,US_1,MoveAction,,0,0,True
exp_hrl_v1,153,3,GE_2,MoveAction,,0,0,True
exp_hrl_v1,153,3,US_2,MoveAction,,0,0,True
exp_hrl_v1,153,3,GE_3,MoveAction,,0,0,True
exp_hrl_v1,153,3,US_3,MoveAction,,0,0,True
exp_hrl_v1,153,3,GE_4,MoveAction,,0,0,True
exp_hrl_v1,153,3,US_4,MoveAction,,0,0,True
exp_hrl_v1,153,3,GE_5,WaitAction,,0,0,True
exp_hrl_v1,153,3,US_5,WaitAction,,0,0,True
exp_hrl_v1,153,3,US_6,MoveAction,,0,0,True
exp_hrl_v1,153,4,US_7,WaitAction,,0,0,True
exp_hrl_v1,153,4,GE_1,MoveAction,,0,0,True
exp_hrl_v1,153,4,US_1,WaitAction,,0,0,True
exp_hrl_v1,153,4,GE_2,WaitAction,,0,0,True
exp_hrl_v1,153,4,US_2,MoveAction,,0,0,True
exp_hrl_v1,153,4,GE_3,WaitAction,,0,0,True
exp_hrl_v1,153,4,US_3,MoveAction,,0,0,True
exp_hrl_v1,153,4,GE_4,MoveAction,,0,0,True
exp_hrl_v1,153,4,US_4,MoveAction,,0,0,True
exp_hrl_v1,153,4,GE_5,WaitAction,,0,0,True
exp_hrl_v1,153,4,US_5,MoveAction,,0,0,True
exp_hrl_v1,153,4,US_6,MoveAction,,0,0,True
exp_hrl_v1,153,4,US_7,MoveAction,,0,0,True
exp_hrl_v1,153,5,GE_1,WaitAction,,0,0,True
exp_hrl_v1,153,5,US_1,RangedDirectAttack,,0,0,True
exp_hrl_v1,153,5,GE_2,WaitAction,,0,0,True
exp_hrl_v1,153,5,US_2,RangedDirectAttack,,0,0,True
exp_hrl_v1,153,5,GE_3,WaitAction,,0,0,True
exp_hrl_v1,153,5,US_3,RangedDirectAttack,,0,0,True
exp_hrl_v1,153,5,GE_4,WaitAction,,0,0,True
exp_hrl_v1,153,5,US_4,RangedDirectAttack,,0,0,True
exp_hrl_v1,153,5,GE_5,NoneType,,0,0,True
exp_hrl_v1,153,5,US_5,RangedDirectAttack,,0,0,True
exp_hrl_v1,153,5,US_6,RangedDirectAttack,,0,0,True
exp_hrl_v1,153,5,US_7,RangedDirectAttack,,0,0,True
exp_hrl_v1,153,6,GE_1,WaitAction,,0,0,True
exp_hrl_v1,153,6,US_1,RangedDirectAttack,,0,0,True
exp_hrl_v1,153,6,GE_3,NoneType,,0,0,True
exp_hrl_v1,153,6,US_2,RangedDirectAttack,,0,0,True
exp_hrl_v1,153,6,GE_4,MoveAction,,0,0,True
exp_hrl_v1,153,6,US_3,RangedDirectAttack,,0,0,True
exp_hrl_v1,153,6,US_4,MoveAction,,0,0,True
exp_hrl_v1,153,6,US_5,MoveAction,,0,0,True
exp_hrl_v1,153,6,US_6,MoveAction,,0,0,True
exp_hrl_v1,153,6,US_7,MoveAction,,0,0,True
exp_hrl_v1,153,7,GE_4,WaitAction,,0,0,True
exp_hrl_v1,153,7,US_1,WaitAction,,0,0,True
exp_hrl_v1,153,7,US_2,MoveAction,,0,0,True
exp_hrl_v1,153,7,US_3,MoveAction,,0,0,True
exp_hrl_v1,153,7,US_4,MoveAction,,0,0,True
exp_hrl_v1,153,7,US_5,MoveAction,,0,0,True
exp_hrl_v1,153,7,US_6,MoveAction,,0,0,True
exp_hrl_v1,153,7,US_7,RangedIndirectAttack,,0,0,True
exp_hrl_v1,153,8,GE_4,WaitAction,,0,0,True
exp_hrl_v1,153,8,US_1,RangedIndirectAttack,,0,0,True
exp_hrl_v1,154,1,GE_1,MoveAction,,0,0,True
exp_hrl_v1,154,1,US_1,MoveAction,,0,0,True
exp_hrl_v1,154,1,GE_2,MoveAction,,0,0,True
exp_hrl_v1,154,1,US_2,MoveAction,,0,0,True
exp_hrl_v1,154,1,GE_3,MoveAction,,0,0,True
exp_hrl_v1,154,1,US_3,MoveAction,,0,0,True
exp_hrl_v1,154,1,GE_4,MoveAction,,0,0,True
exp_hrl_v1,154,1,US_4,MoveAction,,0,0,True
exp_hrl_v1,154,1,GE_5,MoveAction,,0,0,True
exp_hrl_v1,154,1,US_5,MoveAction,,0,0,True
exp_hrl_v1,154,1,US_6,MoveAction,,0,0,True
exp_hrl_v1,154,1,US_7,MoveAction,,0,0,True
exp_hrl_v1,154,2,GE_1,MoveAction,,0,0,True
exp_hrl_v1,154,2,US_1,MoveAction,,0,0,True
exp_hrl_v1,154,2,GE_2,MoveAction,,0,0,True
exp_hrl_v1,154,2,US_2,MoveAction,,0,0,True
exp_hrl_v1,154,2,GE_3,MoveAction,,0,0,True
exp_hrl_v1,154,2,US_3,WaitAction,,0,0,True
exp_hrl_v1,154,2,GE_4,MoveAction,,0,0,True
exp_hrl_v1,154,2,US_4,MoveAction,,0,0,True
exp_hrl_v1,154,2,GE_5,MoveAction,,0,0,True
exp_hrl_v1,154,2,US_5,MoveAction,,0,0,True
exp_hrl_v1,154,2,US_6,MoveAction,,0,0,True
exp_hrl_v1,154,3,US_7,WaitAction,,0,0,True
exp_hrl_v1,154,3,GE_1,MoveAction,,0,0,True
exp_hrl_v1,154,3,US_1,MoveAction,,0,0,True
exp_hrl_v1,154,3,GE_2,MoveAction,,0,0,True
exp_hrl_v1,154,3,US_2,MoveAction,,0,0,True
exp_hrl_v1,154,3,GE_3,MoveAction,,0,0,True
exp_hrl_v1,154,3,US_3,MoveAction,,0,0,True
exp_hrl_v1,154,3,GE_4,MoveAction,,0,0,True
exp_hrl_v1,154,3,US_4,MoveAction,,0,0,True
exp_hrl_v1,154,3,GE_5,WaitAction,,0,0,True
exp_hrl_v1,154,3,US_5,WaitAction,,0,0,True
exp_hrl_v1,154,3,US_6,MoveAction,,0,0,True
exp_hrl_v1,154,3,US_7,MoveAction,,0,0,True
exp_hrl_v1,154,4,GE_1,MoveAction,,0,0,True
exp_hrl_v1,154,4,US_1,WaitAction,,0,0,True
exp_hrl_v1,154,4,GE_2,WaitAction,,0,0,True
exp_hrl_v1,154,4,US_2,MoveAction,,0,0,True
exp_hrl_v1,154,4,GE_3,WaitAction,,0,0,True
exp_hrl_v1,154,4,US_3,MoveAction,,0,0,True
exp_hrl_v1,154,4,GE_4,MoveAction,,0,0,True
exp_hrl_v1,154,4,US_4,MoveAction,,0,0,True
exp_hrl_v1,154,4,GE_5,WaitAction,,0,0,True
exp_hrl_v1,154,4,US_5,WaitAction,,0,0,True
exp_hrl_v1,154,4,US_6,MoveAction,,0,0,True
exp_hrl_v1,154,5,US_7,WaitAction,,0,0,True
exp_hrl_v1,154,5,GE_1,WaitAction,,0,0,True
exp_hrl_v1,154,5,US_1,WaitAction,,0,0,True
exp_hrl_v1,154,5,GE_2,WaitAction,,0,0,True
exp_hrl_v1,154,5,US_2,WaitAction,,0,0,True
exp_hrl_v1,154,5,GE_3,WaitAction,,0,0,True
exp_hrl_v1,154,5,US_3,WaitAction,,0,0,True
exp_hrl_v1,154,5,GE_4,WaitAction,,0,0,True
exp_hrl_v1,154,5,US_4,MoveAction,,0,0,True
exp_hrl_v1,154,5,GE_5,WaitAction,,0,0,True
exp_hrl_v1,154,5,US_5,MoveAction,,0,0,True
exp_hrl_v1,154,5,US_6,MoveAction,,0,0,True
exp_hrl_v1,154,5,US_7,MoveAction,,0,0,True
exp_hrl_v1,154,6,GE_1,WaitAction,,0,0,True
exp_hrl_v1,154,6,US_1,MoveAction,,0,0,True
exp_hrl_v1,154,6,GE_2,WaitAction,,0,0,True
exp_hrl_v1,154,6,US_2,RangedDirectAttack,,0,0,True
exp_hrl_v1,154,6,GE_3,MoveAction,,0,0,True
exp_hrl_v1,154,6,US_3,RangedDirectAttack,,0,0,True
exp_hrl_v1,154,6,GE_4,MoveAction,,0,0,True
exp_hrl_v1,154,6,US_4,RangedDirectAttack,,0,0,True
exp_hrl_v1,154,6,GE_5,NoneType,,0,0,True
exp_hrl_v1,154,6,US_5,RangedDirectAttack,,0,0,True
exp_hrl_v1,154,6,US_6,RangedDirectAttack,,0,0,True
exp_hrl_v1,154,6,US_7,RangedDirectAttack,,0,0,True
exp_hrl_v1,154,7,GE_4,MoveAction,,0,0,True
exp_hrl_v1,154,7,US_1,RangedDirectAttack,,0,0,True
exp_hrl_v1,154,7,US_2,RangedDirectAttack,,0,0,True
exp_hrl_v1,155,1,GE_1,MoveAction,,0,0,True
exp_hrl_v1,155,1,US_1,MoveAction,,0,0,True
exp_hrl_v1,155,1,GE_2,MoveAction,,0,0,True
exp_hrl_v1,155,1,US_2,MoveAction,,0,0,True
exp_hrl_v1,155,1,GE_3,MoveAction,,0,0,True
exp_hrl_v1,155,1,US_3,MoveAction,,0,0,True
exp_hrl_v1,155,1,GE_4,MoveAction,,0,0,True
exp_hrl_v1,155,1,US_4,MoveAction,,0,0,True
exp_hrl_v1,155,1,GE_5,MoveAction,,0,0,True
exp_hrl_v1,155,1,US_5,MoveAction,,0,0,True
exp_hrl_v1,155,1,US_6,MoveAction,,0,0,True
exp_hrl_v1,155,1,US_7,MoveAction,,0,0,True
exp_hrl_v1,155,2,GE_1,MoveAction,,0,0,True
exp_hrl_v1,155,2,US_1,MoveAction,,0,0,True
exp_hrl_v1,155,2,GE_2,MoveAction,,0,0,True
exp_hrl_v1,155,2,US_2,MoveAction,,0,0,True
exp_hrl_v1,155,2,GE_3,MoveAction,,0,0,True
exp_hrl_v1,155,2,US_3,WaitAction,,0,0,True
exp_hrl_v1,155,2,GE_4,MoveAction,,0,0,True
exp_hrl_v1,155,2,US_4,MoveAction,,0,0,True
exp_hrl_v1,155,2,GE_5,MoveAction,,0,0,True
exp_hrl_v1,155,2,US_5,MoveAction,,0,0,True
exp_hrl_v1,155,2,US_6,MoveAction,,0,0,True
exp_hrl_v1,155,2,US_7,MoveAction,,0,0,True
exp_hrl_v1,155,3,GE_1,MoveAction,,0,0,True
exp_hrl_v1,155,3,US_1,MoveAction,,0,0,True
exp_hrl_v1,155,3,GE_2,MoveAction,,0,0,True
exp_hrl_v1,155,3,US_2,MoveAction,,0,0,True
exp_hrl_v1,155,3,GE_3,MoveAction,,0,0,True
exp_hrl_v1,155,3,US_3,MoveAction,,0,0,True
exp_hrl_v1,155,3,GE_4,MoveAction,,0,0,True
exp_hrl_v1,155,3,US_4,MoveAction,,0,0,True
exp_hrl_v1,155,3,GE_5,MoveAction,,0,0,True
exp_hrl_v1,155,3,US_5,MoveAction,,0,0,True
exp_hrl_v1,155,3,US_6,MoveAction,,0,0,True
exp_hrl_v1,155,3,US_7,MoveAction,,0,0,True
exp_hrl_v1,155,4,GE_1,MoveAction,,0,0,True
exp_hrl_v1,155,4,US_1,WaitAction,,0,0,True
exp_hrl_v1,155,4,GE_2,WaitAction,,0,0,True
exp_hrl_v1,155,4,US_2,MoveAction,,0,0,True
exp_hrl_v1,155,4,GE_3,MoveAction,,0,0,True
exp_hrl_v1,155,4,US_3,MoveAction,,0,0,True
exp_hrl_v1,155,4,GE_4,MoveAction,,0,0,True
exp_hrl_v1,155,4,US_4,MoveAction,,0,0,True
exp_hrl_v1,155,4,GE_5,WaitAction,,0,0,True
exp_hrl_v1,155,4,US_5,WaitAction,,0,0,True
exp_hrl_v1,155,4,US_6,WaitAction,,0,0,True
exp_hrl_v1,155,4,US_7,MoveAction,,0,0,True
exp_hrl_v1,155,5,GE_1,WaitAction,,0,0,True
exp_hrl_v1,155,5,US_1,WaitAction,,0,0,True
exp_hrl_v1,155,5,GE_2,WaitAction,,0,0,True
exp_hrl_v1,155,5,US_2,WaitAction,,0,0,True
exp_hrl_v1,155,5,GE_3,WaitAction,,0,0,True
exp_hrl_v1,155,5,US_3,MoveAction,,0,0,True
exp_hrl_v1,155,5,GE_4,WaitAction,,0,0,True
exp_hrl_v1,155,5,US_4,MoveAction,,0,0,True
exp_hrl_v1,155,5,GE_5,WaitAction,,0,0,True
exp_hrl_v1,155,5,US_5,WaitAction,,0,0,True
exp_hrl_v1,155,5,US_6,WaitAction,,0,0,True
exp_hrl_v1,155,6,US_7,WaitAction,,0,0,True
exp_hrl_v1,155,6,GE_1,WaitAction,,0,0,True
exp_hrl_v1,155,6,US_1,RangedDirectAttack,,0,0,True
exp_hrl_v1,155,6,GE_2,WaitAction,,0,0,True
exp_hrl_v1,155,6,US_2,RangedDirectAttack,,0,0,True
exp_hrl_v1,155,6,GE_3,WaitAction,,0,0,True
exp_hrl_v1,155,6,US_3,RangedDirectAttack,,0,0,True
exp_hrl_v1,155,6,GE_4,WaitAction,,0,0,True
exp_hrl_v1,155,6,US_4,RangedDirectAttack,,0,0,True
exp_hrl_v1,155,6,GE_5,NoneType,,0,0,True
exp_hrl_v1,155,6,US_5,RangedDirectAttack,,0,0,True
exp_hrl_v1,155,6,US_6,RangedDirectAttack,,0,0,True
exp_hrl_v1,155,6,US_7,RangedDirectAttack,,0,0,True
exp_hrl_v1,155,7,GE_1,MoveAction,,0,0,True
exp_hrl_v1,155,7,US_1,RangedDirectAttack,,0,0,True
exp_hrl_v1,155,7,GE_4,MoveAction,,0,0,True
exp_hrl_v1,155,7,US_2,RangedDirectAttack,,0,0,True
exp_hrl_v1,155,7,US_3,RangedDirectAttack,,0,0,True
exp_hrl_v1,156,1,GE_1,MoveAction,,0,0,True
exp_hrl_v1,156,1,US_1,MoveAction,,0,0,True
exp_hrl_v1,156,1,GE_2,MoveAction,,0,0,True
exp_hrl_v1,156,1,US_2,MoveAction,,0,0,True
exp_hrl_v1,156,1,GE_3,MoveAction,,0,0,True
exp_hrl_v1,156,1,US_3,MoveAction,,0,0,True
exp_hrl_v1,156,1,GE_4,MoveAction,,0,0,True
exp_hrl_v1,156,1,US_4,MoveAction,,0,0,True
exp_hrl_v1,156,1,GE_5,MoveAction,,0,0,True
exp_hrl_v1,156,1,US_5,MoveAction,,0,0,True
exp_hrl_v1,156,1,US_6,MoveAction,,0,0,True
exp_hrl_v1,156,1,US_7,MoveAction,,0,0,True
exp_hrl_v1,156,2,GE_1,MoveAction,,0,0,True
exp_hrl_v1,156,2,US_1,MoveAction,,0,0,True
exp_hrl_v1,156,2,GE_2,MoveAction,,0,0,True
exp_hrl_v1,156,2,US_2,MoveAction,,0,0,True
exp_hrl_v1,156,2,GE_3,MoveAction,,0,0,True
exp_hrl_v1,156,2,US_3,MoveAction,,0,0,True
exp_hrl_v1,156,2,GE_4,MoveAction,,0,0,True
exp_hrl_v1,156,2,US_4,MoveAction,,0,0,True
exp_hrl_v1,156,2,GE_5,MoveAction,,0,0,True
exp_hrl_v1,156,2,US_5,MoveAction,,0,0,True
exp_hrl_v1,156,2,US_6,MoveAction,,0,0,True
exp_hrl_v1,156,2,US_7,MoveAction,,0,0,True
exp_hrl_v1,156,3,GE_1,MoveAction,,0,0,True
exp_hrl_v1,156,3,US_1,MoveAction,,0,0,True
exp_hrl_v1,156,3,GE_2,MoveAction,,0,0,True
exp_hrl_v1,156,3,US_2,MoveAction,,0,0,True
exp_hrl_v1,156,3,GE_3,MoveAction,,0,0,True
exp_hrl_v1,156,3,US_3,MoveAction,,0,0,True
exp_hrl_v1,156,3,GE_4,MoveAction,,0,0,True
exp_hrl_v1,156,3,US_4,MoveAction,,0,0,True
exp_hrl_v1,156,3,GE_5,WaitAction,,0,0,True
exp_hrl_v1,156,3,US_5,WaitAction,,0,0,True
exp_hrl_v1,156,3,US_6,MoveAction,,0,0,True
exp_hrl_v1,156,3,US_7,MoveAction,,0,0,True
exp_hrl_v1,156,4,GE_1,MoveAction,,0,0,True
exp_hrl_v1,156,4,US_1,WaitAction,,0,0,True
exp_hrl_v1,156,4,GE_2,WaitAction,,0,0,True
exp_hrl_v1,156,4,US_2,RangedDirectAttack,,0,0,True
exp_hrl_v1,156,4,GE_3,WaitAction,,0,0,True
exp_hrl_v1,156,4,US_3,RangedDirectAttack,,0,0,True
exp_hrl_v1,156,4,GE_4,MoveAction,,0,0,True
exp_hrl_v1,156,4,US_4,RangedDirectAttack,,0,0,True
exp_hrl_v1,156,4,GE_5,WaitAction,,0,0,True
exp_hrl_v1,156,4,US_5,RangedDirectAttack,,0,0,True
exp_hrl_v1,156,4,US_6,RangedDirectAttack,,0,0,True
exp_hrl_v1,156,4,US_7,RangedDirectAttack,,0,0,True
exp_hrl_v1,156,5,GE_1,WaitAction,,0,0,True
exp_hrl_v1,156,5,US_1,RangedDirectAttack,,0,0,True
exp_hrl_v1,156,5,GE_3,MoveAction,,0,0,True
exp_hrl_v1,156,5,US_2,RangedDirectAttack,,0,0,True
exp_hrl_v1,156,5,GE_4,WaitAction,,0,0,True
exp_hrl_v1,156,5,US_3,RangedDirectAttack,,0,0,True
exp_hrl_v1,156,5,US_4,RangedDirectAttack,,0,0,True
exp_hrl_v1,156,5,US_5,MoveAction,,0,0,True
exp_hrl_v1,156,5,US_6,MoveAction,,0,0,True
exp_hrl_v1,156,5,US_7,MoveAction,,0,0,True
exp_hrl_v1,156,6,GE_1,WaitAction,,0,0,True
exp_hrl_v1,156,6,US_1,WaitAction,,0,0,True
exp_hrl_v1,156,6,GE_4,WaitAction,,0,0,True
exp_hrl_v1,156,6,US_2,MoveAction,,0,0,True
exp_hrl_v1,156,6,US_3,MoveAction,,0,0,True
exp_hrl_v1,156,6,US_4,MoveAction,,0,0,True
exp_hrl_v1,156,6,US_5,WaitAction,,0,0,True
exp_hrl_v1,156,6,US_6,MoveAction,,0,0,True
exp_hrl_v1,156,7,US_7,WaitAction,,0,0,True
exp_hrl_v1,156,7,GE_1,WaitAction,,0,0,True
exp_hrl_v1,156,7,US_1,WaitAction,,0,0,True
exp_hrl_v1,156,7,GE_4,WaitAction,,0,0,True
exp_hrl_v1,156,7,US_2,WaitAction,,0,0,True
exp_hrl_v1,156,7,US_3,MoveAction,,0,0,True
exp_hrl_v1,156,7,US_4,MoveAction,,0,0,True
exp_hrl_v1,156,7,US_5,MoveAction,,0,0,True
exp_hrl_v1,156,7,US_6,MoveAction,,0,0,True
exp_hrl_v1,156,7,US_7,MoveAction,,0,0,True
exp_hrl_v1,156,8,GE_1,WaitAction,,0,0,True
exp_hrl_v1,156,8,US_1,RangedDirectAttack,,0,0,True
exp_hrl_v1,156,8,GE_4,MoveAction,,0,0,True
exp_hrl_v1,156,8,US_2,RangedDirectAttack,,0,0,True
exp_hrl_v1,157,1,GE_1,MoveAction,,0,0,True
exp_hrl_v1,157,1,US_1,MoveAction,,0,0,True
exp_hrl_v1,157,1,GE_2,MoveAction,,0,0,True
exp_hrl_v1,157,1,US_2,MoveAction,,0,0,True
exp_hrl_v1,157,1,GE_3,MoveAction,,0,0,True
exp_hrl_v1,157,1,US_3,MoveAction,,0,0,True
exp_hrl_v1,157,1,GE_4,MoveAction,,0,0,True
exp_hrl_v1,157,1,US_4,MoveAction,,0,0,True
exp_hrl_v1,157,1,GE_5,MoveAction,,0,0,True
exp_hrl_v1,157,1,US_5,MoveAction,,0,0,True
exp_hrl_v1,157,1,US_6,MoveAction,,0,0,True
exp_hrl_v1,157,1,US_7,MoveAction,,0,0,True
exp_hrl_v1,157,2,GE_1,MoveAction,,0,0,True
exp_hrl_v1,157,2,US_1,MoveAction,,0,0,True
exp_hrl_v1,157,2,GE_2,MoveAction,,0,0,True
exp_hrl_v1,157,2,US_2,MoveAction,,0,0,True
exp_hrl_v1,157,2,GE_3,MoveAction,,0,0,True
exp_hrl_v1,157,2,US_3,WaitAction,,0,0,True
exp_hrl_v1,157,2,GE_4,MoveAction,,0,0,True
exp_hrl_v1,157,2,US_4,MoveAction,,0,0,True
exp_hrl_v1,157,2,GE_5,MoveAction,,0,0,True
exp_hrl_v1,157,2,US_5,MoveAction,,0,0,True
exp_hrl_v1,157,2,US_6,MoveAction,,0,0,True
exp_hrl_v1,157,3,US_7,WaitAction,,0,0,True
exp_hrl_v1,157,3,GE_1,MoveAction,,0,0,True
exp_hrl_v1,157,3,US_1,MoveAction,,0,0,True
exp_hrl_v1,157,3,GE_2,MoveAction,,0,0,True
exp_hrl_v1,157,3,US_2,MoveAction,,0,0,True
exp_hrl_v1,157,3,GE_3,MoveAction,,0,0,True
exp_hrl_v1,157,3,US_3,MoveAction,,0,0,True
exp_hrl_v1,157,3,GE_4,MoveAction,,0,0,True
exp_hrl_v1,157,3,US_4,MoveAction,,0,0,True
exp_hrl_v1,157,3,GE_5,WaitAction,,0,0,True
exp_hrl_v1,157,3,US_5,RangedDirectAttack,,0,0,True
exp_hrl_v1,157,3,US_6,RangedDirectAttack,,0,0,True
exp_hrl_v1,157,3,US_7,RangedDirectAttack,,0,0,True
exp_hrl_v1,157,4,GE_1,MoveAction,,0,0,True
exp_hrl_v1,157,4,US_1,RangedDirectAttack,,0,0,True
exp_hrl_v1,157,4,GE_2,WaitAction,,0,0,True
exp_hrl_v1,157,4,US_2,RangedDirectAttack,,0,0,True
exp_hrl_v1,157,4,GE_3,WaitAction,,0,0,True
exp_hrl_v1,157,4,US_3,RangedDirectAttack,,0,0,True
exp_hrl_v1,157,4,GE_4,MoveAction,,0,0,True
exp_hrl_v1,157,4,US_4,RangedDirectAttack,,0,0,True
exp_hrl_v1,157,4,US_5,RangedDirectAttack,,0,0,True
exp_hrl_v1,157,4,US_6,RangedDirectAttack,,0,0,True
exp_hrl_v1,157,4,US_7,RangedDirectAttack,,0,0,True
exp_hrl_v1,157,5,GE_4,MoveAction,,0,0,True
exp_hrl_v1,157,5,US_1,WaitAction,,0,0,True
exp_hrl_v1,157,5,US_2,MoveAction,,0,0,True
exp_hrl_v1,157,5,US_3,MoveAction,,0,0,True
exp_hrl_v1,157,5,US_4,MoveAction,,0,0,True
exp_hrl_v1,157,5,US_5,MoveAction,,0,0,True
exp_hrl_v1,157,5,US_6,MoveAction,,0,0,True
exp_hrl_v1,157,5,US_7,MoveAction,,0,0,True
exp_hrl_v1,157,6,GE_4,WaitAction,,0,0,True
exp_hrl_v1,157,6,US_1,WaitAction,,0,0,True
exp_hrl_v1,157,6,US_2,WaitAction,,0,0,True
exp_hrl_v1,157,6,US_3,MoveAction,,0,0,True
exp_hrl_v1,157,6,US_4,MoveAction,,0,0,True
exp_hrl_v1,157,6,US_5,WaitAction,,0,0,True
exp_hrl_v1,157,6,US_6,MoveAction,,0,0,True
exp_hrl_v1,157,6,US_7,MoveAction,,0,0,True
exp_hrl_v1,157,7,GE_4,WaitAction,,0,0,True
exp_hrl_v1,157,7,US_1,WaitAction,,0,0,True
exp_hrl_v1,157,7,US_2,WaitAction,,0,0,True
exp_hrl_v1,157,7,US_3,MoveAction,,0,0,True
exp_hrl_v1,157,7,US_4,MoveAction,,0,0,True
exp_hrl_v1,157,7,US_5,WaitAction,,0,0,True
exp_hrl_v1,157,7,US_6,WaitAction,,0,0,True
exp_hrl_v1,157,8,US_7,WaitAction,,0,0,True
exp_hrl_v1,157,8,GE_4,WaitAction,,0,0,True
exp_hrl_v1,157,8,US_1,WaitAction,,0,0,True
exp_hrl_v1,157,8,US_2,WaitAction,,0,0,True
exp_hrl_v1,157,8,US_3,WaitAction,,0,0,True
exp_hrl_v1,157,8,US_4,MoveAction,,0,0,True
exp_hrl_v1,157,8,US_5,MoveAction,,0,0,True
exp_hrl_v1,157,8,US_6,MoveAction,,0,0,True
exp_hrl_v1,157,8,US_7,MoveAction,,0,0,True
exp_hrl_v1,157,9,GE_4,WaitAction,,0,0,True
exp_hrl_v1,157,9,US_1,MoveAction,,0,0,True
exp_hrl_v1,157,9,US_2,MoveAction,,0,0,True
exp_hrl_v1,157,9,US_3,WaitAction,,0,0,True
exp_hrl_v1,157,9,US_4,MoveAction,,0,0,True
exp_hrl_v1,157,9,US_5,MoveAction,,0,0,True
exp_hrl_v1,157,9,US_6,MoveAction,,0,0,True
exp_hrl_v1,157,9,US_7,MoveAction,,0,0,True
exp_hrl_v1,157,10,GE_4,WaitAction,,0,0,True
exp_hrl_v1,157,10,US_1,MoveAction,,0,0,True
exp_hrl_v1,157,10,US_2,MoveAction,,0,0,True
exp_hrl_v1,157,10,US_3,MoveAction,,0,0,True
exp_hrl_v1,157,10,US_4,MoveAction,,0,0,True
exp_hrl_v1,157,10,US_5,MoveAction,,0,0,True
exp_hrl_v1,157,10,US_6,MoveAction,,0,0,True
exp_hrl_v1,157,11,US_7,WaitAction,,0,0,True
exp_hrl_v1,157,11,GE_4,MoveAction,,0,0,True
exp_hrl_v1,157,11,US_1,WaitAction,,0,0,True
exp_hrl_v1,157,11,US_2,WaitAction,,0,0,True
exp_hrl_v1,157,11,US_3,MoveAction,,0,0,True
exp_hrl_v1,157,11,US_4,WaitAction,,0,0,True
exp_hrl_v1,157,11,US_5,RangedDirectAttack,,0,0,True
exp_hrl_v1,157,11,US_6,RangedDirectAttack,,0,0,True
exp_hrl_v1,158,1,GE_1,MoveAction,,0,0,True
exp_hrl_v1,158,1,US_1,MoveAction,,0,0,True
exp_hrl_v1,158,1,GE_2,MoveAction,,0,0,True
exp_hrl_v1,158,1,US_2,MoveAction,,0,0,True
exp_hrl_v1,158,1,GE_3,MoveAction,,0,0,True
exp_hrl_v1,158,1,US_3,MoveAction,,0,0,True
exp_hrl_v1,158,1,GE_4,MoveAction,,0,0,True
exp_hrl_v1,158,1,US_4,MoveAction,,0,0,True
exp_hrl_v1,158,1,GE_5,MoveAction,,0,0,True
exp_hrl_v1,158,1,US_5,MoveAction,,0,0,True
exp_hrl_v1,158,1,US_6,MoveAction,,0,0,True
exp_hrl_v1,158,1,US_7,MoveAction,,0,0,True
exp_hrl_v1,158,2,GE_1,MoveAction,,0,0,True
exp_hrl_v1,158,2,US_1,MoveAction,,0,0,True
exp_hrl_v1,158,2,GE_2,MoveAction,,0,0,True
exp_hrl_v1,158,2,US_2,MoveAction,,0,0,True
exp_hrl_v1,158,2,GE_3,MoveAction,,0,0,True
exp_hrl_v1,158,2,US_3,MoveAction,,0,0,True
exp_hrl_v1,158,2,GE_4,MoveAction,,0,0,True
exp_hrl_v1,158,2,US_4,MoveAction,,0,0,True
exp_hrl_v1,158,2,GE_5,MoveAction,,0,0,True
exp_hrl_v1,158,2,US_5,MoveAction,,0,0,True
exp_hrl_v1,158,2,US_6,MoveAction,,0,0,True
exp_hrl_v1,158,3,US_7,WaitAction,,0,0,True
exp_hrl_v1,158,3,GE_1,MoveAction,,0,0,True
exp_hrl_v1,158,3,US_1,MoveAction,,0,0,True
exp_hrl_v1,158,3,GE_2,MoveAction,,0,0,True
exp_hrl_v1,158,3,US_2,MoveAction,,0,0,True
exp_hrl_v1,158,3,GE_3,MoveAction,,0,0,True
exp_hrl_v1,158,3,US_3,MoveAction,,0,0,True
exp_hrl_v1,158,3,GE_4,MoveAction,,0,0,True
exp_hrl_v1,158,3,US_4,MoveAction,,0,0,True
exp_hrl_v1,158,3,GE_5,WaitAction,,0,0,True
exp_hrl_v1,158,3,US_5,MoveAction,,0,0,True
exp_hrl_v1,158,3,US_6,MoveAction,,0,0,True
exp_hrl_v1,158,3,US_7,MoveAction,,0,0,True
exp_hrl_v1,158,4,GE_1,MoveAction,,0,0,True
exp_hrl_v1,158,4,US_1,MoveAction,,0,0,True
exp_hrl_v1,158,4,GE_2,MoveAction,,0,0,True
exp_hrl_v1,158,4,US_2,MoveAction,,0,0,True
exp_hrl_v1,158,4,GE_3,MoveAction,,0,0,True
exp_hrl_v1,158,4,US_3,MoveAction,,0,0,True
exp_hrl_v1,158,4,GE_4,MoveAction,,0,0,True
exp_hrl_v1,158,4,US_4,MoveAction,,0,0,True
exp_hrl_v1,158,4,GE_5,MoveAction,,0,0,True
exp_hrl_v1,158,4,US_5,MoveAction,,0,0,True
exp_hrl_v1,158,4,US_6,MoveAction,,0,0,True
exp_hrl_v1,158,4,US_7,MoveAction,,0,0,True
exp_hrl_v1,158,5,GE_1,MoveAction,,0,0,True
exp_hrl_v1,158,5,US_1,WaitAction,,0,0,True
exp_hrl_v1,158,5,GE_2,WaitAction,,0,0,True
exp_hrl_v1,158,5,US_2,WaitAction,,0,0,True
exp_hrl_v1,158,5,GE_3,WaitAction,,0,0,True
exp_hrl_v1,158,5,US_3,MoveAction,,0,0,True
exp_hrl_v1,158,5,GE_4,MoveAction,,0,0,True
exp_hrl_v1,158,5,US_4,MoveAction,,0,0,True
exp_hrl_v1,158,5,GE_5,WaitAction,,0,0,True
exp_hrl_v1,158,5,US_5,MoveAction,,0,0,True
exp_hrl_v1,158,5,US_6,RangedDirectAttack,,0,0,True
exp_hrl_v1,158,5,US_7,RangedDirectAttack,,0,0,True
exp_hrl_v1,158,6,GE_1,WaitAction,,0,0,True
exp_hrl_v1,158,6,US_1,RangedDirectAttack,,0,0,True
exp_hrl_v1,158,6,GE_2,WaitAction,,0,0,True
exp_hrl_v1,158,6,US_2,RangedDirectAttack,,0,0,True
exp_hrl_v1,158,6,GE_4,MoveAction,,0,0,True
exp_hrl_v1,158,6,US_3,RangedDirectAttack,,0,0,True
exp_hrl_v1,158,6,US_4,RangedDirectAttack,,0,0,True
exp_hrl_v1,159,1,GE_1,MoveAction,,0,0,True
exp_hrl_v1,159,1,US_1,MoveAction,,0,0,True
exp_hrl_v1,159,1,GE_2,MoveAction,,0,0,True
exp_hrl_v1,159,1,US_2,MoveAction,,0,0,True
exp_hrl_v1,159,1,GE_3,MoveAction,,0,0,True
exp_hrl_v1,159,1,US_3,MoveAction,,0,0,True
exp_hrl_v1,159,1,GE_4,MoveAction,,0,0,True
exp_hrl_v1,159,1,US_4,MoveAction,,0,0,True
exp_hrl_v1,159,1,GE_5,MoveAction,,0,0,True
exp_hrl_v1,159,1,US_5,MoveAction,,0,0,True
exp_hrl_v1,159,1,US_6,MoveAction,,0,0,True
exp_hrl_v1,159,1,US_7,MoveAction,,0,0,True
exp_hrl_v1,159,2,GE_1,MoveAction,,0,0,True
exp_hrl_v1,159,2,US_1,MoveAction,,0,0,True
exp_hrl_v1,159,2,GE_2,MoveAction,,0,0,True
exp_hrl_v1,159,2,US_2,MoveAction,,0,0,True
exp_hrl_v1,159,2,GE_3,MoveAction,,0,0,True
exp_hrl_v1,159,2,US_3,WaitAction,,0,0,True
exp_hrl_v1,159,2,GE_4,MoveAction,,0,0,True
exp_hrl_v1,159,2,US_4,MoveAction,,0,0,True
exp_hrl_v1,159,2,GE_5,MoveAction,,0,0,True
exp_hrl_v1,159,2,US_5,MoveAction,,0,0,True
exp_hrl_v1,159,2,US_6,MoveAction,,0,0,True
exp_hrl_v1,159,3,US_7,WaitAction,,0,0,True
exp_hrl_v1,159,3,GE_1,MoveAction,,0,0,True
exp_hrl_v1,159,3,US_1,MoveAction,,0,0,True
exp_hrl_v1,159,3,GE_2,MoveAction,,0,0,True
exp_hrl_v1,159,3,US_2,MoveAction,,0,0,True
exp_hrl_v1,159,3,GE_3,MoveAction,,0,0,True
exp_hrl_v1,159,3,US_3,MoveAction,,0,0,True
exp_hrl_v1,159,3,GE_4,MoveAction,,0,0,True
exp_hrl_v1,159,3,US_4,MoveAction,,0,0,True
exp_hrl_v1,159,3,GE_5,WaitAction,,0,0,True
exp_hrl_v1,159,3,US_5,WaitAction,,0,0,True
exp_hrl_v1,159,3,US_6,MoveAction,,0,0,True
exp_hrl_v1,159,3,US_7,MoveAction,,0,0,True
exp_hrl_v1,159,4,GE_1,MoveAction,,0,0,True
exp_hrl_v1,159,4,US_1,WaitAction,,0,0,True
exp_hrl_v1,159,4,GE_2,WaitAction,,0,0,True
exp_hrl_v1,159,4,US_2,MoveAction,,0,0,True
exp_hrl_v1,159,4,GE_3,WaitAction,,0,0,True
exp_hrl_v1,159,4,US_3,MoveAction,,0,0,True
exp_hrl_v1,159,4,GE_4,MoveAction,,0,0,True
exp_hrl_v1,159,4,US_4,MoveAction,,0,0,True
exp_hrl_v1,159,4,GE_5,WaitAction,,0,0,True
exp_hrl_v1,159,4,US_5,MoveAction,,0,0,True
exp_hrl_v1,159,4,US_6,MoveAction,,0,0,True
exp_hrl_v1,159,5,US_7,WaitAction,,0,0,True
exp_hrl_v1,159,5,GE_1,WaitAction,,0,0,True
exp_hrl_v1,159,5,US_1,WaitAction,,0,0,True
exp_hrl_v1,159,5,GE_2,WaitAction,,0,0,True
exp_hrl_v1,159,5,US_2,WaitAction,,0,0,True
exp_hrl_v1,159,5,GE_3,WaitAction,,0,0,True
exp_hrl_v1,159,5,US_3,WaitAction,,0,0,True
exp_hrl_v1,159,5,GE_4,WaitAction,,0,0,True
exp_hrl_v1,159,5,US_4,MoveAction,,0,0,True
exp_hrl_v1,159,5,GE_5,WaitAction,,0,0,True
exp_hrl_v1,159,5,US_5,MoveAction,,0,0,True
exp_hrl_v1,159,5,US_6,MoveAction,,0,0,True
exp_hrl_v1,159,5,US_7,MoveAction,,0,0,True
exp_hrl_v1,159,6,GE_1,WaitAction,,0,0,True
exp_hrl_v1,159,6,US_1,MoveAction,,0,0,True
exp_hrl_v1,159,6,GE_2,WaitAction,,0,0,True
exp_hrl_v1,159,6,US_2,MoveAction,,0,0,True
exp_hrl_v1,159,6,GE_3,WaitAction,,0,0,True
exp_hrl_v1,159,6,US_3,RangedDirectAttack,,0,0,True
exp_hrl_v1,159,6,GE_4,MoveAction,,0,0,True
exp_hrl_v1,159,6,US_4,RangedDirectAttack,,0,0,True
exp_hrl_v1,159,6,GE_5,NoneType,,0,0,True
exp_hrl_v1,159,6,US_5,RangedDirectAttack,,0,0,True
exp_hrl_v1,159,6,US_6,RangedDirectAttack,,0,0,True
exp_hrl_v1,159,6,US_7,RangedDirectAttack,,0,0,True
exp_hrl_v1,159,7,GE_1,MoveAction,,0,0,True
exp_hrl_v1,159,7,US_1,RangedDirectAttack,,0,0,True
exp_hrl_v1,159,7,GE_2,NoneType,,0,0,True
exp_hrl_v1,159,7,US_2,RangedDirectAttack,,0,0,True
exp_hrl_v1,159,7,GE_3,MoveAction,,0,0,True
exp_hrl_v1,159,7,US_3,RangedDirectAttack,,0,0,True
exp_hrl_v1,159,7,GE_4,MoveAction,,0,0,True
exp_hrl_v1,159,7,US_4,RangedDirectAttack,,0,0,True
exp_hrl_v1,160,1,GE_1,MoveAction,,0,0,True
exp_hrl_v1,160,1,US_1,RangedDirectAttack,,0,0,True
exp_hrl_v1,160,1,GE_2,MoveAction,,0,0,True
exp_hrl_v1,160,1,US_2,RangedDirectAttack,,0,0,True
exp_hrl_v1,160,1,GE_3,MoveAction,,0,0,True
exp_hrl_v1,160,1,US_3,RangedDirectAttack,,0,0,True
exp_hrl_v1,160,1,GE_4,MoveAction,,0,0,True
exp_hrl_v1,160,1,US_4,RangedDirectAttack,,0,0,True
exp_hrl_v1,160,1,GE_5,NoneType,,0,0,True
exp_hrl_v1,160,1,US_5,RangedDirectAttack,,0,0,True
exp_hrl_v1,160,1,US_6,RangedDirectAttack,,0,0,True
exp_hrl_v1,160,1,US_7,RangedDirectAttack,,0,0,True
exp_hrl_v1,160,2,GE_1,MoveAction,,0,0,True
exp_hrl_v1,160,2,US_1,RangedDirectAttack,,0,0,True
exp_hrl_v1,160,2,GE_2,MoveAction,,0,0,True
exp_hrl_v1,160,2,US_2,RangedDirectAttack,,0,0,True
exp_hrl_v1,160,2,GE_3,MoveAction,,0,0,True
exp_hrl_v1,160,2,US_3,RangedDirectAttack,,0,0,True
exp_hrl_v1,160,2,GE_4,MoveAction,,0,0,True
exp_hrl_v1,160,2,US_4,MoveAction,,0,0,True
exp_hrl_v1,160,2,US_5,MoveAction,,0,0,True
exp_hrl_v1,160,2,US_6,MoveAction,,0,0,True
exp_hrl_v1,160,2,US_7,MoveAction,,0,0,True
exp_hrl_v1,160,3,GE_1,MoveAction,,0,0,True
exp_hrl_v1,160,3,US_1,MoveAction,,0,0,True
exp_hrl_v1,160,3,GE_2,MoveAction,,0,0,True
exp_hrl_v1,160,3,US_2,MoveAction,,0,0,True
exp_hrl_v1,160,3,GE_3,MoveAction,,0,0,True
exp_hrl_v1,160,3,US_3,MoveAction,,0,0,True
exp_hrl_v1,160,3,GE_4,MoveAction,,0,0,True
exp_hrl_v1,160,3,US_4,MoveAction,,0,0,True
exp_hrl_v1,160,3,US_5,MoveAction,,0,0,True
exp_hrl_v1,160,3,US_6,MoveAction,,0,0,True
exp_hrl_v1,160,3,US_7,MoveAction,,0,0,True
exp_hrl_v1,160,4,GE_1,MoveAction,,0,0,True
exp_hrl_v1,160,4,US_1,MoveAction,,0,0,True
exp_hrl_v1,160,4,GE_2,MoveAction,,0,0,True
exp_hrl_v1,160,4,US_2,MoveAction,,0,0,True
exp_hrl_v1,160,4,GE_3,MoveAction,,0,0,True
exp_hrl_v1,160,4,US_3,MoveAction,,0,0,True
exp_hrl_v1,160,4,GE_4,MoveAction,,0,0,True
exp_hrl_v1,160,4,US_4,MoveAction,,0,0,True
exp_hrl_v1,160,4,US_5,MoveAction,,0,0,True
exp_hrl_v1,160,4,US_6,RangedDirectAttack,,0,0,True
exp_hrl_v1,160,4,US_7,RangedDirectAttack,,0,0,True
exp_hrl_v1,160,5,GE_2,WaitAction,,0,0,True
exp_hrl_v1,160,5,US_1,RangedDirectAttack,,0,0,True
exp_hrl_v1,160,5,GE_3,WaitAction,,0,0,True
exp_hrl_v1,160,5,US_2,RangedDirectAttack,,0,0,True
exp_hrl_v1,160,5,GE_4,MoveAction,,0,0,True
exp_hrl_v1,160,5,US_3,RangedDirectAttack,,0,0,True
exp_hrl_v1,160,5,US_4,RangedDirectAttack,,0,0,True
exp_hrl_v1,160,5,US_5,RangedDirectAttack,,0,0,True
exp_hrl_v1,160,5,US_6,RangedDirectAttack,,0,0,True
exp_hrl_v1,160,5,US_7,RangedDirectAttack,,0,0,True
exp_hrl_v1,160,6,GE_3,MoveAction,,0,0,True
exp_hrl_v1,160,6,US_1,RangedDirectAttack,,0,0,True
exp_hrl_v1,160,6,GE_4,MoveAction,,0,0,True
exp_hrl_v1,160,6,US_2,RangedDirectAttack,,0,0,True
exp_hrl_v1,161,1,GE_1,MoveAction,,0,0,True
exp_hrl_v1,161,1,US_1,MoveAction,,0,0,True
exp_hrl_v1,161,1,GE_2,MoveAction,,0,0,True
exp_hrl_v1,161,1,US_2,MoveAction,,0,0,True
exp_hrl_v1,161,1,GE_3,MoveAction,,0,0,True
exp_hrl_v1,161,1,US_3,MoveAction,,0,0,True
exp_hrl_v1,161,1,GE_4,MoveAction,,0,0,True
exp_hrl_v1,161,1,US_4,MoveAction,,0,0,True
exp_hrl_v1,161,1,GE_5,MoveAction,,0,0,True
exp_hrl_v1,161,1,US_5,MoveAction,,0,0,True
exp_hrl_v1,161,1,US_6,MoveAction,,0,0,True
exp_hrl_v1,161,1,US_7,MoveAction,,0,0,True
exp_hrl_v1,161,2,GE_1,MoveAction,,0,0,True
exp_hrl_v1,161,2,US_1,MoveAction,,0,0,True
exp_hrl_v1,161,2,GE_2,MoveAction,,0,0,True
exp_hrl_v1,161,2,US_2,MoveAction,,0,0,True
exp_hrl_v1,161,2,GE_3,MoveAction,,0,0,True
exp_hrl_v1,161,2,US_3,MoveAction,,0,0,True
exp_hrl_v1,161,2,GE_4,MoveAction,,0,0,True
exp_hrl_v1,161,2,US_4,MoveAction,,0,0,True
exp_hrl_v1,161,2,GE_5,MoveAction,,0,0,True
exp_hrl_v1,161,2,US_5,MoveAction,,0,0,True
exp_hrl_v1,161,2,US_6,MoveAction,,0,0,True
exp_hrl_v1,161,2,US_7,MoveAction,,0,0,True
exp_hrl_v1,161,3,GE_1,MoveAction,,0,0,True
exp_hrl_v1,161,3,US_1,MoveAction,,0,0,True
exp_hrl_v1,161,3,GE_2,MoveAction,,0,0,True
exp_hrl_v1,161,3,US_2,MoveAction,,0,0,True
exp_hrl_v1,161,3,GE_3,MoveAction,,0,0,True
exp_hrl_v1,161,3,US_3,MoveAction,,0,0,True
exp_hrl_v1,161,3,GE_4,MoveAction,,0,0,True
exp_hrl_v1,161,3,US_4,MoveAction,,0,0,True
exp_hrl_v1,161,3,GE_5,MoveAction,,0,0,True
exp_hrl_v1,161,3,US_5,MoveAction,,0,0,True
exp_hrl_v1,161,3,US_6,MoveAction,,0,0,True
exp_hrl_v1,161,3,US_7,MoveAction,,0,0,True
exp_hrl_v1,161,4,GE_1,MoveAction,,0,0,True
exp_hrl_v1,161,4,US_1,WaitAction,,0,0,True
exp_hrl_v1,161,4,GE_2,WaitAction,,0,0,True
exp_hrl_v1,161,4,US_2,MoveAction,,0,0,True
exp_hrl_v1,161,4,GE_3,MoveAction,,0,0,True
exp_hrl_v1,161,4,US_3,WaitAction,,0,0,True
exp_hrl_v1,161,4,GE_4,MoveAction,,0,0,True
exp_hrl_v1,161,4,US_4,MoveAction,,0,0,True
exp_hrl_v1,161,4,GE_5,WaitAction,,0,0,True
exp_hrl_v1,161,4,US_5,WaitAction,,0,0,True
exp_hrl_v1,161,4,US_6,WaitAction,,0,0,True
exp_hrl_v1,161,5,US_7,WaitAction,,0,0,True
exp_hrl_v1,161,5,GE_1,WaitAction,,0,0,True
exp_hrl_v1,161,5,US_1,WaitAction,,0,0,True
exp_hrl_v1,161,5,GE_2,WaitAction,,0,0,True
exp_hrl_v1,161,5,US_2,WaitAction,,0,0,True
exp_hrl_v1,161,5,GE_3,WaitAction,,0,0,True
exp_hrl_v1,161,5,US_3,WaitAction,,0,0,True
exp_hrl_v1,161,5,GE_4,WaitAction,,0,0,True
exp_hrl_v1,161,5,US_4,MoveAction,,0,0,True
exp_hrl_v1,161,5,GE_5,WaitAction,,0,0,True
exp_hrl_v1,161,5,US_5,WaitAction,,0,0,True
exp_hrl_v1,161,5,US_6,WaitAction,,0,0,True
exp_hrl_v1,161,5,US_7,MoveAction,,0,0,True
exp_hrl_v1,161,6,GE_1,WaitAction,,0,0,True
exp_hrl_v1,161,6,US_1,MoveAction,,0,0,True
exp_hrl_v1,161,6,GE_2,WaitAction,,0,0,True
exp_hrl_v1,161,6,US_2,MoveAction,,0,0,True
exp_hrl_v1,161,6,GE_3,MoveAction,,0,0,True
exp_hrl_v1,161,6,US_3,MoveAction,,0,0,True
exp_hrl_v1,161,6,GE_4,MoveAction,,0,0,True
exp_hrl_v1,161,6,US_4,MoveAction,,0,0,True
exp_hrl_v1,161,6,GE_5,WaitAction,,0,0,True
exp_hrl_v1,161,6,US_5,WaitAction,,0,0,True
exp_hrl_v1,161,6,US_6,MoveAction,,0,0,True
exp_hrl_v1,161,6,US_7,MoveAction,,0,0,True
exp_hrl_v1,161,7,GE_1,MoveAction,,0,0,True
exp_hrl_v1,161,7,US_1,WaitAction,,0,0,True
exp_hrl_v1,161,7,GE_2,WaitAction,,0,0,True
exp_hrl_v1,161,7,US_2,WaitAction,,0,0,True
exp_hrl_v1,161,7,GE_3,WaitAction,,0,0,True
exp_hrl_v1,161,7,US_3,WaitAction,,0,0,True
exp_hrl_v1,161,7,GE_4,MoveAction,,0,0,True
exp_hrl_v1,161,7,US_4,RangedDirectAttack,,0,0,True
exp_hrl_v1,161,7,GE_5,NoneType,,0,0,True
exp_hrl_v1,161,7,US_5,RangedDirectAttack,,0,0,True
exp_hrl_v1,161,7,US_6,RangedDirectAttack,,0,0,True
exp_hrl_v1,161,7,US_7,RangedDirectAttack,,0,0,True
exp_hrl_v1,161,8,GE_1,MoveAction,,0,0,True
exp_hrl_v1,161,8,US_1,RangedDirectAttack,,0,0,True
exp_hrl_v1,161,8,GE_3,WaitAction,,0,0,True
exp_hrl_v1,161,8,US_2,RangedDirectAttack,,0,0,True
exp_hrl_v1,161,8,GE_4,MoveAction,,0,0,True
exp_hrl_v1,161,8,US_3,RangedDirectAttack,,0,0,True
exp_hrl_v1,161,8,US_4,RangedDirectAttack,,0,0,True
exp_hrl_v1,161,8,US_5,RangedDirectAttack,,0,0,True
exp_hrl_v1,161,8,US_6,RangedDirectAttack,,0,0,True
exp_hrl_v1,162,1,GE_1,MoveAction,,0,0,True
exp_hrl_v1,162,1,US_1,MoveAction,,0,0,True
exp_hrl_v1,162,1,GE_2,MoveAction,,0,0,True
exp_hrl_v1,162,1,US_2,MoveAction,,0,0,True
exp_hrl_v1,162,1,GE_3,MoveAction,,0,0,True
exp_hrl_v1,162,1,US_3,MoveAction,,0,0,True
exp_hrl_v1,162,1,GE_4,MoveAction,,0,0,True
exp_hrl_v1,162,1,US_4,MoveAction,,0,0,True
exp_hrl_v1,162,1,GE_5,MoveAction,,0,0,True
exp_hrl_v1,162,1,US_5,MoveAction,,0,0,True
exp_hrl_v1,162,1,US_6,MoveAction,,0,0,True
exp_hrl_v1,162,2,US_7,WaitAction,,0,0,True
exp_hrl_v1,162,2,GE_1,MoveAction,,0,0,True
exp_hrl_v1,162,2,US_1,MoveAction,,0,0,True
exp_hrl_v1,162,2,GE_2,MoveAction,,0,0,True
exp_hrl_v1,162,2,US_2,MoveAction,,0,0,True
exp_hrl_v1,162,2,GE_3,MoveAction,,0,0,True
exp_hrl_v1,162,2,US_3,WaitAction,,0,0,True
exp_hrl_v1,162,2,GE_4,MoveAction,,0,0,True
exp_hrl_v1,162,2,US_4,MoveAction,,0,0,True
exp_hrl_v1,162,2,GE_5,MoveAction,,0,0,True
exp_hrl_v1,162,2,US_5,MoveAction,,0,0,True
exp_hrl_v1,162,2,US_6,MoveAction,,0,0,True
exp_hrl_v1,162,3,US_7,WaitAction,,0,0,True
exp_hrl_v1,162,3,GE_1,MoveAction,,0,0,True
exp_hrl_v1,162,3,US_1,MoveAction,,0,0,True
exp_hrl_v1,162,3,GE_2,MoveAction,,0,0,True
exp_hrl_v1,162,3,US_2,MoveAction,,0,0,True
exp_hrl_v1,162,3,GE_3,MoveAction,,0,0,True
exp_hrl_v1,162,3,US_3,MoveAction,,0,0,True
exp_hrl_v1,162,3,GE_4,MoveAction,,0,0,True
exp_hrl_v1,162,3,US_4,MoveAction,,0,0,True
exp_hrl_v1,162,3,GE_5,WaitAction,,0,0,True
exp_hrl_v1,162,3,US_5,WaitAction,,0,0,True
exp_hrl_v1,162,3,US_6,MoveAction,,0,0,True
exp_hrl_v1,162,3,US_7,MoveAction,,0,0,True
exp_hrl_v1,162,4,GE_1,MoveAction,,0,0,True
exp_hrl_v1,162,4,US_1,MoveAction,,0,0,True
exp_hrl_v1,162,4,GE_2,MoveAction,,0,0,True
exp_hrl_v1,162,4,US_2,MoveAction,,0,0,True
exp_hrl_v1,162,4,GE_3,MoveAction,,0,0,True
exp_hrl_v1,162,4,US_3,MoveAction,,0,0,True
exp_hrl_v1,162,4,GE_4,MoveAction,,0,0,True
exp_hrl_v1,162,4,US_4,MoveAction,,0,0,True
exp_hrl_v1,162,4,GE_5,MoveAction,,0,0,True
exp_hrl_v1,162,4,US_5,MoveAction,,0,0,True
exp_hrl_v1,162,4,US_6,MoveAction,,0,0,True
exp_hrl_v1,162,4,US_7,MoveAction,,0,0,True
exp_hrl_v1,162,5,GE_1,MoveAction,,0,0,True
exp_hrl_v1,162,5,US_1,WaitAction,,0,0,True
exp_hrl_v1,162,5,GE_2,WaitAction,,0,0,True
exp_hrl_v1,162,5,US_2,WaitAction,,0,0,True
exp_hrl_v1,162,5,GE_3,WaitAction,,0,0,True
exp_hrl_v1,162,5,US_3,MoveAction,,0,0,True
exp_hrl_v1,162,5,GE_4,MoveAction,,0,0,True
exp_hrl_v1,162,5,US_4,MoveAction,,0,0,True
exp_hrl_v1,162,5,GE_5,WaitAction,,0,0,True
exp_hrl_v1,162,5,US_5,MoveAction,,0,0,True
exp_hrl_v1,162,5,US_6,MoveAction,,0,0,True
exp_hrl_v1,162,5,US_7,MoveAction,,0,0,True
exp_hrl_v1,162,6,GE_1,WaitAction,,0,0,True
exp_hrl_v1,162,6,US_1,WaitAction,,0,0,True
exp_hrl_v1,162,6,GE_2,WaitAction,,0,0,True
exp_hrl_v1,162,6,US_2,RangedDirectAttack,,0,0,True
exp_hrl_v1,162,6,GE_3,WaitAction,,0,0,True
exp_hrl_v1,162,6,US_3,RangedDirectAttack,,0,0,True
exp_hrl_v1,162,6,GE_4,WaitAction,,0,0,True
exp_hrl_v1,162,6,US_4,RangedDirectAttack,,0,0,True
exp_hrl_v1,162,6,GE_5,NoneType,,0,0,True
exp_hrl_v1,162,6,US_5,RangedDirectAttack,,0,0,True
exp_hrl_v1,162,6,US_6,RangedDirectAttack,,0,0,True
exp_hrl_v1,162,6,US_7,RangedDirectAttack,,0,0,True
exp_hrl_v1,162,7,GE_1,WaitAction,,0,0,True
exp_hrl_v1,162,7,US_1,RangedDirectAttack,,0,0,True
exp_hrl_v1,162,7,GE_2,NoneType,,0,0,True
exp_hrl_v1,162,7,US_2,RangedDirectAttack,,0,0,True
exp_hrl_v1,162,7,GE_4,MoveAction,,0,0,True
exp_hrl_v1,162,7,US_3,RangedDirectAttack,,0,0,True
exp_hrl_v1,162,7,US_4,RangedDirectAttack,,0,0,True
exp_hrl_v1,162,7,US_5,RangedDirectAttack,,0,0,True
exp_hrl_v1,162,7,US_6,RangedDirectAttack,,0,0,True
exp_hrl_v1,163,1,GE_1,MoveAction,,0,0,True
exp_hrl_v1,163,1,US_1,MoveAction,,0,0,True
exp_hrl_v1,163,1,GE_2,MoveAction,,0,0,True
exp_hrl_v1,163,1,US_2,MoveAction,,0,0,True
exp_hrl_v1,163,1,GE_3,MoveAction,,0,0,True
exp_hrl_v1,163,1,US_3,MoveAction,,0,0,True
exp_hrl_v1,163,1,GE_4,MoveAction,,0,0,True
exp_hrl_v1,163,1,US_4,MoveAction,,0,0,True
exp_hrl_v1,163,1,GE_5,MoveAction,,0,0,True
exp_hrl_v1,163,1,US_5,MoveAction,,0,0,True
exp_hrl_v1,163,1,US_6,MoveAction,,0,0,True
exp_hrl_v1,163,1,US_7,MoveAction,,0,0,True
exp_hrl_v1,163,2,GE_1,MoveAction,,0,0,True
exp_hrl_v1,163,2,US_1,MoveAction,,0,0,True
exp_hrl_v1,163,2,GE_2,MoveAction,,0,0,True
exp_hrl_v1,163,2,US_2,MoveAction,,0,0,True
exp_hrl_v1,163,2,GE_3,MoveAction,,0,0,True
exp_hrl_v1,163,2,US_3,MoveAction,,0,0,True
exp_hrl_v1,163,2,GE_4,MoveAction,,0,0,True
exp_hrl_v1,163,2,US_4,MoveAction,,0,0,True
exp_hrl_v1,163,2,GE_5,MoveAction,,0,0,True
exp_hrl_v1,163,2,US_5,MoveAction,,0,0,True
exp_hrl_v1,163,2,US_6,MoveAction,,0,0,True
exp_hrl_v1,163,2,US_7,MoveAction,,0,0,True
exp_hrl_v1,163,3,GE_1,MoveAction,,0,0,True
exp_hrl_v1,163,3,US_1,MoveAction,,0,0,True
exp_hrl_v1,163,3,GE_2,MoveAction,,0,0,True
exp_hrl_v1,163,3,US_2,MoveAction,,0,0,True
exp_hrl_v1,163,3,GE_3,MoveAction,,0,0,True
exp_hrl_v1,163,3,US_3,MoveAction,,0,0,True
exp_hrl_v1,163,3,GE_4,MoveAction,,0,0,True
exp_hrl_v1,163,3,US_4,MoveAction,,0,0,True
exp_hrl_v1,163,3,GE_5,MoveAction,,0,0,True
exp_hrl_v1,163,3,US_5,MoveAction,,0,0,True
exp_hrl_v1,163,3,US_6,MoveAction,,0,0,True
exp_hrl_v1,163,3,US_7,MoveAction,,0,0,True
exp_hrl_v1,163,4,GE_1,MoveAction,,0,0,True
exp_hrl_v1,163,4,US_1,WaitAction,,0,0,True
exp_hrl_v1,163,4,GE_2,WaitAction,,0,0,True
exp_hrl_v1,163,4,US_2,MoveAction,,0,0,True
exp_hrl_v1,163,4,GE_3,MoveAction,,0,0,True
exp_hrl_v1,163,4,US_3,WaitAction,,0,0,True
exp_hrl_v1,163,4,GE_4,MoveAction,,0,0,True
exp_hrl_v1,163,4,US_4,MoveAction,,0,0,True
exp_hrl_v1,163,4,GE_5,WaitAction,,0,0,True
exp_hrl_v1,163,4,US_5,WaitAction,,0,0,True
exp_hrl_v1,163,4,US_6,MoveAction,,0,0,True
exp_hrl_v1,163,5,US_7,WaitAction,,0,0,True
exp_hrl_v1,163,5,GE_1,WaitAction,,0,0,True
exp_hrl_v1,163,5,US_1,WaitAction,,0,0,True
exp_hrl_v1,163,5,GE_2,WaitAction,,0,0,True
exp_hrl_v1,163,5,US_2,WaitAction,,0,0,True
exp_hrl_v1,163,5,GE_3,WaitAction,,0,0,True
exp_hrl_v1,163,5,US_3,WaitAction,,0,0,True
exp_hrl_v1,163,5,GE_4,WaitAction,,0,0,True
exp_hrl_v1,163,5,US_4,WaitAction,,0,0,True
exp_hrl_v1,163,5,GE_5,WaitAction,,0,0,True
exp_hrl_v1,163,5,US_5,WaitAction,,0,0,True
exp_hrl_v1,163,5,US_6,MoveAction,,0,0,True
exp_hrl_v1,163,6,US_7,WaitAction,,0,0,True
exp_hrl_v1,163,6,GE_1,WaitAction,,0,0,True
exp_hrl_v1,163,6,US_1,WaitAction,,0,0,True
exp_hrl_v1,163,6,GE_2,WaitAction,,0,0,True
exp_hrl_v1,163,6,US_2,WaitAction,,0,0,True
exp_hrl_v1,163,6,GE_3,WaitAction,,0,0,True
exp_hrl_v1,163,6,US_3,WaitAction,,0,0,True
exp_hrl_v1,163,6,GE_4,WaitAction,,0,0,True
exp_hrl_v1,163,6,US_4,WaitAction,,0,0,True
exp_hrl_v1,163,6,GE_5,WaitAction,,0,0,True
exp_hrl_v1,163,6,US_5,WaitAction,,0,0,True
exp_hrl_v1,163,6,US_6,MoveAction,,0,0,True
exp_hrl_v1,163,6,US_7,MoveAction,,0,0,True
exp_hrl_v1,163,7,GE_1,WaitAction,,0,0,True
exp_hrl_v1,163,7,US_1,MoveAction,,0,0,True
exp_hrl_v1,163,7,GE_2,WaitAction,,0,0,True
exp_hrl_v1,163,7,US_2,MoveAction,,0,0,True
exp_hrl_v1,163,7,GE_3,MoveAction,,0,0,True
exp_hrl_v1,163,7,US_3,MoveAction,,0,0,True
exp_hrl_v1,163,7,GE_4,MoveAction,,0,0,True
exp_hrl_v1,163,7,US_4,RangedDirectAttack,,0,0,True
exp_hrl_v1,163,7,GE_5,NoneType,,0,0,True
exp_hrl_v1,163,7,US_5,RangedDirectAttack,,0,0,True
exp_hrl_v1,163,7,US_6,RangedDirectAttack,,0,0,True
exp_hrl_v1,163,7,US_7,RangedDirectAttack,,0,0,True
exp_hrl_v1,163,8,GE_1,MoveAction,,0,0,True
exp_hrl_v1,163,8,US_1,RangedDirectAttack,,0,0,True
exp_hrl_v1,163,8,GE_2,MoveAction,,0,0,True
exp_hrl_v1,163,8,US_2,RangedDirectAttack,,0,0,True
exp_hrl_v1,163,8,GE_4,MoveAction,,0,0,True
exp_hrl_v1,163,8,US_3,RangedDirectAttack,,0,0,True
exp_hrl_v1,163,8,US_4,RangedDirectAttack,,0,0,True
exp_hrl_v1,164,1,GE_1,MoveAction,,0,0,True
exp_hrl_v1,164,1,US_1,MoveAction,,0,0,True
exp_hrl_v1,164,1,GE_2,MoveAction,,0,0,True
exp_hrl_v1,164,1,US_2,MoveAction,,0,0,True
exp_hrl_v1,164,1,GE_3,MoveAction,,0,0,True
exp_hrl_v1,164,1,US_3,MoveAction,,0,0,True
exp_hrl_v1,164,1,GE_4,MoveAction,,0,0,True
exp_hrl_v1,164,1,US_4,MoveAction,,0,0,True
exp_hrl_v1,164,1,GE_5,MoveAction,,0,0,True
exp_hrl_v1,164,1,US_5,MoveAction,,0,0,True
exp_hrl_v1,164,1,US_6,MoveAction,,0,0,True
exp_hrl_v1,164,1,US_7,MoveAction,,0,0,True
exp_hrl_v1,164,2,GE_1,MoveAction,,0,0,True
exp_hrl_v1,164,2,US_1,MoveAction,,0,0,True
exp_hrl_v1,164,2,GE_2,MoveAction,,0,0,True
exp_hrl_v1,164,2,US_2,MoveAction,,0,0,True
exp_hrl_v1,164,2,GE_3,MoveAction,,0,0,True
exp_hrl_v1,164,2,US_3,WaitAction,,0,0,True
exp_hrl_v1,164,2,GE_4,MoveAction,,0,0,True
exp_hrl_v1,164,2,US_4,MoveAction,,0,0,True
exp_hrl_v1,164,2,GE_5,MoveAction,,0,0,True
exp_hrl_v1,164,2,US_5,MoveAction,,0,0,True
exp_hrl_v1,164,2,US_6,MoveAction,,0,0,True
exp_hrl_v1,164,3,US_7,WaitAction,,0,0,True
exp_hrl_v1,164,3,GE_1,MoveAction,,0,0,True
exp_hrl_v1,164,3,US_1,MoveAction,,0,0,True
exp_hrl_v1,164,3,GE_2,MoveAction,,0,0,True
exp_hrl_v1,164,3,US_2,MoveAction,,0,0,True
exp_hrl_v1,164,3,GE_3,MoveAction,,0,0,True
exp_hrl_v1,164,3,US_3,MoveAction,,0,0,True
exp_hrl_v1,164,3,GE_4,MoveAction,,0,0,True
exp_hrl_v1,164,3,US_4,MoveAction,,0,0,True
exp_hrl_v1,164,3,GE_5,WaitAction,,0,0,True
exp_hrl_v1,164,3,US_5,WaitAction,,0,0,True
exp_hrl_v1,164,3,US_6,MoveAction,,0,0,True
exp_hrl_v1,164,3,US_7,MoveAction,,0,0,True
exp_hrl_v1,164,4,GE_1,MoveAction,,0,0,True
exp_hrl_v1,164,4,US_1,WaitAction,,0,0,True
exp_hrl_v1,164,4,GE_2,WaitAction,,0,0,True
exp_hrl_v1,164,4,US_2,MoveAction,,0,0,True
exp_hrl_v1,164,4,GE_3,WaitAction,,0,0,True
exp_hrl_v1,164,4,US_3,MoveAction,,0,0,True
exp_hrl_v1,164,4,GE_4,MoveAction,,0,0,True
exp_hrl_v1,164,4,US_4,RangedDirectAttack,,0,0,True
exp_hrl_v1,164,4,GE_5,WaitAction,,0,0,True
exp_hrl_v1,164,4,US_5,RangedDirectAttack,,0,0,True
exp_hrl_v1,164,4,US_6,RangedDirectAttack,,0,0,True
exp_hrl_v1,164,4,US_7,RangedDirectAttack,,0,0,True
exp_hrl_v1,164,5,GE_1,WaitAction,,0,0,True
exp_hrl_v1,164,5,US_1,RangedDirectAttack,,0,0,True
exp_hrl_v1,164,5,GE_2,NoneType,,0,0,True
exp_hrl_v1,164,5,US_2,RangedDirectAttack,,0,0,True
exp_hrl_v1,164,5,GE_3,MoveAction,,0,0,True
exp_hrl_v1,164,5,US_3,RangedDirectAttack,,0,0,True
exp_hrl_v1,164,5,GE_4,MoveAction,,0,0,True
exp_hrl_v1,164,5,US_4,RangedDirectAttack,,0,0,True
exp_hrl_v1,165,1,GE_1,MoveAction,,0,0,True
exp_hrl_v1,165,1,US_1,MoveAction,,0,0,True
exp_hrl_v1,165,1,GE_2,MoveAction,,0,0,True
exp_hrl_v1,165,1,US_2,MoveAction,,0,0,True
exp_hrl_v1,165,1,GE_3,MoveAction,,0,0,True
exp_hrl_v1,165,1,US_3,MoveAction,,0,0,True
exp_hrl_v1,165,1,GE_4,MoveAction,,0,0,True
exp_hrl_v1,165,1,US_4,MoveAction,,0,0,True
exp_hrl_v1,165,1,GE_5,MoveAction,,0,0,True
exp_hrl_v1,165,1,US_5,MoveAction,,0,0,True
exp_hrl_v1,165,1,US_6,MoveAction,,0,0,True
exp_hrl_v1,165,1,US_7,MoveAction,,0,0,True
exp_hrl_v1,165,2,GE_1,MoveAction,,0,0,True
exp_hrl_v1,165,2,US_1,MoveAction,,0,0,True
exp_hrl_v1,165,2,GE_2,MoveAction,,0,0,True
exp_hrl_v1,165,2,US_2,MoveAction,,0,0,True
exp_hrl_v1,165,2,GE_3,MoveAction,,0,0,True
exp_hrl_v1,165,2,US_3,WaitAction,,0,0,True
exp_hrl_v1,165,2,GE_4,MoveAction,,0,0,True
exp_hrl_v1,165,2,US_4,MoveAction,,0,0,True
exp_hrl_v1,165,2,GE_5,MoveAction,,0,0,True
exp_hrl_v1,165,2,US_5,MoveAction,,0,0,True
exp_hrl_v1,165,2,US_6,MoveAction,,0,0,True
exp_hrl_v1,165,3,US_7,WaitAction,,0,0,True
exp_hrl_v1,165,3,GE_1,MoveAction,,0,0,True
exp_hrl_v1,165,3,US_1,MoveAction,,0,0,True
exp_hrl_v1,165,3,GE_2,MoveAction,,0,0,True
exp_hrl_v1,165,3,US_2,MoveAction,,0,0,True
exp_hrl_v1,165,3,GE_3,MoveAction,,0,0,True
exp_hrl_v1,165,3,US_3,MoveAction,,0,0,True
exp_hrl_v1,165,3,GE_4,MoveAction,,0,0,True
exp_hrl_v1,165,3,US_4,MoveAction,,0,0,True
exp_hrl_v1,165,3,GE_5,WaitAction,,0,0,True
exp_hrl_v1,165,3,US_5,WaitAction,,0,0,True
exp_hrl_v1,165,3,US_6,MoveAction,,0,0,True
exp_hrl_v1,165,3,US_7,MoveAction,,0,0,True
exp_hrl_v1,165,4,GE_1,MoveAction,,0,0,True
exp_hrl_v1,165,4,US_1,WaitAction,,0,0,True
exp_hrl_v1,165,4,GE_2,WaitAction,,0,0,True
exp_hrl_v1,165,4,US_2,MoveAction,,0,0,True
exp_hrl_v1,165,4,GE_3,WaitAction,,0,0,True
exp_hrl_v1,165,4,US_3,MoveAction,,0,0,True
exp_hrl_v1,165,4,GE_4,MoveAction,,0,0,True
exp_hrl_v1,165,4,US_4,MoveAction,,0,0,True
exp_hrl_v1,165,4,GE_5,WaitAction,,0,0,True
exp_hrl_v1,165,4,US_5,WaitAction,,0,0,True
exp_hrl_v1,165,4,US_6,MoveAction,,0,0,True
exp_hrl_v1,165,5,US_7,WaitAction,,0,0,True
exp_hrl_v1,165,5,GE_1,WaitAction,,0,0,True
exp_hrl_v1,165,5,US_1,WaitAction,,0,0,True
exp_hrl_v1,165,5,GE_2,WaitAction,,0,0,True
exp_hrl_v1,165,5,US_2,WaitAction,,0,0,True
exp_hrl_v1,165,5,GE_3,WaitAction,,0,0,True
exp_hrl_v1,165,5,US_3,WaitAction,,0,0,True
exp_hrl_v1,165,5,GE_4,WaitAction,,0,0,True
exp_hrl_v1,165,5,US_4,MoveAction,,0,0,True
exp_hrl_v1,165,5,GE_5,WaitAction,,0,0,True
exp_hrl_v1,165,5,US_5,WaitAction,,0,0,True
exp_hrl_v1,165,5,US_6,MoveAction,,0,0,True
exp_hrl_v1,165,6,US_7,WaitAction,,0,0,True
exp_hrl_v1,165,6,GE_1,WaitAction,,0,0,True
exp_hrl_v1,165,6,US_1,WaitAction,,0,0,True
exp_hrl_v1,165,6,GE_2,WaitAction,,0,0,True
exp_hrl_v1,165,6,US_2,RangedDirectAttack,,0,0,True
exp_hrl_v1,165,6,GE_3,WaitAction,,0,0,True
exp_hrl_v1,165,6,US_3,RangedDirectAttack,,0,0,True
exp_hrl_v1,165,6,GE_4,WaitAction,,0,0,True
exp_hrl_v1,165,6,US_4,RangedDirectAttack,,0,0,True
exp_hrl_v1,165,6,GE_5,NoneType,,0,0,True
exp_hrl_v1,165,6,US_5,RangedDirectAttack,,0,0,True
exp_hrl_v1,165,6,US_6,RangedDirectAttack,,0,0,True
exp_hrl_v1,165,6,US_7,RangedDirectAttack,,0,0,True
exp_hrl_v1,165,7,GE_1,WaitAction,,0,0,True
exp_hrl_v1,165,7,US_1,RangedDirectAttack,,0,0,True
exp_hrl_v1,165,7,GE_3,MoveAction,,0,0,True
exp_hrl_v1,165,7,US_2,RangedDirectAttack,,0,0,True
exp_hrl_v1,165,7,GE_4,MoveAction,,0,0,True
exp_hrl_v1,165,7,US_3,RangedDirectAttack,,0,0,True
exp_hrl_v1,165,7,US_4,RangedDirectAttack,,0,0,True
exp_hrl_v1,166,1,GE_1,MoveAction,,0,0,True
exp_hrl_v1,166,1,US_1,MoveAction,,0,0,True
exp_hrl_v1,166,1,GE_2,MoveAction,,0,0,True
exp_hrl_v1,166,1,US_2,MoveAction,,0,0,True
exp_hrl_v1,166,1,GE_3,MoveAction,,0,0,True
exp_hrl_v1,166,1,US_3,MoveAction,,0,0,True
exp_hrl_v1,166,1,GE_4,MoveAction,,0,0,True
exp_hrl_v1,166,1,US_4,MoveAction,,0,0,True
exp_hrl_v1,166,1,GE_5,MoveAction,,0,0,True
exp_hrl_v1,166,1,US_5,MoveAction,,0,0,True
exp_hrl_v1,166,1,US_6,MoveAction,,0,0,True
exp_hrl_v1,166,1,US_7,RangedIndirectAttack,,0,0,True
exp_hrl_v1,166,2,GE_1,MoveAction,,0,0,True
exp_hrl_v1,166,2,US_1,RangedIndirectAttack,,0,0,True
exp_hrl_v1,166,2,GE_2,MoveAction,,0,0,True
exp_hrl_v1,166,2,US_2,RangedIndirectAttack,,0,0,True
exp_hrl_v1,166,2,GE_3,MoveAction,,0,0,True
exp_hrl_v1,166,2,US_3,RangedIndirectAttack,,0,0,True
exp_hrl_v1,166,2,GE_4,MoveAction,,0,0,True
exp_hrl_v1,166,2,US_4,RangedIndirectAttack,,0,0,True
exp_hrl_v1,166,2,GE_5,NoneType,,0,0,True
exp_hrl_v1,166,2,US_5,RangedIndirectAttack,,0,0,True
exp_hrl_v1,166,2,US_6,RangedIndirectAttack,,0,0,True
exp_hrl_v1,166,2,US_7,RangedIndirectAttack,,0,0,True
exp_hrl_v1,166,3,GE_3,MoveAction,,0,0,True
exp_hrl_v1,166,3,US_1,RangedIndirectAttack,,0,0,True
exp_hrl_v1,166,3,GE_4,MoveAction,,0,0,True
exp_hrl_v1,166,3,US_2,RangedIndirectAttack,,0,0,True
exp_hrl_v1,166,3,US_3,MoveAction,,0,0,True
exp_hrl_v1,166,3,US_4,MoveAction,,0,0,True
exp_hrl_v1,166,3,US_5,MoveAction,,0,0,True
exp_hrl_v1,166,3,US_6,MoveAction,,0,0,True
exp_hrl_v1,166,4,US_7,WaitAction,,0,0,True
exp_hrl_v1,166,4,GE_4,MoveAction,,0,0,True
exp_hrl_v1,166,4,US_1,MoveAction,,0,0,True
exp_hrl_v1,166,4,US_2,MoveAction,,0,0,True
exp_hrl_v1,166,4,US_3,MoveAction,,0,0,True
exp_hrl_v1,166,4,US_4,MoveAction,,0,0,True
exp_hrl_v1,166,4,US_5,MoveAction,,0,0,True
exp_hrl_v1,166,4,US_6,MoveAction,,0,0,True
exp_hrl_v1,166,4,US_7,MoveAction,,0,0,True
exp_hrl_v1,166,5,GE_4,MoveAction,,0,0,True
exp_hrl_v1,166,5,US_1,MoveAction,,0,0,True
exp_hrl_v1,166,5,US_2,MoveAction,,0,0,True
exp_hrl_v1,166,5,US_3,MoveAction,,0,0,True
exp_hrl_v1,166,5,US_4,MoveAction,,0,0,True
exp_hrl_v1,166,5,US_5,MoveAction,,0,0,True
exp_hrl_v1,166,5,US_6,MoveAction,,0,0,True
exp_hrl_v1,166,5,US_7,MoveAction,,0,0,True
exp_hrl_v1,166,6,GE_4,MoveAction,,0,0,True
exp_hrl_v1,166,6,US_1,WaitAction,,0,0,True
exp_hrl_v1,166,6,US_2,MoveAction,,0,0,True
exp_hrl_v1,166,6,US_3,MoveAction,,0,0,True
exp_hrl_v1,166,6,US_4,MoveAction,,0,0,True
exp_hrl_v1,166,6,US_5,WaitAction,,0,0,True
exp_hrl_v1,166,6,US_6,MoveAction,,0,0,True
exp_hrl_v1,166,6,US_7,MoveAction,,0,0,True
exp_hrl_v1,166,7,GE_4,WaitAction,,0,0,True
exp_hrl_v1,166,7,US_1,WaitAction,,0,0,True
exp_hrl_v1,166,7,US_2,MoveAction,,0,0,True
exp_hrl_v1,166,7,US_3,MoveAction,,0,0,True
exp_hrl_v1,166,7,US_4,MoveAction,,0,0,True
exp_hrl_v1,166,7,US_5,WaitAction,,0,0,True
exp_hrl_v1,166,7,US_6,MoveAction,,0,0,True
exp_hrl_v1,166,7,US_7,MoveAction,,0,0,True
exp_hrl_v1,166,8,GE_4,WaitAction,,0,0,True
exp_hrl_v1,166,8,US_1,WaitAction,,0,0,True
exp_hrl_v1,166,8,US_2,WaitAction,,0,0,True
exp_hrl_v1,166,8,US_3,MoveAction,,0,0,True
exp_hrl_v1,166,8,US_4,MoveAction,,0,0,True
exp_hrl_v1,166,8,US_5,WaitAction,,0,0,True
exp_hrl_v1,166,8,US_6,WaitAction,,0,0,True
exp_hrl_v1,166,8,US_7,MoveAction,,0,0,True
exp_hrl_v1,166,9,GE_4,WaitAction,,0,0,True
exp_hrl_v1,166,9,US_1,WaitAction,,0,0,True
exp_hrl_v1,166,9,US_2,WaitAction,,0,0,True
exp_hrl_v1,166,9,US_3,MoveAction,,0,0,True
exp_hrl_v1,166,9,US_4,MoveAction,,0,0,True
exp_hrl_v1,166,9,US_5,MoveAction,,0,0,True
exp_hrl_v1,166,9,US_6,MoveAction,,0,0,True
exp_hrl_v1,166,9,US_7,MoveAction,,0,0,True
exp_hrl_v1,166,10,GE_4,WaitAction,,0,0,True
exp_hrl_v1,166,10,US_1,WaitAction,,0,0,True
exp_hrl_v1,166,10,US_2,WaitAction,,0,0,True
exp_hrl_v1,166,10,US_3,MoveAction,,0,0,True
exp_hrl_v1,166,10,US_4,MoveAction,,0,0,True
exp_hrl_v1,166,10,US_5,MoveAction,,0,0,True
exp_hrl_v1,166,10,US_6,WaitAction,,0,0,True
exp_hrl_v1,166,10,US_7,RangedDirectAttack,,0,0,True
exp_hrl_v1,166,11,GE_4,WaitAction,,0,0,True
exp_hrl_v1,166,11,US_1,RangedDirectAttack,,0,0,True
exp_hrl_v1,167,1,GE_1,MoveAction,,0,0,True
exp_hrl_v1,167,1,US_1,MoveAction,,0,0,True
exp_hrl_v1,167,1,GE_2,MoveAction,,0,0,True
exp_hrl_v1,167,1,US_2,MoveAction,,0,0,True
exp_hrl_v1,167,1,GE_3,MoveAction,,0,0,True
exp_hrl_v1,167,1,US_3,MoveAction,,0,0,True
exp_hrl_v1,167,1,GE_4,MoveAction,,0,0,True
exp_hrl_v1,167,1,US_4,MoveAction,,0,0,True
exp_hrl_v1,167,1,GE_5,MoveAction,,0,0,True
exp_hrl_v1,167,1,US_5,MoveAction,,0,0,True
exp_hrl_v1,167,1,US_6,MoveAction,,0,0,True
exp_hrl_v1,167,1,US_7,RangedDirectAttack,,0,0,True
exp_hrl_v1,167,2,GE_1,MoveAction,,0,0,True
exp_hrl_v1,167,2,US_1,RangedDirectAttack,,0,0,True
exp_hrl_v1,167,2,GE_2,MoveAction,,0,0,True
exp_hrl_v1,167,2,US_2,RangedDirectAttack,,0,0,True
exp_hrl_v1,167,2,GE_3,MoveAction,,0,0,True
exp_hrl_v1,167,2,US_3,RangedDirectAttack,,0,0,True
exp_hrl_v1,167,2,GE_4,MoveAction,,0,0,True
exp_hrl_v1,167,2,US_4,RangedDirectAttack,,0,0,True
exp_hrl_v1,167,2,GE_5,NoneType,,0,0,True
exp_hrl_v1,167,2,US_5,RangedDirectAttack,,0,0,True
exp_hrl_v1,167,2,US_6,RangedDirectAttack,,0,0,True
exp_hrl_v1,167,2,US_7,RangedDirectAttack,,0,0,True
exp_hrl_v1,167,3,GE_2,MoveAction,,0,0,True
exp_hrl_v1,167,3,US_1,RangedDirectAttack,,0,0,True
exp_hrl_v1,167,3,GE_3,MoveAction,,0,0,True
exp_hrl_v1,167,3,US_2,RangedDirectAttack,,0,0,True
exp_hrl_v1,167,3,GE_4,MoveAction,,0,0,True
exp_hrl_v1,167,3,US_3,MoveAction,,0,0,True
exp_hrl_v1,167,3,US_4,MoveAction,,0,0,True
exp_hrl_v1,167,3,US_5,MoveAction,,0,0,True
exp_hrl_v1,167,3,US_6,MoveAction,,0,0,True
exp_hrl_v1,167,4,US_7,WaitAction,,0,0,True
exp_hrl_v1,167,4,GE_3,MoveAction,,0,0,True
exp_hrl_v1,167,4,US_1,MoveAction,,0,0,True
exp_hrl_v1,167,4,GE_4,MoveAction,,0,0,True
exp_hrl_v1,167,4,US_2,RangedDirectAttack,,0,0,True
exp_hrl_v1,167,4,US_3,RangedDirectAttack,,0,0,True
exp_hrl_v1,167,4,US_4,RangedDirectAttack,,0,0,True
exp_hrl_v1,167,4,US_5,RangedDirectAttack,,0,0,True
exp_hrl_v1,167,4,US_6,RangedDirectAttack,,0,0,True
exp_hrl_v1,167,4,US_7,RangedDirectAttack,,0,0,True
exp_hrl_v1,167,5,GE_4,MoveAction,,0,0,True
exp_hrl_v1,167,5,US_1,RangedDirectAttack,,0,0,True
exp_hrl_v1,168,1,GE_1,MoveAction,,0,0,True
exp_hrl_v1,168,1,US_1,MoveAction,,0,0,True
exp_hrl_v1,168,1,GE_2,MoveAction,,0,0,True
exp_hrl_v1,168,1,US_2,MoveAction,,0,0,True
exp_hrl_v1,168,1,GE_3,MoveAction,,0,0,True
exp_hrl_v1,168,1,US_3,MoveAction,,0,0,True
exp_hrl_v1,168,1,GE_4,MoveAction,,0,0,True
exp_hrl_v1,168,1,US_4,MoveAction,,0,0,True
exp_hrl_v1,168,1,GE_5,MoveAction,,0,0,True
exp_hrl_v1,168,1,US_5,MoveAction,,0,0,True
exp_hrl_v1,168,1,US_6,MoveAction,,0,0,True
exp_hrl_v1,168,1,US_7,MoveAction,,0,0,True
exp_hrl_v1,168,2,GE_1,MoveAction,,0,0,True
exp_hrl_v1,168,2,US_1,MoveAction,,0,0,True
exp_hrl_v1,168,2,GE_2,MoveAction,,0,0,True
exp_hrl_v1,168,2,US_2,MoveAction,,0,0,True
exp_hrl_v1,168,2,GE_3,MoveAction,,0,0,True
exp_hrl_v1,168,2,US_3,MoveAction,,0,0,True
exp_hrl_v1,168,2,GE_4,MoveAction,,0,0,True
exp_hrl_v1,168,2,US_4,MoveAction,,0,0,True
exp_hrl_v1,168,2,GE_5,MoveAction,,0,0,True
exp_hrl_v1,168,2,US_5,MoveAction,,0,0,True
exp_hrl_v1,168,2,US_6,MoveAction,,0,0,True
exp_hrl_v1,168,3,US_7,WaitAction,,0,0,True
exp_hrl_v1,168,3,GE_1,MoveAction,,0,0,True
exp_hrl_v1,168,3,US_1,MoveAction,,0,0,True
exp_hrl_v1,168,3,GE_2,MoveAction,,0,0,True
exp_hrl_v1,168,3,US_2,MoveAction,,0,0,True
exp_hrl_v1,168,3,GE_3,MoveAction,,0,0,True
exp_hrl_v1,168,3,US_3,MoveAction,,0,0,True
exp_hrl_v1,168,3,GE_4,MoveAction,,0,0,True
exp_hrl_v1,168,3,US_4,MoveAction,,0,0,True
exp_hrl_v1,168,3,GE_5,WaitAction,,0,0,True
exp_hrl_v1,168,3,US_5,WaitAction,,0,0,True
exp_hrl_v1,168,3,US_6,MoveAction,,0,0,True
exp_hrl_v1,168,3,US_7,MoveAction,,0,0,True
exp_hrl_v1,168,4,GE_1,MoveAction,,0,0,True
exp_hrl_v1,168,4,US_1,WaitAction,,0,0,True
exp_hrl_v1,168,4,GE_2,WaitAction,,0,0,True
exp_hrl_v1,168,4,US_2,MoveAction,,0,0,True
exp_hrl_v1,168,4,GE_3,WaitAction,,0,0,True
exp_hrl_v1,168,4,US_3,MoveAction,,0,0,True
exp_hrl_v1,168,4,GE_4,MoveAction,,0,0,True
exp_hrl_v1,168,4,US_4,MoveAction,,0,0,True
exp_hrl_v1,168,4,GE_5,WaitAction,,0,0,True
exp_hrl_v1,168,4,US_5,MoveAction,,0,0,True
exp_hrl_v1,168,4,US_6,MoveAction,,0,0,True
exp_hrl_v1,168,4,US_7,MoveAction,,0,0,True
exp_hrl_v1,168,5,GE_1,WaitAction,,0,0,True
exp_hrl_v1,168,5,US_1,RangedDirectAttack,,0,0,True
exp_hrl_v1,168,5,GE_2,WaitAction,,0,0,True
exp_hrl_v1,168,5,US_2,RangedDirectAttack,,0,0,True
exp_hrl_v1,168,5,GE_3,WaitAction,,0,0,True
exp_hrl_v1,168,5,US_3,RangedDirectAttack,,0,0,True
exp_hrl_v1,168,5,GE_4,WaitAction,,0,0,True
exp_hrl_v1,168,5,US_4,RangedDirectAttack,,0,0,True
exp_hrl_v1,168,5,GE_5,NoneType,,0,0,True
exp_hrl_v1,168,5,US_5,RangedDirectAttack,,0,0,True
exp_hrl_v1,168,5,US_6,RangedDirectAttack,,0,0,True
exp_hrl_v1,168,5,US_7,RangedDirectAttack,,0,0,True
exp_hrl_v1,168,6,GE_4,MoveAction,,0,0,True
exp_hrl_v1,168,6,US_1,RangedDirectAttack,,0,0,True
exp_hrl_v1,168,6,US_2,RangedDirectAttack,,0,0,True
exp_hrl_v1,169,1,GE_1,MoveAction,,0,0,True
exp_hrl_v1,169,1,US_1,MoveAction,,0,0,True
exp_hrl_v1,169,1,GE_2,MoveAction,,0,0,True
exp_hrl_v1,169,1,US_2,MoveAction,,0,0,True
exp_hrl_v1,169,1,GE_3,MoveAction,,0,0,True
exp_hrl_v1,169,1,US_3,MoveAction,,0,0,True
exp_hrl_v1,169,1,GE_4,MoveAction,,0,0,True
exp_hrl_v1,169,1,US_4,MoveAction,,0,0,True
exp_hrl_v1,169,1,GE_5,MoveAction,,0,0,True
exp_hrl_v1,169,1,US_5,MoveAction,,0,0,True
exp_hrl_v1,169,1,US_6,MoveAction,,0,0,True
exp_hrl_v1,169,1,US_7,MoveAction,,0,0,True
exp_hrl_v1,169,2,GE_1,MoveAction,,0,0,True
exp_hrl_v1,169,2,US_1,MoveAction,,0,0,True
exp_hrl_v1,169,2,GE_2,MoveAction,,0,0,True
exp_hrl_v1,169,2,US_2,MoveAction,,0,0,True
exp_hrl_v1,169,2,GE_3,MoveAction,,0,0,True
exp_hrl_v1,169,2,US_3,WaitAction,,0,0,True
exp_hrl_v1,169,2,GE_4,MoveAction,,0,0,True
exp_hrl_v1,169,2,US_4,MoveAction,,0,0,True
exp_hrl_v1,169,2,GE_5,MoveAction,,0,0,True
exp_hrl_v1,169,2,US_5,MoveAction,,0,0,True
exp_hrl_v1,169,2,US_6,MoveAction,,0,0,True
exp_hrl_v1,169,3,US_7,WaitAction,,0,0,True
exp_hrl_v1,169,3,GE_1,MoveAction,,0,0,True
exp_hrl_v1,169,3,US_1,MoveAction,,0,0,True
exp_hrl_v1,169,3,GE_2,MoveAction,,0,0,True
exp_hrl_v1,169,3,US_2,MoveAction,,0,0,True
exp_hrl_v1,169,3,GE_3,MoveAction,,0,0,True
exp_hrl_v1,169,3,US_3,MoveAction,,0,0,True
exp_hrl_v1,169,3,GE_4,MoveAction,,0,0,True
exp_hrl_v1,169,3,US_4,MoveAction,,0,0,True
exp_hrl_v1,169,3,GE_5,WaitAction,,0,0,True
exp_hrl_v1,169,3,US_5,MoveAction,,0,0,True
exp_hrl_v1,169,3,US_6,MoveAction,,0,0,True
exp_hrl_v1,169,3,US_7,MoveAction,,0,0,True
exp_hrl_v1,169,4,GE_1,MoveAction,,0,0,True
exp_hrl_v1,169,4,US_1,MoveAction,,0,0,True
exp_hrl_v1,169,4,GE_2,MoveAction,,0,0,True
exp_hrl_v1,169,4,US_2,MoveAction,,0,0,True
exp_hrl_v1,169,4,GE_3,MoveAction,,0,0,True
exp_hrl_v1,169,4,US_3,MoveAction,,0,0,True
exp_hrl_v1,169,4,GE_4,MoveAction,,0,0,True
exp_hrl_v1,169,4,US_4,MoveAction,,0,0,True
exp_hrl_v1,169,4,GE_5,MoveAction,,0,0,True
exp_hrl_v1,169,4,US_5,MoveAction,,0,0,True
exp_hrl_v1,169,4,US_6,MoveAction,,0,0,True
exp_hrl_v1,169,4,US_7,MoveAction,,0,0,True
exp_hrl_v1,169,5,GE_1,MoveAction,,0,0,True
exp_hrl_v1,169,5,US_1,RangedDirectAttack,,0,0,True
exp_hrl_v1,169,5,GE_2,WaitAction,,0,0,True
exp_hrl_v1,169,5,US_2,RangedDirectAttack,,0,0,True
exp_hrl_v1,169,5,GE_3,WaitAction,,0,0,True
exp_hrl_v1,169,5,US_3,RangedDirectAttack,,0,0,True
exp_hrl_v1,169,5,GE_4,MoveAction,,0,0,True
exp_hrl_v1,169,5,US_4,RangedDirectAttack,,0,0,True
exp_hrl_v1,169,5,GE_5,NoneType,,0,0,True
exp_hrl_v1,169,5,US_5,RangedDirectAttack,,0,0,True
exp_hrl_v1,169,5,US_6,RangedDirectAttack,,0,0,True
exp_hrl_v1,169,5,US_7,RangedDirectAttack,,0,0,True
exp_hrl_v1,169,6,GE_1,WaitAction,,0,0,True
exp_hrl_v1,169,6,US_1,RangedDirectAttack,,0,0,True
exp_hrl_v1,169,6,GE_2,WaitAction,,0,0,True
exp_hrl_v1,169,6,US_2,RangedDirectAttack,,0,0,True
exp_hrl_v1,169,6,GE_4,MoveAction,,0,0,True
exp_hrl_v1,169,6,US_3,RangedDirectAttack,,0,0,True
exp_hrl_v1,170,1,GE_1,MoveAction,,0,0,True
exp_hrl_v1,170,1,US_1,MoveAction,,0,0,True
exp_hrl_v1,170,1,GE_2,MoveAction,,0,0,True
exp_hrl_v1,170,1,US_2,MoveAction,,0,0,True
exp_hrl_v1,170,1,GE_3,MoveAction,,0,0,True
exp_hrl_v1,170,1,US_3,MoveAction,,0,0,True
exp_hrl_v1,170,1,GE_4,MoveAction,,0,0,True
exp_hrl_v1,170,1,US_4,MoveAction,,0,0,True
exp_hrl_v1,170,1,GE_5,MoveAction,,0,0,True
exp_hrl_v1,170,1,US_5,MoveAction,,0,0,True
exp_hrl_v1,170,1,US_6,MoveAction,,0,0,True
exp_hrl_v1,170,1,US_7,MoveAction,,0,0,True
exp_hrl_v1,170,2,GE_1,MoveAction,,0,0,True
exp_hrl_v1,170,2,US_1,MoveAction,,0,0,True
exp_hrl_v1,170,2,GE_2,MoveAction,,0,0,True
exp_hrl_v1,170,2,US_2,MoveAction,,0,0,True
exp_hrl_v1,170,2,GE_3,MoveAction,,0,0,True
exp_hrl_v1,170,2,US_3,WaitAction,,0,0,True
exp_hrl_v1,170,2,GE_4,MoveAction,,0,0,True
exp_hrl_v1,170,2,US_4,MoveAction,,0,0,True
exp_hrl_v1,170,2,GE_5,MoveAction,,0,0,True
exp_hrl_v1,170,2,US_5,MoveAction,,0,0,True
exp_hrl_v1,170,2,US_6,MoveAction,,0,0,True
exp_hrl_v1,170,3,US_7,WaitAction,,0,0,True
exp_hrl_v1,170,3,GE_1,MoveAction,,0,0,True
exp_hrl_v1,170,3,US_1,MoveAction,,0,0,True
exp_hrl_v1,170,3,GE_2,MoveAction,,0,0,True
exp_hrl_v1,170,3,US_2,MoveAction,,0,0,True
exp_hrl_v1,170,3,GE_3,MoveAction,,0,0,True
exp_hrl_v1,170,3,US_3,MoveAction,,0,0,True
exp_hrl_v1,170,3,GE_4,MoveAction,,0,0,True
exp_hrl_v1,170,3,US_4,MoveAction,,0,0,True
exp_hrl_v1,170,3,GE_5,WaitAction,,0,0,True
exp_hrl_v1,170,3,US_5,RangedDirectAttack,,0,0,True
exp_hrl_v1,170,3,US_6,RangedDirectAttack,,0,0,True
exp_hrl_v1,170,3,US_7,RangedDirectAttack,,0,0,True
exp_hrl_v1,170,4,GE_1,MoveAction,,0,0,True
exp_hrl_v1,170,4,US_1,RangedDirectAttack,,0,0,True
exp_hrl_v1,170,4,GE_2,WaitAction,,0,0,True
exp_hrl_v1,170,4,US_2,RangedDirectAttack,,0,0,True
exp_hrl_v1,170,4,GE_3,MoveAction,,0,0,True
exp_hrl_v1,170,4,US_3,RangedDirectAttack,,0,0,True
exp_hrl_v1,170,4,GE_4,MoveAction,,0,0,True
exp_hrl_v1,170,4,US_4,RangedDirectAttack,,0,0,True
exp_hrl_v1,170,4,GE_5,NoneType,,0,0,True
exp_hrl_v1,170,4,US_5,RangedDirectAttack,,0,0,True
exp_hrl_v1,170,4,US_6,RangedDirectAttack,,0,0,True
exp_hrl_v1,170,4,US_7,RangedDirectAttack,,0,0,True
exp_hrl_v1,171,1,GE_1,MoveAction,,0,0,True
exp_hrl_v1,171,1,US_1,MoveAction,,0,0,True
exp_hrl_v1,171,1,GE_2,MoveAction,,0,0,True
exp_hrl_v1,171,1,US_2,MoveAction,,0,0,True
exp_hrl_v1,171,1,GE_3,MoveAction,,0,0,True
exp_hrl_v1,171,1,US_3,MoveAction,,0,0,True
exp_hrl_v1,171,1,GE_4,MoveAction,,0,0,True
exp_hrl_v1,171,1,US_4,MoveAction,,0,0,True
exp_hrl_v1,171,1,GE_5,MoveAction,,0,0,True
exp_hrl_v1,171,1,US_5,MoveAction,,0,0,True
exp_hrl_v1,171,1,US_6,MoveAction,,0,0,True
exp_hrl_v1,171,1,US_7,MoveAction,,0,0,True
exp_hrl_v1,171,2,GE_1,MoveAction,,0,0,True
exp_hrl_v1,171,2,US_1,MoveAction,,0,0,True
exp_hrl_v1,171,2,GE_2,MoveAction,,0,0,True
exp_hrl_v1,171,2,US_2,MoveAction,,0,0,True
exp_hrl_v1,171,2,GE_3,MoveAction,,0,0,True
exp_hrl_v1,171,2,US_3,MoveAction,,0,0,True
exp_hrl_v1,171,2,GE_4,MoveAction,,0,0,True
exp_hrl_v1,171,2,US_4,MoveAction,,0,0,True
exp_hrl_v1,171,2,GE_5,MoveAction,,0,0,True
exp_hrl_v1,171,2,US_5,MoveAction,,0,0,True
exp_hrl_v1,171,2,US_6,MoveAction,,0,0,True
exp_hrl_v1,171,2,US_7,MoveAction,,0,0,True
exp_hrl_v1,171,3,GE_1,MoveAction,,0,0,True
exp_hrl_v1,171,3,US_1,MoveAction,,0,0,True
exp_hrl_v1,171,3,GE_2,MoveAction,,0,0,True
exp_hrl_v1,171,3,US_2,MoveAction,,0,0,True
exp_hrl_v1,171,3,GE_3,MoveAction,,0,0,True
exp_hrl_v1,171,3,US_3,MoveAction,,0,0,True
exp_hrl_v1,171,3,GE_4,MoveAction,,0,0,True
exp_hrl_v1,171,3,US_4,MoveAction,,0,0,True
exp_hrl_v1,171,3,GE_5,WaitAction,,0,0,True
exp_hrl_v1,171,3,US_5,WaitAction,,0,0,True
exp_hrl_v1,171,3,US_6,MoveAction,,0,0,True
exp_hrl_v1,171,4,US_7,WaitAction,,0,0,True
exp_hrl_v1,171,4,GE_1,MoveAction,,0,0,True
exp_hrl_v1,171,4,US_1,WaitAction,,0,0,True
exp_hrl_v1,171,4,GE_2,WaitAction,,0,0,True
exp_hrl_v1,171,4,US_2,MoveAction,,0,0,True
exp_hrl_v1,171,4,GE_3,WaitAction,,0,0,True
exp_hrl_v1,171,4,US_3,MoveAction,,0,0,True
exp_hrl_v1,171,4,GE_4,MoveAction,,0,0,True
exp_hrl_v1,171,4,US_4,MoveAction,,0,0,True
exp_hrl_v1,171,4,GE_5,WaitAction,,0,0,True
exp_hrl_v1,171,4,US_5,WaitAction,,0,0,True
exp_hrl_v1,171,4,US_6,MoveAction,,0,0,True
exp_hrl_v1,171,5,US_7,WaitAction,,0,0,True
exp_hrl_v1,171,5,GE_1,WaitAction,,0,0,True
exp_hrl_v1,171,5,US_1,WaitAction,,0,0,True
exp_hrl_v1,171,5,GE_2,WaitAction,,0,0,True
exp_hrl_v1,171,5,US_2,WaitAction,,0,0,True
exp_hrl_v1,171,5,GE_3,WaitAction,,0,0,True
exp_hrl_v1,171,5,US_3,WaitAction,,0,0,True
exp_hrl_v1,171,5,GE_4,WaitAction,,0,0,True
exp_hrl_v1,171,5,US_4,MoveAction,,0,0,True
exp_hrl_v1,171,5,GE_5,WaitAction,,0,0,True
exp_hrl_v1,171,5,US_5,WaitAction,,0,0,True
exp_hrl_v1,171,5,US_6,MoveAction,,0,0,True
exp_hrl_v1,171,5,US_7,MoveAction,,0,0,True
exp_hrl_v1,171,6,GE_1,WaitAction,,0,0,True
exp_hrl_v1,171,6,US_1,RangedDirectAttack,,0,0,True
exp_hrl_v1,171,6,GE_2,WaitAction,,0,0,True
exp_hrl_v1,171,6,US_2,RangedDirectAttack,,0,0,True
exp_hrl_v1,171,6,GE_3,WaitAction,,0,0,True
exp_hrl_v1,171,6,US_3,RangedDirectAttack,,0,0,True
exp_hrl_v1,171,6,GE_4,WaitAction,,0,0,True
exp_hrl_v1,171,6,US_4,RangedDirectAttack,,0,0,True
exp_hrl_v1,171,6,GE_5,NoneType,,0,0,True
exp_hrl_v1,171,6,US_5,RangedDirectAttack,,0,0,True
exp_hrl_v1,171,6,US_6,RangedDirectAttack,,0,0,True
exp_hrl_v1,171,6,US_7,RangedDirectAttack,,0,0,True
exp_hrl_v1,171,7,GE_1,WaitAction,,0,0,True
exp_hrl_v1,171,7,US_1,RangedDirectAttack,,0,0,True
exp_hrl_v1,171,7,GE_3,NoneType,,0,0,True
exp_hrl_v1,171,7,US_2,RangedDirectAttack,,0,0,True
exp_hrl_v1,171,7,GE_4,WaitAction,,0,0,True
exp_hrl_v1,171,7,US_3,RangedDirectAttack,,0,0,True
exp_hrl_v1,171,7,US_4,RangedIndirectAttack,,0,0,True
exp_hrl_v1,171,7,US_5,RangedIndirectAttack,,0,0,True
exp_hrl_v1,171,7,US_6,RangedIndirectAttack,,0,0,True
exp_hrl_v1,171,7,US_7,RangedIndirectAttack,,0,0,True
exp_hrl_v1,171,8,GE_4,MoveAction,,0,0,True
exp_hrl_v1,171,8,US_1,RangedIndirectAttack,,0,0,True
exp_hrl_v1,172,1,GE_1,MoveAction,,0,0,True
exp_hrl_v1,172,1,US_1,MoveAction,,0,0,True
exp_hrl_v1,172,1,GE_2,MoveAction,,0,0,True
exp_hrl_v1,172,1,US_2,MoveAction,,0,0,True
exp_hrl_v1,172,1,GE_3,MoveAction,,0,0,True
exp_hrl_v1,172,1,US_3,MoveAction,,0,0,True
exp_hrl_v1,172,1,GE_4,MoveAction,,0,0,True
exp_hrl_v1,172,1,US_4,MoveAction,,0,0,True
exp_hrl_v1,172,1,GE_5,MoveAction,,0,0,True
exp_hrl_v1,172,1,US_5,MoveAction,,0,0,True
exp_hrl_v1,172,1,US_6,MoveAction,,0,0,True
exp_hrl_v1,172,1,US_7,MoveAction,,0,0,True
exp_hrl_v1,172,2,GE_1,MoveAction,,0,0,True
exp_hrl_v1,172,2,US_1,MoveAction,,0,0,True
exp_hrl_v1,172,2,GE_2,MoveAction,,0,0,True
exp_hrl_v1,172,2,US_2,MoveAction,,0,0,True
exp_hrl_v1,172,2,GE_3,MoveAction,,0,0,True
exp_hrl_v1,172,2,US_3,MoveAction,,0,0,True
exp_hrl_v1,172,2,GE_4,MoveAction,,0,0,True
exp_hrl_v1,172,2,US_4,MoveAction,,0,0,True
exp_hrl_v1,172,2,GE_5,MoveAction,,0,0,True
exp_hrl_v1,172,2,US_5,MoveAction,,0,0,True
exp_hrl_v1,172,2,US_6,MoveAction,,0,0,True
exp_hrl_v1,172,2,US_7,MoveAction,,0,0,True
exp_hrl_v1,172,3,GE_1,MoveAction,,0,0,True
exp_hrl_v1,172,3,US_1,MoveAction,,0,0,True
exp_hrl_v1,172,3,GE_2,MoveAction,,0,0,True
exp_hrl_v1,172,3,US_2,MoveAction,,0,0,True
exp_hrl_v1,172,3,GE_3,MoveAction,,0,0,True
exp_hrl_v1,172,3,US_3,MoveAction,,0,0,True
exp_hrl_v1,172,3,GE_4,MoveAction,,0,0,True
exp_hrl_v1,172,3,US_4,MoveAction,,0,0,True
exp_hrl_v1,172,3,GE_5,WaitAction,,0,0,True
exp_hrl_v1,172,3,US_5,MoveAction,,0,0,True
exp_hrl_v1,172,3,US_6,MoveAction,,0,0,True
exp_hrl_v1,172,3,US_7,MoveAction,,0,0,True
exp_hrl_v1,172,4,GE_1,MoveAction,,0,0,True
exp_hrl_v1,172,4,US_1,MoveAction,,0,0,True
exp_hrl_v1,172,4,GE_2,MoveAction,,0,0,True
exp_hrl_v1,172,4,US_2,RangedDirectAttack,,0,0,True
exp_hrl_v1,172,4,GE_3,MoveAction,,0,0,True
exp_hrl_v1,172,4,US_3,RangedDirectAttack,,0,0,True
exp_hrl_v1,172,4,GE_4,MoveAction,,0,0,True
exp_hrl_v1,172,4,US_4,RangedDirectAttack,,0,0,True
exp_hrl_v1,172,4,GE_5,NoneType,,0,0,True
exp_hrl_v1,172,4,US_5,RangedDirectAttack,,0,0,True
exp_hrl_v1,172,4,US_6,RangedDirectAttack,,0,0,True
exp_hrl_v1,172,4,US_7,RangedDirectAttack,,0,0,True
exp_hrl_v1,172,5,GE_2,WaitAction,,0,0,True
exp_hrl_v1,172,5,US_1,RangedDirectAttack,,0,0,True
exp_hrl_v1,172,5,GE_3,MoveAction,,0,0,True
exp_hrl_v1,172,5,US_2,RangedDirectAttack,,0,0,True
exp_hrl_v1,172,5,GE_4,MoveAction,,0,0,True
exp_hrl_v1,172,5,US_3,RangedDirectAttack,,0,0,True
exp_hrl_v1,172,5,US_4,RangedDirectAttack,,0,0,True
exp_hrl_v1,172,5,US_5,RangedDirectAttack,,0,0,True
exp_hrl_v1,172,5,US_6,RangedDirectAttack,,0,0,True
exp_hrl_v1,172,5,US_7,RangedDirectAttack,,0,0,True
exp_hrl_v1,173,1,GE_1,MoveAction,,0,0,True
exp_hrl_v1,173,1,US_1,MoveAction,,0,0,True
exp_hrl_v1,173,1,GE_2,MoveAction,,0,0,True
exp_hrl_v1,173,1,US_2,MoveAction,,0,0,True
exp_hrl_v1,173,1,GE_3,MoveAction,,0,0,True
exp_hrl_v1,173,1,US_3,MoveAction,,0,0,True
exp_hrl_v1,173,1,GE_4,MoveAction,,0,0,True
exp_hrl_v1,173,1,US_4,MoveAction,,0,0,True
exp_hrl_v1,173,1,GE_5,MoveAction,,0,0,True
exp_hrl_v1,173,1,US_5,MoveAction,,0,0,True
exp_hrl_v1,173,1,US_6,MoveAction,,0,0,True
exp_hrl_v1,173,1,US_7,MoveAction,,0,0,True
exp_hrl_v1,173,2,GE_1,MoveAction,,0,0,True
exp_hrl_v1,173,2,US_1,MoveAction,,0,0,True
exp_hrl_v1,173,2,GE_2,MoveAction,,0,0,True
exp_hrl_v1,173,2,US_2,MoveAction,,0,0,True
exp_hrl_v1,173,2,GE_3,MoveAction,,0,0,True
exp_hrl_v1,173,2,US_3,WaitAction,,0,0,True
exp_hrl_v1,173,2,GE_4,MoveAction,,0,0,True
exp_hrl_v1,173,2,US_4,MoveAction,,0,0,True
exp_hrl_v1,173,2,GE_5,MoveAction,,0,0,True
exp_hrl_v1,173,2,US_5,MoveAction,,0,0,True
exp_hrl_v1,173,2,US_6,MoveAction,,0,0,True
exp_hrl_v1,173,3,US_7,WaitAction,,0,0,True
exp_hrl_v1,173,3,GE_1,MoveAction,,0,0,True
exp_hrl_v1,173,3,US_1,MoveAction,,0,0,True
exp_hrl_v1,173,3,GE_2,MoveAction,,0,0,True
exp_hrl_v1,173,3,US_2,MoveAction,,0,0,True
exp_hrl_v1,173,3,GE_3,MoveAction,,0,0,True
exp_hrl_v1,173,3,US_3,MoveAction,,0,0,True
exp_hrl_v1,173,3,GE_4,MoveAction,,0,0,True
exp_hrl_v1,173,3,US_4,MoveAction,,0,0,True
exp_hrl_v1,173,3,GE_5,WaitAction,,0,0,True
exp_hrl_v1,173,3,US_5,MoveAction,,0,0,True
exp_hrl_v1,173,3,US_6,MoveAction,,0,0,True
exp_hrl_v1,173,3,US_7,MoveAction,,0,0,True
exp_hrl_v1,173,4,GE_1,MoveAction,,0,0,True
exp_hrl_v1,173,4,US_1,MoveAction,,0,0,True
exp_hrl_v1,173,4,GE_2,MoveAction,,0,0,True
exp_hrl_v1,173,4,US_2,MoveAction,,0,0,True
exp_hrl_v1,173,4,GE_3,MoveAction,,0,0,True
exp_hrl_v1,173,4,US_3,RangedDirectAttack,,0,0,True
exp_hrl_v1,173,4,GE_4,MoveAction,,0,0,True
exp_hrl_v1,173,4,US_4,RangedDirectAttack,,0,0,True
exp_hrl_v1,173,4,GE_5,NoneType,,0,0,True
exp_hrl_v1,173,4,US_5,RangedDirectAttack,,0,0,True
exp_hrl_v1,173,4,US_6,RangedDirectAttack,,0,0,True
exp_hrl_v1,173,4,US_7,RangedDirectAttack,,0,0,True
exp_hrl_v1,173,5,GE_1,MoveAction,,0,0,True
exp_hrl_v1,173,5,US_1,RangedDirectAttack,,0,0,True
exp_hrl_v1,173,5,GE_2,WaitAction,,0,0,True
exp_hrl_v1,173,5,US_2,RangedDirectAttack,,0,0,True
exp_hrl_v1,173,5,GE_4,MoveAction,,0,0,True
exp_hrl_v1,173,5,US_3,RangedDirectAttack,,0,0,True
exp_hrl_v1,173,5,US_4,RangedDirectAttack,,0,0,True
exp_hrl_v1,173,5,US_5,RangedDirectAttack,,0,0,True
exp_hrl_v1,173,5,US_6,MoveAction,,0,0,True
exp_hrl_v1,173,5,US_7,MoveAction,,0,0,True
exp_hrl_v1,173,6,GE_4,MoveAction,,0,0,True
exp_hrl_v1,173,6,US_1,WaitAction,,0,0,True
exp_hrl_v1,173,6,US_2,MoveAction,,0,0,True
exp_hrl_v1,173,6,US_3,MoveAction,,0,0,True
exp_hrl_v1,173,6,US_4,MoveAction,,0,0,True
exp_hrl_v1,173,6,US_5,WaitAction,,0,0,True
exp_hrl_v1,173,6,US_6,MoveAction,,0,0,True
exp_hrl_v1,173,6,US_7,MoveAction,,0,0,True
exp_hrl_v1,173,7,GE_4,WaitAction,,0,0,True
exp_hrl_v1,173,7,US_1,WaitAction,,0,0,True
exp_hrl_v1,173,7,US_2,WaitAction,,0,0,True
exp_hrl_v1,173,7,US_3,MoveAction,,0,0,True
exp_hrl_v1,173,7,US_4,MoveAction,,0,0,True
exp_hrl_v1,173,7,US_5,WaitAction,,0,0,True
exp_hrl_v1,173,7,US_6,WaitAction,,0,0,True
exp_hrl_v1,173,7,US_7,MoveAction,,0,0,True
exp_hrl_v1,173,8,GE_4,WaitAction,,0,0,True
exp_hrl_v1,173,8,US_1,WaitAction,,0,0,True
exp_hrl_v1,173,8,US_2,WaitAction,,0,0,True
exp_hrl_v1,173,8,US_3,WaitAction,,0,0,True
exp_hrl_v1,173,8,US_4,MoveAction,,0,0,True
exp_hrl_v1,173,8,US_5,MoveAction,,0,0,True
exp_hrl_v1,173,8,US_6,MoveAction,,0,0,True
exp_hrl_v1,173,8,US_7,MoveAction,,0,0,True
exp_hrl_v1,173,9,GE_4,WaitAction,,0,0,True
exp_hrl_v1,173,9,US_1,MoveAction,,0,0,True
exp_hrl_v1,173,9,US_2,WaitAction,,0,0,True
exp_hrl_v1,173,9,US_3,WaitAction,,0,0,True
exp_hrl_v1,173,9,US_4,WaitAction,,0,0,True
exp_hrl_v1,173,9,US_5,MoveAction,,0,0,True
exp_hrl_v1,173,9,US_6,MoveAction,,0,0,True
exp_hrl_v1,173,10,US_7,WaitAction,,0,0,True
exp_hrl_v1,173,10,GE_4,WaitAction,,0,0,True
exp_hrl_v1,173,10,US_1,MoveAction,,0,0,True
exp_hrl_v1,173,10,US_2,WaitAction,,0,0,True
exp_hrl_v1,173,10,US_3,WaitAction,,0,0,True
exp_hrl_v1,173,10,US_4,WaitAction,,0,0,True
exp_hrl_v1,173,10,US_5,WaitAction,,0,0,True
exp_hrl_v1,173,10,US_6,WaitAction,,0,0,True
exp_hrl_v1,173,10,US_7,MoveAction,,0,0,True
exp_hrl_v1,173,11,GE_4,WaitAction,,0,0,True
exp_hrl_v1,173,11,US_1,MoveAction,,0,0,True
exp_hrl_v1,173,11,US_2,MoveAction,,0,0,True
exp_hrl_v1,173,11,US_3,MoveAction,,0,0,True
exp_hrl_v1,173,11,US_4,MoveAction,,0,0,True
exp_hrl_v1,173,11,US_5,MoveAction,,0,0,True
exp_hrl_v1,173,11,US_6,MoveAction,,0,0,True
exp_hrl_v1,173,11,US_7,MoveAction,,0,0,True
exp_hrl_v1,174,1,GE_1,MoveAction,,0,0,True
exp_hrl_v1,174,1,US_1,MoveAction,,0,0,True
exp_hrl_v1,174,1,GE_2,MoveAction,,0,0,True
exp_hrl_v1,174,1,US_2,MoveAction,,0,0,True
exp_hrl_v1,174,1,GE_3,MoveAction,,0,0,True
exp_hrl_v1,174,1,US_3,MoveAction,,0,0,True
exp_hrl_v1,174,1,GE_4,MoveAction,,0,0,True
exp_hrl_v1,174,1,US_4,MoveAction,,0,0,True
exp_hrl_v1,174,1,GE_5,MoveAction,,0,0,True
exp_hrl_v1,174,1,US_5,MoveAction,,0,0,True
exp_hrl_v1,174,1,US_6,MoveAction,,0,0,True
exp_hrl_v1,174,1,US_7,RangedIndirectAttack,,0,0,True
exp_hrl_v1,174,2,GE_1,MoveAction,,0,0,True
exp_hrl_v1,174,2,US_1,RangedIndirectAttack,,0,0,True
exp_hrl_v1,174,2,GE_2,MoveAction,,0,0,True
exp_hrl_v1,174,2,US_2,RangedIndirectAttack,,0,0,True
exp_hrl_v1,174,2,GE_3,MoveAction,,0,0,True
exp_hrl_v1,174,2,US_3,RangedIndirectAttack,,0,0,True
exp_hrl_v1,174,2,GE_4,MoveAction,,0,0,True
exp_hrl_v1,174,2,US_4,RangedIndirectAttack,,0,0,True
exp_hrl_v1,174,2,GE_5,NoneType,,0,0,True
exp_hrl_v1,174,2,US_5,RangedIndirectAttack,,0,0,True
exp_hrl_v1,174,2,US_6,RangedIndirectAttack,,0,0,True
exp_hrl_v1,174,2,US_7,RangedIndirectAttack,,0,0,True
exp_hrl_v1,174,3,GE_1,MoveAction,,0,0,True
exp_hrl_v1,174,3,US_1,RangedIndirectAttack,,0,0,True
exp_hrl_v1,174,3,GE_2,MoveAction,,0,0,True
exp_hrl_v1,174,3,US_2,RangedIndirectAttack,,0,0,True
exp_hrl_v1,174,3,GE_3,MoveAction,,0,0,True
exp_hrl_v1,174,3,US_3,MoveAction,,0,0,True
exp_hrl_v1,174,3,GE_4,MoveAction,,0,0,True
exp_hrl_v1,174,3,US_4,MoveAction,,0,0,True
exp_hrl_v1,174,3,US_5,MoveAction,,0,0,True
exp_hrl_v1,174,3,US_6,MoveAction,,0,0,True
exp_hrl_v1,174,4,US_7,WaitAction,,0,0,True
exp_hrl_v1,174,4,GE_3,MoveAction,,0,0,True
exp_hrl_v1,174,4,US_1,MoveAction,,0,0,True
exp_hrl_v1,174,4,GE_4,MoveAction,,0,0,True
exp_hrl_v1,174,4,US_2,MoveAction,,0,0,True
exp_hrl_v1,174,4,US_3,MoveAction,,0,0,True
exp_hrl_v1,174,4,US_4,MoveAction,,0,0,True
exp_hrl_v1,174,4,US_5,MoveAction,,0,0,True
exp_hrl_v1,174,4,US_6,MoveAction,,0,0,True
exp_hrl_v1,174,4,US_7,MoveAction,,0,0,True
exp_hrl_v1,174,5,GE_3,MoveAction,,0,0,True
exp_hrl_v1,174,5,US_1,MoveAction,,0,0,True
exp_hrl_v1,174,5,GE_4,MoveAction,,0,0,True
exp_hrl_v1,174,5,US_2,MoveAction,,0,0,True
exp_hrl_v1,174,5,US_3,MoveAction,,0,0,True
exp_hrl_v1,174,5,US_4,MoveAction,,0,0,True
exp_hrl_v1,174,5,US_5,MoveAction,,0,0,True
exp_hrl_v1,174,5,US_6,MoveAction,,0,0,True
exp_hrl_v1,174,5,US_7,MoveAction,,0,0,True
exp_hrl_v1,174,6,GE_3,WaitAction,,0,0,True
exp_hrl_v1,174,6,US_1,MoveAction,,0,0,True
exp_hrl_v1,174,6,GE_4,MoveAction,,0,0,True
exp_hrl_v1,174,6,US_2,WaitAction,,0,0,True
exp_hrl_v1,174,6,US_3,MoveAction,,0,0,True
exp_hrl_v1,174,6,US_4,RangedDirectAttack,,0,0,True
exp_hrl_v1,174,6,US_5,RangedDirectAttack,,0,0,True
exp_hrl_v1,174,6,US_6,RangedDirectAttack,,0,0,True
exp_hrl_v1,174,6,US_7,RangedDirectAttack,,0,0,True
exp_hrl_v1,174,7,GE_4,WaitAction,,0,0,True
exp_hrl_v1,174,7,US_1,RangedDirectAttack,,0,0,True
exp_hrl_v1,175,1,GE_1,MoveAction,,0,0,True
exp_hrl_v1,175,1,US_1,RangedDirectAttack,,0,0,True
exp_hrl_v1,175,1,GE_2,MoveAction,,0,0,True
exp_hrl_v1,175,1,US_2,RangedDirectAttack,,0,0,True
exp_hrl_v1,175,1,GE_3,MoveAction,,0,0,True
exp_hrl_v1,175,1,US_3,RangedDirectAttack,,0,0,True
exp_hrl_v1,175,1,GE_4,MoveAction,,0,0,True
exp_hrl_v1,175,1,US_4,RangedDirectAttack,,0,0,True
exp_hrl_v1,175,1,GE_5,MoveAction,,0,0,True
exp_hrl_v1,175,1,US_5,RangedDirectAttack,,0,0,True
exp_hrl_v1,175,1,US_6,RangedDirectAttack,,0,0,True
exp_hrl_v1,175,1,US_7,RangedDirectAttack,,0,0,True
exp_hrl_v1,175,2,GE_1,MoveAction,,0,0,True
exp_hrl_v1,175,2,US_1,RangedDirectAttack,,0,0,True
exp_hrl_v1,175,2,GE_2,MoveAction,,0,0,True
exp_hrl_v1,175,2,US_2,RangedDirectAttack,,0,0,True
exp_hrl_v1,175,2,GE_3,MoveAction,,0,0,True
exp_hrl_v1,175,2,US_3,RangedDirectAttack,,0,0,True
exp_hrl_v1,175,2,GE_4,MoveAction,,0,0,True
exp_hrl_v1,175,2,US_4,WaitAction,,0,0,True
exp_hrl_v1,175,2,US_5,WaitAction,,0,0,True
exp_hrl_v1,175,2,US_6,MoveAction,,0,0,True
exp_hrl_v1,175,3,US_7,WaitAction,,0,0,True
exp_hrl_v1,175,3,GE_2,MoveAction,,0,0,True
exp_hrl_v1,175,3,US_1,MoveAction,,0,0,True
exp_hrl_v1,175,3,GE_3,MoveAction,,0,0,True
exp_hrl_v1,175,3,US_2,MoveAction,,0,0,True
exp_hrl_v1,175,3,GE_4,MoveAction,,0,0,True
exp_hrl_v1,175,3,US_3,MoveAction,,0,0,True
exp_hrl_v1,175,3,US_4,MoveAction,,0,0,True
exp_hrl_v1,175,3,US_5,RangedDirectAttack,,0,0,True
exp_hrl_v1,175,3,US_6,RangedDirectAttack,,0,0,True
exp_hrl_v1,175,3,US_7,RangedDirectAttack,,0,0,True
exp_hrl_v1,175,4,GE_4,MoveAction,,0,0,True
exp_hrl_v1,175,4,US_1,RangedDirectAttack,,0,0,True
exp_hrl_v1,176,1,GE_1,MoveAction,,0,0,True
exp_hrl_v1,176,1,US_1,MoveAction,,0,0,True
exp_hrl_v1,176,1,GE_2,MoveAction,,0,0,True
exp_hrl_v1,176,1,US_2,MoveAction,,0,0,True
exp_hrl_v1,176,1,GE_3,MoveAction,,0,0,True
exp_hrl_v1,176,1,US_3,MoveAction,,0,0,True
exp_hrl_v1,176,1,GE_4,MoveAction,,0,0,True
exp_hrl_v1,176,1,US_4,MoveAction,,0,0,True
exp_hrl_v1,176,1,GE_5,MoveAction,,0,0,True
exp_hrl_v1,176,1,US_5,MoveAction,,0,0,True
exp_hrl_v1,176,1,US_6,MoveAction,,0,0,True
exp_hrl_v1,176,1,US_7,MoveAction,,0,0,True
exp_hrl_v1,176,2,GE_1,MoveAction,,0,0,True
exp_hrl_v1,176,2,US_1,MoveAction,,0,0,True
exp_hrl_v1,176,2,GE_2,MoveAction,,0,0,True
exp_hrl_v1,176,2,US_2,MoveAction,,0,0,True
exp_hrl_v1,176,2,GE_3,MoveAction,,0,0,True
exp_hrl_v1,176,2,US_3,WaitAction,,0,0,True
exp_hrl_v1,176,2,GE_4,MoveAction,,0,0,True
exp_hrl_v1,176,2,US_4,MoveAction,,0,0,True
exp_hrl_v1,176,2,GE_5,MoveAction,,0,0,True
exp_hrl_v1,176,2,US_5,MoveAction,,0,0,True
exp_hrl_v1,176,2,US_6,MoveAction,,0,0,True
exp_hrl_v1,176,2,US_7,MoveAction,,0,0,True
exp_hrl_v1,176,3,GE_1,MoveAction,,0,0,True
exp_hrl_v1,176,3,US_1,MoveAction,,0,0,True
exp_hrl_v1,176,3,GE_2,MoveAction,,0,0,True
exp_hrl_v1,176,3,US_2,MoveAction,,0,0,True
exp_hrl_v1,176,3,GE_3,MoveAction,,0,0,True
exp_hrl_v1,176,3,US_3,MoveAction,,0,0,True
exp_hrl_v1,176,3,GE_4,MoveAction,,0,0,True
exp_hrl_v1,176,3,US_4,MoveAction,,0,0,True
exp_hrl_v1,176,3,GE_5,MoveAction,,0,0,True
exp_hrl_v1,176,3,US_5,MoveAction,,0,0,True
exp_hrl_v1,176,3,US_6,MoveAction,,0,0,True
exp_hrl_v1,176,3,US_7,MoveAction,,0,0,True
exp_hrl_v1,176,4,GE_1,MoveAction,,0,0,True
exp_hrl_v1,176,4,US_1,WaitAction,,0,0,True
exp_hrl_v1,176,4,GE_2,WaitAction,,0,0,True
exp_hrl_v1,176,4,US_2,MoveAction,,0,0,True
exp_hrl_v1,176,4,GE_3,MoveAction,,0,0,True
exp_hrl_v1,176,4,US_3,MoveAction,,0,0,True
exp_hrl_v1,176,4,GE_4,MoveAction,,0,0,True
exp_hrl_v1,176,4,US_4,MoveAction,,0,0,True
exp_hrl_v1,176,4,GE_5,WaitAction,,0,0,True
exp_hrl_v1,176,4,US_5,WaitAction,,0,0,True
exp_hrl_v1,176,4,US_6,MoveAction,,0,0,True
exp_hrl_v1,176,4,US_7,MoveAction,,0,0,True
exp_hrl_v1,176,5,GE_1,WaitAction,,0,0,True
exp_hrl_v1,176,5,US_1,WaitAction,,0,0,True
exp_hrl_v1,176,5,GE_2,WaitAction,,0,0,True
exp_hrl_v1,176,5,US_2,WaitAction,,0,0,True
exp_hrl_v1,176,5,GE_3,WaitAction,,0,0,True
exp_hrl_v1,176,5,US_3,MoveAction,,0,0,True
exp_hrl_v1,176,5,GE_4,WaitAction,,0,0,True
exp_hrl_v1,176,5,US_4,MoveAction,,0,0,True
exp_hrl_v1,176,5,GE_5,WaitAction,,0,0,True
exp_hrl_v1,176,5,US_5,WaitAction,,0,0,True
exp_hrl_v1,176,5,US_6,WaitAction,,0,0,True
exp_hrl_v1,176,6,US_7,WaitAction,,0,0,True
exp_hrl_v1,176,6,GE_1,WaitAction,,0,0,True
exp_hrl_v1,176,6,US_1,WaitAction,,0,0,True
exp_hrl_v1,176,6,GE_2,WaitAction,,0,0,True
exp_hrl_v1,176,6,US_2,WaitAction,,0,0,True
exp_hrl_v1,176,6,GE_3,WaitAction,,0,0,True
exp_hrl_v1,176,6,US_3,RangedDirectAttack,,0,0,True
exp_hrl_v1,176,6,GE_4,WaitAction,,0,0,True
exp_hrl_v1,176,6,US_4,RangedDirectAttack,,0,0,True
exp_hrl_v1,176,6,GE_5,NoneType,,0,0,True
exp_hrl_v1,176,6,US_5,RangedDirectAttack,,0,0,True
exp_hrl_v1,176,6,US_6,RangedDirectAttack,,0,0,True
exp_hrl_v1,176,6,US_7,RangedDirectAttack,,0,0,True
exp_hrl_v1,176,7,GE_1,MoveAction,,0,0,True
exp_hrl_v1,176,7,US_1,RangedDirectAttack,,0,0,True
exp_hrl_v1,176,7,GE_4,MoveAction,,0,0,True
exp_hrl_v1,176,7,US_2,RangedDirectAttack,,0,0,True
exp_hrl_v1,176,7,US_3,RangedDirectAttack,,0,0,True
exp_hrl_v1,177,1,GE_1,MoveAction,,0,0,True
exp_hrl_v1,177,1,US_1,MoveAction,,0,0,True
exp_hrl_v1,177,1,GE_2,MoveAction,,0,0,True
exp_hrl_v1,177,1,US_2,MoveAction,,0,0,True
exp_hrl_v1,177,1,GE_3,MoveAction,,0,0,True
exp_hrl_v1,177,1,US_3,MoveAction,,0,0,True
exp_hrl_v1,177,1,GE_4,MoveAction,,0,0,True
exp_hrl_v1,177,1,US_4,MoveAction,,0,0,True
exp_hrl_v1,177,1,GE_5,MoveAction,,0,0,True
exp_hrl_v1,177,1,US_5,MoveAction,,0,0,True
exp_hrl_v1,177,1,US_6,MoveAction,,0,0,True
exp_hrl_v1,177,1,US_7,MoveAction,,0,0,True
exp_hrl_v1,177,2,GE_1,MoveAction,,0,0,True
exp_hrl_v1,177,2,US_1,MoveAction,,0,0,True
exp_hrl_v1,177,2,GE_2,MoveAction,,0,0,True
exp_hrl_v1,177,2,US_2,MoveAction,,0,0,True
exp_hrl_v1,177,2,GE_3,MoveAction,,0,0,True
exp_hrl_v1,177,2,US_3,WaitAction,,0,0,True
exp_hrl_v1,177,2,GE_4,MoveAction,,0,0,True
exp_hrl_v1,177,2,US_4,MoveAction,,0,0,True
exp_hrl_v1,177,2,GE_5,MoveAction,,0,0,True
exp_hrl_v1,177,2,US_5,MoveAction,,0,0,True
exp_hrl_v1,177,2,US_6,RangedDirectAttack,,0,0,True
exp_hrl_v1,177,2,US_7,RangedDirectAttack,,0,0,True
exp_hrl_v1,177,3,GE_1,MoveAction,,0,0,True
exp_hrl_v1,177,3,US_1,RangedDirectAttack,,0,0,True
exp_hrl_v1,177,3,GE_2,MoveAction,,0,0,True
exp_hrl_v1,177,3,US_2,RangedDirectAttack,,0,0,True
exp_hrl_v1,177,3,GE_3,MoveAction,,0,0,True
exp_hrl_v1,177,3,US_3,RangedDirectAttack,,0,0,True
exp_hrl_v1,177,3,GE_4,MoveAction,,0,0,True
exp_hrl_v1,177,3,US_4,RangedDirectAttack,,0,0,True
exp_hrl_v1,177,3,US_5,RangedDirectAttack,,0,0,True
exp_hrl_v1,177,3,US_6,RangedDirectAttack,,0,0,True
exp_hrl_v1,177,3,US_7,RangedDirectAttack,,0,0,True
exp_hrl_v1,177,4,GE_4,MoveAction,,0,0,True
exp_hrl_v1,177,4,US_1,RangedDirectAttack,,0,0,True
exp_hrl_v1,178,1,GE_1,MoveAction,,0,0,True
exp_hrl_v1,178,1,US_1,MoveAction,,0,0,True
exp_hrl_v1,178,1,GE_2,MoveAction,,0,0,True
exp_hrl_v1,178,1,US_2,MoveAction,,0,0,True
exp_hrl_v1,178,1,GE_3,MoveAction,,0,0,True
exp_hrl_v1,178,1,US_3,MoveAction,,0,0,True
exp_hrl_v1,178,1,GE_4,MoveAction,,0,0,True
exp_hrl_v1,178,1,US_4,MoveAction,,0,0,True
exp_hrl_v1,178,1,GE_5,MoveAction,,0,0,True
exp_hrl_v1,178,1,US_5,MoveAction,,0,0,True
exp_hrl_v1,178,1,US_6,MoveAction,,0,0,True
exp_hrl_v1,178,1,US_7,MoveAction,,0,0,True
exp_hrl_v1,178,2,GE_1,MoveAction,,0,0,True
exp_hrl_v1,178,2,US_1,MoveAction,,0,0,True
exp_hrl_v1,178,2,GE_2,MoveAction,,0,0,True
exp_hrl_v1,178,2,US_2,MoveAction,,0,0,True
exp_hrl_v1,178,2,GE_3,MoveAction,,0,0,True
exp_hrl_v1,178,2,US_3,WaitAction,,0,0,True
exp_hrl_v1,178,2,GE_4,MoveAction,,0,0,True
exp_hrl_v1,178,2,US_4,MoveAction,,0,0,True
exp_hrl_v1,178,2,GE_5,MoveAction,,0,0,True
exp_hrl_v1,178,2,US_5,MoveAction,,0,0,True
exp_hrl_v1,178,2,US_6,MoveAction,,0,0,True
exp_hrl_v1,178,3,US_7,WaitAction,,0,0,True
exp_hrl_v1,178,3,GE_1,MoveAction,,0,0,True
exp_hrl_v1,178,3,US_1,MoveAction,,0,0,True
exp_hrl_v1,178,3,GE_2,MoveAction,,0,0,True
exp_hrl_v1,178,3,US_2,MoveAction,,0,0,True
exp_hrl_v1,178,3,GE_3,MoveAction,,0,0,True
exp_hrl_v1,178,3,US_3,MoveAction,,0,0,True
exp_hrl_v1,178,3,GE_4,MoveAction,,0,0,True
exp_hrl_v1,178,3,US_4,MoveAction,,0,0,True
exp_hrl_v1,178,3,GE_5,WaitAction,,0,0,True
exp_hrl_v1,178,3,US_5,WaitAction,,0,0,True
exp_hrl_v1,178,3,US_6,MoveAction,,0,0,True
exp_hrl_v1,178,3,US_7,MoveAction,,0,0,True
exp_hrl_v1,178,4,GE_1,MoveAction,,0,0,True
exp_hrl_v1,178,4,US_1,WaitAction,,0,0,True
exp_hrl_v1,178,4,GE_2,WaitAction,,0,0,True
exp_hrl_v1,178,4,US_2,MoveAction,,0,0,True
exp_hrl_v1,178,4,GE_3,WaitAction,,0,0,True
exp_hrl_v1,178,4,US_3,MoveAction,,0,0,True
exp_hrl_v1,178,4,GE_4,MoveAction,,0,0,True
exp_hrl_v1,178,4,US_4,MoveAction,,0,0,True
exp_hrl_v1,178,4,GE_5,WaitAction,,0,0,True
exp_hrl_v1,178,4,US_5,WaitAction,,0,0,True
exp_hrl_v1,178,4,US_6,MoveAction,,0,0,True
exp_hrl_v1,178,5,US_7,WaitAction,,0,0,True
exp_hrl_v1,178,5,GE_1,WaitAction,,0,0,True
exp_hrl_v1,178,5,US_1,WaitAction,,0,0,True
exp_hrl_v1,178,5,GE_2,WaitAction,,0,0,True
exp_hrl_v1,178,5,US_2,WaitAction,,0,0,True
exp_hrl_v1,178,5,GE_3,WaitAction,,0,0,True
exp_hrl_v1,178,5,US_3,WaitAction,,0,0,True
exp_hrl_v1,178,5,GE_4,WaitAction,,0,0,True
exp_hrl_v1,178,5,US_4,MoveAction,,0,0,True
exp_hrl_v1,178,5,GE_5,WaitAction,,0,0,True
exp_hrl_v1,178,5,US_5,WaitAction,,0,0,True
exp_hrl_v1,178,5,US_6,MoveAction,,0,0,True
exp_hrl_v1,178,6,US_7,WaitAction,,0,0,True
exp_hrl_v1,178,6,GE_1,WaitAction,,0,0,True
exp_hrl_v1,178,6,US_1,WaitAction,,0,0,True
exp_hrl_v1,178,6,GE_2,WaitAction,,0,0,True
exp_hrl_v1,178,6,US_2,MoveAction,,0,0,True
exp_hrl_v1,178,6,GE_3,WaitAction,,0,0,True
exp_hrl_v1,178,6,US_3,MoveAction,,0,0,True
exp_hrl_v1,178,6,GE_4,WaitAction,,0,0,True
exp_hrl_v1,178,6,US_4,MoveAction,,0,0,True
exp_hrl_v1,178,6,GE_5,MoveAction,,0,0,True
exp_hrl_v1,178,6,US_5,MoveAction,,0,0,True
exp_hrl_v1,178,6,US_6,MoveAction,,0,0,True
exp_hrl_v1,178,6,US_7,MoveAction,,0,0,True
exp_hrl_v1,178,7,GE_1,WaitAction,,0,0,True
exp_hrl_v1,178,7,US_1,WaitAction,,0,0,True
exp_hrl_v1,178,7,GE_2,WaitAction,,0,0,True
exp_hrl_v1,178,7,US_2,WaitAction,,0,0,True
exp_hrl_v1,178,7,GE_3,WaitAction,,0,0,True
exp_hrl_v1,178,7,US_3,RangedDirectAttack,,0,0,True
exp_hrl_v1,178,7,GE_4,WaitAction,,0,0,True
exp_hrl_v1,178,7,US_4,RangedDirectAttack,,0,0,True
exp_hrl_v1,178,7,GE_5,NoneType,,0,0,True
exp_hrl_v1,178,7,US_5,RangedDirectAttack,,0,0,True
exp_hrl_v1,178,7,US_6,RangedDirectAttack,,0,0,True
exp_hrl_v1,178,7,US_7,RangedDirectAttack,,0,0,True
exp_hrl_v1,178,8,GE_1,WaitAction,,0,0,True
exp_hrl_v1,178,8,US_1,RangedDirectAttack,,0,0,True
exp_hrl_v1,178,8,GE_3,MoveAction,,0,0,True
exp_hrl_v1,178,8,US_2,RangedDirectAttack,,0,0,True
exp_hrl_v1,178,8,GE_4,MoveAction,,0,0,True
exp_hrl_v1,178,8,US_3,RangedDirectAttack,,0,0,True
exp_hrl_v1,178,8,US_4,RangedDirectAttack,,0,0,True
exp_hrl_v1,179,1,GE_1,MoveAction,,0,0,True
exp_hrl_v1,179,1,US_1,RangedIndirectAttack,,0,0,True
exp_hrl_v1,179,1,GE_2,MoveAction,,0,0,True
exp_hrl_v1,179,1,US_2,RangedIndirectAttack,,0,0,True
exp_hrl_v1,179,1,GE_3,MoveAction,,0,0,True
exp_hrl_v1,179,1,US_3,RangedIndirectAttack,,0,0,True
exp_hrl_v1,179,1,GE_4,MoveAction,,0,0,True
exp_hrl_v1,179,1,US_4,RangedIndirectAttack,,0,0,True
exp_hrl_v1,179,1,GE_5,NoneType,,0,0,True
exp_hrl_v1,179,1,US_5,RangedIndirectAttack,,0,0,True
exp_hrl_v1,179,1,US_6,RangedIndirectAttack,,0,0,True
exp_hrl_v1,179,1,US_7,RangedIndirectAttack,,0,0,True
exp_hrl_v1,179,2,GE_3,MoveAction,,0,0,True
exp_hrl_v1,179,2,US_1,RangedIndirectAttack,,0,0,True
exp_hrl_v1,179,2,GE_4,MoveAction,,0,0,True
exp_hrl_v1,179,2,US_2,RangedIndirectAttack,,0,0,True
exp_hrl_v1,179,2,US_3,RangedIndirectAttack,,0,0,True
exp_hrl_v1,179,2,US_4,MoveAction,,0,0,True
exp_hrl_v1,179,2,US_5,MoveAction,,0,0,True
exp_hrl_v1,179,2,US_6,MoveAction,,0,0,True
exp_hrl_v1,179,3,US_7,WaitAction,,0,0,True
exp_hrl_v1,179,3,GE_3,MoveAction,,0,0,True
exp_hrl_v1,179,3,US_1,MoveAction,,0,0,True
exp_hrl_v1,179,3,GE_4,MoveAction,,0,0,True
exp_hrl_v1,179,3,US_2,MoveAction,,0,0,True
exp_hrl_v1,179,3,US_3,RangedDirectAttack,,0,0,True
exp_hrl_v1,179,3,US_4,RangedDirectAttack,,0,0,True
exp_hrl_v1,179,3,US_5,RangedDirectAttack,,0,0,True
exp_hrl_v1,179,3,US_6,RangedDirectAttack,,0,0,True
exp_hrl_v1,179,3,US_7,RangedDirectAttack,,0,0,True
exp_hrl_v1,179,4,GE_4,MoveAction,,0,0,True
exp_hrl_v1,179,4,US_1,RangedDirectAttack,,0,0,True
exp_hrl_v1,180,1,GE_1,MoveAction,,0,0,True
exp_hrl_v1,180,1,US_1,MoveAction,,0,0,True
exp_hrl_v1,180,1,GE_2,MoveAction,,0,0,True
exp_hrl_v1,180,1,US_2,MoveAction,,0,0,True
exp_hrl_v1,180,1,GE_3,MoveAction,,0,0,True
exp_hrl_v1,180,1,US_3,MoveAction,,0,0,True
exp_hrl_v1,180,1,GE_4,MoveAction,,0,0,True
exp_hrl_v1,180,1,US_4,MoveAction,,0,0,True
exp_hrl_v1,180,1,GE_5,MoveAction,,0,0,True
exp_hrl_v1,180,1,US_5,MoveAction,,0,0,True
exp_hrl_v1,180,1,US_6,MoveAction,,0,0,True
exp_hrl_v1,180,1,US_7,MoveAction,,0,0,True
exp_hrl_v1,180,2,GE_1,MoveAction,,0,0,True
exp_hrl_v1,180,2,US_1,MoveAction,,0,0,True
exp_hrl_v1,180,2,GE_2,MoveAction,,0,0,True
exp_hrl_v1,180,2,US_2,MoveAction,,0,0,True
exp_hrl_v1,180,2,GE_3,MoveAction,,0,0,True
exp_hrl_v1,180,2,US_3,WaitAction,,0,0,True
exp_hrl_v1,180,2,GE_4,MoveAction,,0,0,True
exp_hrl_v1,180,2,US_4,MoveAction,,0,0,True
exp_hrl_v1,180,2,GE_5,MoveAction,,0,0,True
exp_hrl_v1,180,2,US_5,MoveAction,,0,0,True
exp_hrl_v1,180,2,US_6,MoveAction,,0,0,True
exp_hrl_v1,180,2,US_7,MoveAction,,0,0,True
exp_hrl_v1,180,3,GE_1,MoveAction,,0,0,True
exp_hrl_v1,180,3,US_1,MoveAction,,0,0,True
exp_hrl_v1,180,3,GE_2,MoveAction,,0,0,True
exp_hrl_v1,180,3,US_2,MoveAction,,0,0,True
exp_hrl_v1,180,3,GE_3,MoveAction,,0,0,True
exp_hrl_v1,180,3,US_3,MoveAction,,0,0,True
exp_hrl_v1,180,3,GE_4,MoveAction,,0,0,True
exp_hrl_v1,180,3,US_4,MoveAction,,0,0,True
exp_hrl_v1,180,3,GE_5,MoveAction,,0,0,True
exp_hrl_v1,180,3,US_5,MoveAction,,0,0,True
exp_hrl_v1,180,3,US_6,MoveAction,,0,0,True
exp_hrl_v1,180,3,US_7,MoveAction,,0,0,True
exp_hrl_v1,180,4,GE_1,MoveAction,,0,0,True
exp_hrl_v1,180,4,US_1,WaitAction,,0,0,True
exp_hrl_v1,180,4,GE_2,WaitAction,,0,0,True
exp_hrl_v1,180,4,US_2,MoveAction,,0,0,True
exp_hrl_v1,180,4,GE_3,MoveAction,,0,0,True
exp_hrl_v1,180,4,US_3,MoveAction,,0,0,True
exp_hrl_v1,180,4,GE_4,MoveAction,,0,0,True
exp_hrl_v1,180,4,US_4,MoveAction,,0,0,True
exp_hrl_v1,180,4,GE_5,WaitAction,,0,0,True
exp_hrl_v1,180,4,US_5,WaitAction,,0,0,True
exp_hrl_v1,180,4,US_6,WaitAction,,0,0,True
exp_hrl_v1,180,4,US_7,MoveAction,,0,0,True
exp_hrl_v1,180,5,GE_1,WaitAction,,0,0,True
exp_hrl_v1,180,5,US_1,WaitAction,,0,0,True
exp_hrl_v1,180,5,GE_2,WaitAction,,0,0,True
exp_hrl_v1,180,5,US_2,WaitAction,,0,0,True
exp_hrl_v1,180,5,GE_3,WaitAction,,0,0,True
exp_hrl_v1,180,5,US_3,MoveAction,,0,0,True
exp_hrl_v1,180,5,GE_4,WaitAction,,0,0,True
exp_hrl_v1,180,5,US_4,MoveAction,,0,0,True
exp_hrl_v1,180,5,GE_5,WaitAction,,0,0,True
exp_hrl_v1,180,5,US_5,WaitAction,,0,0,True
exp_hrl_v1,180,5,US_6,WaitAction,,0,0,True
exp_hrl_v1,180,6,US_7,WaitAction,,0,0,True
exp_hrl_v1,180,6,GE_1,WaitAction,,0,0,True
exp_hrl_v1,180,6,US_1,MoveAction,,0,0,True
exp_hrl_v1,180,6,GE_2,WaitAction,,0,0,True
exp_hrl_v1,180,6,US_2,MoveAction,,0,0,True
exp_hrl_v1,180,6,GE_3,WaitAction,,0,0,True
exp_hrl_v1,180,6,US_3,MoveAction,,0,0,True
exp_hrl_v1,180,6,GE_4,WaitAction,,0,0,True
exp_hrl_v1,180,6,US_4,MoveAction,,0,0,True
exp_hrl_v1,180,6,GE_5,WaitAction,,0,0,True
exp_hrl_v1,180,6,US_5,MoveAction,,0,0,True
exp_hrl_v1,180,6,US_6,MoveAction,,0,0,True
exp_hrl_v1,180,6,US_7,MoveAction,,0,0,True
exp_hrl_v1,180,7,GE_1,WaitAction,,0,0,True
exp_hrl_v1,180,7,US_1,WaitAction,,0,0,True
exp_hrl_v1,180,7,GE_2,WaitAction,,0,0,True
exp_hrl_v1,180,7,US_2,WaitAction,,0,0,True
exp_hrl_v1,180,7,GE_3,WaitAction,,0,0,True
exp_hrl_v1,180,7,US_3,WaitAction,,0,0,True
exp_hrl_v1,180,7,GE_4,WaitAction,,0,0,True
exp_hrl_v1,180,7,US_4,MoveAction,,0,0,True
exp_hrl_v1,180,7,GE_5,WaitAction,,0,0,True
exp_hrl_v1,180,7,US_5,WaitAction,,0,0,True
exp_hrl_v1,180,7,US_6,WaitAction,,0,0,True
exp_hrl_v1,180,8,US_7,WaitAction,,0,0,True
exp_hrl_v1,180,8,GE_1,WaitAction,,0,0,True
exp_hrl_v1,180,8,US_1,WaitAction,,0,0,True
exp_hrl_v1,180,8,GE_2,WaitAction,,0,0,True
exp_hrl_v1,180,8,US_2,WaitAction,,0,0,True
exp_hrl_v1,180,8,GE_3,WaitAction,,0,0,True
exp_hrl_v1,180,8,US_3,WaitAction,,0,0,True
exp_hrl_v1,180,8,GE_4,WaitAction,,0,0,True
exp_hrl_v1,180,8,US_4,MoveAction,,0,0,True
exp_hrl_v1,180,8,GE_5,WaitAction,,0,0,True
exp_hrl_v1,180,8,US_5,MoveAction,,0,0,True
exp_hrl_v1,180,8,US_6,RangedDirectAttack,,0,0,True
exp_hrl_v1,180,8,US_7,RangedDirectAttack,,0,0,True
exp_hrl_v1,180,9,GE_1,WaitAction,,0,0,True
exp_hrl_v1,180,9,US_1,RangedDirectAttack,,0,0,True
exp_hrl_v1,180,9,GE_2,NoneType,,0,0,True
exp_hrl_v1,180,9,US_2,RangedDirectAttack,,0,0,True
exp_hrl_v1,180,9,GE_3,NoneType,,0,0,True
exp_hrl_v1,180,9,US_3,RangedDirectAttack,,0,0,True
exp_hrl_v1,180,9,GE_4,WaitAction,,0,0,True
exp_hrl_v1,180,9,US_4,RangedDirectAttack,,0,0,True
exp_hrl_v1,180,9,US_5,RangedDirectAttack,,0,0,True
exp_hrl_v1,180,9,US_6,RangedDirectAttack,,0,0,True
exp_hrl_v1,180,9,US_7,RangedDirectAttack,,0,0,True
exp_hrl_v1,181,1,GE_1,MoveAction,,0,0,True
exp_hrl_v1,181,1,US_1,MoveAction,,0,0,True
exp_hrl_v1,181,1,GE_2,MoveAction,,0,0,True
exp_hrl_v1,181,1,US_2,MoveAction,,0,0,True
exp_hrl_v1,181,1,GE_3,MoveAction,,0,0,True
exp_hrl_v1,181,1,US_3,MoveAction,,0,0,True
exp_hrl_v1,181,1,GE_4,MoveAction,,0,0,True
exp_hrl_v1,181,1,US_4,MoveAction,,0,0,True
exp_hrl_v1,181,1,GE_5,MoveAction,,0,0,True
exp_hrl_v1,181,1,US_5,MoveAction,,0,0,True
exp_hrl_v1,181,1,US_6,MoveAction,,0,0,True
exp_hrl_v1,181,1,US_7,RangedDirectAttack,,0,0,True
exp_hrl_v1,181,2,GE_1,MoveAction,,0,0,True
exp_hrl_v1,181,2,US_1,RangedDirectAttack,,0,0,True
exp_hrl_v1,181,2,GE_2,MoveAction,,0,0,True
exp_hrl_v1,181,2,US_2,RangedDirectAttack,,0,0,True
exp_hrl_v1,181,2,GE_3,MoveAction,,0,0,True
exp_hrl_v1,181,2,US_3,RangedDirectAttack,,0,0,True
exp_hrl_v1,181,2,GE_4,MoveAction,,0,0,True
exp_hrl_v1,181,2,US_4,RangedDirectAttack,,0,0,True
exp_hrl_v1,181,2,GE_5,NoneType,,0,0,True
exp_hrl_v1,181,2,US_5,RangedDirectAttack,,0,0,True
exp_hrl_v1,181,2,US_6,RangedDirectAttack,,0,0,True
exp_hrl_v1,181,2,US_7,RangedDirectAttack,,0,0,True
exp_hrl_v1,181,3,GE_2,MoveAction,,0,0,True
exp_hrl_v1,181,3,US_1,RangedDirectAttack,,0,0,True
exp_hrl_v1,181,3,GE_3,MoveAction,,0,0,True
exp_hrl_v1,181,3,US_2,RangedDirectAttack,,0,0,True
exp_hrl_v1,181,3,GE_4,MoveAction,,0,0,True
exp_hrl_v1,181,3,US_3,MoveAction,,0,0,True
exp_hrl_v1,181,3,US_4,MoveAction,,0,0,True
exp_hrl_v1,181,3,US_5,MoveAction,,0,0,True
exp_hrl_v1,181,3,US_6,MoveAction,,0,0,True
exp_hrl_v1,181,4,US_7,WaitAction,,0,0,True
exp_hrl_v1,181,4,GE_3,MoveAction,,0,0,True
exp_hrl_v1,181,4,US_1,MoveAction,,0,0,True
exp_hrl_v1,181,4,GE_4,MoveAction,,0,0,True
exp_hrl_v1,181,4,US_2,MoveAction,,0,0,True
exp_hrl_v1,181,4,US_3,MoveAction,,0,0,True
exp_hrl_v1,181,4,US_4,MoveAction,,0,0,True
exp_hrl_v1,181,4,US_5,WaitAction,,0,0,True
exp_hrl_v1,181,4,US_6,MoveAction,,0,0,True
exp_hrl_v1,181,4,US_7,MoveAction,,0,0,True
exp_hrl_v1,181,5,GE_3,WaitAction,,0,0,True
exp_hrl_v1,181,5,US_1,MoveAction,,0,0,True
exp_hrl_v1,181,5,GE_4,MoveAction,,0,0,True
exp_hrl_v1,181,5,US_2,WaitAction,,0,0,True
exp_hrl_v1,181,5,US_3,WaitAction,,0,0,True
exp_hrl_v1,181,5,US_4,MoveAction,,0,0,True
exp_hrl_v1,181,5,US_5,MoveAction,,0,0,True
exp_hrl_v1,181,5,US_6,MoveAction,,0,0,True
exp_hrl_v1,181,5,US_7,MoveAction,,0,0,True
exp_hrl_v1,181,6,GE_3,WaitAction,,0,0,True
exp_hrl_v1,181,6,US_1,WaitAction,,0,0,True
exp_hrl_v1,181,6,GE_4,MoveAction,,0,0,True
exp_hrl_v1,181,6,US_2,WaitAction,,0,0,True
exp_hrl_v1,181,6,US_3,WaitAction,,0,0,True
exp_hrl_v1,181,6,US_4,MoveAction,,0,0,True
exp_hrl_v1,181,6,US_5,WaitAction,,0,0,True
exp_hrl_v1,181,6,US_6,RangedIndirectAttack,,0,0,True
exp_hrl_v1,181,6,US_7,RangedIndirectAttack,,0,0,True
exp_hrl_v1,181,7,GE_4,WaitAction,,0,0,True
exp_hrl_v1,181,7,US_1,RangedIndirectAttack,,0,0,True
exp_hrl_v1,181,7,US_2,RangedIndirectAttack,,0,0,True
exp_hrl_v1,182,1,GE_1,MoveAction,,0,0,True
exp_hrl_v1,182,1,US_1,MoveAction,,0,0,True
exp_hrl_v1,182,1,GE_2,MoveAction,,0,0,True
exp_hrl_v1,182,1,US_2,MoveAction,,0,0,True
exp_hrl_v1,182,1,GE_3,MoveAction,,0,0,True
exp_hrl_v1,182,1,US_3,MoveAction,,0,0,True
exp_hrl_v1,182,1,GE_4,MoveAction,,0,0,True
exp_hrl_v1,182,1,US_4,MoveAction,,0,0,True
exp_hrl_v1,182,1,GE_5,MoveAction,,0,0,True
exp_hrl_v1,182,1,US_5,MoveAction,,0,0,True
exp_hrl_v1,182,1,US_6,MoveAction,,0,0,True
exp_hrl_v1,182,1,US_7,MoveAction,,0,0,True
exp_hrl_v1,182,2,GE_1,MoveAction,,0,0,True
exp_hrl_v1,182,2,US_1,MoveAction,,0,0,True
exp_hrl_v1,182,2,GE_2,MoveAction,,0,0,True
exp_hrl_v1,182,2,US_2,MoveAction,,0,0,True
exp_hrl_v1,182,2,GE_3,MoveAction,,0,0,True
exp_hrl_v1,182,2,US_3,WaitAction,,0,0,True
exp_hrl_v1,182,2,GE_4,MoveAction,,0,0,True
exp_hrl_v1,182,2,US_4,MoveAction,,0,0,True
exp_hrl_v1,182,2,GE_5,MoveAction,,0,0,True
exp_hrl_v1,182,2,US_5,MoveAction,,0,0,True
exp_hrl_v1,182,2,US_6,MoveAction,,0,0,True
exp_hrl_v1,182,3,US_7,WaitAction,,0,0,True
exp_hrl_v1,182,3,GE_1,MoveAction,,0,0,True
exp_hrl_v1,182,3,US_1,MoveAction,,0,0,True
exp_hrl_v1,182,3,GE_2,MoveAction,,0,0,True
exp_hrl_v1,182,3,US_2,MoveAction,,0,0,True
exp_hrl_v1,182,3,GE_3,MoveAction,,0,0,True
exp_hrl_v1,182,3,US_3,MoveAction,,0,0,True
exp_hrl_v1,182,3,GE_4,MoveAction,,0,0,True
exp_hrl_v1,182,3,US_4,MoveAction,,0,0,True
exp_hrl_v1,182,3,GE_5,WaitAction,,0,0,True
exp_hrl_v1,182,3,US_5,MoveAction,,0,0,True
exp_hrl_v1,182,3,US_6,MoveAction,,0,0,True
exp_hrl_v1,182,3,US_7,MoveAction,,0,0,True
exp_hrl_v1,182,4,GE_1,MoveAction,,0,0,True
exp_hrl_v1,182,4,US_1,MoveAction,,0,0,True
exp_hrl_v1,182,4,GE_2,MoveAction,,0,0,True
exp_hrl_v1,182,4,US_2,MoveAction,,0,0,True
exp_hrl_v1,182,4,GE_3,MoveAction,,0,0,True
exp_hrl_v1,182,4,US_3,MoveAction,,0,0,True
exp_hrl_v1,182,4,GE_4,MoveAction,,0,0,True
exp_hrl_v1,182,4,US_4,MoveAction,,0,0,True
exp_hrl_v1,182,4,GE_5,MoveAction,,0,0,True
exp_hrl_v1,182,4,US_5,MoveAction,,0,0,True
exp_hrl_v1,182,4,US_6,MoveAction,,0,0,True
exp_hrl_v1,182,4,US_7,MoveAction,,0,0,True
exp_hrl_v1,182,5,GE_1,MoveAction,,0,0,True
exp_hrl_v1,182,5,US_1,WaitAction,,0,0,True
exp_hrl_v1,182,5,GE_2,WaitAction,,0,0,True
exp_hrl_v1,182,5,US_2,WaitAction,,0,0,True
exp_hrl_v1,182,5,GE_3,WaitAction,,0,0,True
exp_hrl_v1,182,5,US_3,MoveAction,,0,0,True
exp_hrl_v1,182,5,GE_4,MoveAction,,0,0,True
exp_hrl_v1,182,5,US_4,MoveAction,,0,0,True
exp_hrl_v1,182,5,GE_5,WaitAction,,0,0,True
exp_hrl_v1,182,5,US_5,MoveAction,,0,0,True
exp_hrl_v1,182,5,US_6,MoveAction,,0,0,True
exp_hrl_v1,182,5,US_7,MoveAction,,0,0,True
exp_hrl_v1,182,6,GE_1,WaitAction,,0,0,True
exp_hrl_v1,182,6,US_1,WaitAction,,0,0,True
exp_hrl_v1,182,6,GE_2,WaitAction,,0,0,True
exp_hrl_v1,182,6,US_2,WaitAction,,0,0,True
exp_hrl_v1,182,6,GE_3,WaitAction,,0,0,True
exp_hrl_v1,182,6,US_3,WaitAction,,0,0,True
exp_hrl_v1,182,6,GE_4,WaitAction,,0,0,True
exp_hrl_v1,182,6,US_4,MoveAction,,0,0,True
exp_hrl_v1,182,6,GE_5,WaitAction,,0,0,True
exp_hrl_v1,182,6,US_5,MoveAction,,0,0,True
exp_hrl_v1,182,6,US_6,WaitAction,,0,0,True
exp_hrl_v1,182,7,US_7,WaitAction,,0,0,True
exp_hrl_v1,182,7,GE_1,WaitAction,,0,0,True
exp_hrl_v1,182,7,US_1,WaitAction,,0,0,True
exp_hrl_v1,182,7,GE_2,WaitAction,,0,0,True
exp_hrl_v1,182,7,US_2,WaitAction,,0,0,True
exp_hrl_v1,182,7,GE_3,WaitAction,,0,0,True
exp_hrl_v1,182,7,US_3,WaitAction,,0,0,True
exp_hrl_v1,182,7,GE_4,WaitAction,,0,0,True
exp_hrl_v1,182,7,US_4,WaitAction,,0,0,True
exp_hrl_v1,182,7,GE_5,WaitAction,,0,0,True
exp_hrl_v1,182,7,US_5,RangedIndirectAttack,,0,0,True
exp_hrl_v1,182,7,US_6,RangedIndirectAttack,,0,0,True
exp_hrl_v1,182,7,US_7,RangedIndirectAttack,,0,0,True
exp_hrl_v1,182,8,GE_1,WaitAction,,0,0,True
exp_hrl_v1,182,8,US_1,RangedIndirectAttack,,0,0,True
exp_hrl_v1,182,8,GE_2,WaitAction,,0,0,True
exp_hrl_v1,182,8,US_2,RangedIndirectAttack,,0,0,True
exp_hrl_v1,182,8,GE_3,WaitAction,,0,0,True
exp_hrl_v1,182,8,US_3,RangedIndirectAttack,,0,0,True
exp_hrl_v1,182,8,GE_4,MoveAction,,0,0,True
exp_hrl_v1,182,8,US_4,RangedIndirectAttack,,0,0,True
exp_hrl_v1,182,8,US_5,RangedIndirectAttack,,0,0,True
exp_hrl_v1,182,8,US_6,RangedIndirectAttack,,0,0,True
exp_hrl_v1,182,8,US_7,RangedIndirectAttack,,0,0,True
exp_hrl_v1,182,9,GE_4,WaitAction,,0,0,True
exp_hrl_v1,182,9,US_1,RangedDirectAttack,,0,0,True
exp_hrl_v1,183,1,GE_1,MoveAction,,0,0,True
exp_hrl_v1,183,1,US_1,MoveAction,,0,0,True
exp_hrl_v1,183,1,GE_2,MoveAction,,0,0,True
exp_hrl_v1,183,1,US_2,MoveAction,,0,0,True
exp_hrl_v1,183,1,GE_3,MoveAction,,0,0,True
exp_hrl_v1,183,1,US_3,MoveAction,,0,0,True
exp_hrl_v1,183,1,GE_4,MoveAction,,0,0,True
exp_hrl_v1,183,1,US_4,MoveAction,,0,0,True
exp_hrl_v1,183,1,GE_5,MoveAction,,0,0,True
exp_hrl_v1,183,1,US_5,MoveAction,,0,0,True
exp_hrl_v1,183,1,US_6,MoveAction,,0,0,True
exp_hrl_v1,183,1,US_7,RangedDirectAttack,,0,0,True
exp_hrl_v1,183,2,GE_1,MoveAction,,0,0,True
exp_hrl_v1,183,2,US_1,RangedDirectAttack,,0,0,True
exp_hrl_v1,183,2,GE_2,MoveAction,,0,0,True
exp_hrl_v1,183,2,US_2,RangedDirectAttack,,0,0,True
exp_hrl_v1,183,2,GE_3,MoveAction,,0,0,True
exp_hrl_v1,183,2,US_3,RangedDirectAttack,,0,0,True
exp_hrl_v1,183,2,GE_4,MoveAction,,0,0,True
exp_hrl_v1,183,2,US_4,RangedDirectAttack,,0,0,True
exp_hrl_v1,183,2,GE_5,NoneType,,0,0,True
exp_hrl_v1,183,2,US_5,RangedDirectAttack,,0,0,True
exp_hrl_v1,183,2,US_6,RangedDirectAttack,,0,0,True
exp_hrl_v1,183,2,US_7,RangedDirectAttack,,0,0,True
exp_hrl_v1,183,3,GE_2,MoveAction,,0,0,True
exp_hrl_v1,183,3,US_1,RangedDirectAttack,,0,0,True
exp_hrl_v1,183,3,GE_3,MoveAction,,0,0,True
exp_hrl_v1,183,3,US_2,RangedDirectAttack,,0,0,True
exp_hrl_v1,183,3,GE_4,MoveAction,,0,0,True
exp_hrl_v1,183,3,US_3,WaitAction,,0,0,True
exp_hrl_v1,183,3,US_4,MoveAction,,0,0,True
exp_hrl_v1,183,3,US_5,MoveAction,,0,0,True
exp_hrl_v1,183,3,US_6,MoveAction,,0,0,True
exp_hrl_v1,183,4,US_7,WaitAction,,0,0,True
exp_hrl_v1,183,4,GE_3,MoveAction,,0,0,True
exp_hrl_v1,183,4,US_1,MoveAction,,0,0,True
exp_hrl_v1,183,4,GE_4,MoveAction,,0,0,True
exp_hrl_v1,183,4,US_2,MoveAction,,0,0,True
exp_hrl_v1,183,4,US_3,WaitAction,,0,0,True
exp_hrl_v1,183,4,US_4,MoveAction,,0,0,True
exp_hrl_v1,183,4,US_5,MoveAction,,0,0,True
exp_hrl_v1,183,4,US_6,WaitAction,,0,0,True
exp_hrl_v1,183,5,US_7,WaitAction,,0,0,True
exp_hrl_v1,183,5,GE_3,MoveAction,,0,0,True
exp_hrl_v1,183,5,US_1,WaitAction,,0,0,True
exp_hrl_v1,183,5,GE_4,MoveAction,,0,0,True
exp_hrl_v1,183,5,US_2,MoveAction,,0,0,True
exp_hrl_v1,183,5,US_3,MoveAction,,0,0,True
exp_hrl_v1,183,5,US_4,MoveAction,,0,0,True
exp_hrl_v1,183,5,US_5,WaitAction,,0,0,True
exp_hrl_v1,183,5,US_6,MoveAction,,0,0,True
exp_hrl_v1,183,5,US_7,MoveAction,,0,0,True
exp_hrl_v1,183,6,GE_3,WaitAction,,0,0,True
exp_hrl_v1,183,6,US_1,RangedDirectAttack,,0,0,True
exp_hrl_v1,183,6,GE_4,MoveAction,,0,0,True
exp_hrl_v1,183,6,US_2,RangedDirectAttack,,0,0,True
exp_hrl_v1,183,6,US_3,RangedDirectAttack,,0,0,True
exp_hrl_v1,184,1,GE_1,MoveAction,,0,0,True
exp_hrl_v1,184,1,US_1,MoveAction,,0,0,True
exp_hrl_v1,184,1,GE_2,MoveAction,,0,0,True
exp_hrl_v1,184,1,US_2,MoveAction,,0,0,True
exp_hrl_v1,184,1,GE_3,MoveAction,,0,0,True
exp_hrl_v1,184,1,US_3,MoveAction,,0,0,True
exp_hrl_v1,184,1,GE_4,MoveAction,,0,0,True
exp_hrl_v1,184,1,US_4,MoveAction,,0,0,True
exp_hrl_v1,184,1,GE_5,MoveAction,,0,0,True
exp_hrl_v1,184,1,US_5,MoveAction,,0,0,True
exp_hrl_v1,184,1,US_6,MoveAction,,0,0,True
exp_hrl_v1,184,1,US_7,MoveAction,,0,0,True
exp_hrl_v1,184,2,GE_1,MoveAction,,0,0,True
exp_hrl_v1,184,2,US_1,MoveAction,,0,0,True
exp_hrl_v1,184,2,GE_2,MoveAction,,0,0,True
exp_hrl_v1,184,2,US_2,MoveAction,,0,0,True
exp_hrl_v1,184,2,GE_3,MoveAction,,0,0,True
exp_hrl_v1,184,2,US_3,WaitAction,,0,0,True
exp_hrl_v1,184,2,GE_4,MoveAction,,0,0,True
exp_hrl_v1,184,2,US_4,MoveAction,,0,0,True
exp_hrl_v1,184,2,GE_5,MoveAction,,0,0,True
exp_hrl_v1,184,2,US_5,MoveAction,,0,0,True
exp_hrl_v1,184,2,US_6,MoveAction,,0,0,True
exp_hrl_v1,184,2,US_7,MoveAction,,0,0,True
exp_hrl_v1,184,3,GE_1,MoveAction,,0,0,True
exp_hrl_v1,184,3,US_1,MoveAction,,0,0,True
exp_hrl_v1,184,3,GE_2,MoveAction,,0,0,True
exp_hrl_v1,184,3,US_2,MoveAction,,0,0,True
exp_hrl_v1,184,3,GE_3,MoveAction,,0,0,True
exp_hrl_v1,184,3,US_3,MoveAction,,0,0,True
exp_hrl_v1,184,3,GE_4,MoveAction,,0,0,True
exp_hrl_v1,184,3,US_4,MoveAction,,0,0,True
exp_hrl_v1,184,3,GE_5,MoveAction,,0,0,True
exp_hrl_v1,184,3,US_5,MoveAction,,0,0,True
exp_hrl_v1,184,3,US_6,MoveAction,,0,0,True
exp_hrl_v1,184,3,US_7,MoveAction,,0,0,True
exp_hrl_v1,184,4,GE_1,MoveAction,,0,0,True
exp_hrl_v1,184,4,US_1,WaitAction,,0,0,True
exp_hrl_v1,184,4,GE_2,WaitAction,,0,0,True
exp_hrl_v1,184,4,US_2,MoveAction,,0,0,True
exp_hrl_v1,184,4,GE_3,MoveAction,,0,0,True
exp_hrl_v1,184,4,US_3,MoveAction,,0,0,True
exp_hrl_v1,184,4,GE_4,MoveAction,,0,0,True
exp_hrl_v1,184,4,US_4,MoveAction,,0,0,True
exp_hrl_v1,184,4,GE_5,WaitAction,,0,0,True
exp_hrl_v1,184,4,US_5,WaitAction,,0,0,True
exp_hrl_v1,184,4,US_6,WaitAction,,0,0,True
exp_hrl_v1,184,4,US_7,MoveAction,,0,0,True
exp_hrl_v1,184,5,GE_1,WaitAction,,0,0,True
exp_hrl_v1,184,5,US_1,WaitAction,,0,0,True
exp_hrl_v1,184,5,GE_2,WaitAction,,0,0,True
exp_hrl_v1,184,5,US_2,WaitAction,,0,0,True
exp_hrl_v1,184,5,GE_3,WaitAction,,0,0,True
exp_hrl_v1,184,5,US_3,MoveAction,,0,0,True
exp_hrl_v1,184,5,GE_4,WaitAction,,0,0,True
exp_hrl_v1,184,5,US_4,MoveAction,,0,0,True
exp_hrl_v1,184,5,GE_5,WaitAction,,0,0,True
exp_hrl_v1,184,5,US_5,WaitAction,,0,0,True
exp_hrl_v1,184,5,US_6,WaitAction,,0,0,True
exp_hrl_v1,184,6,US_7,WaitAction,,0,0,True
exp_hrl_v1,184,6,GE_1,WaitAction,,0,0,True
exp_hrl_v1,184,6,US_1,RangedDirectAttack,,0,0,True
exp_hrl_v1,184,6,GE_2,WaitAction,,0,0,True
exp_hrl_v1,184,6,US_2,RangedDirectAttack,,0,0,True
exp_hrl_v1,184,6,GE_3,WaitAction,,0,0,True
exp_hrl_v1,184,6,US_3,RangedDirectAttack,,0,0,True
exp_hrl_v1,184,6,GE_4,WaitAction,,0,0,True
exp_hrl_v1,184,6,US_4,RangedDirectAttack,,0,0,True
exp_hrl_v1,184,6,GE_5,NoneType,,0,0,True
exp_hrl_v1,184,6,US_5,RangedDirectAttack,,0,0,True
exp_hrl_v1,184,6,US_6,RangedDirectAttack,,0,0,True
exp_hrl_v1,184,6,US_7,RangedDirectAttack,,0,0,True
exp_hrl_v1,184,7,GE_1,MoveAction,,0,0,True
exp_hrl_v1,184,7,US_1,RangedDirectAttack,,0,0,True
exp_hrl_v1,184,7,GE_4,MoveAction,,0,0,True
exp_hrl_v1,184,7,US_2,RangedDirectAttack,,0,0,True
exp_hrl_v1,184,7,US_3,RangedDirectAttack,,0,0,True
exp_hrl_v1,185,1,GE_1,MoveAction,,0,0,True
exp_hrl_v1,185,1,US_1,MoveAction,,0,0,True
exp_hrl_v1,185,1,GE_2,MoveAction,,0,0,True
exp_hrl_v1,185,1,US_2,MoveAction,,0,0,True
exp_hrl_v1,185,1,GE_3,MoveAction,,0,0,True
exp_hrl_v1,185,1,US_3,MoveAction,,0,0,True
exp_hrl_v1,185,1,GE_4,MoveAction,,0,0,True
exp_hrl_v1,185,1,US_4,MoveAction,,0,0,True
exp_hrl_v1,185,1,GE_5,MoveAction,,0,0,True
exp_hrl_v1,185,1,US_5,MoveAction,,0,0,True
exp_hrl_v1,185,1,US_6,MoveAction,,0,0,True
exp_hrl_v1,185,1,US_7,MoveAction,,0,0,True
exp_hrl_v1,185,2,GE_1,MoveAction,,0,0,True
exp_hrl_v1,185,2,US_1,MoveAction,,0,0,True
exp_hrl_v1,185,2,GE_2,MoveAction,,0,0,True
exp_hrl_v1,185,2,US_2,MoveAction,,0,0,True
exp_hrl_v1,185,2,GE_3,MoveAction,,0,0,True
exp_hrl_v1,185,2,US_3,MoveAction,,0,0,True
exp_hrl_v1,185,2,GE_4,MoveAction,,0,0,True
exp_hrl_v1,185,2,US_4,MoveAction,,0,0,True
exp_hrl_v1,185,2,GE_5,MoveAction,,0,0,True
exp_hrl_v1,185,2,US_5,MoveAction,,0,0,True
exp_hrl_v1,185,2,US_6,MoveAction,,0,0,True
exp_hrl_v1,185,2,US_7,MoveAction,,0,0,True
exp_hrl_v1,185,3,GE_1,MoveAction,,0,0,True
exp_hrl_v1,185,3,US_1,MoveAction,,0,0,True
exp_hrl_v1,185,3,GE_2,MoveAction,,0,0,True
exp_hrl_v1,185,3,US_2,MoveAction,,0,0,True
exp_hrl_v1,185,3,GE_3,MoveAction,,0,0,True
exp_hrl_v1,185,3,US_3,MoveAction,,0,0,True
exp_hrl_v1,185,3,GE_4,MoveAction,,0,0,True
exp_hrl_v1,185,3,US_4,MoveAction,,0,0,True
exp_hrl_v1,185,3,GE_5,WaitAction,,0,0,True
exp_hrl_v1,185,3,US_5,MoveAction,,0,0,True
exp_hrl_v1,185,3,US_6,MoveAction,,0,0,True
exp_hrl_v1,185,3,US_7,MoveAction,,0,0,True
exp_hrl_v1,185,4,GE_1,MoveAction,,0,0,True
exp_hrl_v1,185,4,US_1,MoveAction,,0,0,True
exp_hrl_v1,185,4,GE_2,MoveAction,,0,0,True
exp_hrl_v1,185,4,US_2,MoveAction,,0,0,True
exp_hrl_v1,185,4,GE_3,MoveAction,,0,0,True
exp_hrl_v1,185,4,US_3,MoveAction,,0,0,True
exp_hrl_v1,185,4,GE_4,MoveAction,,0,0,True
exp_hrl_v1,185,4,US_4,MoveAction,,0,0,True
exp_hrl_v1,185,4,GE_5,MoveAction,,0,0,True
exp_hrl_v1,185,4,US_5,MoveAction,,0,0,True
exp_hrl_v1,185,4,US_6,MoveAction,,0,0,True
exp_hrl_v1,185,4,US_7,MoveAction,,0,0,True
exp_hrl_v1,185,5,GE_1,MoveAction,,0,0,True
exp_hrl_v1,185,5,US_1,WaitAction,,0,0,True
exp_hrl_v1,185,5,GE_2,WaitAction,,0,0,True
exp_hrl_v1,185,5,US_2,WaitAction,,0,0,True
exp_hrl_v1,185,5,GE_3,WaitAction,,0,0,True
exp_hrl_v1,185,5,US_3,MoveAction,,0,0,True
exp_hrl_v1,185,5,GE_4,MoveAction,,0,0,True
exp_hrl_v1,185,5,US_4,MoveAction,,0,0,True
exp_hrl_v1,185,5,GE_5,MoveAction,,0,0,True
exp_hrl_v1,185,5,US_5,WaitAction,,0,0,True
exp_hrl_v1,185,5,US_6,MoveAction,,0,0,True
exp_hrl_v1,185,5,US_7,MoveAction,,0,0,True
exp_hrl_v1,185,6,GE_1,WaitAction,,0,0,True
exp_hrl_v1,185,6,US_1,MoveAction,,0,0,True
exp_hrl_v1,185,6,GE_2,WaitAction,,0,0,True
exp_hrl_v1,185,6,US_2,WaitAction,,0,0,True
exp_hrl_v1,185,6,GE_3,WaitAction,,0,0,True
exp_hrl_v1,185,6,US_3,WaitAction,,0,0,True
exp_hrl_v1,185,6,GE_4,WaitAction,,0,0,True
exp_hrl_v1,185,6,US_4,MoveAction,,0,0,True
exp_hrl_v1,185,6,GE_5,WaitAction,,0,0,True
exp_hrl_v1,185,6,US_5,WaitAction,,0,0,True
exp_hrl_v1,185,6,US_6,MoveAction,,0,0,True
exp_hrl_v1,185,6,US_7,MoveAction,,0,0,True
exp_hrl_v1,185,7,GE_1,MoveAction,,0,0,True
exp_hrl_v1,185,7,US_1,WaitAction,,0,0,True
exp_hrl_v1,185,7,GE_2,WaitAction,,0,0,True
exp_hrl_v1,185,7,US_2,WaitAction,,0,0,True
exp_hrl_v1,185,7,GE_3,WaitAction,,0,0,True
exp_hrl_v1,185,7,US_3,WaitAction,,0,0,True
exp_hrl_v1,185,7,GE_4,WaitAction,,0,0,True
exp_hrl_v1,185,7,US_4,WaitAction,,0,0,True
exp_hrl_v1,185,7,GE_5,WaitAction,,0,0,True
exp_hrl_v1,185,7,US_5,WaitAction,,0,0,True
exp_hrl_v1,185,7,US_6,WaitAction,,0,0,True
exp_hrl_v1,185,8,US_7,WaitAction,,0,0,True
exp_hrl_v1,185,8,GE_1,WaitAction,,0,0,True
exp_hrl_v1,185,8,US_1,WaitAction,,0,0,True
exp_hrl_v1,185,8,GE_2,WaitAction,,0,0,True
exp_hrl_v1,185,8,US_2,WaitAction,,0,0,True
exp_hrl_v1,185,8,GE_3,WaitAction,,0,0,True
exp_hrl_v1,185,8,US_3,WaitAction,,0,0,True
exp_hrl_v1,185,8,GE_4,WaitAction,,0,0,True
exp_hrl_v1,185,8,US_4,WaitAction,,0,0,True
exp_hrl_v1,185,8,GE_5,WaitAction,,0,0,True
exp_hrl_v1,185,8,US_5,WaitAction,,0,0,True
exp_hrl_v1,185,8,US_6,MoveAction,,0,0,True
exp_hrl_v1,185,8,US_7,MoveAction,,0,0,True
exp_hrl_v1,185,9,GE_1,WaitAction,,0,0,True
exp_hrl_v1,185,9,US_1,MoveAction,,0,0,True
exp_hrl_v1,185,9,GE_2,WaitAction,,0,0,True
exp_hrl_v1,185,9,US_2,MoveAction,,0,0,True
exp_hrl_v1,185,9,GE_3,WaitAction,,0,0,True
exp_hrl_v1,185,9,US_3,MoveAction,,0,0,True
exp_hrl_v1,185,9,GE_4,MoveAction,,0,0,True
exp_hrl_v1,185,9,US_4,MoveAction,,0,0,True
exp_hrl_v1,185,9,GE_5,WaitAction,,0,0,True
exp_hrl_v1,185,9,US_5,MoveAction,,0,0,True
exp_hrl_v1,185,9,US_6,WaitAction,,0,0,True
exp_hrl_v1,185,9,US_7,MoveAction,,0,0,True
exp_hrl_v1,185,10,GE_1,WaitAction,,0,0,True
exp_hrl_v1,185,10,US_1,MoveAction,,0,0,True
exp_hrl_v1,185,10,GE_2,WaitAction,,0,0,True
exp_hrl_v1,185,10,US_2,WaitAction,,0,0,True
exp_hrl_v1,185,10,GE_3,MoveAction,,0,0,True
exp_hrl_v1,185,10,US_3,WaitAction,,0,0,True
exp_hrl_v1,185,10,GE_4,MoveAction,,0,0,True
exp_hrl_v1,185,10,US_4,WaitAction,,0,0,True
exp_hrl_v1,185,10,GE_5,WaitAction,,0,0,True
exp_hrl_v1,185,10,US_5,WaitAction,,0,0,True
exp_hrl_v1,185,10,US_6,WaitAction,,0,0,True
exp_hrl_v1,185,11,US_7,WaitAction,,0,0,True
exp_hrl_v1,185,11,GE_1,WaitAction,,0,0,True
exp_hrl_v1,185,11,US_1,WaitAction,,0,0,True
exp_hrl_v1,185,11,GE_2,WaitAction,,0,0,True
exp_hrl_v1,185,11,US_2,RangedDirectAttack,,0,0,True
exp_hrl_v1,185,11,GE_3,WaitAction,,0,0,True
exp_hrl_v1,185,11,US_3,RangedDirectAttack,,0,0,True
exp_hrl_v1,185,11,GE_4,WaitAction,,0,0,True
exp_hrl_v1,185,11,US_4,RangedDirectAttack,,0,0,True
exp_hrl_v1,185,11,GE_5,NoneType,,0,0,True
exp_hrl_v1,185,11,US_5,RangedDirectAttack,,0,0,True
exp_hrl_v1,185,11,US_6,RangedDirectAttack,,0,0,True
exp_hrl_v1,185,11,US_7,RangedDirectAttack,,0,0,True
exp_hrl_v1,186,1,GE_1,MoveAction,,0,0,True
exp_hrl_v1,186,1,US_1,MoveAction,,0,0,True
exp_hrl_v1,186,1,GE_2,MoveAction,,0,0,True
exp_hrl_v1,186,1,US_2,MoveAction,,0,0,True
exp_hrl_v1,186,1,GE_3,MoveAction,,0,0,True
exp_hrl_v1,186,1,US_3,MoveAction,,0,0,True
exp_hrl_v1,186,1,GE_4,MoveAction,,0,0,True
exp_hrl_v1,186,1,US_4,MoveAction,,0,0,True
exp_hrl_v1,186,1,GE_5,MoveAction,,0,0,True
exp_hrl_v1,186,1,US_5,MoveAction,,0,0,True
exp_hrl_v1,186,1,US_6,MoveAction,,0,0,True
exp_hrl_v1,186,1,US_7,MoveAction,,0,0,True
exp_hrl_v1,186,2,GE_1,MoveAction,,0,0,True
exp_hrl_v1,186,2,US_1,MoveAction,,0,0,True
exp_hrl_v1,186,2,GE_2,MoveAction,,0,0,True
exp_hrl_v1,186,2,US_2,MoveAction,,0,0,True
exp_hrl_v1,186,2,GE_3,MoveAction,,0,0,True
exp_hrl_v1,186,2,US_3,MoveAction,,0,0,True
exp_hrl_v1,186,2,GE_4,MoveAction,,0,0,True
exp_hrl_v1,186,2,US_4,MoveAction,,0,0,True
exp_hrl_v1,186,2,GE_5,MoveAction,,0,0,True
exp_hrl_v1,186,2,US_5,MoveAction,,0,0,True
exp_hrl_v1,186,2,US_6,MoveAction,,0,0,True
exp_hrl_v1,186,3,US_7,WaitAction,,0,0,True
exp_hrl_v1,186,3,GE_1,MoveAction,,0,0,True
exp_hrl_v1,186,3,US_1,MoveAction,,0,0,True
exp_hrl_v1,186,3,GE_2,MoveAction,,0,0,True
exp_hrl_v1,186,3,US_2,MoveAction,,0,0,True
exp_hrl_v1,186,3,GE_3,MoveAction,,0,0,True
exp_hrl_v1,186,3,US_3,MoveAction,,0,0,True
exp_hrl_v1,186,3,GE_4,MoveAction,,0,0,True
exp_hrl_v1,186,3,US_4,WaitAction,,0,0,True
exp_hrl_v1,186,3,GE_5,WaitAction,,0,0,True
exp_hrl_v1,186,3,US_5,WaitAction,,0,0,True
exp_hrl_v1,186,3,US_6,MoveAction,,0,0,True
exp_hrl_v1,186,3,US_7,MoveAction,,0,0,True
exp_hrl_v1,186,4,GE_1,MoveAction,,0,0,True
exp_hrl_v1,186,4,US_1,WaitAction,,0,0,True
exp_hrl_v1,186,4,GE_2,WaitAction,,0,0,True
exp_hrl_v1,186,4,US_2,MoveAction,,0,0,True
exp_hrl_v1,186,4,GE_3,WaitAction,,0,0,True
exp_hrl_v1,186,4,US_3,MoveAction,,0,0,True
exp_hrl_v1,186,4,GE_4,MoveAction,,0,0,True
exp_hrl_v1,186,4,US_4,MoveAction,,0,0,True
exp_hrl_v1,186,4,GE_5,WaitAction,,0,0,True
exp_hrl_v1,186,4,US_5,WaitAction,,0,0,True
exp_hrl_v1,186,4,US_6,MoveAction,,0,0,True
exp_hrl_v1,186,5,US_7,WaitAction,,0,0,True
exp_hrl_v1,186,5,GE_1,WaitAction,,0,0,True
exp_hrl_v1,186,5,US_1,WaitAction,,0,0,True
exp_hrl_v1,186,5,GE_2,WaitAction,,0,0,True
exp_hrl_v1,186,5,US_2,WaitAction,,0,0,True
exp_hrl_v1,186,5,GE_3,WaitAction,,0,0,True
exp_hrl_v1,186,5,US_3,MoveAction,,0,0,True
exp_hrl_v1,186,5,GE_4,WaitAction,,0,0,True
exp_hrl_v1,186,5,US_4,MoveAction,,0,0,True
exp_hrl_v1,186,5,GE_5,WaitAction,,0,0,True
exp_hrl_v1,186,5,US_5,MoveAction,,0,0,True
exp_hrl_v1,186,5,US_6,MoveAction,,0,0,True
exp_hrl_v1,186,5,US_7,MoveAction,,0,0,True
exp_hrl_v1,186,6,GE_1,WaitAction,,0,0,True
exp_hrl_v1,186,6,US_1,RangedDirectAttack,,0,0,True
exp_hrl_v1,186,6,GE_2,WaitAction,,0,0,True
exp_hrl_v1,186,6,US_2,RangedDirectAttack,,0,0,True
exp_hrl_v1,186,6,GE_3,WaitAction,,0,0,True
exp_hrl_v1,186,6,US_3,RangedDirectAttack,,0,0,True
exp_hrl_v1,186,6,GE_4,WaitAction,,0,0,True
exp_hrl_v1,186,6,US_4,RangedDirectAttack,,0,0,True
exp_hrl_v1,186,6,GE_5,NoneType,,0,0,True
exp_hrl_v1,186,6,US_5,RangedDirectAttack,,0,0,True
exp_hrl_v1,186,6,US_6,RangedDirectAttack,,0,0,True
exp_hrl_v1,186,6,US_7,RangedDirectAttack,,0,0,True
exp_hrl_v1,186,7,GE_1,WaitAction,,0,0,True
exp_hrl_v1,186,7,US_1,RangedDirectAttack,,0,0,True
exp_hrl_v1,186,7,GE_4,MoveAction,,0,0,True
exp_hrl_v1,186,7,US_2,RangedDirectAttack,,0,0,True
exp_hrl_v1,186,7,US_3,RangedDirectAttack,,0,0,True
exp_hrl_v1,187,1,GE_1,MoveAction,,0,0,True
exp_hrl_v1,187,1,US_1,MoveAction,,0,0,True
exp_hrl_v1,187,1,GE_2,MoveAction,,0,0,True
exp_hrl_v1,187,1,US_2,MoveAction,,0,0,True
exp_hrl_v1,187,1,GE_3,MoveAction,,0,0,True
exp_hrl_v1,187,1,US_3,MoveAction,,0,0,True
exp_hrl_v1,187,1,GE_4,MoveAction,,0,0,True
exp_hrl_v1,187,1,US_4,MoveAction,,0,0,True
exp_hrl_v1,187,1,GE_5,MoveAction,,0,0,True
exp_hrl_v1,187,1,US_5,MoveAction,,0,0,True
exp_hrl_v1,187,1,US_6,MoveAction,,0,0,True
exp_hrl_v1,187,1,US_7,MoveAction,,0,0,True
exp_hrl_v1,187,2,GE_1,MoveAction,,0,0,True
exp_hrl_v1,187,2,US_1,MoveAction,,0,0,True
exp_hrl_v1,187,2,GE_2,MoveAction,,0,0,True
exp_hrl_v1,187,2,US_2,MoveAction,,0,0,True
exp_hrl_v1,187,2,GE_3,MoveAction,,0,0,True
exp_hrl_v1,187,2,US_3,MoveAction,,0,0,True
exp_hrl_v1,187,2,GE_4,MoveAction,,0,0,True
exp_hrl_v1,187,2,US_4,MoveAction,,0,0,True
exp_hrl_v1,187,2,GE_5,MoveAction,,0,0,True
exp_hrl_v1,187,2,US_5,MoveAction,,0,0,True
exp_hrl_v1,187,2,US_6,MoveAction,,0,0,True
exp_hrl_v1,187,2,US_7,MoveAction,,0,0,True
exp_hrl_v1,187,3,GE_1,MoveAction,,0,0,True
exp_hrl_v1,187,3,US_1,MoveAction,,0,0,True
exp_hrl_v1,187,3,GE_2,MoveAction,,0,0,True
exp_hrl_v1,187,3,US_2,MoveAction,,0,0,True
exp_hrl_v1,187,3,GE_3,MoveAction,,0,0,True
exp_hrl_v1,187,3,US_3,MoveAction,,0,0,True
exp_hrl_v1,187,3,GE_4,MoveAction,,0,0,True
exp_hrl_v1,187,3,US_4,MoveAction,,0,0,True
exp_hrl_v1,187,3,GE_5,WaitAction,,0,0,True
exp_hrl_v1,187,3,US_5,WaitAction,,0,0,True
exp_hrl_v1,187,3,US_6,MoveAction,,0,0,True
exp_hrl_v1,187,3,US_7,MoveAction,,0,0,True
exp_hrl_v1,187,4,GE_1,MoveAction,,0,0,True
exp_hrl_v1,187,4,US_1,WaitAction,,0,0,True
exp_hrl_v1,187,4,GE_2,WaitAction,,0,0,True
exp_hrl_v1,187,4,US_2,MoveAction,,0,0,True
exp_hrl_v1,187,4,GE_3,WaitAction,,0,0,True
exp_hrl_v1,187,4,US_3,MoveAction,,0,0,True
exp_hrl_v1,187,4,GE_4,MoveAction,,0,0,True
exp_hrl_v1,187,4,US_4,MoveAction,,0,0,True
exp_hrl_v1,187,4,GE_5,WaitAction,,0,0,True
exp_hrl_v1,187,4,US_5,MoveAction,,0,0,True
exp_hrl_v1,187,4,US_6,MoveAction,,0,0,True
exp_hrl_v1,187,4,US_7,MoveAction,,0,0,True
exp_hrl_v1,187,5,GE_1,WaitAction,,0,0,True
exp_hrl_v1,187,5,US_1,WaitAction,,0,0,True
exp_hrl_v1,187,5,GE_2,WaitAction,,0,0,True
exp_hrl_v1,187,5,US_2,MoveAction,,0,0,True
exp_hrl_v1,187,5,GE_3,WaitAction,,0,0,True
exp_hrl_v1,187,5,US_3,MoveAction,,0,0,True
exp_hrl_v1,187,5,GE_4,WaitAction,,0,0,True
exp_hrl_v1,187,5,US_4,MoveAction,,0,0,True
exp_hrl_v1,187,5,GE_5,WaitAction,,0,0,True
exp_hrl_v1,187,5,US_5,MoveAction,,0,0,True
exp_hrl_v1,187,5,US_6,RangedDirectAttack,,0,0,True
exp_hrl_v1,187,5,US_7,RangedDirectAttack,,0,0,True
exp_hrl_v1,187,6,GE_1,WaitAction,,0,0,True
exp_hrl_v1,187,6,US_1,RangedDirectAttack,,0,0,True
exp_hrl_v1,187,6,GE_3,MoveAction,,0,0,True
exp_hrl_v1,187,6,US_2,RangedDirectAttack,,0,0,True
exp_hrl_v1,187,6,GE_4,MoveAction,,0,0,True
exp_hrl_v1,187,6,US_3,RangedDirectAttack,,0,0,True
exp_hrl_v1,187,6,US_4,RangedDirectAttack,,0,0,True
exp_hrl_v1,188,1,GE_1,MoveAction,,0,0,True
exp_hrl_v1,188,1,US_1,RangedIndirectAttack,,0,0,True
exp_hrl_v1,188,1,GE_2,MoveAction,,0,0,True
exp_hrl_v1,188,1,US_2,RangedIndirectAttack,,0,0,True
exp_hrl_v1,188,1,GE_3,MoveAction,,0,0,True
exp_hrl_v1,188,1,US_3,RangedIndirectAttack,,0,0,True
exp_hrl_v1,188,1,GE_4,MoveAction,,0,0,True
exp_hrl_v1,188,1,US_4,RangedIndirectAttack,,0,0,True
exp_hrl_v1,188,1,GE_5,NoneType,,0,0,True
exp_hrl_v1,188,1,US_5,RangedIndirectAttack,,0,0,True
exp_hrl_v1,188,1,US_6,RangedIndirectAttack,,0,0,True
exp_hrl_v1,188,1,US_7,RangedIndirectAttack,,0,0,True
exp_hrl_v1,188,2,GE_1,MoveAction,,0,0,True
exp_hrl_v1,188,2,US_1,RangedIndirectAttack,,0,0,True
exp_hrl_v1,188,2,GE_2,MoveAction,,0,0,True
exp_hrl_v1,188,2,US_2,RangedIndirectAttack,,0,0,True
exp_hrl_v1,188,2,GE_3,MoveAction,,0,0,True
exp_hrl_v1,188,2,US_3,RangedIndirectAttack,,0,0,True
exp_hrl_v1,188,2,GE_4,MoveAction,,0,0,True
exp_hrl_v1,188,2,US_4,MoveAction,,0,0,True
exp_hrl_v1,188,2,US_5,MoveAction,,0,0,True
exp_hrl_v1,188,2,US_6,MoveAction,,0,0,True
exp_hrl_v1,188,3,US_7,WaitAction,,0,0,True
exp_hrl_v1,188,3,GE_2,MoveAction,,0,0,True
exp_hrl_v1,188,3,US_1,MoveAction,,0,0,True
exp_hrl_v1,188,3,GE_3,MoveAction,,0,0,True
exp_hrl_v1,188,3,US_2,MoveAction,,0,0,True
exp_hrl_v1,188,3,GE_4,MoveAction,,0,0,True
exp_hrl_v1,188,3,US_3,RangedDirectAttack,,0,0,True
exp_hrl_v1,188,3,US_4,RangedDirectAttack,,0,0,True
exp_hrl_v1,188,3,US_5,RangedDirectAttack,,0,0,True
exp_hrl_v1,188,3,US_6,RangedDirectAttack,,0,0,True
exp_hrl_v1,188,3,US_7,RangedDirectAttack,,0,0,True
exp_hrl_v1,188,4,GE_3,MoveAction,,0,0,True
exp_hrl_v1,188,4,US_1,RangedDirectAttack,,0,0,True
exp_hrl_v1,188,4,GE_4,MoveAction,,0,0,True
exp_hrl_v1,188,4,US_2,RangedDirectAttack,,0,0,True
exp_hrl_v1,188,4,US_3,RangedDirectAttack,,0,0,True
exp_hrl_v1,188,4,US_4,RangedDirectAttack,,0,0,True
exp_hrl_v1,188,4,US_5,RangedDirectAttack,,0,0,True
exp_hrl_v1,188,4,US_6,MoveAction,,0,0,True
exp_hrl_v1,188,5,US_7,WaitAction,,0,0,True
exp_hrl_v1,188,5,GE_4,MoveAction,,0,0,True
exp_hrl_v1,188,5,US_1,MoveAction,,0,0,True
exp_hrl_v1,188,5,US_2,MoveAction,,0,0,True
exp_hrl_v1,188,5,US_3,MoveAction,,0,0,True
exp_hrl_v1,188,5,US_4,MoveAction,,0,0,True
exp_hrl_v1,188,5,US_5,RangedDirectAttack,,0,0,True
exp_hrl_v1,188,5,US_6,RangedDirectAttack,,0,0,True
exp_hrl_v1,188,5,US_7,RangedDirectAttack,,0,0,True
exp_hrl_v1,189,1,GE_1,MoveAction,,0,0,True
exp_hrl_v1,189,1,US_1,WaitAction,,0,0,True
exp_hrl_v1,189,1,GE_2,MoveAction,,0,0,True
exp_hrl_v1,189,1,US_2,WaitAction,,0,0,True
exp_hrl_v1,189,1,GE_3,MoveAction,,0,0,True
exp_hrl_v1,189,1,US_3,RangedDirectAttack,,0,0,True
exp_hrl_v1,189,1,GE_4,MoveAction,,0,0,True
exp_hrl_v1,189,1,US_4,RangedDirectAttack,,0,0,True
exp_hrl_v1,189,1,GE_5,NoneType,,0,0,True
exp_hrl_v1,189,1,US_5,RangedDirectAttack,,0,0,True
exp_hrl_v1,189,1,US_6,RangedDirectAttack,,0,0,True
exp_hrl_v1,189,1,US_7,RangedDirectAttack,,0,0,True
exp_hrl_v1,189,2,GE_1,MoveAction,,0,0,True
exp_hrl_v1,189,2,US_1,RangedDirectAttack,,0,0,True
exp_hrl_v1,189,2,GE_2,MoveAction,,0,0,True
exp_hrl_v1,189,2,US_2,RangedDirectAttack,,0,0,True
exp_hrl_v1,189,2,GE_3,MoveAction,,0,0,True
exp_hrl_v1,189,2,US_3,RangedDirectAttack,,0,0,True
exp_hrl_v1,189,2,GE_4,MoveAction,,0,0,True
exp_hrl_v1,189,2,US_4,RangedDirectAttack,,0,0,True
exp_hrl_v1,189,2,US_5,RangedDirectAttack,,0,0,True
exp_hrl_v1,189,2,US_6,MoveAction,,0,0,True
exp_hrl_v1,189,3,US_7,WaitAction,,0,0,True
exp_hrl_v1,189,3,GE_1,MoveAction,,0,0,True
exp_hrl_v1,189,3,US_1,MoveAction,,0,0,True
exp_hrl_v1,189,3,GE_2,MoveAction,,0,0,True
exp_hrl_v1,189,3,US_2,MoveAction,,0,0,True
exp_hrl_v1,189,3,GE_3,MoveAction,,0,0,True
exp_hrl_v1,189,3,US_3,MoveAction,,0,0,True
exp_hrl_v1,189,3,GE_4,MoveAction,,0,0,True
exp_hrl_v1,189,3,US_4,MoveAction,,0,0,True
exp_hrl_v1,189,3,US_5,MoveAction,,0,0,True
exp_hrl_v1,189,3,US_6,MoveAction,,0,0,True
exp_hrl_v1,189,3,US_7,MoveAction,,0,0,True
exp_hrl_v1,189,4,GE_1,MoveAction,,0,0,True
exp_hrl_v1,189,4,US_1,MoveAction,,0,0,True
exp_hrl_v1,189,4,GE_2,MoveAction,,0,0,True
exp_hrl_v1,189,4,US_2,MoveAction,,0,0,True
exp_hrl_v1,189,4,GE_3,MoveAction,,0,0,True
exp_hrl_v1,189,4,US_3,MoveAction,,0,0,True
exp_hrl_v1,189,4,GE_4,MoveAction,,0,0,True
exp_hrl_v1,189,4,US_4,WaitAction,,0,0,True
exp_hrl_v1,189,4,US_5,MoveAction,,0,0,True
exp_hrl_v1,189,4,US_6,MoveAction,,0,0,True
exp_hrl_v1,189,4,US_7,MoveAction,,0,0,True
exp_hrl_v1,189,5,GE_1,MoveAction,,0,0,True
exp_hrl_v1,189,5,US_1,WaitAction,,0,0,True
exp_hrl_v1,189,5,GE_2,WaitAction,,0,0,True
exp_hrl_v1,189,5,US_2,MoveAction,,0,0,True
exp_hrl_v1,189,5,GE_3,WaitAction,,0,0,True
exp_hrl_v1,189,5,US_3,WaitAction,,0,0,True
exp_hrl_v1,189,5,GE_4,MoveAction,,0,0,True
exp_hrl_v1,189,5,US_4,MoveAction,,0,0,True
exp_hrl_v1,189,5,US_5,WaitAction,,0,0,True
exp_hrl_v1,189,5,US_6,MoveAction,,0,0,True
exp_hrl_v1,189,5,US_7,MoveAction,,0,0,True
exp_hrl_v1,189,6,GE_1,WaitAction,,0,0,True
exp_hrl_v1,189,6,US_1,WaitAction,,0,0,True
exp_hrl_v1,189,6,GE_2,WaitAction,,0,0,True
exp_hrl_v1,189,6,US_2,WaitAction,,0,0,True
exp_hrl_v1,189,6,GE_3,WaitAction,,0,0,True
exp_hrl_v1,189,6,US_3,WaitAction,,0,0,True
exp_hrl_v1,189,6,GE_4,WaitAction,,0,0,True
exp_hrl_v1,189,6,US_4,MoveAction,,0,0,True
exp_hrl_v1,189,6,US_5,WaitAction,,0,0,True
exp_hrl_v1,189,6,US_6,MoveAction,,0,0,True
exp_hrl_v1,189,6,US_7,RangedDirectAttack,,0,0,True
exp_hrl_v1,189,7,GE_2,WaitAction,,0,0,True
exp_hrl_v1,189,7,US_1,RangedDirectAttack,,0,0,True
exp_hrl_v1,189,7,GE_3,WaitAction,,0,0,True
exp_hrl_v1,189,7,US_2,RangedDirectAttack,,0,0,True
exp_hrl_v1,189,7,GE_4,MoveAction,,0,0,True
exp_hrl_v1,189,7,US_3,RangedDirectAttack,,0,0,True
exp_hrl_v1,189,7,US_4,RangedDirectAttack,,0,0,True
exp_hrl_v1,189,7,US_5,RangedDirectAttack,,0,0,True
exp_hrl_v1,189,7,US_6,RangedDirectAttack,,0,0,True
exp_hrl_v1,189,7,US_7,RangedDirectAttack,,0,0,True
exp_hrl_v1,189,8,GE_4,WaitAction,,0,0,True
exp_hrl_v1,189,8,US_1,RangedDirectAttack,,0,0,True
exp_hrl_v1,190,1,GE_1,MoveAction,,0,0,True
exp_hrl_v1,190,1,US_1,MoveAction,,0,0,True
exp_hrl_v1,190,1,GE_2,MoveAction,,0,0,True
exp_hrl_v1,190,1,US_2,MoveAction,,0,0,True
exp_hrl_v1,190,1,GE_3,MoveAction,,0,0,True
exp_hrl_v1,190,1,US_3,MoveAction,,0,0,True
exp_hrl_v1,190,1,GE_4,MoveAction,,0,0,True
exp_hrl_v1,190,1,US_4,MoveAction,,0,0,True
exp_hrl_v1,190,1,GE_5,MoveAction,,0,0,True
exp_hrl_v1,190,1,US_5,MoveAction,,0,0,True
exp_hrl_v1,190,1,US_6,MoveAction,,0,0,True
exp_hrl_v1,190,1,US_7,MoveAction,,0,0,True
exp_hrl_v1,190,2,GE_1,MoveAction,,0,0,True
exp_hrl_v1,190,2,US_1,MoveAction,,0,0,True
exp_hrl_v1,190,2,GE_2,MoveAction,,0,0,True
exp_hrl_v1,190,2,US_2,MoveAction,,0,0,True
exp_hrl_v1,190,2,GE_3,MoveAction,,0,0,True
exp_hrl_v1,190,2,US_3,WaitAction,,0,0,True
exp_hrl_v1,190,2,GE_4,MoveAction,,0,0,True
exp_hrl_v1,190,2,US_4,MoveAction,,0,0,True
exp_hrl_v1,190,2,GE_5,MoveAction,,0,0,True
exp_hrl_v1,190,2,US_5,MoveAction,,0,0,True
exp_hrl_v1,190,2,US_6,MoveAction,,0,0,True
exp_hrl_v1,190,3,US_7,WaitAction,,0,0,True
exp_hrl_v1,190,3,GE_1,MoveAction,,0,0,True
exp_hrl_v1,190,3,US_1,MoveAction,,0,0,True
exp_hrl_v1,190,3,GE_2,MoveAction,,0,0,True
exp_hrl_v1,190,3,US_2,MoveAction,,0,0,True
exp_hrl_v1,190,3,GE_3,MoveAction,,0,0,True
exp_hrl_v1,190,3,US_3,MoveAction,,0,0,True
exp_hrl_v1,190,3,GE_4,MoveAction,,0,0,True
exp_hrl_v1,190,3,US_4,MoveAction,,0,0,True
exp_hrl_v1,190,3,GE_5,WaitAction,,0,0,True
exp_hrl_v1,190,3,US_5,WaitAction,,0,0,True
exp_hrl_v1,190,3,US_6,MoveAction,,0,0,True
exp_hrl_v1,190,3,US_7,MoveAction,,0,0,True
exp_hrl_v1,190,4,GE_1,MoveAction,,0,0,True
exp_hrl_v1,190,4,US_1,WaitAction,,0,0,True
exp_hrl_v1,190,4,GE_2,WaitAction,,0,0,True
exp_hrl_v1,190,4,US_2,MoveAction,,0,0,True
exp_hrl_v1,190,4,GE_3,WaitAction,,0,0,True
exp_hrl_v1,190,4,US_3,MoveAction,,0,0,True
exp_hrl_v1,190,4,GE_4,MoveAction,,0,0,True
exp_hrl_v1,190,4,US_4,MoveAction,,0,0,True
exp_hrl_v1,190,4,GE_5,WaitAction,,0,0,True
exp_hrl_v1,190,4,US_5,WaitAction,,0,0,True
exp_hrl_v1,190,4,US_6,MoveAction,,0,0,True
exp_hrl_v1,190,5,US_7,WaitAction,,0,0,True
exp_hrl_v1,190,5,GE_1,WaitAction,,0,0,True
exp_hrl_v1,190,5,US_1,WaitAction,,0,0,True
exp_hrl_v1,190,5,GE_2,WaitAction,,0,0,True
exp_hrl_v1,190,5,US_2,WaitAction,,0,0,True
exp_hrl_v1,190,5,GE_3,WaitAction,,0,0,True
exp_hrl_v1,190,5,US_3,WaitAction,,0,0,True
exp_hrl_v1,190,5,GE_4,WaitAction,,0,0,True
exp_hrl_v1,190,5,US_4,MoveAction,,0,0,True
exp_hrl_v1,190,5,GE_5,WaitAction,,0,0,True
exp_hrl_v1,190,5,US_5,WaitAction,,0,0,True
exp_hrl_v1,190,5,US_6,MoveAction,,0,0,True
exp_hrl_v1,190,6,US_7,WaitAction,,0,0,True
exp_hrl_v1,190,6,GE_1,WaitAction,,0,0,True
exp_hrl_v1,190,6,US_1,WaitAction,,0,0,True
exp_hrl_v1,190,6,GE_2,WaitAction,,0,0,True
exp_hrl_v1,190,6,US_2,WaitAction,,0,0,True
exp_hrl_v1,190,6,GE_3,WaitAction,,0,0,True
exp_hrl_v1,190,6,US_3,RangedIndirectAttack,,0,0,True
exp_hrl_v1,190,6,GE_4,WaitAction,,0,0,True
exp_hrl_v1,190,6,US_4,RangedIndirectAttack,,0,0,True
exp_hrl_v1,190,6,GE_5,NoneType,,0,0,True
exp_hrl_v1,190,6,US_5,RangedIndirectAttack,,0,0,True
exp_hrl_v1,190,6,US_6,RangedIndirectAttack,,0,0,True
exp_hrl_v1,190,6,US_7,RangedIndirectAttack,,0,0,True
exp_hrl_v1,190,7,GE_3,MoveAction,,0,0,True
exp_hrl_v1,190,7,US_1,RangedIndirectAttack,,0,0,True
exp_hrl_v1,190,7,GE_4,MoveAction,,0,0,True
exp_hrl_v1,190,7,US_2,RangedIndirectAttack,,0,0,True
exp_hrl_v1,190,7,US_3,RangedIndirectAttack,,0,0,True
exp_hrl_v1,191,1,GE_1,MoveAction,,0,0,True
exp_hrl_v1,191,1,US_1,MoveAction,,0,0,True
exp_hrl_v1,191,1,GE_2,MoveAction,,0,0,True
exp_hrl_v1,191,1,US_2,MoveAction,,0,0,True
exp_hrl_v1,191,1,GE_3,MoveAction,,0,0,True
exp_hrl_v1,191,1,US_3,MoveAction,,0,0,True
exp_hrl_v1,191,1,GE_4,MoveAction,,0,0,True
exp_hrl_v1,191,1,US_4,MoveAction,,0,0,True
exp_hrl_v1,191,1,GE_5,MoveAction,,0,0,True
exp_hrl_v1,191,1,US_5,MoveAction,,0,0,True
exp_hrl_v1,191,1,US_6,MoveAction,,0,0,True
exp_hrl_v1,191,1,US_7,MoveAction,,0,0,True
exp_hrl_v1,191,2,GE_1,MoveAction,,0,0,True
exp_hrl_v1,191,2,US_1,MoveAction,,0,0,True
exp_hrl_v1,191,2,GE_2,MoveAction,,0,0,True
exp_hrl_v1,191,2,US_2,MoveAction,,0,0,True
exp_hrl_v1,191,2,GE_3,MoveAction,,0,0,True
exp_hrl_v1,191,2,US_3,WaitAction,,0,0,True
exp_hrl_v1,191,2,GE_4,MoveAction,,0,0,True
exp_hrl_v1,191,2,US_4,MoveAction,,0,0,True
exp_hrl_v1,191,2,GE_5,MoveAction,,0,0,True
exp_hrl_v1,191,2,US_5,MoveAction,,0,0,True
exp_hrl_v1,191,2,US_6,MoveAction,,0,0,True
exp_hrl_v1,191,3,US_7,WaitAction,,0,0,True
exp_hrl_v1,191,3,GE_1,MoveAction,,0,0,True
exp_hrl_v1,191,3,US_1,MoveAction,,0,0,True
exp_hrl_v1,191,3,GE_2,MoveAction,,0,0,True
exp_hrl_v1,191,3,US_2,MoveAction,,0,0,True
exp_hrl_v1,191,3,GE_3,MoveAction,,0,0,True
exp_hrl_v1,191,3,US_3,MoveAction,,0,0,True
exp_hrl_v1,191,3,GE_4,MoveAction,,0,0,True
exp_hrl_v1,191,3,US_4,MoveAction,,0,0,True
exp_hrl_v1,191,3,GE_5,WaitAction,,0,0,True
exp_hrl_v1,191,3,US_5,WaitAction,,0,0,True
exp_hrl_v1,191,3,US_6,MoveAction,,0,0,True
exp_hrl_v1,191,3,US_7,MoveAction,,0,0,True
exp_hrl_v1,191,4,GE_1,MoveAction,,0,0,True
exp_hrl_v1,191,4,US_1,WaitAction,,0,0,True
exp_hrl_v1,191,4,GE_2,WaitAction,,0,0,True
exp_hrl_v1,191,4,US_2,MoveAction,,0,0,True
exp_hrl_v1,191,4,GE_3,WaitAction,,0,0,True
exp_hrl_v1,191,4,US_3,MoveAction,,0,0,True
exp_hrl_v1,191,4,GE_4,MoveAction,,0,0,True
exp_hrl_v1,191,4,US_4,MoveAction,,0,0,True
exp_hrl_v1,191,4,GE_5,WaitAction,,0,0,True
exp_hrl_v1,191,4,US_5,WaitAction,,0,0,True
exp_hrl_v1,191,4,US_6,MoveAction,,0,0,True
exp_hrl_v1,191,5,US_7,WaitAction,,0,0,True
exp_hrl_v1,191,5,GE_1,WaitAction,,0,0,True
exp_hrl_v1,191,5,US_1,WaitAction,,0,0,True
exp_hrl_v1,191,5,GE_2,WaitAction,,0,0,True
exp_hrl_v1,191,5,US_2,WaitAction,,0,0,True
exp_hrl_v1,191,5,GE_3,WaitAction,,0,0,True
exp_hrl_v1,191,5,US_3,WaitAction,,0,0,True
exp_hrl_v1,191,5,GE_4,WaitAction,,0,0,True
exp_hrl_v1,191,5,US_4,MoveAction,,0,0,True
exp_hrl_v1,191,5,GE_5,WaitAction,,0,0,True
exp_hrl_v1,191,5,US_5,WaitAction,,0,0,True
exp_hrl_v1,191,5,US_6,MoveAction,,0,0,True
exp_hrl_v1,191,6,US_7,WaitAction,,0,0,True
exp_hrl_v1,191,6,GE_1,WaitAction,,0,0,True
exp_hrl_v1,191,6,US_1,WaitAction,,0,0,True
exp_hrl_v1,191,6,GE_2,WaitAction,,0,0,True
exp_hrl_v1,191,6,US_2,RangedDirectAttack,,0,0,True
exp_hrl_v1,191,6,GE_3,WaitAction,,0,0,True
exp_hrl_v1,191,6,US_3,RangedDirectAttack,,0,0,True
exp_hrl_v1,191,6,GE_4,WaitAction,,0,0,True
exp_hrl_v1,191,6,US_4,RangedDirectAttack,,0,0,True
exp_hrl_v1,191,6,GE_5,NoneType,,0,0,True
exp_hrl_v1,191,6,US_5,RangedDirectAttack,,0,0,True
exp_hrl_v1,191,6,US_6,RangedDirectAttack,,0,0,True
exp_hrl_v1,191,6,US_7,RangedDirectAttack,,0,0,True
exp_hrl_v1,191,7,GE_1,WaitAction,,0,0,True
exp_hrl_v1,191,7,US_1,RangedDirectAttack,,0,0,True
exp_hrl_v1,191,7,GE_3,NoneType,,0,0,True
exp_hrl_v1,191,7,US_2,RangedDirectAttack,,0,0,True
exp_hrl_v1,191,7,GE_4,WaitAction,,0,0,True
exp_hrl_v1,191,7,US_3,RangedDirectAttack,,0,0,True
exp_hrl_v1,191,7,US_4,RangedDirectAttack,,0,0,True
exp_hrl_v1,191,7,US_5,MoveAction,,0,0,True
exp_hrl_v1,191,7,US_6,MoveAction,,0,0,True
exp_hrl_v1,191,7,US_7,MoveAction,,0,0,True
exp_hrl_v1,191,8,GE_4,MoveAction,,0,0,True
exp_hrl_v1,191,8,US_1,MoveAction,,0,0,True
exp_hrl_v1,191,8,US_2,MoveAction,,0,0,True
exp_hrl_v1,191,8,US_3,RangedIndirectAttack,,0,0,True
exp_hrl_v1,192,1,GE_1,MoveAction,,0,0,True
exp_hrl_v1,192,1,US_1,MoveAction,,0,0,True
exp_hrl_v1,192,1,GE_2,MoveAction,,0,0,True
exp_hrl_v1,192,1,US_2,MoveAction,,0,0,True
exp_hrl_v1,192,1,GE_3,MoveAction,,0,0,True
exp_hrl_v1,192,1,US_3,MoveAction,,0,0,True
exp_hrl_v1,192,1,GE_4,MoveAction,,0,0,True
exp_hrl_v1,192,1,US_4,MoveAction,,0,0,True
exp_hrl_v1,192,1,GE_5,MoveAction,,0,0,True
exp_hrl_v1,192,1,US_5,MoveAction,,0,0,True
exp_hrl_v1,192,1,US_6,MoveAction,,0,0,True
exp_hrl_v1,192,1,US_7,RangedIndirectAttack,,0,0,True
exp_hrl_v1,192,2,GE_1,MoveAction,,0,0,True
exp_hrl_v1,192,2,US_1,RangedIndirectAttack,,0,0,True
exp_hrl_v1,192,2,GE_2,MoveAction,,0,0,True
exp_hrl_v1,192,2,US_2,RangedIndirectAttack,,0,0,True
exp_hrl_v1,192,2,GE_3,MoveAction,,0,0,True
exp_hrl_v1,192,2,US_3,RangedIndirectAttack,,0,0,True
exp_hrl_v1,192,2,GE_4,MoveAction,,0,0,True
exp_hrl_v1,192,2,US_4,RangedIndirectAttack,,0,0,True
exp_hrl_v1,192,2,GE_5,NoneType,,0,0,True
exp_hrl_v1,192,2,US_5,RangedIndirectAttack,,0,0,True
exp_hrl_v1,192,2,US_6,RangedIndirectAttack,,0,0,True
exp_hrl_v1,192,2,US_7,RangedIndirectAttack,,0,0,True
exp_hrl_v1,192,3,GE_4,MoveAction,,0,0,True
exp_hrl_v1,192,3,US_1,RangedIndirectAttack,,0,0,True
exp_hrl_v1,192,3,US_2,RangedIndirectAttack,,0,0,True
exp_hrl_v1,192,3,US_3,MoveAction,,0,0,True
exp_hrl_v1,192,3,US_4,MoveAction,,0,0,True
exp_hrl_v1,192,3,US_5,MoveAction,,0,0,True
exp_hrl_v1,192,3,US_6,MoveAction,,0,0,True
exp_hrl_v1,192,4,US_7,WaitAction,,0,0,True
exp_hrl_v1,192,4,GE_4,MoveAction,,0,0,True
exp_hrl_v1,192,4,US_1,MoveAction,,0,0,True
exp_hrl_v1,192,4,US_2,MoveAction,,0,0,True
exp_hrl_v1,192,4,US_3,MoveAction,,0,0,True
exp_hrl_v1,192,4,US_4,MoveAction,,0,0,True
exp_hrl_v1,192,4,US_5,MoveAction,,0,0,True
exp_hrl_v1,192,4,US_6,MoveAction,,0,0,True
exp_hrl_v1,192,4,US_7,MoveAction,,0,0,True
exp_hrl_v1,192,5,GE_4,MoveAction,,0,0,True
exp_hrl_v1,192,5,US_1,RangedDirectAttack,,0,0,True
exp_hrl_v1,193,1,GE_1,MoveAction,,0,0,True
exp_hrl_v1,193,1,US_1,MoveAction,,0,0,True
exp_hrl_v1,193,1,GE_2,MoveAction,,0,0,True
exp_hrl_v1,193,1,US_2,MoveAction,,0,0,True
exp_hrl_v1,193,1,GE_3,MoveAction,,0,0,True
exp_hrl_v1,193,1,US_3,MoveAction,,0,0,True
exp_hrl_v1,193,1,GE_4,MoveAction,,0,0,True
exp_hrl_v1,193,1,US_4,MoveAction,,0,0,True
exp_hrl_v1,193,1,GE_5,MoveAction,,0,0,True
exp_hrl_v1,193,1,US_5,MoveAction,,0,0,True
exp_hrl_v1,193,1,US_6,MoveAction,,0,0,True
exp_hrl_v1,193,1,US_7,MoveAction,,0,0,True
exp_hrl_v1,193,2,GE_1,MoveAction,,0,0,True
exp_hrl_v1,193,2,US_1,MoveAction,,0,0,True
exp_hrl_v1,193,2,GE_2,MoveAction,,0,0,True
exp_hrl_v1,193,2,US_2,MoveAction,,0,0,True
exp_hrl_v1,193,2,GE_3,MoveAction,,0,0,True
exp_hrl_v1,193,2,US_3,WaitAction,,0,0,True
exp_hrl_v1,193,2,GE_4,MoveAction,,0,0,True
exp_hrl_v1,193,2,US_4,MoveAction,,0,0,True
exp_hrl_v1,193,2,GE_5,MoveAction,,0,0,True
exp_hrl_v1,193,2,US_5,MoveAction,,0,0,True
exp_hrl_v1,193,2,US_6,MoveAction,,0,0,True
exp_hrl_v1,193,3,US_7,WaitAction,,0,0,True
exp_hrl_v1,193,3,GE_1,MoveAction,,0,0,True
exp_hrl_v1,193,3,US_1,MoveAction,,0,0,True
exp_hrl_v1,193,3,GE_2,MoveAction,,0,0,True
exp_hrl_v1,193,3,US_2,MoveAction,,0,0,True
exp_hrl_v1,193,3,GE_3,MoveAction,,0,0,True
exp_hrl_v1,193,3,US_3,MoveAction,,0,0,True
exp_hrl_v1,193,3,GE_4,MoveAction,,0,0,True
exp_hrl_v1,193,3,US_4,MoveAction,,0,0,True
exp_hrl_v1,193,3,GE_5,WaitAction,,0,0,True
exp_hrl_v1,193,3,US_5,WaitAction,,0,0,True
exp_hrl_v1,193,3,US_6,MoveAction,,0,0,True
exp_hrl_v1,193,3,US_7,MoveAction,,0,0,True
exp_hrl_v1,193,4,GE_1,MoveAction,,0,0,True
exp_hrl_v1,193,4,US_1,WaitAction,,0,0,True
exp_hrl_v1,193,4,GE_2,WaitAction,,0,0,True
exp_hrl_v1,193,4,US_2,MoveAction,,0,0,True
exp_hrl_v1,193,4,GE_3,WaitAction,,0,0,True
exp_hrl_v1,193,4,US_3,MoveAction,,0,0,True
exp_hrl_v1,193,4,GE_4,MoveAction,,0,0,True
exp_hrl_v1,193,4,US_4,RangedIndirectAttack,,0,0,True
exp_hrl_v1,193,4,GE_5,WaitAction,,0,0,True
exp_hrl_v1,193,4,US_5,RangedIndirectAttack,,0,0,True
exp_hrl_v1,193,4,US_6,RangedIndirectAttack,,0,0,True
exp_hrl_v1,193,4,US_7,RangedIndirectAttack,,0,0,True
exp_hrl_v1,193,5,GE_1,WaitAction,,0,0,True
exp_hrl_v1,193,5,US_1,RangedIndirectAttack,,0,0,True
exp_hrl_v1,193,5,GE_2,WaitAction,,0,0,True
exp_hrl_v1,193,5,US_2,RangedIndirectAttack,,0,0,True
exp_hrl_v1,193,5,GE_3,WaitAction,,0,0,True
exp_hrl_v1,193,5,US_3,RangedIndirectAttack,,0,0,True
exp_hrl_v1,193,5,GE_4,MoveAction,,0,0,True
exp_hrl_v1,193,5,US_4,RangedIndirectAttack,,0,0,True
exp_hrl_v1,193,5,US_5,RangedIndirectAttack,,0,0,True
exp_hrl_v1,193,5,US_6,RangedIndirectAttack,,0,0,True
exp_hrl_v1,193,6,US_7,WaitAction,,0,0,True
exp_hrl_v1,193,6,GE_3,MoveAction,,0,0,True
exp_hrl_v1,193,6,US_1,WaitAction,,0,0,True
exp_hrl_v1,193,6,GE_4,WaitAction,,0,0,True
exp_hrl_v1,193,6,US_2,WaitAction,,0,0,True
exp_hrl_v1,193,6,US_3,WaitAction,,0,0,True
exp_hrl_v1,193,6,US_4,MoveAction,,0,0,True
exp_hrl_v1,193,6,US_5,WaitAction,,0,0,True
exp_hrl_v1,193,6,US_6,MoveAction,,0,0,True
exp_hrl_v1,193,7,US_7,WaitAction,,0,0,True
exp_hrl_v1,193,7,GE_3,WaitAction,,0,0,True
exp_hrl_v1,193,7,US_1,WaitAction,,0,0,True
exp_hrl_v1,193,7,GE_4,WaitAction,,0,0,True
exp_hrl_v1,193,7,US_2,WaitAction,,0,0,True
exp_hrl_v1,193,7,US_3,WaitAction,,0,0,True
exp_hrl_v1,193,7,US_4,MoveAction,,0,0,True
exp_hrl_v1,193,7,US_5,WaitAction,,0,0,True
exp_hrl_v1,193,7,US_6,MoveAction,,0,0,True
exp_hrl_v1,193,8,US_7,WaitAction,,0,0,True
exp_hrl_v1,193,8,GE_3,WaitAction,,0,0,True
exp_hrl_v1,193,8,US_1,WaitAction,,0,0,True
exp_hrl_v1,193,8,GE_4,WaitAction,,0,0,True
exp_hrl_v1,193,8,US_2,WaitAction,,0,0,True
exp_hrl_v1,193,8,US_3,WaitAction,,0,0,True
exp_hrl_v1,193,8,US_4,RangedIndirectAttack,,0,0,True
exp_hrl_v1,193,8,US_5,RangedIndirectAttack,,0,0,True
exp_hrl_v1,193,8,US_6,RangedIndirectAttack,,0,0,True
exp_hrl_v1,193,8,US_7,RangedIndirectAttack,,0,0,True
exp_hrl_v1,193,9,GE_4,WaitAction,,0,0,True
exp_hrl_v1,193,9,US_1,RangedIndirectAttack,,0,0,True
exp_hrl_v1,193,9,US_2,RangedIndirectAttack,,0,0,True
exp_hrl_v1,194,1,GE_1,MoveAction,,0,0,True
exp_hrl_v1,194,1,US_1,MoveAction,,0,0,True
exp_hrl_v1,194,1,GE_2,MoveAction,,0,0,True
exp_hrl_v1,194,1,US_2,MoveAction,,0,0,True
exp_hrl_v1,194,1,GE_3,MoveAction,,0,0,True
exp_hrl_v1,194,1,US_3,MoveAction,,0,0,True
exp_hrl_v1,194,1,GE_4,MoveAction,,0,0,True
exp_hrl_v1,194,1,US_4,MoveAction,,0,0,True
exp_hrl_v1,194,1,GE_5,MoveAction,,0,0,True
exp_hrl_v1,194,1,US_5,MoveAction,,0,0,True
exp_hrl_v1,194,1,US_6,RangedIndirectAttack,,0,0,True
exp_hrl_v1,194,1,US_7,RangedIndirectAttack,,0,0,True
exp_hrl_v1,194,2,GE_1,MoveAction,,0,0,True
exp_hrl_v1,194,2,US_1,RangedIndirectAttack,,0,0,True
exp_hrl_v1,194,2,GE_2,MoveAction,,0,0,True
exp_hrl_v1,194,2,US_2,RangedIndirectAttack,,0,0,True
exp_hrl_v1,194,2,GE_3,MoveAction,,0,0,True
exp_hrl_v1,194,2,US_3,RangedIndirectAttack,,0,0,True
exp_hrl_v1,194,2,GE_4,MoveAction,,0,0,True
exp_hrl_v1,194,2,US_4,RangedIndirectAttack,,0,0,True
exp_hrl_v1,194,2,GE_5,NoneType,,0,0,True
exp_hrl_v1,194,2,US_5,RangedIndirectAttack,,0,0,True
exp_hrl_v1,194,2,US_6,RangedIndirectAttack,,0,0,True
exp_hrl_v1,194,2,US_7,RangedIndirectAttack,,0,0,True
exp_hrl_v1,194,3,GE_3,MoveAction,,0,0,True
exp_hrl_v1,194,3,US_1,RangedIndirectAttack,,0,0,True
exp_hrl_v1,194,3,GE_4,MoveAction,,0,0,True
exp_hrl_v1,194,3,US_2,RangedDirectAttack,,0,0,True
exp_hrl_v1,194,3,US_3,RangedDirectAttack,,0,0,True
exp_hrl_v1,194,3,US_4,RangedDirectAttack,,0,0,True
exp_hrl_v1,194,3,US_5,RangedDirectAttack,,0,0,True
exp_hrl_v1,194,3,US_6,RangedDirectAttack,,0,0,True
exp_hrl_v1,194,3,US_7,RangedDirectAttack,,0,0,True
exp_hrl_v1,194,4,GE_4,MoveAction,,0,0,True
exp_hrl_v1,194,4,US_1,RangedDirectAttack,,0,0,True
exp_hrl_v1,195,1,GE_1,MoveAction,,0,0,True
exp_hrl_v1,195,1,US_1,MoveAction,,0,0,True
exp_hrl_v1,195,1,GE_2,MoveAction,,0,0,True
exp_hrl_v1,195,1,US_2,MoveAction,,0,0,True
exp_hrl_v1,195,1,GE_3,MoveAction,,0,0,True
exp_hrl_v1,195,1,US_3,MoveAction,,0,0,True
exp_hrl_v1,195,1,GE_4,MoveAction,,0,0,True
exp_hrl_v1,195,1,US_4,MoveAction,,0,0,True
exp_hrl_v1,195,1,GE_5,MoveAction,,0,0,True
exp_hrl_v1,195,1,US_5,MoveAction,,0,0,True
exp_hrl_v1,195,1,US_6,MoveAction,,0,0,True
exp_hrl_v1,195,1,US_7,MoveAction,,0,0,True
exp_hrl_v1,195,2,GE_1,MoveAction,,0,0,True
exp_hrl_v1,195,2,US_1,MoveAction,,0,0,True
exp_hrl_v1,195,2,GE_2,MoveAction,,0,0,True
exp_hrl_v1,195,2,US_2,MoveAction,,0,0,True
exp_hrl_v1,195,2,GE_3,MoveAction,,0,0,True
exp_hrl_v1,195,2,US_3,MoveAction,,0,0,True
exp_hrl_v1,195,2,GE_4,MoveAction,,0,0,True
exp_hrl_v1,195,2,US_4,MoveAction,,0,0,True
exp_hrl_v1,195,2,GE_5,MoveAction,,0,0,True
exp_hrl_v1,195,2,US_5,MoveAction,,0,0,True
exp_hrl_v1,195,2,US_6,MoveAction,,0,0,True
exp_hrl_v1,195,2,US_7,MoveAction,,0,0,True
exp_hrl_v1,195,3,GE_1,MoveAction,,0,0,True
exp_hrl_v1,195,3,US_1,MoveAction,,0,0,True
exp_hrl_v1,195,3,GE_2,MoveAction,,0,0,True
exp_hrl_v1,195,3,US_2,MoveAction,,0,0,True
exp_hrl_v1,195,3,GE_3,MoveAction,,0,0,True
exp_hrl_v1,195,3,US_3,MoveAction,,0,0,True
exp_hrl_v1,195,3,GE_4,MoveAction,,0,0,True
exp_hrl_v1,195,3,US_4,MoveAction,,0,0,True
exp_hrl_v1,195,3,GE_5,WaitAction,,0,0,True
exp_hrl_v1,195,3,US_5,WaitAction,,0,0,True
exp_hrl_v1,195,3,US_6,MoveAction,,0,0,True
exp_hrl_v1,195,4,US_7,WaitAction,,0,0,True
exp_hrl_v1,195,4,GE_1,MoveAction,,0,0,True
exp_hrl_v1,195,4,US_1,WaitAction,,0,0,True
exp_hrl_v1,195,4,GE_2,WaitAction,,0,0,True
exp_hrl_v1,195,4,US_2,MoveAction,,0,0,True
exp_hrl_v1,195,4,GE_3,WaitAction,,0,0,True
exp_hrl_v1,195,4,US_3,MoveAction,,0,0,True
exp_hrl_v1,195,4,GE_4,MoveAction,,0,0,True
exp_hrl_v1,195,4,US_4,MoveAction,,0,0,True
exp_hrl_v1,195,4,GE_5,WaitAction,,0,0,True
exp_hrl_v1,195,4,US_5,MoveAction,,0,0,True
exp_hrl_v1,195,4,US_6,MoveAction,,0,0,True
exp_hrl_v1,195,4,US_7,MoveAction,,0,0,True
exp_hrl_v1,195,5,GE_1,WaitAction,,0,0,True
exp_hrl_v1,195,5,US_1,WaitAction,,0,0,True
exp_hrl_v1,195,5,GE_2,WaitAction,,0,0,True
exp_hrl_v1,195,5,US_2,WaitAction,,0,0,True
exp_hrl_v1,195,5,GE_3,WaitAction,,0,0,True
exp_hrl_v1,195,5,US_3,MoveAction,,0,0,True
exp_hrl_v1,195,5,GE_4,WaitAction,,0,0,True
exp_hrl_v1,195,5,US_4,MoveAction,,0,0,True
exp_hrl_v1,195,5,GE_5,WaitAction,,0,0,True
exp_hrl_v1,195,5,US_5,MoveAction,,0,0,True
exp_hrl_v1,195,5,US_6,MoveAction,,0,0,True
exp_hrl_v1,195,5,US_7,MoveAction,,0,0,True
exp_hrl_v1,195,6,GE_1,WaitAction,,0,0,True
exp_hrl_v1,195,6,US_1,MoveAction,,0,0,True
exp_hrl_v1,195,6,GE_2,WaitAction,,0,0,True
exp_hrl_v1,195,6,US_2,MoveAction,,0,0,True
exp_hrl_v1,195,6,GE_3,MoveAction,,0,0,True
exp_hrl_v1,195,6,US_3,MoveAction,,0,0,True
exp_hrl_v1,195,6,GE_4,MoveAction,,0,0,True
exp_hrl_v1,195,6,US_4,MoveAction,,0,0,True
exp_hrl_v1,195,6,GE_5,MoveAction,,0,0,True
exp_hrl_v1,195,6,US_5,RangedIndirectAttack,,0,0,True
exp_hrl_v1,195,6,US_6,RangedIndirectAttack,,0,0,True
exp_hrl_v1,195,6,US_7,RangedIndirectAttack,,0,0,True
exp_hrl_v1,195,7,GE_1,MoveAction,,0,0,True
exp_hrl_v1,195,7,US_1,RangedIndirectAttack,,0,0,True
exp_hrl_v1,195,7,GE_2,WaitAction,,0,0,True
exp_hrl_v1,195,7,US_2,RangedIndirectAttack,,0,0,True
exp_hrl_v1,195,7,GE_3,NoneType,,0,0,True
exp_hrl_v1,195,7,US_3,RangedIndirectAttack,,0,0,True
exp_hrl_v1,195,7,GE_4,MoveAction,,0,0,True
exp_hrl_v1,195,7,US_4,RangedIndirectAttack,,0,0,True
exp_hrl_v1,195,7,US_5,RangedIndirectAttack,,0,0,True
exp_hrl_v1,195,7,US_6,RangedIndirectAttack,,0,0,True
exp_hrl_v1,195,7,US_7,RangedIndirectAttack,,0,0,True
exp_hrl_v1,196,1,GE_1,MoveAction,,0,0,True
exp_hrl_v1,196,1,US_1,MoveAction,,0,0,True
exp_hrl_v1,196,1,GE_2,MoveAction,,0,0,True
exp_hrl_v1,196,1,US_2,MoveAction,,0,0,True
exp_hrl_v1,196,1,GE_3,MoveAction,,0,0,True
exp_hrl_v1,196,1,US_3,MoveAction,,0,0,True
exp_hrl_v1,196,1,GE_4,MoveAction,,0,0,True
exp_hrl_v1,196,1,US_4,MoveAction,,0,0,True
exp_hrl_v1,196,1,GE_5,MoveAction,,0,0,True
exp_hrl_v1,196,1,US_5,MoveAction,,0,0,True
exp_hrl_v1,196,1,US_6,MoveAction,,0,0,True
exp_hrl_v1,196,1,US_7,MoveAction,,0,0,True
exp_hrl_v1,196,2,GE_1,MoveAction,,0,0,True
exp_hrl_v1,196,2,US_1,MoveAction,,0,0,True
exp_hrl_v1,196,2,GE_2,MoveAction,,0,0,True
exp_hrl_v1,196,2,US_2,MoveAction,,0,0,True
exp_hrl_v1,196,2,GE_3,MoveAction,,0,0,True
exp_hrl_v1,196,2,US_3,WaitAction,,0,0,True
exp_hrl_v1,196,2,GE_4,MoveAction,,0,0,True
exp_hrl_v1,196,2,US_4,MoveAction,,0,0,True
exp_hrl_v1,196,2,GE_5,MoveAction,,0,0,True
exp_hrl_v1,196,2,US_5,MoveAction,,0,0,True
exp_hrl_v1,196,2,US_6,MoveAction,,0,0,True
exp_hrl_v1,196,3,US_7,WaitAction,,0,0,True
exp_hrl_v1,196,3,GE_1,MoveAction,,0,0,True
exp_hrl_v1,196,3,US_1,MoveAction,,0,0,True
exp_hrl_v1,196,3,GE_2,MoveAction,,0,0,True
exp_hrl_v1,196,3,US_2,MoveAction,,0,0,True
exp_hrl_v1,196,3,GE_3,MoveAction,,0,0,True
exp_hrl_v1,196,3,US_3,MoveAction,,0,0,True
exp_hrl_v1,196,3,GE_4,MoveAction,,0,0,True
exp_hrl_v1,196,3,US_4,MoveAction,,0,0,True
exp_hrl_v1,196,3,GE_5,WaitAction,,0,0,True
exp_hrl_v1,196,3,US_5,MoveAction,,0,0,True
exp_hrl_v1,196,3,US_6,MoveAction,,0,0,True
exp_hrl_v1,196,3,US_7,MoveAction,,0,0,True
exp_hrl_v1,196,4,GE_1,MoveAction,,0,0,True
exp_hrl_v1,196,4,US_1,MoveAction,,0,0,True
exp_hrl_v1,196,4,GE_2,MoveAction,,0,0,True
exp_hrl_v1,196,4,US_2,MoveAction,,0,0,True
exp_hrl_v1,196,4,GE_3,MoveAction,,0,0,True
exp_hrl_v1,196,4,US_3,WaitAction,,0,0,True
exp_hrl_v1,196,4,GE_4,MoveAction,,0,0,True
exp_hrl_v1,196,4,US_4,MoveAction,,0,0,True
exp_hrl_v1,196,4,GE_5,MoveAction,,0,0,True
exp_hrl_v1,196,4,US_5,MoveAction,,0,0,True
exp_hrl_v1,196,4,US_6,WaitAction,,0,0,True
exp_hrl_v1,196,5,US_7,WaitAction,,0,0,True
exp_hrl_v1,196,5,GE_1,MoveAction,,0,0,True
exp_hrl_v1,196,5,US_1,WaitAction,,0,0,True
exp_hrl_v1,196,5,GE_2,WaitAction,,0,0,True
exp_hrl_v1,196,5,US_2,MoveAction,,0,0,True
exp_hrl_v1,196,5,GE_3,MoveAction,,0,0,True
exp_hrl_v1,196,5,US_3,MoveAction,,0,0,True
exp_hrl_v1,196,5,GE_4,MoveAction,,0,0,True
exp_hrl_v1,196,5,US_4,MoveAction,,0,0,True
exp_hrl_v1,196,5,GE_5,MoveAction,,0,0,True
exp_hrl_v1,196,5,US_5,MoveAction,,0,0,True
exp_hrl_v1,196,5,US_6,MoveAction,,0,0,True
exp_hrl_v1,196,5,US_7,MoveAction,,0,0,True
exp_hrl_v1,196,6,GE_1,WaitAction,,0,0,True
exp_hrl_v1,196,6,US_1,WaitAction,,0,0,True
exp_hrl_v1,196,6,GE_2,WaitAction,,0,0,True
exp_hrl_v1,196,6,US_2,WaitAction,,0,0,True
exp_hrl_v1,196,6,GE_3,WaitAction,,0,0,True
exp_hrl_v1,196,6,US_3,MoveAction,,0,0,True
exp_hrl_v1,196,6,GE_4,WaitAction,,0,0,True
exp_hrl_v1,196,6,US_4,MoveAction,,0,0,True
exp_hrl_v1,196,6,GE_5,WaitAction,,0,0,True
exp_hrl_v1,196,6,US_5,MoveAction,,0,0,True
exp_hrl_v1,196,6,US_6,RangedDirectAttack,,0,0,True
exp_hrl_v1,196,6,US_7,RangedDirectAttack,,0,0,True
exp_hrl_v1,196,7,GE_1,WaitAction,,0,0,True
exp_hrl_v1,196,7,US_1,RangedDirectAttack,,0,0,True
exp_hrl_v1,196,7,GE_2,WaitAction,,0,0,True
exp_hrl_v1,196,7,US_2,RangedDirectAttack,,0,0,True
exp_hrl_v1,196,7,GE_3,NoneType,,0,0,True
exp_hrl_v1,196,7,US_3,RangedDirectAttack,,0,0,True
exp_hrl_v1,196,7,GE_4,MoveAction,,0,0,True
exp_hrl_v1,196,7,US_4,RangedDirectAttack,,0,0,True
exp_hrl_v1,196,7,US_5,RangedDirectAttack,,0,0,True
exp_hrl_v1,196,7,US_6,RangedDirectAttack,,0,0,True
exp_hrl_v1,196,7,US_7,RangedDirectAttack,,0,0,True
exp_hrl_v1,197,1,GE_1,MoveAction,,0,0,True
exp_hrl_v1,197,1,US_1,RangedDirectAttack,,0,0,True
exp_hrl_v1,197,1,GE_2,MoveAction,,0,0,True
exp_hrl_v1,197,1,US_2,RangedDirectAttack,,0,0,True
exp_hrl_v1,197,1,GE_3,MoveAction,,0,0,True
exp_hrl_v1,197,1,US_3,RangedDirectAttack,,0,0,True
exp_hrl_v1,197,1,GE_4,MoveAction,,0,0,True
exp_hrl_v1,197,1,US_4,RangedDirectAttack,,0,0,True
exp_hrl_v1,197,1,GE_5,NoneType,,0,0,True
exp_hrl_v1,197,1,US_5,RangedDirectAttack,,0,0,True
exp_hrl_v1,197,1,US_6,RangedDirectAttack,,0,0,True
exp_hrl_v1,197,1,US_7,RangedDirectAttack,,0,0,True
exp_hrl_v1,197,2,GE_1,MoveAction,,0,0,True
exp_hrl_v1,197,2,US_1,RangedDirectAttack,,0,0,True
exp_hrl_v1,197,2,GE_2,MoveAction,,0,0,True
exp_hrl_v1,197,2,US_2,RangedDirectAttack,,0,0,True
exp_hrl_v1,197,2,GE_3,MoveAction,,0,0,True
exp_hrl_v1,197,2,US_3,RangedDirectAttack,,0,0,True
exp_hrl_v1,197,2,GE_4,MoveAction,,0,0,True
exp_hrl_v1,197,2,US_4,RangedDirectAttack,,0,0,True
exp_hrl_v1,197,2,US_5,RangedDirectAttack,,0,0,True
exp_hrl_v1,197,2,US_6,RangedDirectAttack,,0,0,True
exp_hrl_v1,197,2,US_7,RangedDirectAttack,,0,0,True
exp_hrl_v1,197,3,GE_2,MoveAction,,0,0,True
exp_hrl_v1,197,3,US_1,RangedDirectAttack,,0,0,True
exp_hrl_v1,197,3,GE_3,MoveAction,,0,0,True
exp_hrl_v1,197,3,US_2,RangedDirectAttack,,0,0,True
exp_hrl_v1,197,3,GE_4,MoveAction,,0,0,True
exp_hrl_v1,197,3,US_3,RangedDirectAttack,,0,0,True
exp_hrl_v1,197,3,US_4,RangedDirectAttack,,0,0,True
exp_hrl_v1,197,3,US_5,RangedDirectAttack,,0,0,True
exp_hrl_v1,197,3,US_6,RangedDirectAttack,,0,0,True
exp_hrl_v1,197,3,US_7,RangedDirectAttack,,0,0,True
exp_hrl_v1,197,4,GE_4,MoveAction,,0,0,True
exp_hrl_v1,197,4,US_1,RangedDirectAttack,,0,0,True
exp_hrl_v1,197,4,US_2,RangedDirectAttack,,0,0,True
exp_hrl_v1,198,1,GE_1,MoveAction,,0,0,True
exp_hrl_v1,198,1,US_1,MoveAction,,0,0,True
exp_hrl_v1,198,1,GE_2,MoveAction,,0,0,True
exp_hrl_v1,198,1,US_2,MoveAction,,0,0,True
exp_hrl_v1,198,1,GE_3,MoveAction,,0,0,True
exp_hrl_v1,198,1,US_3,MoveAction,,0,0,True
exp_hrl_v1,198,1,GE_4,MoveAction,,0,0,True
exp_hrl_v1,198,1,US_4,MoveAction,,0,0,True
exp_hrl_v1,198,1,GE_5,MoveAction,,0,0,True
exp_hrl_v1,198,1,US_5,MoveAction,,0,0,True
exp_hrl_v1,198,1,US_6,MoveAction,,0,0,True
exp_hrl_v1,198,1,US_7,MoveAction,,0,0,True
exp_hrl_v1,198,2,GE_1,MoveAction,,0,0,True
exp_hrl_v1,198,2,US_1,MoveAction,,0,0,True
exp_hrl_v1,198,2,GE_2,MoveAction,,0,0,True
exp_hrl_v1,198,2,US_2,MoveAction,,0,0,True
exp_hrl_v1,198,2,GE_3,MoveAction,,0,0,True
exp_hrl_v1,198,2,US_3,WaitAction,,0,0,True
exp_hrl_v1,198,2,GE_4,MoveAction,,0,0,True
exp_hrl_v1,198,2,US_4,MoveAction,,0,0,True
exp_hrl_v1,198,2,GE_5,MoveAction,,0,0,True
exp_hrl_v1,198,2,US_5,MoveAction,,0,0,True
exp_hrl_v1,198,2,US_6,MoveAction,,0,0,True
exp_hrl_v1,198,3,US_7,WaitAction,,0,0,True
exp_hrl_v1,198,3,GE_1,MoveAction,,0,0,True
exp_hrl_v1,198,3,US_1,MoveAction,,0,0,True
exp_hrl_v1,198,3,GE_2,MoveAction,,0,0,True
exp_hrl_v1,198,3,US_2,MoveAction,,0,0,True
exp_hrl_v1,198,3,GE_3,MoveAction,,0,0,True
exp_hrl_v1,198,3,US_3,MoveAction,,0,0,True
exp_hrl_v1,198,3,GE_4,MoveAction,,0,0,True
exp_hrl_v1,198,3,US_4,MoveAction,,0,0,True
exp_hrl_v1,198,3,GE_5,WaitAction,,0,0,True
exp_hrl_v1,198,3,US_5,WaitAction,,0,0,True
exp_hrl_v1,198,3,US_6,MoveAction,,0,0,True
exp_hrl_v1,198,3,US_7,MoveAction,,0,0,True
exp_hrl_v1,198,4,GE_1,MoveAction,,0,0,True
exp_hrl_v1,198,4,US_1,WaitAction,,0,0,True
exp_hrl_v1,198,4,GE_2,WaitAction,,0,0,True
exp_hrl_v1,198,4,US_2,MoveAction,,0,0,True
exp_hrl_v1,198,4,GE_3,WaitAction,,0,0,True
exp_hrl_v1,198,4,US_3,MoveAction,,0,0,True
exp_hrl_v1,198,4,GE_4,MoveAction,,0,0,True
exp_hrl_v1,198,4,US_4,MoveAction,,0,0,True
exp_hrl_v1,198,4,GE_5,WaitAction,,0,0,True
exp_hrl_v1,198,4,US_5,WaitAction,,0,0,True
exp_hrl_v1,198,4,US_6,MoveAction,,0,0,True
exp_hrl_v1,198,5,US_7,WaitAction,,0,0,True
exp_hrl_v1,198,5,GE_1,WaitAction,,0,0,True
exp_hrl_v1,198,5,US_1,WaitAction,,0,0,True
exp_hrl_v1,198,5,GE_2,WaitAction,,0,0,True
exp_hrl_v1,198,5,US_2,WaitAction,,0,0,True
exp_hrl_v1,198,5,GE_3,WaitAction,,0,0,True
exp_hrl_v1,198,5,US_3,WaitAction,,0,0,True
exp_hrl_v1,198,5,GE_4,WaitAction,,0,0,True
exp_hrl_v1,198,5,US_4,MoveAction,,0,0,True
exp_hrl_v1,198,5,GE_5,WaitAction,,0,0,True
exp_hrl_v1,198,5,US_5,WaitAction,,0,0,True
exp_hrl_v1,198,5,US_6,MoveAction,,0,0,True
exp_hrl_v1,198,6,US_7,WaitAction,,0,0,True
exp_hrl_v1,198,6,GE_1,WaitAction,,0,0,True
exp_hrl_v1,198,6,US_1,WaitAction,,0,0,True
exp_hrl_v1,198,6,GE_2,WaitAction,,0,0,True
exp_hrl_v1,198,6,US_2,RangedDirectAttack,,0,0,True
exp_hrl_v1,198,6,GE_3,WaitAction,,0,0,True
exp_hrl_v1,198,6,US_3,RangedDirectAttack,,0,0,True
exp_hrl_v1,198,6,GE_4,WaitAction,,0,0,True
exp_hrl_v1,198,6,US_4,RangedDirectAttack,,0,0,True
exp_hrl_v1,198,6,GE_5,NoneType,,0,0,True
exp_hrl_v1,198,6,US_5,RangedDirectAttack,,0,0,True
exp_hrl_v1,198,6,US_6,RangedDirectAttack,,0,0,True
exp_hrl_v1,198,6,US_7,RangedDirectAttack,,0,0,True
exp_hrl_v1,198,7,GE_4,MoveAction,,0,0,True
exp_hrl_v1,198,7,US_1,RangedDirectAttack,,0,0,True
exp_hrl_v1,198,7,US_2,RangedDirectAttack,,0,0,True
exp_hrl_v1,199,1,GE_1,MoveAction,,0,0,True
exp_hrl_v1,199,1,US_1,MoveAction,,0,0,True
exp_hrl_v1,199,1,GE_2,MoveAction,,0,0,True
exp_hrl_v1,199,1,US_2,MoveAction,,0,0,True
exp_hrl_v1,199,1,GE_3,MoveAction,,0,0,True
exp_hrl_v1,199,1,US_3,MoveAction,,0,0,True
exp_hrl_v1,199,1,GE_4,MoveAction,,0,0,True
exp_hrl_v1,199,1,US_4,MoveAction,,0,0,True
exp_hrl_v1,199,1,GE_5,MoveAction,,0,0,True
exp_hrl_v1,199,1,US_5,MoveAction,,0,0,True
exp_hrl_v1,199,1,US_6,MoveAction,,0,0,True
exp_hrl_v1,199,1,US_7,RangedIndirectAttack,,0,0,True
exp_hrl_v1,199,2,GE_1,MoveAction,,0,0,True
exp_hrl_v1,199,2,US_1,RangedIndirectAttack,,0,0,True
exp_hrl_v1,199,2,GE_2,MoveAction,,0,0,True
exp_hrl_v1,199,2,US_2,RangedIndirectAttack,,0,0,True
exp_hrl_v1,199,2,GE_3,MoveAction,,0,0,True
exp_hrl_v1,199,2,US_3,RangedIndirectAttack,,0,0,True
exp_hrl_v1,199,2,GE_4,MoveAction,,0,0,True
exp_hrl_v1,199,2,US_4,RangedIndirectAttack,,0,0,True
exp_hrl_v1,199,2,US_5,RangedIndirectAttack,,0,0,True
exp_hrl_v1,199,2,US_6,RangedIndirectAttack,,0,0,True
exp_hrl_v1,199,2,US_7,RangedIndirectAttack,,0,0,True
exp_hrl_v1,199,3,GE_3,MoveAction,,0,0,True
exp_hrl_v1,199,3,US_1,RangedIndirectAttack,,0,0,True
exp_hrl_v1,199,3,GE_4,MoveAction,,0,0,True
exp_hrl_v1,199,3,US_2,RangedIndirectAttack,,0,0,True
exp_hrl_v1,199,3,US_3,MoveAction,,0,0,True
exp_hrl_v1,199,3,US_4,MoveAction,,0,0,True
exp_hrl_v1,199,3,US_5,MoveAction,,0,0,True
exp_hrl_v1,199,3,US_6,MoveAction,,0,0,True
exp_hrl_v1,199,4,US_7,WaitAction,,0,0,True
exp_hrl_v1,199,4,GE_4,MoveAction,,0,0,True
exp_hrl_v1,199,4,US_1,MoveAction,,0,0,True
exp_hrl_v1,199,4,US_2,MoveAction,,0,0,True
exp_hrl_v1,199,4,US_3,MoveAction,,0,0,True
exp_hrl_v1,199,4,US_4,MoveAction,,0,0,True
exp_hrl_v1,199,4,US_5,MoveAction,,0,0,True
exp_hrl_v1,199,4,US_6,MoveAction,,0,0,True
exp_hrl_v1,199,4,US_7,MoveAction,,0,0,True
exp_hrl_v1,199,5,GE_4,MoveAction,,0,0,True
exp_hrl_v1,199,5,US_1,RangedIndirectAttack,,0,0,True
